neworold,ownership,status,lift_avail,car_parking_avail,Gas_conn_avail,age,area,balconies,bathroom,bhk,floor,place,price,price_per_sq
1,3,3,1,1,0,0,1279,2,2,2 BHK Apartment ,1,Kharadi,7610050,5950
1,3,3,1,1,0,0,670,2,1,1 BHK Apartment ,1,Sus,4100000,6119
1,3,3,1,1,0,2,956,2,2,2 BHK Apartment ,1,Bavdhan,5736000,6000
1,3,3,1,1,0,0,1015,2,2,2 BHK Apartment ,2,Mundhwa,4720765,4651
1,3,3,1,1,0,1,3725,2,5,4 BHK Apartment ,1,Viman Nagar,30172500,8100
1,3,3,1,1,0,0,450,2,1,1 BHK Apartment ,1,Baner,4000000,8889
1,3,3,1,1,1,0,1305,2,2,2 BHK Apartment ,2,Baner,9000000,6896
1,3,3,1,1,1,1,1155,2,2,2 BHK Apartment ,2,Hinjewadi,6443000,5578
1,3,3,1,1,1,0,2205,2,3,3 BHK Apartment ,10,Baner,25000000,11337
1,2,3,1,1,1,1,1170,1,2,2 BHK Apartment ,12,Kothrud,10100000,8632
1,3,3,1,1,0,0,2300,3,3,3 BHK Apartment ,10,Baner,24500000,10652
0,2,0,1,0,0,12,700,2,1,1 BHK Apartment ,1,Wanowrie,3350000,4785
1,3,3,1,1,0,2,1960,2,3,3 BHK Apartment ,6,Wakad,16000000,8163
0,3,1,1,1,0,1,1602,2,3,3 BHK Apartment ,6,Wakad,12000000,7490
1,2,3,0,1,0,1,1860,1,3,3 BHK Apartment ,9,Kothrud,15300000,8225
1,3,3,1,1,0,0,1500,1,2,3 BHK Apartment ,5,Hinjewadi,9000000,6000
1,3,3,1,1,1,0,2527,3,3,3 BHK Apartment ,4,Baner,14800000,5856
1,3,3,1,1,0,1,1206,2,2,2 BHK Apartment ,8,Baner,8900000,7379
1,2,3,1,1,1,1,2036,2,4,3 BHK Apartment ,10,Bavdhan,18000000,8840
0,3,1,1,1,0,0,3030,2,4,4 BHK Apartment ,11,Baner,35000000,11551
1,2,3,0,0,0,0,2653,2,4,4 BHK Apartment ,16,Kothrud,31836000,12000
1,2,3,0,0,0,0,1930,2,5,4 BHK Apartment ,18,Kothrud,23160000,12000
0,3,0,1,1,0,0,1000,2,2,2 BHK Apartment ,1,Baner,6350000,6350
1,3,3,1,1,1,0,1641,2,3,3 BHK Apartment ,3,Baner,12000000,7312
0,3,1,1,1,0,2,2600,3,4,4 BHK Apartment ,2,Wakad,25000000,9615
1,3,3,1,1,0,0,990,2,2,2 BHK Apartment ,4,Baner,6500000,6565
1,3,3,1,1,0,0,1001,2,2,2 BHK Apartment ,2,Baner,6150000,6143
1,3,3,1,1,1,0,1400,2,3,3 BHK Apartment ,1,Baner,11500000,8214
0,3,1,1,1,0,2,1610,1,3,3 BHK Apartment ,7,Wakad,13100000,8136
1,3,3,1,1,0,0,2500,3,3,3 BHK Apartment ,4,Baner,18000000,7200
1,3,3,1,1,1,0,1225,2,2,2 BHK Apartment ,3,Hinjewadi,6260000,5110
0,3,1,1,1,1,6,2800,3,4,3 BHK Villa ,1,Wakad,21000000,7500
0,3,1,1,1,1,0,1910,2,3,3 BHK Apartment ,10,Baner,14500000,7591
1,3,3,1,1,1,1,1151,2,2,2 BHK Apartment ,1,Hinjewadi,6442301,5597
0,3,1,1,1,0,1,3575,1,4,4 BHK Apartment ,2,Baner,47500000,13286
1,3,3,1,1,0,1,1032,2,2,2 BHK Apartment ,1,Undri,4437600,4300
0,3,1,1,1,1,0,1206,2,2,2 BHK Apartment ,2,Baner,8800000,7296
1,3,3,1,1,1,0,1225,2,2,2 BHK Apartment ,1,Hinjewadi,5892000,4809
0,3,1,1,1,1,2,1050,2,2,2 BHK Apartment ,7,Bavdhan,7500000,7142
1,3,3,1,1,0,2,3690,1,4,4 BHK Apartment ,12,Baner,45000000,12195
0,3,1,1,1,0,1,1070,2,2,2 BHK Apartment ,3,Balewadi,7000000,6542
1,3,3,1,1,1,1,1221,2,2,2 BHK Apartment ,3,Hinjewadi,6159000,5044
1,3,3,1,1,0,1,1262,3,3,3 BHK Apartment ,2,Undri,5426600,4300
1,3,3,1,1,1,0,1182,2,2,2 BHK Apartment ,4,Hinjewadi,5721000,4840
1,3,3,1,1,0,0,1015,2,2,2 BHK Apartment ,2,Mundhwa,4720765,4651
1,3,3,1,1,0,1,655,2,2,2 BHK Apartment ,1,Baner,3766250,5750
1,3,3,1,1,0,0,776,2,2,2 BHK Apartment ,1,Baner,5000000,6443
1,3,3,1,1,1,0,1405,2,2,2 BHK Apartment ,5,Baner,9500000,6761
1,3,3,1,1,0,0,450,2,1,1 BHK Apartment ,1,Baner,4000000,8888
1,3,3,1,1,0,0,1080,2,3,3 BHK Apartment ,1,Baner,9000000,8333
1,3,3,1,1,0,0,1026,2,2,2 BHK Apartment ,1,Manjari,4770900,4650
1,3,3,1,1,0,1,1330,2,2,2 BHK Apartment ,1,Hinjewadi,7182000,5400
1,3,3,1,1,0,1,1460,2,3,3 BHK Apartment ,1,Hinjewadi,8614000,5900
1,3,3,1,1,0,0,1426,2,3,3 BHK Apartment ,1,Manjari,6630900,4650
1,3,3,1,1,0,0,1015,2,2,2 BHK Apartment ,1,Mundhwa,4720765,4651
1,3,3,1,1,1,1,1225,2,2,2 BHK Apartment ,1,Hinjewadi,5892000,4809
1,3,3,1,1,0,0,450,2,1,1 BHK Apartment ,1,Baner,4000000,8888
1,3,3,1,1,0,2,1468,2,2,2 BHK Apartment ,1,Bavdhan,8808000,6000
1,3,3,1,1,0,2,1377,2,3,3 BHK Apartment ,1,Bavdhan,8262000,6000
1,3,3,1,1,0,2,1377,2,3,3 BHK Apartment ,1,Bavdhan,8262000,6000
1,3,3,1,1,0,2,1611,2,3,3 BHK Apartment ,1,Bavdhan,9666000,6000
1,3,3,1,1,0,0,1279,2,2,2 BHK Apartment ,1,Kharadi,7610050,5950
1,3,3,1,1,0,0,1820,2,3,3 BHK Apartment ,1,Kharadi,10829000,5950
1,3,3,1,1,1,0,1188,2,2,2 BHK Apartment ,2,Hinjewadi,5725320,4819
1,3,3,1,1,0,0,1100,2,2,2 BHK Apartment ,1,Sus,7100000,6455
1,3,3,1,1,0,0,670,2,1,1 BHK Apartment ,1,Sus,4100000,6119
1,3,3,1,1,0,0,894,2,2,2 BHK Apartment ,1,Wagholi,3900000,4362
1,3,3,1,1,0,1,4240,2,4,4 BHK Apartment ,1,Koregaon Park,68688000,16200
1,3,3,1,1,0,0,1026,2,2,2 BHK Apartment ,1,Manjari,4770900,4650
1,3,3,1,1,0,0,1426,2,3,3 BHK Apartment ,1,Manjari,6630900,4650
1,3,3,1,1,0,0,670,2,1,1 BHK Apartment ,1,Sus,4100000,6119
1,3,3,1,1,0,0,902,2,2,2 BHK Apartment ,1,Sus,5900000,6541
1,3,3,1,1,0,0,450,2,1,1 BHK Apartment ,1,Baner,4000000,8888
1,3,3,1,1,0,0,894,2,2,2 BHK Apartment ,1,Wagholi,3900000,4362
1,3,3,1,1,0,0,1026,2,2,2 BHK Apartment ,1,Manjari,4770900,4650
1,3,3,1,1,0,1,1385,2,2,2 BHK Apartment ,1,Viman Nagar,11218500,8100
1,3,3,1,1,0,0,1426,2,3,3 BHK Apartment ,1,Manjari,6630900,4650
1,3,3,1,1,0,0,1026,2,2,2 BHK Apartment ,1,Manjari,4770900,4650
1,3,3,1,1,0,0,676,1,1,1 BHK Apartment ,2,Mundhwa,3144076,4651
1,3,3,1,1,0,0,1820,2,3,3 BHK Apartment ,1,Kharadi,10829000,5950
1,3,3,1,1,0,1,1966,2,3,3 BHK Apartment ,1,Baner,12385800,6300
1,2,3,1,1,0,0,1018,1,2,2 BHK Apartment ,8,Kothrud,13900000,13654
1,3,3,1,1,0,2,941,2,2,2 BHK Apartment ,1,Viman Nagar,7300000,7757
1,3,3,1,1,0,1,956,2,2,2 BHK Apartment ,1,Bavdhan,5736000,6000
1,3,3,1,1,0,2,1168,2,3,3 BHK Apartment ,1,Viman Nagar,9200000,7876
1,3,3,1,1,0,1,1460,2,3,3 BHK Apartment ,1,Hinjewadi,8614000,5900
1,2,3,1,1,0,2,1060,2,2,2 BHK Apartment ,5,Undri,4664000,4400
1,2,3,1,1,0,6,1130,2,2,2 BHK Apartment ,2,Pashan,8000000,7079
0,3,0,1,1,0,11,1775,2,3,3 BHK Apartment ,4,Kalyani Nagar,14500000,8169
0,3,0,1,1,0,6,1200,2,2,2 BHK Apartment ,4,Wadgaon Sheri,8000000,6666
0,3,1,1,1,0,6,1250,2,2,2 BHK Apartment ,2,Wadgaon Sheri,8000000,6400
0,3,0,1,1,0,6,1550,2,3,3 BHK Apartment ,1,Kalyani Nagar,12000000,7741
0,3,0,1,1,0,6,1150,2,2,2 BHK Apartment ,1,Kalyani Nagar,10200000,8869
0,3,1,1,1,0,6,1775,2,3,3 BHK Apartment ,4,Wadgaon Sheri,14500000,8169
0,3,1,0,0,0,3,2200,2,3,3 BHK Villa ,1,Wagholi,11500000,5227
0,3,0,1,1,0,2,1450,2,3,3 BHK Apartment ,6,NIBM Annex Mohammadwadi,8300000,5724
0,3,0,1,1,0,2,5000,2,4,4 BHK Villa ,0,NIBM Annex Mohammadwadi,30000000,6000
0,3,0,1,1,0,11,900,2,2,2 BHK Apartment ,3,Undri,4500000,5000
1,2,3,1,1,0,2,1400,2,2,2 BHK Apartment ,4,NIBM,5500000,3928
1,2,3,1,1,0,2,1600,2,3,3 BHK Apartment ,4,NIBM,6000000,3750
1,2,3,1,1,0,2,2660,2,4,4 BHK Apartment ,5,NIBM,11500000,4323
0,2,0,0,0,0,26,550,1,1,1 BHK Apartment ,1,Aundh,6000000,10909
0,3,0,1,1,0,3,1250,2,2,2 BHK Apartment ,2,Wadgaon Sheri,8000000,6400
0,3,0,1,1,0,11,1100,2,2,2 BHK Apartment ,4,Kalyani Nagar,11000000,10000
0,3,0,1,1,0,11,1450,2,3,3 BHK Apartment ,5,Kalyani Nagar,14000000,9655
0,3,0,1,1,0,11,1050,2,2,2 BHK Apartment ,5,Wadgaon Sheri,7800000,7428
0,3,0,1,1,0,11,1015,2,2,2 BHK Apartment ,4,Kalyani Nagar,11000000,10837
1,3,3,0,0,0,0,3672,2,4,4 BHK Apartment ,4,Baner,45000000,12254
1,3,3,0,0,0,0,3600,2,4,4 BHK Apartment ,5,Baner,40000000,11111
1,3,3,0,0,0,0,3600,2,4,4 BHK Apartment ,8,Balewadi,40000000,11111
1,3,3,0,0,0,0,2600,2,4,4 BHK Apartment ,1,Balewadi,28000000,10769
1,3,3,0,0,0,0,2200,2,3,3 BHK Apartment ,6,Aundh,24000000,10909
1,3,3,0,0,0,0,2010,2,3,2 BHK Apartment ,6,Baner,20100000,10000
1,3,3,0,0,0,0,2210,2,3,3 BHK Apartment ,6,Aundh,24000000,10859
1,3,3,0,0,0,0,3672,2,4,4 BHK Apartment ,6,Balewadi,47700000,12990
1,3,3,0,0,0,0,2660,2,4,4 BHK Apartment ,5,Balewadi,28000000,10526
0,3,2,0,0,1,6,2500,2,4,4 BHK Apartment ,2,Wakad,25000000,10000
1,3,3,0,0,0,1,2800,2,4,4 BHK Apartment ,3,Bavdhan,22000000,7857
0,3,0,1,1,0,2,1300,2,3,3 BHK Apartment ,4,Wanowrie,11000000,8461
1,3,3,1,1,0,2,1500,2,3,3 BHK Apartment ,9,Wanowrie,8000000,5333
0,2,1,1,1,0,5,560,2,1,1 BHK Apartment ,2,Hadapsar,2750000,4910
0,2,0,1,1,0,5,2050,2,3,3 BHK Apartment ,5,Hadapsar,18000000,8780
0,2,0,0,1,0,14,570,1,1,1 BHK Apartment ,2,Hadapsar,2400000,4210
1,2,3,1,1,0,1,851,2,2,2 BHK Apartment ,5,Hadapsar,6500000,7638
1,2,3,1,1,0,1,1001,2,2,2 BHK Apartment ,3,Hadapsar,8000000,7992
0,2,0,0,0,0,21,515,2,1,1 BHK Apartment ,1,Aundh,6000000,11650
0,2,0,1,1,0,6,950,1,2,2 BHK Apartment ,2,Hadapsar,7000000,7368
0,2,0,1,1,0,9,600,1,2,1 BHK Villa ,9,Bavdhan,4000000,6666
1,3,3,1,1,0,2,955,2,2,2 BHK Apartment ,3,Wagholi,4200000,4397
0,3,0,0,1,0,4,2470,2,3,3 BHK Villa ,1,Wagholi,9400000,3805
0,3,2,1,1,0,2,575,2,1,1 BHK Apartment ,9,Wanowrie,3700000,6434
0,1,2,1,1,1,12,500,2,1,1 BHK Apartment ,3,Viman Nagar,3900000,7800
0,3,0,0,0,0,1,634,1,1,1 BHK Apartment ,8,Wagholi,3100000,4889
0,3,0,1,1,0,4,900,2,2,2 BHK Apartment ,3,Wagholi,3900000,4333
0,2,2,1,1,1,5,1050,2,2,2 BHK Apartment ,6,Wakad,5800000,5523
0,2,0,1,1,0,5,680,2,1,1 BHK Apartment ,6,Wakad,4300000,6323
0,2,0,1,1,0,8,1485,2,3,3 BHK Apartment ,5,Wakad,7500000,5050
0,2,0,1,1,0,8,1485,2,3,3 BHK Apartment ,11,Wakad,7600000,5117
0,3,0,1,1,0,4,980,2,2,2 BHK Apartment ,5,Wagholi,3600000,3673
0,3,1,1,1,1,3,1280,2,2,2 BHK Apartment ,3,Wagholi,7200000,5625
1,3,3,1,1,0,1,1002,1,2,2 BHK Apartment ,5,Wagholi,4200000,4191
0,3,0,1,1,0,18,1400,2,2,2 BHK Apartment ,3,Baner,10000000,7142
1,3,3,1,1,0,1,1001,2,2,2 BHK Apartment ,7,Wagholi,3800000,3796
0,3,0,0,1,0,3,2800,3,3,3 BHK Villa ,1,Wagholi,9500000,3392
0,3,2,0,1,0,13,2400,2,3,3 BHK Villa ,1,Baner,18500000,7708
0,3,0,1,1,0,5,750,1,2,2 BHK Apartment ,1,Wagholi,3500000,4666
0,3,0,0,1,0,2,675,1,2,1 BHK Apartment ,2,Rahatani,4500000,6666
0,2,0,1,1,0,13,915,1,2,2 BHK Apartment ,10,Aundh,9000000,9836
0,2,2,0,1,0,6,1550,2,3,3 BHK Apartment ,5,Aundh,16500000,10645
0,3,0,1,1,1,4,1250,2,3,3 BHK Apartment ,6,Kalyani Nagar,8900000,7120
0,3,0,1,1,1,4,1860,2,3,3 BHK Apartment ,11,Baner,9500000,5107
1,3,3,1,1,1,0,1426,1,3,3 BHK Apartment ,7,Sus,7400000,5189
0,3,0,1,1,0,6,1775,2,3,3 BHK Apartment ,3,Kalyani Nagar,15000000,8450
0,2,0,1,1,0,2,1360,2,3,3 BHK Apartment ,6,Viman Nagar,9800000,7205
0,2,2,1,1,1,9,1678,2,2,2 BHK Apartment ,2,Kalyani Nagar,12000000,7151
1,2,3,1,1,0,0,989,1,2,2 BHK Apartment ,0,Undri,3600000,3640
0,2,0,1,1,0,7,650,1,1,1 BHK Apartment ,12,Hadapsar,6000000,9230
0,3,0,0,0,0,0,1430,1,2,2 BHK Apartment ,2,Kalyani Nagar,15000000,10489
0,2,0,1,1,0,11,925,2,2,2 BHK Apartment ,9,Aundh,9500000,10270
0,2,0,1,1,0,6,930,1,2,2 BHK Apartment ,3,Hadapsar,3500000,3763
0,2,0,1,1,0,5,900,1,2,2 BHK Apartment ,5,Manjari,4000000,4444
0,2,0,1,1,0,5,550,1,1,1 BHK Apartment ,3,Manjari,2400000,4363
1,2,3,1,1,0,2,1600,2,3,3 BHK Apartment ,4,NIBM,6400000,4000
1,2,3,1,1,0,3,4580,2,4,4 BHK Apartment ,5,NIBM Annex Mohammadwadi,32060000,7000
1,2,3,1,1,0,3,4175,2,4,4 BHK Apartment ,6,NIBM Annex Mohammadwadi,20875000,5000
1,3,3,1,1,1,0,963,2,2,2 BHK Apartment ,7,Balewadi,5500000,5711
0,3,0,1,1,0,4,823,1,2,2 BHK Apartment ,2,Wagholi,3500000,4252
0,2,0,1,1,0,2,1200,2,2,2 BHK Apartment ,11,Hadapsar,9200000,7666
0,2,0,1,1,0,14,1050,1,2,2 BHK Apartment ,5,Hadapsar,7800000,7428
0,2,0,1,1,0,4,560,1,1,1 BHK Apartment ,1,Hadapsar,2500000,4464
0,2,0,1,1,0,2,650,1,1,1 BHK Apartment ,4,Hadapsar,2200000,3384
0,2,0,1,1,0,5,650,1,1,1 BHK Apartment ,4,Hadapsar,4100000,6307
0,2,0,1,1,0,5,980,2,2,2 BHK Apartment ,3,Hadapsar,7000000,7142
0,2,0,1,1,0,6,630,1,1,1 BHK Apartment ,5,Hadapsar,4500000,7142
1,3,3,1,1,0,0,1061,1,2,2 BHK Apartment ,6,Bavdhan,6472000,6099
0,3,1,1,1,0,6,1500,2,3,3 BHK Apartment ,7,NIBM,9000000,6000
0,3,0,1,1,0,16,1150,2,2,2 BHK Apartment ,2,Aundh,12500000,10869
0,3,0,1,1,0,12,1175,2,2,2 BHK Apartment ,2,Wanowrie,10000000,8510
0,3,0,1,1,0,2,2200,2,3,3 BHK Apartment ,3,Undri,15000000,6818
0,3,0,1,1,0,2,1100,2,2,2 BHK Apartment ,4,Wanowrie,7000000,6363
0,3,0,1,1,0,11,1100,2,2,2 BHK Apartment ,1,Wanowrie,7000000,6363
0,3,0,1,1,0,11,1050,2,2,2 BHK Apartment ,4,Kondhwa,6300000,6000
1,3,3,1,1,0,1,660,2,1,1 BHK Apartment ,3,Wagholi,2800000,4242
0,2,0,1,1,0,7,1050,1,2,2 BHK Apartment ,7,NIBM Annex Mohammadwadi,4400000,4190
0,2,2,1,1,1,9,850,1,2,2 BHK Apartment ,1,Hadapsar,3600000,4235
0,3,0,1,1,0,10,1150,2,2,2 BHK Apartment ,5,NIBM,6500000,5652
0,3,1,1,0,0,0,1035,1,2,2 BHK Apartment ,5,Undri,5500000,5314
0,3,0,0,0,0,1,642,2,1,1 BHK Apartment ,10,Wagholi,3200000,4984
0,3,0,1,1,0,7,632,2,1,1 BHK Apartment ,3,Hadapsar,3300000,5221
0,3,0,1,1,0,5,910,2,2,2 BHK Apartment ,5,Wakad,6400000,7032
0,3,0,1,1,0,7,673,2,1,1 BHK Apartment ,3,Hadapsar,4500000,6686
0,3,0,1,1,0,7,686,2,1,1 BHK Apartment ,3,Hadapsar,3100000,4518
0,3,0,1,1,0,4,1250,2,2,2 BHK Apartment ,12,Wakad,8600000,6880
0,3,0,1,1,0,2,980,2,2,2 BHK Apartment ,5,Wakad,6300000,6428
0,3,0,1,1,0,2,980,2,2,2 BHK Apartment ,3,Wakad,6300000,6428
0,2,0,0,0,0,4,1150,2,2,2 BHK Apartment ,5,Baner,8000000,6956
0,2,0,1,1,0,8,1200,2,2,2 BHK Apartment ,5,Wakad,9500000,7916
1,3,3,1,1,0,11,1150,2,2,2 BHK Apartment ,4,Wadgaon Sheri,7500000,6521
0,3,0,1,1,0,11,1230,2,2,2 BHK Apartment ,5,Kalyani Nagar,12000000,9756
0,3,0,1,1,0,11,1050,2,2,2 BHK Apartment ,4,Wadgaon Sheri,7000000,6666
0,2,0,1,1,0,10,640,2,1,1 BHK Apartment ,4,Vishrantwadi,3700000,5781
0,3,0,1,1,0,1,660,1,2,1 BHK Apartment ,8,Wagholi,3000000,4545
1,3,3,1,1,1,0,1260,1,2,2 BHK Apartment ,9,Hinjewadi,6600000,5238
1,3,3,1,1,1,1,955,1,2,2 BHK Apartment ,5,Wakad,5300000,5549
0,3,0,1,1,0,8,1057,1,2,2 BHK Apartment ,5,Pimple Saudagar,7000000,6622
0,3,1,1,1,1,10,1450,1,3,3 BHK Apartment ,9,Kothrud,22500000,15517
0,3,0,1,1,0,5,1100,1,2,2 BHK Apartment ,4,Pimple Saudagar,7200000,6545
0,3,1,1,1,1,10,1350,2,2,2 BHK Apartment ,3,Pashan,10000000,7407
0,2,0,1,1,0,4,1150,1,2,2 BHK Apartment ,10,Wakad,6800000,5913
0,2,0,0,1,0,4,1650,2,3,3 BHK Apartment ,1,Wakad,8700000,5272
0,2,0,1,1,0,5,620,1,1,1 BHK Apartment ,5,Wakad,3800000,6129
0,2,0,1,1,0,5,1150,2,2,2 BHK Apartment ,5,Wakad,7800000,6782
0,2,0,1,1,0,8,1150,1,2,2 BHK Apartment ,2,Wakad,7100000,6173
0,2,0,1,1,0,5,1500,2,3,3 BHK Apartment ,11,Wakad,7600000,5066
0,2,0,1,1,0,1,1230,1,2,2 BHK Apartment ,9,Wakad,6000000,4878
0,2,0,1,1,0,8,1650,3,3,4 BHK Apartment ,5,Wakad,8300000,5030
0,2,0,1,1,0,2,1150,1,2,2 BHK Apartment ,10,Wakad,6800000,5913
0,2,0,1,1,0,5,1350,2,3,3 BHK Apartment ,6,Wakad,9100000,6740
0,3,0,1,1,0,11,1050,2,2,2 BHK Apartment ,1,Kondhwa,6500000,6190
0,3,1,1,0,0,17,1089,2,2,2 BHK Apartment ,1,Rahatani,5500000,5050
0,2,0,1,1,0,13,925,1,2,2 BHK Apartment ,10,Aundh,9000000,9729
0,2,0,1,1,0,10,510,1,1,1 BHK Apartment ,3,Sasane Nagar,2350000,4607
0,2,1,1,1,0,9,850,2,2,2 BHK Apartment ,5,Kharadi,5200000,6117
0,3,0,1,0,0,16,529,2,1,1 BHK Apartment ,3,Kondhwa,3000000,5671
1,3,3,1,1,0,0,2580,2,4,4 BHK Apartment ,7,Baner,20000000,7751
1,3,3,1,1,0,0,1400,2,3,3 BHK Apartment ,4,Hinjewadi,8000000,5714
1,3,3,1,1,0,0,5115,3,5,4 BHK Apartment ,6,Aundh,61380000,12000
0,3,1,1,1,0,6,950,2,2,2 BHK Apartment ,1,Undri,3800000,4000
1,3,3,1,1,0,1,1206,1,2,2 BHK Apartment ,6,Baner,9000000,7462
1,3,3,1,1,0,0,3500,2,4,4 BHK Apartment ,5,Baner,40000000,11428
1,3,3,1,1,0,0,1206,1,2,2 BHK Apartment ,6,Balewadi,9000000,7462
1,3,3,1,1,0,0,1500,2,3,3 BHK Apartment ,6,Hinjewadi,9000000,6000
1,3,3,1,1,0,0,1150,1,2,2 BHK Apartment ,9,Baner,7500000,6521
1,3,3,1,1,0,0,2606,2,4,4 BHK Apartment ,9,Baner,28000000,10744
1,3,3,1,1,0,0,1150,1,2,2 BHK Apartment ,7,Balewadi,7500000,6521
1,3,3,1,1,0,0,1688,2,3,3 BHK Apartment ,7,Baner,12000000,7109
1,3,3,1,1,0,0,1668,2,3,3 BHK Apartment ,4,Balewadi,12000000,7194
1,3,3,1,1,0,0,1405,2,3,3 BHK Apartment ,4,Bavdhan,9463000,6735
1,3,3,1,1,0,1,1635,2,3,3 BHK Apartment ,6,Baner,12000000,7339
1,3,3,1,1,0,0,3500,2,4,4 BHK Apartment ,4,Baner,40000000,11428
1,3,3,1,1,0,0,1668,2,3,3 BHK Apartment ,4,Balewadi,12500000,7494
1,3,3,1,1,0,0,2800,2,4,4 BHK Apartment ,5,Bavdhan,20000000,7142
1,3,3,1,1,0,0,1290,2,2,2 BHK Apartment ,4,Baner,8500000,6589
1,3,3,1,1,0,0,3300,2,4,4 BHK Apartment ,7,Baner,30000000,9090
1,3,3,1,1,0,0,1290,2,2,2 BHK Apartment ,4,Balewadi,8500000,6589
1,3,3,1,1,0,0,4041,2,4,4 BHK Apartment ,7,Baner,40000000,9898
1,3,3,1,1,0,0,2200,2,3,3 BHK Apartment ,7,Aundh,23500000,10681
1,3,3,1,1,0,0,1500,1,2,3 BHK Apartment ,8,Hinjewadi,9260000,6173
1,3,3,1,1,0,0,2580,2,4,4 BHK Apartment ,7,Hinjewadi,17000000,6589
1,3,3,1,1,0,0,1155,1,2,2 BHK Apartment ,7,Bavdhan,7700000,6666
1,3,3,1,1,0,0,2600,2,4,4 BHK Apartment ,4,Balewadi,28600000,11000
1,3,3,1,1,0,0,1660,2,3,3 BHK Apartment ,7,Baner,12500000,7530
1,3,3,1,1,0,0,2550,2,4,4 BHK Apartment ,7,Baner,20000000,7843
1,3,3,1,1,0,0,1660,2,3,3 BHK Apartment ,5,Balewadi,12500000,7530
1,3,3,1,1,0,0,1084,1,2,2 BHK Apartment ,4,Baner,8363000,7714
1,3,3,1,1,0,0,1084,1,2,2 BHK Apartment ,6,Baner,8363000,7714
0,2,2,1,1,0,6,1558,2,3,3 BHK Apartment ,5,Aundh,16500000,10590
0,2,0,1,1,0,8,770,2,2,2 BHK Apartment ,2,Hadapsar,3500000,4545
1,3,3,0,1,0,2,960,2,2,2 BHK Apartment ,3,Wagholi,3300000,3437
0,3,0,1,1,0,3,945,1,3,2 BHK Apartment ,3,Balewadi,6500000,6878
1,3,3,0,0,0,1,3930,2,4,4 BHK Apartment ,7,Koregaon Park,65100000,16564
1,3,3,0,0,0,0,2562,2,4,4 BHK Apartment ,6,Baner,19700000,7689
1,3,3,0,0,0,1,3310,2,4,4 BHK Apartment ,8,Balewadi,30000000,9063
1,3,3,0,0,0,1,2600,2,4,4 BHK Apartment ,7,Balewadi,26000000,10000
1,3,3,0,0,0,1,2651,2,4,4 BHK Apartment ,9,Baner,26000000,9807
1,3,3,0,0,0,0,2215,2,3,3 BHK Apartment ,7,Aundh,22500000,10158
1,3,3,0,0,0,0,2200,2,3,3 BHK Apartment ,7,Aundh,22600000,10272
1,3,3,0,0,0,1,6298,3,5,5 BHK Apartment ,9,Kalyani Nagar,157400000,24992
1,3,3,0,0,0,0,6862,3,5,5 BHK Apartment ,8,Koregaon Park,12000000,1748
1,3,3,0,0,0,0,3800,2,4,4 BHK Apartment ,5,Baner,39900000,10500
1,3,3,0,0,0,0,2250,2,4,4 BHK Apartment ,8,Baner,20000000,8888
1,3,3,0,0,0,0,2250,2,4,4 BHK Apartment ,8,Balewadi,20000000,8888
1,3,3,0,0,0,0,2606,2,4,4 BHK Apartment ,8,Baner,26000000,9976
1,3,3,0,0,0,0,2606,2,4,4 BHK Apartment ,7,Balewadi,26000000,9976
1,3,3,0,0,0,0,4000,2,4,4 BHK Apartment ,8,Koregaon Park,40000000,10000
1,3,3,0,0,0,1,2560,2,4,4 BHK Apartment ,6,Baner,20000000,7812
1,3,3,0,0,0,0,2610,2,4,4 BHK Apartment ,5,Baner,26100000,10000
1,3,3,0,0,0,0,2550,2,4,4 BHK Apartment ,3,Balewadi,19700000,7725
1,3,3,0,0,0,0,2400,2,4,4 BHK Apartment ,5,Balewadi,20000000,8333
1,3,3,0,0,0,0,2197,2,3,3 BHK Apartment ,7,Aundh,21970000,10000
1,3,3,0,0,0,1,5100,2,4,4 BHK Apartment ,7,Aundh,50000000,9803
1,3,3,0,0,0,0,2200,2,3,3 BHK Apartment ,6,Aundh,22500000,10227
1,3,3,0,0,0,1,5400,2,4,4 BHK Apartment ,3,Boat Club Road,97400000,18037
1,3,3,0,0,0,0,2600,2,4,4 BHK Apartment ,6,Baner,26000000,10000
1,3,3,0,0,0,1,3506,2,4,4 BHK Apartment ,3,Balewadi,45000000,12835
1,3,3,0,0,0,0,3506,2,4,4 BHK Apartment ,6,Baner,45000000,12835
1,3,3,0,0,0,0,6862,2,5,5 BHK Apartment ,6,Koregaon Park,12000000,1748
1,3,3,0,0,0,0,2600,2,4,4 BHK Apartment ,8,Balewadi,27000000,10384
0,3,0,1,1,0,0,1035,1,2,2 BHK Apartment ,5,Undri,5500000,5314
0,3,0,1,1,0,3,925,1,2,2 BHK Apartment ,7,NIBM,5700000,6162
1,3,3,1,1,1,2,950,1,2,2 BHK Apartment ,7,Bavdhan,5300000,5578
1,3,3,1,1,0,0,2580,2,4,4 BHK Apartment ,7,Hinjewadi,15000000,5813
0,3,0,1,1,0,3,655,2,1,1 BHK Apartment ,3,Wagholi,2850000,4351
0,3,0,1,0,0,0,630,2,1,1 BHK Apartment ,3,Bavdhan,3500000,5555
0,3,1,1,1,0,6,1186,2,2,2 BHK Apartment ,9,Wadgaon Sheri,7800000,6576
1,3,3,1,1,1,1,1042,1,2,2 BHK Apartment ,5,Wakad,6200000,5950
1,3,3,1,1,0,0,2048,3,3,3 BHK Apartment ,3,Kothrud,30200000,14746
0,3,2,1,1,1,8,1300,2,3,3 BHK Apartment ,7,Baner,10000000,7692
0,3,2,1,1,1,7,1500,2,3,3 BHK Apartment ,7,Balewadi,8500000,5666
0,3,0,1,1,1,3,1020,1,2,2 BHK Apartment ,5,Undri,4300000,4215
1,3,3,0,0,0,0,2709,2,4,4 BHK Apartment ,4,Baner,29800000,11000
1,3,3,0,0,0,0,2200,2,3,3 BHK Apartment ,5,Aundh,24000000,10909
0,2,0,1,1,0,7,1560,2,3,3 BHK Apartment ,3,NIBM Annex Mohammadwadi,11000000,7051
0,2,2,1,1,1,10,1086,2,2,2 BHK Apartment ,5,Wadgaon Sheri,8500000,7826
0,3,0,1,1,0,5,585,1,1,1 BHK Apartment ,3,NIBM Annex Mohammadwadi,3200000,5470
0,3,1,1,1,0,3,1675,3,3,3 BHK Apartment ,5,Undri,12000000,7164
0,2,1,1,1,0,11,1250,3,3,3 BHK Apartment ,7,Wanowrie,10500000,8400
0,2,0,1,1,0,6,1140,1,2,2 BHK Apartment ,6,Hadapsar,4700000,4122
1,2,3,1,1,0,3,1031,2,2,2 BHK Apartment ,10,Undri,5700000,5528
1,3,3,1,1,0,0,517,1,1,1 BHK Apartment ,6,Undri,3100000,5996
0,3,1,1,1,0,7,2360,1,5,3 BHK Apartment ,7,NIBM,17000000,7203
0,3,0,1,1,0,11,1050,2,2,2 BHK Apartment ,5,Wadgaon Sheri,7600000,7238
1,3,3,1,1,0,6,1050,2,2,2 BHK Apartment ,6,Wadgaon Sheri,7800000,7428
0,3,0,1,1,0,8,1010,1,2,2 BHK Apartment ,5,Pimple Saudagar,7500000,7425
0,2,0,1,1,1,7,1150,2,2,2 BHK Apartment ,2,Kalyani Nagar,7900000,6869
0,3,1,1,1,0,8,1490,3,3,3 BHK Apartment ,5,Wanowrie,8800000,5906
0,3,1,1,1,0,4,1106,1,2,2 BHK Apartment ,3,NIBM Annex Mohammadwadi,7600000,6871
0,3,0,1,1,0,4,2269,3,3,3 BHK Apartment ,11,NIBM Annex Mohammadwadi,17500000,7712
0,3,1,1,1,0,2,1000,2,2,2 BHK Apartment ,2,NIBM Annex Mohammadwadi,5500000,5500
0,3,0,1,1,0,4,905,1,2,2 BHK Apartment ,3,Undri,5200000,5745
0,3,0,1,1,0,4,1400,2,3,3 BHK Apartment ,2,Kondhwa,8500000,6071
0,3,0,1,1,0,8,2105,1,3,3 BHK Apartment ,7,NIBM,15000000,7125
0,3,0,1,1,0,0,1141,2,2,2 BHK Apartment ,5,NIBM,5800000,5083
0,3,0,1,1,0,1,1335,2,2,2 BHK Apartment ,5,NIBM,15000000,11235
0,3,0,1,1,0,4,920,2,2,2 BHK Apartment ,6,Kondhwa,5400000,5869
0,3,0,1,1,0,2,1180,1,2,2 BHK Apartment ,10,NIBM,7500000,6355
0,3,0,1,1,0,3,2000,2,4,4 BHK Apartment ,7,Undri,16000000,8000
0,3,0,1,1,0,8,1500,3,3,3 BHK Apartment ,4,Kondhwa,8600000,5733
0,3,0,1,1,0,2,2800,1,3,3 BHK Apartment ,2,NIBM,27500000,9821
1,3,3,1,1,0,1,2985,2,4,4 BHK Apartment ,2,NIBM Annex Mohammadwadi,20500000,6867
0,3,1,1,1,0,1,1465,2,3,3 BHK Apartment ,5,NIBM,9500000,6484
1,2,3,1,1,0,1,1043,2,2,2 BHK Apartment ,9,Hadapsar,4700000,4506
1,2,3,1,1,0,1,1950,1,2,3 BHK Apartment ,14,Hadapsar,10700000,5487
0,2,1,1,1,0,1,850,1,2,2 BHK Apartment ,12,Hadapsar,6800000,8000
0,3,0,1,1,0,0,1100,2,2,2 BHK Apartment ,5,Undri,6500000,5909
0,3,1,1,1,0,4,2269,3,3,3 BHK Apartment ,11,NIBM Annex Mohammadwadi,15000000,6610
0,3,1,1,1,0,4,1100,2,2,2 BHK Apartment ,6,Kondhwa,7000000,6363
1,3,3,1,1,0,1,1650,2,3,3 BHK Apartment ,1,Manjari,9000000,5454
1,3,3,1,1,0,0,1473,2,3,3 BHK Apartment ,6,Baner,9000000,6109
0,3,0,1,1,0,6,1121,2,2,2 BHK Apartment ,5,Baner,8500000,7582
0,3,0,1,1,0,2,1173,2,2,2 BHK Apartment ,10,Baner,8000000,6820
1,3,3,1,1,1,1,1426,2,3,3 BHK Apartment ,5,Bavdhan,9000000,6311
0,3,0,1,1,0,4,2269,3,3,3 BHK Apartment ,11,NIBM Annex Mohammadwadi,17500000,7712
0,3,0,1,1,0,4,1280,1,2,2 BHK Apartment ,5,NIBM,8600000,6718
0,3,1,1,1,0,11,800,1,2,2 BHK Apartment ,4,Kondhwa,4800000,6000
0,3,0,1,1,0,4,880,1,2,2 BHK Apartment ,3,Kondhwa,4600000,5227
0,3,1,1,1,1,1,1619,1,3,3 BHK Apartment ,6,Undri,9000000,5558
0,3,0,1,1,1,4,1558,2,3,3 BHK Apartment ,8,Aundh,15000000,9627
0,3,0,1,1,0,10,980,2,2,2 BHK Apartment ,8,Pashan,7000000,7142
0,2,1,1,1,1,5,1375,2,3,3 BHK Apartment ,6,Baner,10500000,7636
0,3,0,1,1,1,4,2010,2,4,3 BHK Apartment ,11,Baner,18500000,9203
0,3,2,1,1,1,5,1020,1,2,2 BHK Apartment ,2,Undri,4300000,4215
0,3,0,1,1,0,5,1085,1,2,2 BHK Apartment ,4,NIBM Annex Mohammadwadi,5100000,4700
0,3,0,1,0,0,2,670,2,1,1 BHK Apartment ,1,Rahatani,4500000,6716
0,3,0,1,0,0,2,650,2,1,1 BHK Apartment ,4,Rahatani,4350000,6692
0,2,1,1,1,1,10,1685,2,3,3 BHK Apartment ,10,Pashan,17500000,10385
0,2,1,1,1,1,4,1402,2,3,3 BHK Apartment ,7,Baner,9200000,6562
0,3,0,0,1,0,1,745,2,1,1 BHK Apartment ,3,Wagholi,3500000,4697
1,3,3,1,1,0,0,1279,2,2,2 BHK Apartment ,1,Kharadi,7610050,5950
1,3,3,1,1,0,0,670,2,1,1 BHK Apartment ,1,Sus,4100000,6119
1,3,3,1,1,0,2,956,2,2,2 BHK Apartment ,1,Bavdhan,5736000,6000
1,3,3,1,1,0,0,1015,2,2,2 BHK Apartment ,2,Mundhwa,4720765,4651
1,3,3,1,1,0,1,3725,2,5,4 BHK Apartment ,1,Viman Nagar,30172500,8100
1,3,3,1,1,0,0,450,2,1,1 BHK Apartment ,1,Baner,4000000,8889
1,3,3,1,1,1,0,1305,2,2,2 BHK Apartment ,2,Baner,9000000,6896
1,3,3,1,1,1,1,1155,2,2,2 BHK Apartment ,2,Hinjewadi,6443000,5578
1,3,3,1,1,1,0,2205,2,3,3 BHK Apartment ,10,Baner,25000000,11337
1,2,3,1,1,1,1,1170,1,2,2 BHK Apartment ,12,Kothrud,10100000,8632
1,3,3,1,1,0,0,2300,3,3,3 BHK Apartment ,10,Baner,24500000,10652
0,2,0,1,0,0,12,700,2,1,1 BHK Apartment ,1,Wanowrie,3350000,4785
1,3,3,1,1,0,2,1960,2,3,3 BHK Apartment ,6,Wakad,16000000,8163
0,3,1,1,1,0,1,1602,2,3,3 BHK Apartment ,6,Wakad,12000000,7490
1,2,3,0,1,0,1,1860,1,3,3 BHK Apartment ,9,Kothrud,15300000,8225
1,3,3,1,1,0,0,1500,1,2,3 BHK Apartment ,5,Hinjewadi,9000000,6000
1,3,3,1,1,1,0,2527,3,3,3 BHK Apartment ,4,Baner,14800000,5856
1,3,3,1,1,0,1,1206,2,2,2 BHK Apartment ,8,Baner,8900000,7379
1,2,3,1,1,1,1,2036,2,4,3 BHK Apartment ,10,Bavdhan,18000000,8840
0,3,1,1,1,0,0,3030,2,4,4 BHK Apartment ,11,Baner,35000000,11551
1,2,3,0,0,0,0,2653,2,4,4 BHK Apartment ,16,Kothrud,31836000,12000
1,2,3,0,0,0,0,1930,2,5,4 BHK Apartment ,18,Kothrud,23160000,12000
0,3,0,1,1,0,0,1000,2,2,2 BHK Apartment ,1,Baner,6350000,6350
1,3,3,1,1,1,0,1641,2,3,3 BHK Apartment ,3,Baner,12000000,7312
0,3,1,1,1,0,2,2600,3,4,4 BHK Apartment ,2,Wakad,25000000,9615
1,3,3,1,1,0,0,990,2,2,2 BHK Apartment ,4,Baner,6500000,6565
1,3,3,1,1,0,0,1001,2,2,2 BHK Apartment ,2,Baner,6150000,6143
1,3,3,1,1,1,0,1400,2,3,3 BHK Apartment ,1,Baner,11500000,8214
0,3,1,1,1,0,2,1610,1,3,3 BHK Apartment ,7,Wakad,13100000,8136
1,3,3,1,1,0,0,2500,3,3,3 BHK Apartment ,4,Baner,18000000,7200
1,3,3,1,1,1,0,1225,2,2,2 BHK Apartment ,3,Hinjewadi,6260000,5110
0,3,1,1,1,1,6,2800,3,4,3 BHK Villa ,1,Wakad,21000000,7500
0,3,1,1,1,1,0,1910,2,3,3 BHK Apartment ,10,Baner,14500000,7591
1,3,3,1,1,1,1,1151,2,2,2 BHK Apartment ,1,Hinjewadi,6442301,5597
0,3,1,1,1,0,1,3575,1,4,4 BHK Apartment ,2,Baner,47500000,13286
1,3,3,1,1,0,1,1032,2,2,2 BHK Apartment ,1,Undri,4437600,4300
0,3,1,1,1,1,0,1206,2,2,2 BHK Apartment ,2,Baner,8800000,7296
1,3,3,1,1,1,0,1225,2,2,2 BHK Apartment ,1,Hinjewadi,5892000,4809
0,3,1,1,1,1,2,1050,2,2,2 BHK Apartment ,7,Bavdhan,7500000,7142
1,3,3,1,1,0,2,3690,1,4,4 BHK Apartment ,12,Baner,45000000,12195
0,3,1,1,1,0,1,1070,2,2,2 BHK Apartment ,3,Balewadi,7000000,6542
1,3,3,1,1,1,1,1221,2,2,2 BHK Apartment ,3,Hinjewadi,6159000,5044
1,3,3,1,1,0,1,1262,3,3,3 BHK Apartment ,2,Undri,5426600,4300
1,3,3,1,1,1,0,1182,2,2,2 BHK Apartment ,4,Hinjewadi,5721000,4840
1,3,3,1,1,0,0,1015,2,2,2 BHK Apartment ,2,Mundhwa,4720765,4651
1,3,3,1,1,0,1,655,2,2,2 BHK Apartment ,1,Baner,3766250,5750
1,3,3,1,1,0,0,776,2,2,2 BHK Apartment ,1,Baner,5000000,6443
1,3,3,1,1,1,0,1405,2,2,2 BHK Apartment ,5,Baner,9500000,6761
1,3,3,1,1,0,0,450,2,1,1 BHK Apartment ,1,Baner,4000000,8888
1,3,3,1,1,0,0,1080,2,3,3 BHK Apartment ,1,Baner,9000000,8333
1,3,3,1,1,0,0,1026,2,2,2 BHK Apartment ,1,Manjari,4770900,4650
1,3,3,1,1,0,1,1330,2,2,2 BHK Apartment ,1,Hinjewadi,7182000,5400
1,3,3,1,1,0,1,1460,2,3,3 BHK Apartment ,1,Hinjewadi,8614000,5900
1,3,3,1,1,0,0,1426,2,3,3 BHK Apartment ,1,Manjari,6630900,4650
1,3,3,1,1,0,0,1015,2,2,2 BHK Apartment ,1,Mundhwa,4720765,4651
1,3,3,1,1,1,1,1225,2,2,2 BHK Apartment ,1,Hinjewadi,5892000,4809
1,3,3,1,1,0,0,450,2,1,1 BHK Apartment ,1,Baner,4000000,8888
1,3,3,1,1,0,2,1468,2,2,2 BHK Apartment ,1,Bavdhan,8808000,6000
1,3,3,1,1,0,2,1377,2,3,3 BHK Apartment ,1,Bavdhan,8262000,6000
1,3,3,1,1,0,2,1377,2,3,3 BHK Apartment ,1,Bavdhan,8262000,6000
1,3,3,1,1,0,2,1611,2,3,3 BHK Apartment ,1,Bavdhan,9666000,6000
1,3,3,1,1,0,0,1279,2,2,2 BHK Apartment ,1,Kharadi,7610050,5950
1,3,3,1,1,0,0,1820,2,3,3 BHK Apartment ,1,Kharadi,10829000,5950
1,3,3,1,1,1,0,1188,2,2,2 BHK Apartment ,2,Hinjewadi,5725320,4819
1,3,3,1,1,0,0,1100,2,2,2 BHK Apartment ,1,Sus,7100000,6455
1,3,3,1,1,0,0,670,2,1,1 BHK Apartment ,1,Sus,4100000,6119
1,3,3,1,1,0,0,894,2,2,2 BHK Apartment ,1,Wagholi,3900000,4362
1,3,3,1,1,0,1,4240,2,4,4 BHK Apartment ,1,Koregaon Park,68688000,16200
1,3,3,1,1,0,0,1026,2,2,2 BHK Apartment ,1,Manjari,4770900,4650
1,3,3,1,1,0,0,1426,2,3,3 BHK Apartment ,1,Manjari,6630900,4650
1,3,3,1,1,0,0,670,2,1,1 BHK Apartment ,1,Sus,4100000,6119
1,3,3,1,1,0,0,902,2,2,2 BHK Apartment ,1,Sus,5900000,6541
1,3,3,1,1,0,0,450,2,1,1 BHK Apartment ,1,Baner,4000000,8888
1,3,3,1,1,0,0,894,2,2,2 BHK Apartment ,1,Wagholi,3900000,4362
1,3,3,1,1,0,0,1026,2,2,2 BHK Apartment ,1,Manjari,4770900,4650
1,3,3,1,1,0,1,1385,2,2,2 BHK Apartment ,1,Viman Nagar,11218500,8100
1,3,3,1,1,0,0,1426,2,3,3 BHK Apartment ,1,Manjari,6630900,4650
1,3,3,1,1,0,0,1026,2,2,2 BHK Apartment ,1,Manjari,4770900,4650
1,3,3,1,1,0,0,676,1,1,1 BHK Apartment ,2,Mundhwa,3144076,4651
1,3,3,1,1,0,0,1820,2,3,3 BHK Apartment ,1,Kharadi,10829000,5950
1,3,3,1,1,0,1,1966,2,3,3 BHK Apartment ,1,Baner,12385800,6300
1,2,3,1,1,0,0,1018,1,2,2 BHK Apartment ,8,Kothrud,13900000,13654
1,3,3,1,1,0,2,941,2,2,2 BHK Apartment ,1,Viman Nagar,7300000,7757
1,3,3,1,1,0,1,956,2,2,2 BHK Apartment ,1,Bavdhan,5736000,6000
1,3,3,1,1,0,2,1168,2,3,3 BHK Apartment ,1,Viman Nagar,9200000,7876
1,3,3,1,1,0,1,1460,2,3,3 BHK Apartment ,1,Hinjewadi,8614000,5900
1,2,3,1,1,0,2,1060,2,2,2 BHK Apartment ,5,Undri,4664000,4400
1,2,3,1,1,0,6,1130,2,2,2 BHK Apartment ,2,Pashan,8000000,7079
0,3,0,1,1,0,11,1775,2,3,3 BHK Apartment ,4,Kalyani Nagar,14500000,8169
0,3,0,1,1,0,6,1200,2,2,2 BHK Apartment ,4,Wadgaon Sheri,8000000,6666
0,3,1,1,1,0,6,1250,2,2,2 BHK Apartment ,2,Wadgaon Sheri,8000000,6400
0,3,0,1,1,0,6,1550,2,3,3 BHK Apartment ,1,Kalyani Nagar,12000000,7741
0,3,0,1,1,0,6,1150,2,2,2 BHK Apartment ,1,Kalyani Nagar,10200000,8869
0,3,1,1,1,0,6,1775,2,3,3 BHK Apartment ,4,Wadgaon Sheri,14500000,8169
0,3,1,0,0,0,3,2200,2,3,3 BHK Villa ,1,Wagholi,11500000,5227
0,3,0,1,1,0,2,1450,2,3,3 BHK Apartment ,6,NIBM Annex Mohammadwadi,8300000,5724
0,3,0,1,1,0,2,5000,2,4,4 BHK Villa ,0,NIBM Annex Mohammadwadi,30000000,6000
0,3,0,1,1,0,11,900,2,2,2 BHK Apartment ,3,Undri,4500000,5000
1,2,3,1,1,0,2,1400,2,2,2 BHK Apartment ,4,NIBM,5500000,3928
1,2,3,1,1,0,2,1600,2,3,3 BHK Apartment ,4,NIBM,6000000,3750
1,2,3,1,1,0,2,2660,2,4,4 BHK Apartment ,5,NIBM,11500000,4323
0,2,0,0,0,0,26,550,1,1,1 BHK Apartment ,1,Aundh,6000000,10909
0,3,0,1,1,0,3,1250,2,2,2 BHK Apartment ,2,Wadgaon Sheri,8000000,6400
0,3,0,1,1,0,11,1100,2,2,2 BHK Apartment ,4,Kalyani Nagar,11000000,10000
0,3,0,1,1,0,11,1450,2,3,3 BHK Apartment ,5,Kalyani Nagar,14000000,9655
0,3,0,1,1,0,11,1050,2,2,2 BHK Apartment ,5,Wadgaon Sheri,7800000,7428
0,3,0,1,1,0,11,1015,2,2,2 BHK Apartment ,4,Kalyani Nagar,11000000,10837
1,3,3,0,0,0,0,3672,2,4,4 BHK Apartment ,4,Baner,45000000,12254
1,3,3,0,0,0,0,3600,2,4,4 BHK Apartment ,5,Baner,40000000,11111
1,3,3,0,0,0,0,3600,2,4,4 BHK Apartment ,8,Balewadi,40000000,11111
1,3,3,0,0,0,0,2600,2,4,4 BHK Apartment ,1,Balewadi,28000000,10769
1,3,3,0,0,0,0,2200,2,3,3 BHK Apartment ,6,Aundh,24000000,10909
1,3,3,0,0,0,0,2010,2,3,2 BHK Apartment ,6,Baner,20100000,10000
1,3,3,0,0,0,0,2210,2,3,3 BHK Apartment ,6,Aundh,24000000,10859
1,3,3,0,0,0,0,3672,2,4,4 BHK Apartment ,6,Balewadi,47700000,12990
1,3,3,0,0,0,0,2660,2,4,4 BHK Apartment ,5,Balewadi,28000000,10526
0,3,2,0,0,1,6,2500,2,4,4 BHK Apartment ,2,Wakad,25000000,10000
1,3,3,0,0,0,1,2800,2,4,4 BHK Apartment ,3,Bavdhan,22000000,7857
0,3,0,1,1,0,2,1300,2,3,3 BHK Apartment ,4,Wanowrie,11000000,8461
1,3,3,1,1,0,2,1500,2,3,3 BHK Apartment ,9,Wanowrie,8000000,5333
0,2,1,1,1,0,5,560,2,1,1 BHK Apartment ,2,Hadapsar,2750000,4910
0,2,0,1,1,0,5,2050,2,3,3 BHK Apartment ,5,Hadapsar,18000000,8780
0,2,0,0,1,0,14,570,1,1,1 BHK Apartment ,2,Hadapsar,2400000,4210
1,2,3,1,1,0,1,851,2,2,2 BHK Apartment ,5,Hadapsar,6500000,7638
1,2,3,1,1,0,1,1001,2,2,2 BHK Apartment ,3,Hadapsar,8000000,7992
0,2,0,0,0,0,21,515,2,1,1 BHK Apartment ,1,Aundh,6000000,11650
0,2,0,1,1,0,6,950,1,2,2 BHK Apartment ,2,Hadapsar,7000000,7368
0,2,0,1,1,0,9,600,1,2,1 BHK Villa ,9,Bavdhan,4000000,6666
1,3,3,1,1,0,2,955,2,2,2 BHK Apartment ,3,Wagholi,4200000,4397
0,3,0,0,1,0,4,2470,2,3,3 BHK Villa ,1,Wagholi,9400000,3805
0,3,2,1,1,0,2,575,2,1,1 BHK Apartment ,9,Wanowrie,3700000,6434
0,1,2,1,1,1,12,500,2,1,1 BHK Apartment ,3,Viman Nagar,3900000,7800
0,3,0,0,0,0,1,634,1,1,1 BHK Apartment ,8,Wagholi,3100000,4889
0,3,0,1,1,0,4,900,2,2,2 BHK Apartment ,3,Wagholi,3900000,4333
0,2,2,1,1,1,5,1050,2,2,2 BHK Apartment ,6,Wakad,5800000,5523
0,2,0,1,1,0,5,680,2,1,1 BHK Apartment ,6,Wakad,4300000,6323
0,2,0,1,1,0,8,1485,2,3,3 BHK Apartment ,5,Wakad,7500000,5050
0,2,0,1,1,0,8,1485,2,3,3 BHK Apartment ,11,Wakad,7600000,5117
0,3,0,1,1,0,4,980,2,2,2 BHK Apartment ,5,Wagholi,3600000,3673
0,3,1,1,1,1,3,1280,2,2,2 BHK Apartment ,3,Wagholi,7200000,5625
1,3,3,1,1,0,1,1002,1,2,2 BHK Apartment ,5,Wagholi,4200000,4191
0,3,0,1,1,0,18,1400,2,2,2 BHK Apartment ,3,Baner,10000000,7142
1,3,3,1,1,0,1,1001,2,2,2 BHK Apartment ,7,Wagholi,3800000,3796
0,3,0,0,1,0,3,2800,3,3,3 BHK Villa ,1,Wagholi,9500000,3392
0,3,2,0,1,0,13,2400,2,3,3 BHK Villa ,1,Baner,18500000,7708
0,3,0,1,1,0,5,750,1,2,2 BHK Apartment ,1,Wagholi,3500000,4666
0,3,0,0,1,0,2,675,1,2,1 BHK Apartment ,2,Rahatani,4500000,6666
0,2,0,1,1,0,13,915,1,2,2 BHK Apartment ,10,Aundh,9000000,9836
0,2,2,0,1,0,6,1550,2,3,3 BHK Apartment ,5,Aundh,16500000,10645
0,3,0,1,1,1,4,1250,2,3,3 BHK Apartment ,6,Kalyani Nagar,8900000,7120
0,3,0,1,1,1,4,1860,2,3,3 BHK Apartment ,11,Baner,9500000,5107
1,3,3,1,1,1,0,1426,1,3,3 BHK Apartment ,7,Sus,7400000,5189
0,3,0,1,1,0,6,1775,2,3,3 BHK Apartment ,3,Kalyani Nagar,15000000,8450
0,2,0,1,1,0,2,1360,2,3,3 BHK Apartment ,6,Viman Nagar,9800000,7205
0,2,2,1,1,1,9,1678,2,2,2 BHK Apartment ,2,Kalyani Nagar,12000000,7151
1,2,3,1,1,0,0,989,1,2,2 BHK Apartment ,0,Undri,3600000,3640
0,2,0,1,1,0,7,650,1,1,1 BHK Apartment ,12,Hadapsar,6000000,9230
0,3,0,0,0,0,0,1430,1,2,2 BHK Apartment ,2,Kalyani Nagar,15000000,10489
0,2,0,1,1,0,11,925,2,2,2 BHK Apartment ,9,Aundh,9500000,10270
0,2,0,1,1,0,6,930,1,2,2 BHK Apartment ,3,Hadapsar,3500000,3763
0,2,0,1,1,0,5,900,1,2,2 BHK Apartment ,5,Manjari,4000000,4444
0,2,0,1,1,0,5,550,1,1,1 BHK Apartment ,3,Manjari,2400000,4363
1,2,3,1,1,0,2,1600,2,3,3 BHK Apartment ,4,NIBM,6400000,4000
1,2,3,1,1,0,3,4580,2,4,4 BHK Apartment ,5,NIBM Annex Mohammadwadi,32060000,7000
1,2,3,1,1,0,3,4175,2,4,4 BHK Apartment ,6,NIBM Annex Mohammadwadi,20875000,5000
1,3,3,1,1,1,0,963,2,2,2 BHK Apartment ,7,Balewadi,5500000,5711
0,3,0,1,1,0,4,823,1,2,2 BHK Apartment ,2,Wagholi,3500000,4252
0,2,0,1,1,0,2,1200,2,2,2 BHK Apartment ,11,Hadapsar,9200000,7666
0,2,0,1,1,0,14,1050,1,2,2 BHK Apartment ,5,Hadapsar,7800000,7428
0,2,0,1,1,0,4,560,1,1,1 BHK Apartment ,1,Hadapsar,2500000,4464
0,2,0,1,1,0,2,650,1,1,1 BHK Apartment ,4,Hadapsar,2200000,3384
0,2,0,1,1,0,5,650,1,1,1 BHK Apartment ,4,Hadapsar,4100000,6307
0,2,0,1,1,0,5,980,2,2,2 BHK Apartment ,3,Hadapsar,7000000,7142
0,2,0,1,1,0,6,630,1,1,1 BHK Apartment ,5,Hadapsar,4500000,7142
1,3,3,1,1,0,0,1061,1,2,2 BHK Apartment ,6,Bavdhan,6472000,6099
0,3,1,1,1,0,6,1500,2,3,3 BHK Apartment ,7,NIBM,9000000,6000
0,3,0,1,1,0,16,1150,2,2,2 BHK Apartment ,2,Aundh,12500000,10869
0,3,0,1,1,0,12,1175,2,2,2 BHK Apartment ,2,Wanowrie,10000000,8510
0,3,0,1,1,0,2,2200,2,3,3 BHK Apartment ,3,Undri,15000000,6818
0,3,0,1,1,0,2,1100,2,2,2 BHK Apartment ,4,Wanowrie,7000000,6363
0,3,0,1,1,0,11,1100,2,2,2 BHK Apartment ,1,Wanowrie,7000000,6363
0,3,0,1,1,0,11,1050,2,2,2 BHK Apartment ,4,Kondhwa,6300000,6000
1,3,3,1,1,0,1,660,2,1,1 BHK Apartment ,3,Wagholi,2800000,4242
0,2,0,1,1,0,7,1050,1,2,2 BHK Apartment ,7,NIBM Annex Mohammadwadi,4400000,4190
0,2,2,1,1,1,9,850,1,2,2 BHK Apartment ,1,Hadapsar,3600000,4235
0,3,0,1,1,0,10,1150,2,2,2 BHK Apartment ,5,NIBM,6500000,5652
0,3,1,1,0,0,0,1035,1,2,2 BHK Apartment ,5,Undri,5500000,5314
0,3,0,0,0,0,1,642,2,1,1 BHK Apartment ,10,Wagholi,3200000,4984
0,3,0,1,1,0,7,632,2,1,1 BHK Apartment ,3,Hadapsar,3300000,5221
0,3,0,1,1,0,5,910,2,2,2 BHK Apartment ,5,Wakad,6400000,7032
0,3,0,1,1,0,7,673,2,1,1 BHK Apartment ,3,Hadapsar,4500000,6686
0,3,0,1,1,0,7,686,2,1,1 BHK Apartment ,3,Hadapsar,3100000,4518
0,3,0,1,1,0,4,1250,2,2,2 BHK Apartment ,12,Wakad,8600000,6880
0,3,0,1,1,0,2,980,2,2,2 BHK Apartment ,5,Wakad,6300000,6428
0,3,0,1,1,0,2,980,2,2,2 BHK Apartment ,3,Wakad,6300000,6428
0,2,0,0,0,0,4,1150,2,2,2 BHK Apartment ,5,Baner,8000000,6956
0,2,0,1,1,0,8,1200,2,2,2 BHK Apartment ,5,Wakad,9500000,7916
1,3,3,1,1,0,11,1150,2,2,2 BHK Apartment ,4,Wadgaon Sheri,7500000,6521
0,3,0,1,1,0,11,1230,2,2,2 BHK Apartment ,5,Kalyani Nagar,12000000,9756
0,3,0,1,1,0,11,1050,2,2,2 BHK Apartment ,4,Wadgaon Sheri,7000000,6666
0,2,0,1,1,0,10,640,2,1,1 BHK Apartment ,4,Vishrantwadi,3700000,5781
0,3,0,1,1,0,1,660,1,2,1 BHK Apartment ,8,Wagholi,3000000,4545
1,3,3,1,1,1,0,1260,1,2,2 BHK Apartment ,9,Hinjewadi,6600000,5238
1,3,3,1,1,1,1,955,1,2,2 BHK Apartment ,5,Wakad,5300000,5549
0,3,0,1,1,0,8,1057,1,2,2 BHK Apartment ,5,Pimple Saudagar,7000000,6622
0,3,1,1,1,1,10,1450,1,3,3 BHK Apartment ,9,Kothrud,22500000,15517
0,3,0,1,1,0,5,1100,1,2,2 BHK Apartment ,4,Pimple Saudagar,7200000,6545
0,3,1,1,1,1,10,1350,2,2,2 BHK Apartment ,3,Pashan,10000000,7407
0,2,0,1,1,0,4,1150,1,2,2 BHK Apartment ,10,Wakad,6800000,5913
0,2,0,0,1,0,4,1650,2,3,3 BHK Apartment ,1,Wakad,8700000,5272
0,2,0,1,1,0,5,620,1,1,1 BHK Apartment ,5,Wakad,3800000,6129
0,2,0,1,1,0,5,1150,2,2,2 BHK Apartment ,5,Wakad,7800000,6782
0,2,0,1,1,0,8,1150,1,2,2 BHK Apartment ,2,Wakad,7100000,6173
0,2,0,1,1,0,5,1500,2,3,3 BHK Apartment ,11,Wakad,7600000,5066
0,2,0,1,1,0,1,1230,1,2,2 BHK Apartment ,9,Wakad,6000000,4878
0,2,0,1,1,0,8,1650,3,3,4 BHK Apartment ,5,Wakad,8300000,5030
0,2,0,1,1,0,2,1150,1,2,2 BHK Apartment ,10,Wakad,6800000,5913
0,2,0,1,1,0,5,1350,2,3,3 BHK Apartment ,6,Wakad,9100000,6740
0,3,0,1,1,0,11,1050,2,2,2 BHK Apartment ,1,Kondhwa,6500000,6190
0,3,1,1,0,0,17,1089,2,2,2 BHK Apartment ,1,Rahatani,5500000,5050
0,2,0,1,1,0,13,925,1,2,2 BHK Apartment ,10,Aundh,9000000,9729
0,2,0,1,1,0,10,510,1,1,1 BHK Apartment ,3,Sasane Nagar,2350000,4607
0,2,1,1,1,0,9,850,2,2,2 BHK Apartment ,5,Kharadi,5200000,6117
0,3,0,1,0,0,16,529,2,1,1 BHK Apartment ,3,Kondhwa,3000000,5671
1,3,3,1,1,0,0,2580,2,4,4 BHK Apartment ,7,Baner,20000000,7751
1,3,3,1,1,0,0,1400,2,3,3 BHK Apartment ,4,Hinjewadi,8000000,5714
1,3,3,1,1,0,0,5115,3,5,4 BHK Apartment ,6,Aundh,61380000,12000
0,3,1,1,1,0,6,950,2,2,2 BHK Apartment ,1,Undri,3800000,4000
1,3,3,1,1,0,1,1206,1,2,2 BHK Apartment ,6,Baner,9000000,7462
1,3,3,1,1,0,0,3500,2,4,4 BHK Apartment ,5,Baner,40000000,11428
1,3,3,1,1,0,0,1206,1,2,2 BHK Apartment ,6,Balewadi,9000000,7462
1,3,3,1,1,0,0,1500,2,3,3 BHK Apartment ,6,Hinjewadi,9000000,6000
1,3,3,1,1,0,0,1150,1,2,2 BHK Apartment ,9,Baner,7500000,6521
1,3,3,1,1,0,0,2606,2,4,4 BHK Apartment ,9,Baner,28000000,10744
1,3,3,1,1,0,0,1150,1,2,2 BHK Apartment ,7,Balewadi,7500000,6521
1,3,3,1,1,0,0,1688,2,3,3 BHK Apartment ,7,Baner,12000000,7109
1,3,3,1,1,0,0,1668,2,3,3 BHK Apartment ,4,Balewadi,12000000,7194
1,3,3,1,1,0,0,1405,2,3,3 BHK Apartment ,4,Bavdhan,9463000,6735
1,3,3,1,1,0,1,1635,2,3,3 BHK Apartment ,6,Baner,12000000,7339
1,3,3,1,1,0,0,3500,2,4,4 BHK Apartment ,4,Baner,40000000,11428
1,3,3,1,1,0,0,1668,2,3,3 BHK Apartment ,4,Balewadi,12500000,7494
1,3,3,1,1,0,0,2800,2,4,4 BHK Apartment ,5,Bavdhan,20000000,7142
1,3,3,1,1,0,0,1290,2,2,2 BHK Apartment ,4,Baner,8500000,6589
1,3,3,1,1,0,0,3300,2,4,4 BHK Apartment ,7,Baner,30000000,9090
1,3,3,1,1,0,0,1290,2,2,2 BHK Apartment ,4,Balewadi,8500000,6589
1,3,3,1,1,0,0,4041,2,4,4 BHK Apartment ,7,Baner,40000000,9898
1,3,3,1,1,0,0,2200,2,3,3 BHK Apartment ,7,Aundh,23500000,10681
1,3,3,1,1,0,0,1500,1,2,3 BHK Apartment ,8,Hinjewadi,9260000,6173
1,3,3,1,1,0,0,2580,2,4,4 BHK Apartment ,7,Hinjewadi,17000000,6589
1,3,3,1,1,0,0,1155,1,2,2 BHK Apartment ,7,Bavdhan,7700000,6666
1,3,3,1,1,0,0,2600,2,4,4 BHK Apartment ,4,Balewadi,28600000,11000
1,3,3,1,1,0,0,1660,2,3,3 BHK Apartment ,7,Baner,12500000,7530
1,3,3,1,1,0,0,2550,2,4,4 BHK Apartment ,7,Baner,20000000,7843
1,3,3,1,1,0,0,1660,2,3,3 BHK Apartment ,5,Balewadi,12500000,7530
1,3,3,1,1,0,0,1084,1,2,2 BHK Apartment ,4,Baner,8363000,7714
1,3,3,1,1,0,0,1084,1,2,2 BHK Apartment ,6,Baner,8363000,7714
0,2,2,1,1,0,6,1558,2,3,3 BHK Apartment ,5,Aundh,16500000,10590
0,2,0,1,1,0,8,770,2,2,2 BHK Apartment ,2,Hadapsar,3500000,4545
1,3,3,0,1,0,2,960,2,2,2 BHK Apartment ,3,Wagholi,3300000,3437
0,3,0,1,1,0,3,945,1,3,2 BHK Apartment ,3,Balewadi,6500000,6878
1,3,3,0,0,0,1,3930,2,4,4 BHK Apartment ,7,Koregaon Park,65100000,16564
1,3,3,0,0,0,0,2562,2,4,4 BHK Apartment ,6,Baner,19700000,7689
1,3,3,0,0,0,1,3310,2,4,4 BHK Apartment ,8,Balewadi,30000000,9063
1,3,3,0,0,0,1,2600,2,4,4 BHK Apartment ,7,Balewadi,26000000,10000
1,3,3,0,0,0,1,2651,2,4,4 BHK Apartment ,9,Baner,26000000,9807
1,3,3,0,0,0,0,2215,2,3,3 BHK Apartment ,7,Aundh,22500000,10158
1,3,3,0,0,0,0,2200,2,3,3 BHK Apartment ,7,Aundh,22600000,10272
1,3,3,0,0,0,1,6298,3,5,5 BHK Apartment ,9,Kalyani Nagar,157400000,24992
1,3,3,0,0,0,0,6862,3,5,5 BHK Apartment ,8,Koregaon Park,12000000,1748
1,3,3,0,0,0,0,3800,2,4,4 BHK Apartment ,5,Baner,39900000,10500
1,3,3,0,0,0,0,2250,2,4,4 BHK Apartment ,8,Baner,20000000,8888
1,3,3,0,0,0,0,2250,2,4,4 BHK Apartment ,8,Balewadi,20000000,8888
1,3,3,0,0,0,0,2606,2,4,4 BHK Apartment ,8,Baner,26000000,9976
1,3,3,0,0,0,0,2606,2,4,4 BHK Apartment ,7,Balewadi,26000000,9976
1,3,3,0,0,0,0,4000,2,4,4 BHK Apartment ,8,Koregaon Park,40000000,10000
1,3,3,0,0,0,1,2560,2,4,4 BHK Apartment ,6,Baner,20000000,7812
1,3,3,0,0,0,0,2610,2,4,4 BHK Apartment ,5,Baner,26100000,10000
1,3,3,0,0,0,0,2550,2,4,4 BHK Apartment ,3,Balewadi,19700000,7725
1,3,3,0,0,0,0,2400,2,4,4 BHK Apartment ,5,Balewadi,20000000,8333
1,3,3,0,0,0,0,2197,2,3,3 BHK Apartment ,7,Aundh,21970000,10000
1,3,3,0,0,0,1,5100,2,4,4 BHK Apartment ,7,Aundh,50000000,9803
1,3,3,0,0,0,0,2200,2,3,3 BHK Apartment ,6,Aundh,22500000,10227
1,3,3,0,0,0,1,5400,2,4,4 BHK Apartment ,3,Boat Club Road,97400000,18037
1,3,3,0,0,0,0,2600,2,4,4 BHK Apartment ,6,Baner,26000000,10000
1,3,3,0,0,0,1,3506,2,4,4 BHK Apartment ,3,Balewadi,45000000,12835
1,3,3,0,0,0,0,3506,2,4,4 BHK Apartment ,6,Baner,45000000,12835
1,3,3,0,0,0,0,6862,2,5,5 BHK Apartment ,6,Koregaon Park,12000000,1748
1,3,3,0,0,0,0,2600,2,4,4 BHK Apartment ,8,Balewadi,27000000,10384
0,3,0,1,1,0,0,1035,1,2,2 BHK Apartment ,5,Undri,5500000,5314
0,3,0,1,1,0,3,925,1,2,2 BHK Apartment ,7,NIBM,5700000,6162
1,3,3,1,1,1,2,950,1,2,2 BHK Apartment ,7,Bavdhan,5300000,5578
1,3,3,1,1,0,0,2580,2,4,4 BHK Apartment ,7,Hinjewadi,15000000,5813
0,3,0,1,1,0,3,655,2,1,1 BHK Apartment ,3,Wagholi,2850000,4351
0,3,0,1,0,0,0,630,2,1,1 BHK Apartment ,3,Bavdhan,3500000,5555
0,3,1,1,1,0,6,1186,2,2,2 BHK Apartment ,9,Wadgaon Sheri,7800000,6576
1,3,3,1,1,1,1,1042,1,2,2 BHK Apartment ,5,Wakad,6200000,5950
1,3,3,1,1,0,0,2048,3,3,3 BHK Apartment ,3,Kothrud,30200000,14746
0,3,2,1,1,1,8,1300,2,3,3 BHK Apartment ,7,Baner,10000000,7692
0,3,2,1,1,1,7,1500,2,3,3 BHK Apartment ,7,Balewadi,8500000,5666
0,3,0,1,1,1,3,1020,1,2,2 BHK Apartment ,5,Undri,4300000,4215
1,3,3,0,0,0,0,2709,2,4,4 BHK Apartment ,4,Baner,29800000,11000
1,3,3,0,0,0,0,2200,2,3,3 BHK Apartment ,5,Aundh,24000000,10909
0,2,0,1,1,0,7,1560,2,3,3 BHK Apartment ,3,NIBM Annex Mohammadwadi,11000000,7051
0,2,2,1,1,1,10,1086,2,2,2 BHK Apartment ,5,Wadgaon Sheri,8500000,7826
0,3,0,1,1,0,5,585,1,1,1 BHK Apartment ,3,NIBM Annex Mohammadwadi,3200000,5470
0,3,1,1,1,0,3,1675,3,3,3 BHK Apartment ,5,Undri,12000000,7164
0,2,1,1,1,0,11,1250,3,3,3 BHK Apartment ,7,Wanowrie,10500000,8400
0,2,0,1,1,0,6,1140,1,2,2 BHK Apartment ,6,Hadapsar,4700000,4122
1,2,3,1,1,0,3,1031,2,2,2 BHK Apartment ,10,Undri,5700000,5528
1,3,3,1,1,0,0,517,1,1,1 BHK Apartment ,6,Undri,3100000,5996
0,3,1,1,1,0,7,2360,1,5,3 BHK Apartment ,7,NIBM,17000000,7203
0,3,0,1,1,0,11,1050,2,2,2 BHK Apartment ,5,Wadgaon Sheri,7600000,7238
1,3,3,1,1,0,6,1050,2,2,2 BHK Apartment ,6,Wadgaon Sheri,7800000,7428
0,3,0,1,1,0,8,1010,1,2,2 BHK Apartment ,5,Pimple Saudagar,7500000,7425
0,2,0,1,1,1,7,1150,2,2,2 BHK Apartment ,2,Kalyani Nagar,7900000,6869
0,3,1,1,1,0,8,1490,3,3,3 BHK Apartment ,5,Wanowrie,8800000,5906
0,3,1,1,1,0,4,1106,1,2,2 BHK Apartment ,3,NIBM Annex Mohammadwadi,7600000,6871
0,3,0,1,1,0,4,2269,3,3,3 BHK Apartment ,11,NIBM Annex Mohammadwadi,17500000,7712
0,3,1,1,1,0,2,1000,2,2,2 BHK Apartment ,2,NIBM Annex Mohammadwadi,5500000,5500
0,3,0,1,1,0,4,905,1,2,2 BHK Apartment ,3,Undri,5200000,5745
0,3,0,1,1,0,4,1400,2,3,3 BHK Apartment ,2,Kondhwa,8500000,6071
0,3,0,1,1,0,8,2105,1,3,3 BHK Apartment ,7,NIBM,15000000,7125
0,3,0,1,1,0,0,1141,2,2,2 BHK Apartment ,5,NIBM,5800000,5083
0,3,0,1,1,0,1,1335,2,2,2 BHK Apartment ,5,NIBM,15000000,11235
0,3,0,1,1,0,4,920,2,2,2 BHK Apartment ,6,Kondhwa,5400000,5869
0,3,0,1,1,0,2,1180,1,2,2 BHK Apartment ,10,NIBM,7500000,6355
0,3,0,1,1,0,3,2000,2,4,4 BHK Apartment ,7,Undri,16000000,8000
0,3,0,1,1,0,8,1500,3,3,3 BHK Apartment ,4,Kondhwa,8600000,5733
0,3,0,1,1,0,2,2800,1,3,3 BHK Apartment ,2,NIBM,27500000,9821
1,3,3,1,1,0,1,2985,2,4,4 BHK Apartment ,2,NIBM Annex Mohammadwadi,20500000,6867
0,3,1,1,1,0,1,1465,2,3,3 BHK Apartment ,5,NIBM,9500000,6484
1,2,3,1,1,0,1,1043,2,2,2 BHK Apartment ,9,Hadapsar,4700000,4506
1,2,3,1,1,0,1,1950,1,2,3 BHK Apartment ,14,Hadapsar,10700000,5487
0,2,1,1,1,0,1,850,1,2,2 BHK Apartment ,12,Hadapsar,6800000,8000
0,3,0,1,1,0,0,1100,2,2,2 BHK Apartment ,5,Undri,6500000,5909
0,3,1,1,1,0,4,2269,3,3,3 BHK Apartment ,11,NIBM Annex Mohammadwadi,15000000,6610
0,3,1,1,1,0,4,1100,2,2,2 BHK Apartment ,6,Kondhwa,7000000,6363
1,3,3,1,1,0,1,1650,2,3,3 BHK Apartment ,1,Manjari,9000000,5454
1,3,3,1,1,0,0,1473,2,3,3 BHK Apartment ,6,Baner,9000000,6109
0,3,0,1,1,0,6,1121,2,2,2 BHK Apartment ,5,Baner,8500000,7582
0,3,0,1,1,0,2,1173,2,2,2 BHK Apartment ,10,Baner,8000000,6820
1,3,3,1,1,1,1,1426,2,3,3 BHK Apartment ,5,Bavdhan,9000000,6311
0,3,0,1,1,0,4,2269,3,3,3 BHK Apartment ,11,NIBM Annex Mohammadwadi,17500000,7712
0,3,0,1,1,0,4,1280,1,2,2 BHK Apartment ,5,NIBM,8600000,6718
0,3,1,1,1,0,11,800,1,2,2 BHK Apartment ,4,Kondhwa,4800000,6000
0,3,0,1,1,0,4,880,1,2,2 BHK Apartment ,3,Kondhwa,4600000,5227
0,3,1,1,1,1,1,1619,1,3,3 BHK Apartment ,6,Undri,9000000,5558
0,3,0,1,1,1,4,1558,2,3,3 BHK Apartment ,8,Aundh,15000000,9627
0,3,0,1,1,0,10,980,2,2,2 BHK Apartment ,8,Pashan,7000000,7142
0,2,1,1,1,1,5,1375,2,3,3 BHK Apartment ,6,Baner,10500000,7636
0,3,0,1,1,1,4,2010,2,4,3 BHK Apartment ,11,Baner,18500000,9203
0,3,2,1,1,1,5,1020,1,2,2 BHK Apartment ,2,Undri,4300000,4215
0,3,0,1,1,0,5,1085,1,2,2 BHK Apartment ,4,NIBM Annex Mohammadwadi,5100000,4700
0,3,0,1,0,0,2,670,2,1,1 BHK Apartment ,1,Rahatani,4500000,6716
0,3,0,1,0,0,2,650,2,1,1 BHK Apartment ,4,Rahatani,4350000,6692
0,2,1,1,1,1,10,1685,2,3,3 BHK Apartment ,10,Pashan,17500000,10385
0,2,1,1,1,1,4,1402,2,3,3 BHK Apartment ,7,Baner,9200000,6562
0,3,0,0,1,0,1,745,2,1,1 BHK Apartment ,3,Wagholi,3500000,4697
0,3,2,1,1,1,10,1300,2,2,2 BHK Apartment ,7,Kalyani Nagar,16000000,12307
0,0,1,1,1,0,2,1427,2,3,3 BHK Apartment ,9,Hadapsar,12000000,8409
0,3,0,1,1,0,10,1200,2,2,2 BHK Apartment ,5,Kalyani Nagar,9000000,7500
0,2,0,1,1,0,11,600,2,1,1 BHK Apartment ,4,Yerawada,5500000,9166
0,3,1,1,1,0,2,1616,1,3,3 BHK Apartment ,8,Viman Nagar,14500000,8972
0,2,2,1,1,0,5,2800,2,2,4 BHK Apartment ,8,Kalyani Nagar,42000000,15000
0,3,0,1,1,0,12,1288,1,2,2 BHK Apartment ,4,Kalyani Nagar,10000000,7763
0,3,0,1,1,0,9,690,1,1,1 BHK Apartment ,4,Wadgaon Sheri,6200000,8985
0,3,0,1,1,0,10,1900,2,3,3 BHK Apartment ,1,Sangamvadi,25500000,13421
1,3,3,1,1,0,0,4550,2,4,4 BHK Apartment ,7,Boat Club Road,68500000,15054
0,3,0,1,1,0,10,1000,1,2,2 BHK Apartment ,2,Kalyani Nagar,9500000,9500
0,3,0,1,1,0,13,510,2,1,1 BHK Apartment ,4,Koregaon Park,7300000,14313
1,3,3,1,1,0,0,1413,2,3,3 BHK Apartment ,10,Baner,8800000,6227
0,2,2,0,1,1,8,1488,2,2,2 BHK Apartment ,9,Aundh,15400000,10349
1,3,3,1,1,0,0,2325,2,4,4 BHK Apartment ,6,Baner,19990000,8597
0,2,0,1,1,0,4,680,1,2,1 BHK Apartment ,1,Kharadi,4500000,6617
0,3,0,1,1,0,3,930,1,2,2 BHK Apartment ,7,Kondhwa,4200000,4516
1,3,3,1,1,0,0,1078,2,2,2 BHK Apartment ,10,Sus,5800000,5380
0,3,0,1,1,0,10,980,1,2,2 BHK Apartment ,2,Bund Garden,7500000,7653
0,3,0,1,1,0,5,2000,2,3,3 BHK Apartment ,4,Koregaon Park,20000000,10000
1,3,3,1,1,0,0,1426,2,3,3 BHK Apartment ,5,Sus,8500000,5960
0,3,2,1,1,0,10,1056,1,2,2 BHK Apartment ,6,Kalyani Nagar,8500000,8049
0,3,0,1,1,0,10,1500,1,3,3 BHK Apartment ,4,Viman Nagar,11000000,7333
0,2,0,1,1,0,10,794,1,2,2 BHK Apartment ,3,Viman Nagar,6000000,7556
0,3,1,1,1,1,5,630,1,1,1 BHK Apartment ,1,Viman Nagar,6000000,9523
1,3,3,1,1,1,2,6300,1,4,4 BHK Apartment ,20,Hadapsar,64000000,10158
0,3,1,1,1,1,5,1100,1,2,2 BHK Apartment ,1,Kharadi,8400000,7636
0,3,0,0,1,0,2,1135,1,2,2 BHK Apartment ,6,Wagholi,4200000,3700
0,2,0,0,1,0,5,1250,2,3,3 BHK Apartment ,6,Viman Nagar,9500000,7600
0,3,0,1,1,0,5,1300,2,2,3 BHK Apartment ,2,Kalyani Nagar,9500000,7307
0,3,1,1,1,0,6,1450,2,3,3 BHK Apartment ,6,Viman Nagar,11000000,7586
1,2,3,1,1,0,0,1053,2,2,2 BHK Apartment ,6,Wakad,6700000,6362
0,2,2,1,1,0,10,2400,3,4,3 BHK Apartment ,1,Kalyani Nagar,35000000,14583
0,2,0,1,1,0,14,5500,3,5,5 BHK Apartment ,11,Koregaon Park,61000000,11090
0,2,0,1,1,0,9,1400,1,3,3 BHK Apartment ,5,Koregaon Park,9500000,6785
0,2,0,1,1,0,9,1880,2,4,3 BHK Apartment ,9,Koregaon Park,23500000,12500
0,2,1,1,1,0,5,1850,2,3,3 BHK Apartment ,6,Koregaon Park,22000000,11891
0,3,0,0,1,0,19,550,2,1,1 BHK Apartment ,2,Koregaon Park,6000000,10909
0,3,2,1,1,0,5,1615,2,3,3 BHK Apartment ,8,Koregaon Park,15800000,9783
0,3,1,1,1,0,0,1400,2,3,3 BHK Apartment ,9,Bavdhan,8500000,6071
0,2,1,1,1,0,7,1885,1,3,3 BHK Apartment ,10,Mundhwa,14000000,7427
0,3,0,1,1,1,3,2360,1,4,3 BHK Apartment ,1,Kharadi,14200000,6016
0,3,1,1,1,0,4,2145,2,3,3 BHK Apartment ,11,Hadapsar,13500000,6293
0,3,0,1,1,0,10,535,2,1,1 BHK Apartment ,2,Kalyani Nagar,5200000,9719
0,2,0,1,1,1,0,1050,1,2,2 BHK Apartment ,7,Lohegaon,6800000,6476
0,3,2,1,1,0,5,6000,3,5,4 BHK Apartment ,11,Kharadi,40000000,6666
1,3,3,1,1,0,0,589,1,1,1 BHK Apartment ,9,Hinjewadi,2900000,4923
0,3,1,1,1,0,5,700,1,2,1 BHK Apartment ,8,Wadgaon Sheri,6000000,8571
0,3,1,1,1,0,10,1250,2,2,2 BHK Apartment ,5,Kalyani Nagar,7400000,5920
0,3,0,1,1,0,10,2490,1,3,3 BHK Apartment ,4,Kalyani Nagar,32500000,13052
0,3,2,1,1,0,14,2509,1,3,3 BHK Apartment ,10,Kalyani Nagar,31500000,12554
0,2,2,1,1,0,10,3200,3,4,4 BHK Apartment ,5,Kalyani Nagar,39000000,12187
0,2,2,1,1,0,14,2250,3,4,4 BHK Apartment ,10,Kalyani Nagar,30000000,13333
0,3,2,1,1,0,10,2850,2,5,4 BHK Apartment ,10,Kalyani Nagar,50000000,17543
0,3,0,0,1,0,12,1320,1,2,2 BHK Apartment ,2,Viman Nagar,7250000,5492
0,3,0,1,1,0,4,2700,3,4,3 BHK Apartment ,2,Viman Nagar,18500000,6851
0,3,2,1,1,0,10,3887,3,6,4 BHK Apartment ,10,Mundhwa,43300000,11139
0,3,1,1,1,0,9,1710,2,3,3 BHK Apartment ,1,Koregaon Park,18500000,10818
0,3,2,1,1,0,1,4050,3,5,4 BHK Apartment ,8,Kalyani Nagar,75000000,18518
0,3,0,1,1,0,0,4500,2,4,4 BHK Apartment ,0,Kalyani Nagar,68500000,15222
0,3,1,1,1,0,6,985,2,2,2 BHK Apartment ,5,Kalyani Nagar,7500000,7614
0,3,0,1,1,0,0,3040,2,3,3 BHK Apartment ,5,Kalyani Nagar,57000000,18750
0,3,2,1,1,0,12,1550,2,2,2 BHK Apartment ,5,Kalyani Nagar,13500000,8709
0,2,1,1,1,0,0,2400,2,3,3 BHK Apartment ,3,Koregaon Park,18500000,7708
0,2,0,1,1,0,0,2100,2,3,3 BHK Apartment ,2,Koregaon Park,25000000,11904
0,2,0,1,1,0,0,1250,2,2,2 BHK Apartment ,5,Koregaon Park,11000000,8800
0,3,0,1,1,0,6,1485,2,3,3 BHK Apartment ,3,Yerawada,10000000,6734
0,2,1,1,1,1,20,630,1,1,1 BHK Apartment ,3,Boat Club Road,8800000,13968
0,2,0,1,1,1,3,1317,2,3,3 BHK Apartment ,2,Lohegaon,7000000,5315
0,3,0,1,1,0,15,1970,1,3,3 BHK Apartment ,1,Kalyani Nagar,23500000,11928
0,3,0,1,1,0,10,650,1,1,1 BHK Apartment ,4,Kalyani Nagar,6600000,10153
0,3,0,1,1,0,10,1200,2,2,2 BHK Apartment ,5,Kalyani Nagar,9000000,7500
1,3,3,1,1,0,0,1200,2,2,2 BHK Apartment ,3,Wadgaon Sheri,9500000,7916
0,3,0,1,1,0,9,550,1,1,1 BHK Apartment ,0,Viman Nagar,17500000,31818
0,3,0,1,1,0,9,2000,2,3,3 BHK Apartment ,3,Sangamvadi,30500000,15250
0,3,1,1,1,0,3,1290,2,2,2 BHK Apartment ,14,Kharadi,7000000,5426
1,3,3,1,1,0,1,754,1,2,2 BHK Apartment ,3,Lohegaon,3500000,4641
0,3,1,0,1,1,5,1250,1,2,2 BHK Apartment ,3,Boat Club Road,14000000,11200
0,3,1,1,1,1,10,2500,1,4,4 BHK Apartment ,6,Wadgaon Sheri,17000000,6800
0,3,2,1,1,0,4,4355,2,4,4 BHK Apartment ,4,Kharadi,32300000,7416
0,3,2,1,1,0,6,1625,2,3,3 BHK Apartment ,1,Baner,10500000,6461
0,3,0,1,0,0,10,1080,1,2,2 BHK Apartment ,6,Koregaon Park,12500000,11574
0,3,0,1,1,0,5,1690,2,3,3 BHK Apartment ,7,Viman Nagar,19500000,11538
0,3,2,1,1,0,5,4355,2,5,4 BHK Apartment ,8,Kharadi,26000000,5970
0,3,1,1,1,0,5,2490,3,3,4 BHK Apartment ,5,Kharadi,18000000,7228
0,3,1,1,1,0,5,2850,2,4,4 BHK Apartment ,2,Kalyani Nagar,47600000,16701
0,3,0,1,1,0,5,1540,1,2,2 BHK Apartment ,1,Kharadi,10200000,6623
0,2,1,1,1,0,10,2000,2,3,3 BHK Apartment ,3,Sangamvadi,30500000,15250
0,2,0,0,1,0,10,1750,2,4,3 BHK Apartment ,1,Sangamvadi,25000000,14285
0,2,2,1,1,0,10,3600,2,4,3 BHK Apartment ,1,Boat Club Road,50000000,13888
0,3,0,1,1,0,9,930,1,2,2 BHK Apartment ,4,Kothrud,8000000,8602
0,2,0,1,1,0,16,950,2,2,2 BHK Apartment ,2,Koregaon Park,6300000,6631
0,3,2,1,1,0,6,2400,2,4,4 BHK Apartment ,5,Kalyani Nagar,35500000,14792
0,3,2,1,1,0,11,4400,2,4,4 BHK Apartment ,10,Kalyani Nagar,55000000,12500
0,3,0,1,1,0,11,1705,2,3,3 BHK Apartment ,6,Koregaon Park,20000000,11730
0,3,0,1,1,0,6,3160,2,3,3 BHK Apartment ,4,Viman Nagar,40000000,12658
0,2,0,1,1,0,10,1501,2,3,3 BHK Apartment ,9,Kalyani Nagar,12000000,7994
0,3,1,1,1,0,11,1080,2,2,2 BHK Apartment ,8,Kharadi,5800000,5370
0,3,0,1,1,0,2,800,1,1,2 BHK Apartment ,3,Lohegaon,3900000,4875
0,3,0,1,1,0,3,1586,2,3,3 BHK Apartment ,10,Wagholi,7300000,4602
0,3,1,1,1,0,11,1400,2,3,3 BHK Apartment ,3,Kalyani Nagar,15000000,10714
0,3,0,1,1,0,11,2175,2,3,3 BHK Apartment ,5,Koregaon Park,18500000,8506
0,3,0,1,1,0,11,1840,2,3,3 BHK Apartment ,2,Viman Nagar,10000000,5434
0,3,2,1,1,0,6,1024,2,2,2 BHK Apartment ,2,Kharadi,5600000,5468
0,3,0,0,1,1,2,3700,2,4,4 BHK Villa ,1,Kalyani Nagar,40000000,10810
0,3,0,1,1,1,10,4200,2,4,4 BHK Apartment ,9,Kalyani Nagar,65000000,15476
0,3,2,1,1,1,10,4050,3,4,4 BHK Apartment ,8,Kalyani Nagar,75000000,18518
0,3,1,0,1,1,5,4000,2,4,4 BHK Apartment ,6,Koregaon Park,60000000,15000
1,3,3,1,1,1,1,5850,3,5,5 BHK Apartment ,11,Koregaon Park,95000000,16239
0,3,2,1,1,1,9,770,1,1,1 BHK Apartment ,4,Koregaon Park,8400000,10909
0,3,1,1,1,1,2,682,1,1,1 BHK Apartment ,3,Kharadi,5100000,7478
0,3,0,1,1,0,10,2000,1,3,3 BHK Apartment ,2,Koregaon Park,20500000,10250
0,3,0,0,1,1,5,1000,1,2,2 BHK Apartment ,2,Shastri Nagar,6700000,6700
0,3,0,1,1,0,5,550,1,1,1 BHK Apartment ,6,Viman Nagar,5110000,9290
1,3,3,0,1,1,0,3070,2,3,3 BHK Villa ,1,Wagholi,13500000,4397
0,3,1,1,1,1,3,5650,2,4,4 BHK Apartment ,7,Kharadi,37000000,6548
0,3,0,1,1,0,4,990,2,2,2 BHK Apartment ,9,Wagholi,4200000,4242
0,3,0,1,1,0,6,1044,2,2,2 BHK Apartment ,3,Kharadi,6249384,5986
0,3,1,1,1,1,6,520,1,1,1 BHK Apartment ,1,Kalyani Nagar,5300000,10192
0,3,1,1,1,1,5,800,1,1,1 BHK Apartment ,2,Kalyani Nagar,7000000,8750
0,3,1,1,1,0,1,1255,2,2,2 BHK Apartment ,4,Kharadi,8000000,6374
0,3,1,1,1,1,1,1335,1,2,2 BHK Apartment ,3,Kharadi,10000000,7490
0,3,0,1,1,0,5,1200,3,2,2 BHK Apartment ,5,Kalyani Nagar,8300000,6916
0,3,2,1,1,1,2,682,1,1,1 BHK Apartment ,3,Kharadi,5100000,7478
0,3,0,1,1,0,2,4081,3,4,4 BHK Apartment ,7,Kharadi,38500000,9433
1,3,3,1,1,0,1,1724,3,3,3 BHK Apartment ,8,Wagholi,8000000,4640
1,3,3,1,1,1,2,1655,1,3,3 BHK Apartment ,10,Wagholi,9500000,5740
1,3,3,1,1,1,2,1660,2,3,3 BHK Apartment ,4,Wagholi,11000000,6626
0,3,2,1,1,1,10,2509,3,3,3 BHK Apartment ,10,Kalyani Nagar,35000000,13949
0,3,2,1,1,1,6,1650,1,3,3 BHK Apartment ,1,Kalyani Nagar,20000000,12121
0,3,1,1,1,1,5,1100,2,2,2 BHK Apartment ,4,Kalyani Nagar,8000000,7272
0,3,2,0,1,1,5,621,1,1,1 BHK Apartment ,4,Bund Garden,6600000,10628
0,3,1,1,1,1,3,3400,3,4,4 BHK Apartment ,12,Kharadi,21000000,6176
0,3,0,1,1,0,2,1234,2,2,2 BHK Apartment ,1,Viman Nagar,8700000,7050
0,3,0,1,1,0,11,1740,2,3,3 BHK Apartment ,3,Kalyani Nagar,13000000,7471
0,3,1,1,1,0,6,1560,2,2,2 BHK Apartment ,6,Viman Nagar,8500000,5448
0,3,2,1,1,0,11,2600,2,4,4 BHK Apartment ,0,Koregaon Park,45000000,17307
0,3,2,1,1,0,11,1780,2,3,3 BHK Apartment ,7,Kalyani Nagar,15000000,8426
0,3,1,1,1,0,11,2125,2,4,4 BHK Apartment ,4,Viman Nagar,12000000,5647
0,3,0,1,1,0,16,950,2,2,2 BHK Apartment ,0,Viman Nagar,8200000,8631
0,3,0,1,1,0,6,765,2,2,2 BHK Apartment ,5,Wagholi,3499875,4575
1,3,3,0,1,0,2,810,2,2,2 BHK Villa ,0,Wagholi,2592000,3200
0,3,0,1,1,0,11,1418,2,2,2 BHK Apartment ,4,Yerawada,6900000,4866
0,3,0,1,1,0,11,1600,2,4,4 BHK Apartment ,10,Kharadi,9900000,6187
0,3,0,1,1,0,2,5500,2,5,5 BHK Apartment ,6,Sangamvadi,88000000,16000
0,3,0,1,1,0,0,1817,2,3,3 BHK Apartment ,8,Kharadi,11100000,6108
0,3,0,1,1,0,3,700,2,2,2 BHK Apartment ,1,Wagholi,3500000,5000
0,3,1,1,1,0,11,1270,2,3,2 BHK Apartment ,6,Viman Nagar,11200000,8818
0,3,0,1,1,0,2,1560,2,3,3 BHK Apartment ,4,Wadgaon Sheri,11500000,7371
0,3,0,1,1,0,2,1875,2,3,4 BHK Apartment ,9,Kharadi,12000000,6400
0,3,2,1,1,0,11,900,2,2,2 BHK Apartment ,5,Viman Nagar,6500000,7222
0,3,0,1,1,0,11,1250,2,3,3 BHK Apartment ,4,Kalyani Nagar,11000000,8800
0,3,1,1,1,0,11,1500,2,3,3 BHK Apartment ,5,Kharadi,8000000,5333
0,3,0,1,1,0,11,1800,2,3,3 BHK Apartment ,6,Koregaon Park,25000000,13888
0,3,0,1,1,0,11,842,2,2,2 BHK Apartment ,1,Kharadi,4300000,5106
0,3,1,1,1,0,11,1480,2,3,3 BHK Apartment ,5,Wadgaon Sheri,10500000,7094
0,3,0,1,1,0,2,4415,2,4,4 BHK Apartment ,3,Viman Nagar,34000000,7701
0,3,0,1,1,0,2,1118,2,3,3 BHK Apartment ,5,Viman Nagar,7500000,6708
0,3,2,1,1,0,11,1000,2,2,2 BHK Apartment ,1,Viman Nagar,6700000,6700
0,3,0,1,1,0,11,1118,2,2,2 BHK Apartment ,4,Kharadi,5200000,4651
0,3,0,1,1,0,11,1280,2,3,3 BHK Apartment ,2,Kharadi,7000000,5468
0,3,0,1,1,0,11,3000,2,4,4 BHK Apartment ,3,Kharadi,15000000,5000
0,3,0,1,1,0,11,1200,2,2,2 BHK Apartment ,5,Kalyani Nagar,8500000,7083
0,3,2,1,1,0,11,1515,2,3,3 BHK Apartment ,4,Viman Nagar,10500000,6930
0,3,0,1,1,0,11,1855,2,4,4 BHK Apartment ,10,Kharadi,12500000,6738
0,3,0,1,1,0,11,2900,2,3,3 BHK Apartment ,7,Viman Nagar,13000000,4482
0,3,0,1,1,0,11,1750,2,3,3 BHK Apartment ,9,Kalyani Nagar,19800000,11314
0,3,1,1,1,0,11,1065,2,2,2 BHK Apartment ,3,Viman Nagar,7500000,7042
0,3,2,1,1,0,11,1950,2,3,3 BHK Apartment ,4,Kalyani Nagar,18500000,9487
0,3,1,1,1,0,11,1803,2,3,4 BHK Apartment ,3,Wadgaon Sheri,11500000,6378
0,3,1,1,1,0,11,2700,2,3,3 BHK Apartment ,5,Viman Nagar,12400000,4593
0,3,0,1,1,0,11,1260,2,3,3 BHK Apartment ,9,Kharadi,6900000,5476
0,3,0,1,1,0,11,600,2,1,1 BHK Apartment ,9,Kharadi,3800000,6333
0,3,0,1,1,0,6,1080,2,2,2 BHK Apartment ,4,Viman Nagar,5800000,5370
0,3,0,1,1,0,6,930,2,2,2 BHK Apartment ,4,Kharadi,5600000,6022
0,3,0,1,1,0,6,1200,2,2,2 BHK Apartment ,3,Viman Nagar,7500000,6250
0,3,0,1,1,0,11,1100,2,2,2 BHK Apartment ,7,Kharadi,6200000,5636
0,3,2,1,1,0,11,2845,2,3,4 BHK Apartment ,5,Kalyani Nagar,41000000,14411
0,3,2,1,1,0,6,1580,2,3,3 BHK Apartment ,3,Mundhwa,15500000,9810
0,3,0,1,1,0,11,3944,2,3,3 BHK Apartment ,5,Koregaon Park,20000000,5070
0,3,1,1,1,0,11,845,2,2,2 BHK Apartment ,5,Kharadi,4200000,4970
0,3,2,1,1,0,11,1015,2,2,2 BHK Apartment ,8,Kalyani Nagar,8500000,8374
0,3,0,1,1,0,11,1245,2,2,2 BHK Apartment ,8,Wadgaon Sheri,7900000,6345
0,3,0,1,1,0,11,1370,2,2,2 BHK Apartment ,8,Kharadi,6500000,4745
0,3,0,1,1,0,11,1250,2,2,2 BHK Apartment ,9,Wadgaon Sheri,7000000,5600
0,3,0,1,1,0,11,1350,2,3,3 BHK Apartment ,5,Koregaon Park,10500000,7778
0,3,0,1,1,0,11,1000,2,2,2 BHK Apartment ,2,Koregaon Park,12000000,12000
0,3,0,1,1,0,11,1160,2,2,2 BHK Apartment ,2,Viman Nagar,7900000,6810
0,3,0,1,1,0,2,2584,2,4,4 BHK Apartment ,3,Kharadi,21500000,8320
0,3,2,0,1,0,16,2500,2,4,4 BHK Villa ,0,Viman Nagar,25000000,10000
0,3,0,1,1,0,11,1205,2,2,2 BHK Apartment ,6,Kharadi,7500000,6224
0,3,2,1,1,0,11,1300,2,2,2 BHK Apartment ,1,Koregaon Park,8500000,6538
0,3,0,1,1,0,11,1250,2,2,2 BHK Apartment ,6,Wadgaon Sheri,8400000,6720
0,3,1,1,1,0,11,1578,2,3,3 BHK Apartment ,5,Wadgaon Sheri,12000000,7604
0,3,1,1,1,0,11,1257,2,2,2 BHK Apartment ,7,Kharadi,6200000,4932
0,3,0,1,1,0,2,1250,2,2,2 BHK Apartment ,6,Viman Nagar,8800000,7040
0,3,0,1,1,0,11,1489,2,3,3 BHK Apartment ,4,Koregaon Park,15000000,10073
0,3,0,1,1,0,11,2400,2,4,4 BHK Apartment ,3,Wadgaon Sheri,20500000,8541
0,3,1,1,1,0,11,2110,2,3,3 BHK Apartment ,9,Kharadi,12500000,5924
0,3,1,1,1,0,11,800,2,2,2 BHK Apartment ,4,Kharadi,5400000,6750
0,3,0,1,1,0,11,1600,2,2,2 BHK Apartment ,6,Kharadi,5600000,3500
0,3,0,1,1,0,11,1050,2,2,2 BHK Apartment ,3,Kharadi,4000000,3810
0,3,0,1,1,0,6,605,2,1,1 BHK Apartment ,2,Wagholi,2550000,4214
0,3,0,1,1,0,2,570,2,1,1 BHK Apartment ,3,Wagholi,2800000,4912
0,2,1,1,1,1,8,1070,3,2,2 BHK Apartment ,7,Hadapsar,4800000,4485
1,3,3,1,1,0,1,418,1,2,2 BHK Apartment ,2,Hinjewadi,2750000,6578
0,2,0,1,1,0,15,620,1,1,1 BHK Apartment ,2,Kothrud,5500000,8870
0,3,0,1,1,0,16,1050,2,2,2 BHK Apartment ,2,Koregaon Park,15000000,14285
1,3,3,1,1,0,1,837,1,2,2 BHK Apartment ,5,Wagholi,3600000,4301
0,2,0,1,1,0,2,950,2,1,1 BHK Apartment ,8,Lohegaon,3000000,3157
0,3,1,1,1,1,4,850,2,2,2 BHK Apartment ,8,Kondhwa,4500000,5294
0,3,1,1,1,0,12,1550,3,3,3 BHK Apartment ,3,Wanowrie,13000000,8387
0,3,0,1,1,0,6,1155,1,2,2 BHK Apartment ,8,Dhanori,6500000,5627
1,3,3,1,1,0,0,637,1,1,1 BHK Apartment ,2,Rahatani,3750000,5886
0,3,0,1,1,0,11,2125,2,3,3 BHK Apartment ,7,Kalyani Nagar,25000000,11764
1,3,3,1,1,0,1,1078,2,2,2 BHK Apartment ,2,Sus,5700000,5287
0,3,0,1,1,0,4,670,2,1,1 BHK Apartment ,0,Wagholi,3100000,4626
0,3,2,1,1,0,11,2400,2,5,4 BHK Apartment ,4,Koregaon Park,35000000,14583
0,3,0,1,1,0,2,2015,2,4,4 BHK Apartment ,10,Kharadi,12500000,6203
0,3,0,1,1,0,3,1350,2,2,3 BHK Apartment ,8,Viman Nagar,9100000,6740
1,3,3,1,1,0,3,1450,2,3,3 BHK Apartment ,8,Viman Nagar,11000000,7586
0,3,0,1,1,0,3,1293,2,2,2 BHK Apartment ,7,Viman Nagar,8800000,6805
0,3,0,1,1,0,3,1000,2,2,2 BHK Apartment ,8,Viman Nagar,7300000,7300
0,3,0,1,1,0,11,2070,2,3,3 BHK Apartment ,4,Koregaon Park,20000000,9661
0,3,0,1,1,0,12,1300,2,2,2 BHK Apartment ,0,Sangamvadi,12500000,9615
0,3,0,1,1,0,17,1100,2,2,2 BHK Apartment ,5,Sangamvadi,15900000,14454
0,3,0,1,1,0,2,1300,2,2,2 BHK Apartment ,6,Kharadi,6000000,4615
0,3,0,1,1,0,3,1500,2,3,3 BHK Apartment ,3,Wadgaon Sheri,9000000,6000
0,3,1,1,1,0,6,1100,2,2,2 BHK Apartment ,5,Kharadi,4700000,4273
0,3,0,1,1,0,2,800,2,1,1 BHK Apartment ,5,Viman Nagar,4800000,6000
0,3,0,1,1,0,6,1400,2,3,3 BHK Apartment ,0,Kharadi,5200000,3714
0,3,0,1,1,0,3,656,2,1,1 BHK Apartment ,3,Wagholi,3000000,4573
0,3,0,1,1,0,11,1500,2,3,3 BHK Apartment ,5,Wadgaon Sheri,9200000,6133
0,3,2,1,1,0,11,3300,2,4,5 BHK Apartment ,8,Kalyani Nagar,36000000,10909
0,3,0,1,1,0,2,630,2,1,1 BHK Apartment ,3,Kharadi,3650000,5793
0,3,0,1,1,0,11,1300,2,3,3 BHK Apartment ,6,Kharadi,6500000,5000
0,3,0,1,1,0,6,1620,2,3,3 BHK Apartment ,1,Wadgaon Sheri,9900000,6111
0,3,0,1,1,0,3,1150,2,2,2 BHK Apartment ,3,Viman Nagar,7200000,6261
0,3,1,1,1,0,6,1240,2,2,2 BHK Apartment ,4,Viman Nagar,6800000,5484
0,3,0,1,1,0,6,1200,2,2,2 BHK Apartment ,1,Wadgaon Sheri,6700000,5583
0,3,2,1,1,0,2,1200,2,3,3 BHK Apartment ,5,Viman Nagar,8800000,7333
0,3,2,1,1,0,11,600,2,1,1 BHK Apartment ,2,Wagholi,3000000,5000
0,3,0,1,1,0,6,1300,2,3,3 BHK Apartment ,3,Viman Nagar,11000000,8461
0,3,0,1,1,0,6,1224,2,3,3 BHK Apartment ,6,Viman Nagar,9399096,7679
0,3,2,1,1,0,2,600,2,1,1 BHK Apartment ,5,Yerawada,5600000,9333
0,3,0,1,1,0,2,1775,2,3,3 BHK Apartment ,2,Kharadi,18000000,10140
0,3,0,1,1,0,1,1550,1,3,3 BHK Apartment ,4,Koregaon Park,25000000,16129
0,3,0,1,1,0,4,1250,1,2,2 BHK Apartment ,3,Wagholi,6900000,5520
0,3,0,1,1,0,5,2650,2,3,3 BHK Apartment ,2,Kalyani Nagar,36000000,13584
0,3,2,1,1,0,10,1330,1,3,3 BHK Apartment ,1,Wanowrie,15500000,11654
1,3,3,1,1,0,1,1120,1,2,2 BHK Apartment ,7,Kharadi,8500000,7589
1,3,3,1,1,0,1,955,2,2,2 BHK Apartment ,3,Wagholi,4600000,4816
0,3,2,1,1,0,5,1500,1,3,3 BHK Apartment ,4,Koregaon Park,20000000,13333
0,3,1,1,1,0,11,1644,2,2,2 BHK Villa ,0,Shastri Nagar,10000000,6082
0,3,1,1,1,0,11,2050,2,3,3 BHK Villa ,0,Wagholi,9500000,4634
0,3,2,1,1,0,6,2000,2,4,4 BHK Villa ,0,Wagholi,16000000,8000
0,3,2,1,1,0,16,955,2,3,3 BHK Villa ,0,Viman Nagar,9200000,9633
0,2,0,1,1,0,2,2740,2,5,5 BHK Apartment ,7,Kharadi,18000000,6569
0,3,0,1,1,0,6,864,2,2,2 BHK Apartment ,6,Wagholi,4200000,4861
0,3,0,1,1,0,6,908,2,2,2 BHK Apartment ,4,Wagholi,3800000,4185
0,3,1,1,1,0,6,2600,2,3,3 BHK Apartment ,2,Viman Nagar,20000000,7692
0,3,0,1,1,0,11,750,2,1,1 BHK Apartment ,3,Kalyani Nagar,6000000,8000
0,3,0,1,1,0,11,580,2,1,1 BHK Apartment ,1,Viman Nagar,4000000,6896
0,3,1,1,1,0,11,1530,2,2,3 BHK Apartment ,7,Viman Nagar,11000000,7189
0,3,0,1,1,0,11,1250,2,2,2 BHK Apartment ,4,Mundhwa,14000000,11200
0,3,1,1,1,0,6,1570,2,2,2 BHK Apartment ,7,Viman Nagar,9000000,5732
0,3,2,1,1,0,11,1525,2,3,3 BHK Apartment ,9,Kalyani Nagar,13500000,8852
0,3,0,1,1,0,2,650,2,1,1 BHK Apartment ,4,Wagholi,3200000,4923
0,3,1,1,1,0,11,1535,2,3,3 BHK Apartment ,3,Viman Nagar,12000000,7817
0,3,0,1,1,0,11,570,2,1,1 BHK Apartment ,2,Kharadi,3600000,6315
0,3,0,1,1,0,11,1070,2,2,2 BHK Apartment ,9,Koregaon Park,10000000,9345
0,3,0,1,1,0,11,1118,2,2,2 BHK Apartment ,4,Kharadi,5200000,4651
0,3,0,1,1,0,2,1000,2,2,2 BHK Apartment ,3,Kharadi,6000000,6000
0,3,0,1,1,0,11,1400,2,2,2 BHK Apartment ,0,Kalyani Nagar,15000000,10714
0,3,2,1,1,0,6,1735,2,3,3 BHK Apartment ,7,Kalyani Nagar,15000000,8645
0,3,0,1,1,0,11,2710,2,4,4 BHK Apartment ,6,Koregaon Park,25800000,9520
0,3,1,1,1,0,11,1257,2,2,2 BHK Apartment ,7,Kharadi,6200000,4932
0,2,0,1,1,0,11,5445,2,5,5 BHK Apartment ,9,Kalyani Nagar,70000000,12855
0,3,0,1,1,0,11,2700,2,4,4 BHK Apartment ,4,Kalyani Nagar,37000000,13703
0,3,0,1,1,0,11,2175,2,3,4 BHK Apartment ,9,Koregaon Park,19500000,8965
0,3,0,1,1,0,11,2450,2,4,5 BHK Apartment ,9,Koregaon Park,25000000,10204
0,3,0,1,1,0,11,2400,2,4,4 BHK Apartment ,5,Koregaon Park,35000000,14583
0,3,0,1,1,0,11,2070,2,4,4 BHK Apartment ,2,Viman Nagar,13000000,6280
0,3,2,1,1,0,11,2400,2,5,4 BHK Apartment ,7,Wadgaon Sheri,17000000,7083
0,3,0,1,1,0,11,810,2,2,2 BHK Apartment ,3,Kharadi,5200000,6419
0,3,0,1,1,0,2,2015,2,4,4 BHK Apartment ,9,Kharadi,15000000,7444
0,3,1,1,1,0,11,1536,2,3,3 BHK Apartment ,2,Kalyani Nagar,13500000,8789
0,3,0,1,1,0,11,830,2,2,2 BHK Apartment ,2,Kharadi,5500000,6626
0,3,0,1,1,0,11,836,2,2,2 BHK Apartment ,7,Wagholi,3700000,4425
0,3,2,1,1,0,11,1016,2,1,1 BHK Apartment ,0,Viman Nagar,5000000,4921
0,3,0,1,1,0,6,1272,2,2,2 BHK Apartment ,2,Viman Nagar,8500000,6682
0,3,0,1,1,0,2,1722,2,3,3 BHK Apartment ,3,Kharadi,11000000,6387
0,3,1,1,1,0,11,1700,2,3,3 BHK Apartment ,4,Wadgaon Sheri,13500000,7941
0,3,0,1,1,0,11,1200,2,2,2 BHK Apartment ,6,Kharadi,6500000,5416
0,3,2,1,1,0,11,3200,2,4,4 BHK Apartment ,7,Kalyani Nagar,39800000,12437
0,3,1,1,1,0,11,1554,2,3,3 BHK Apartment ,3,Kalyani Nagar,14000000,9009
0,3,0,1,1,0,11,1100,2,2,2 BHK Apartment ,2,Koregaon Park,8000000,7273
0,3,0,1,1,0,11,963,2,2,2 BHK Apartment ,2,Bund Garden,10500000,10903
0,3,0,1,1,0,6,900,2,2,2 BHK Apartment ,5,Kharadi,5400000,6000
0,3,1,1,1,0,6,1065,2,2,2 BHK Apartment ,2,Viman Nagar,7800000,7323
0,3,0,1,1,0,11,1535,2,3,3 BHK Apartment ,3,Viman Nagar,11000000,7166
0,3,2,1,1,0,11,1750,2,3,3 BHK Apartment ,6,Kalyani Nagar,15000000,8571
0,3,1,1,1,0,2,1127,2,2,2 BHK Apartment ,4,Viman Nagar,8000000,7098
0,3,2,1,1,0,11,850,2,2,2 BHK Apartment ,2,Kharadi,4800000,5647
0,3,2,1,1,0,11,3300,2,4,4 BHK Apartment ,6,Kalyani Nagar,42000000,12727
0,3,2,1,1,0,11,1341,2,2,2 BHK Apartment ,5,Kalyani Nagar,12000000,8948
0,3,1,1,1,0,11,1578,2,3,3 BHK Apartment ,5,Wadgaon Sheri,12000000,7604
0,3,0,1,1,0,11,2400,2,4,4 BHK Apartment ,2,Koregaon Park,22500000,9375
0,3,2,1,1,0,11,1760,2,3,3 BHK Apartment ,6,Viman Nagar,20000000,11363
0,3,2,1,1,0,11,1715,2,1,1 BHK Apartment ,4,Viman Nagar,11800000,6880
0,3,2,1,1,0,11,1300,2,2,2 BHK Apartment ,6,Kalyani Nagar,17500000,13461
0,3,1,1,1,0,11,1554,2,3,3 BHK Apartment ,3,Kalyani Nagar,14000000,9009
0,3,1,1,1,0,11,786,2,2,2 BHK Apartment ,2,Kharadi,4200000,5343
0,3,0,1,1,0,3,2015,2,4,4 BHK Apartment ,6,Kharadi,12500000,6203
1,3,3,1,1,0,6,1680,2,2,2 BHK Apartment ,6,Wagholi,7600000,4523
0,3,0,1,1,0,3,1600,2,3,3 BHK Apartment ,6,Kharadi,12500000,7812
0,3,0,1,1,0,6,1300,2,2,2 BHK Apartment ,3,Kharadi,9200000,7076
0,3,0,1,1,0,6,1600,2,3,3 BHK Apartment ,6,Kalyani Nagar,17500000,10937
0,3,0,1,1,0,2,1240,2,2,2 BHK Apartment ,0,Kharadi,6820000,5500
0,3,0,1,1,0,2,790,2,2,2 BHK Apartment ,4,Wagholi,3450000,4367
0,3,0,1,1,0,3,1410,2,3,3 BHK Apartment ,1,Kharadi,10500000,7446
0,3,0,1,1,0,11,1200,2,2,2 BHK Apartment ,4,Kalyani Nagar,7000000,5833
0,3,0,1,1,0,11,1355,2,3,3 BHK Apartment ,8,Kharadi,6300000,4649
0,3,0,1,1,0,6,1170,2,3,3 BHK Apartment ,5,Viman Nagar,7500000,6410
0,3,0,1,1,0,11,1000,2,2,2 BHK Apartment ,3,Viman Nagar,6000000,6000
0,3,0,1,1,0,11,1200,2,2,2 BHK Apartment ,6,Wadgaon Sheri,7500000,6250
0,3,1,1,1,0,11,1060,2,2,2 BHK Apartment ,2,Viman Nagar,6000000,5660
0,3,0,1,1,0,11,2330,2,4,4 BHK Apartment ,9,Kalyani Nagar,30000000,12876
0,3,0,1,1,0,16,1400,2,3,3 BHK Apartment ,4,Kalyani Nagar,12600000,9000
0,3,1,1,1,0,11,2300,2,3,3 BHK Apartment ,3,Koregaon Park,12500000,5435
0,3,0,1,1,0,11,1441,2,2,3 BHK Apartment ,3,Viman Nagar,10000000,6940
0,3,0,1,1,0,11,1600,2,3,3 BHK Apartment ,2,Kalyani Nagar,13000000,8125
0,3,0,1,1,0,1,1666,1,3,3 BHK Apartment ,1,Wagholi,7500000,4501
0,3,0,0,0,0,8,620,1,1,1 BHK Apartment ,1,Dhanori,3300000,5322
0,3,0,1,1,0,1,2345,2,3,3 BHK Apartment ,5,Kharadi,12600000,5373
0,3,0,1,1,0,11,1563,2,3,3 BHK Apartment ,10,Kalyani Nagar,12000000,7677
0,3,0,1,1,0,11,1635,2,3,3 BHK Apartment ,3,Koregaon Park,17500000,10703
0,2,1,1,1,0,6,1610,2,3,3 BHK Apartment ,1,Kalyani Nagar,15000000,9316
0,3,0,1,1,0,6,1245,2,2,2 BHK Apartment ,3,Wadgaon Sheri,8800000,7068
1,3,3,1,1,0,6,1611,2,3,3 BHK Apartment ,6,Kharadi,8200000,5090
0,3,0,1,1,0,6,1040,2,2,2 BHK Apartment ,10,Wagholi,5000000,4807
0,3,0,0,1,0,16,2600,2,4,4 BHK Villa ,0,Kalyani Nagar,22500000,8653
0,3,2,1,1,0,11,2800,2,4,4 BHK Villa ,0,Viman Nagar,18000000,6428
0,3,2,1,1,0,11,2250,2,4,4 BHK Villa ,0,Viman Nagar,20000000,8888
0,3,2,1,1,0,11,1300,2,2,2 BHK Villa ,0,Viman Nagar,10000000,7692
1,3,3,0,1,0,6,2700,2,3,3 BHK Villa ,0,Wagholi,9500000,3518
0,3,0,0,1,0,3,2385,2,3,3 BHK Villa ,0,Kharadi,11900000,4989
0,3,2,1,1,0,16,1600,2,3,3 BHK Villa ,0,Koregaon Park,15000000,9375
0,3,1,0,1,0,2,2322,2,3,4 BHK Villa ,0,Wagholi,12500000,5383
0,3,0,1,1,0,3,1100,1,2,2 BHK Apartment ,11,Kharadi,7500000,6818
0,3,1,1,1,0,2,775,2,1,1 BHK Apartment ,2,Kharadi,4200000,5419
0,3,0,1,1,0,1,1001,2,2,2 BHK Apartment ,6,Kharadi,5604000,5598
0,3,0,1,1,0,3,2400,2,3,3 BHK Apartment ,2,Viman Nagar,18000000,7500
0,3,1,1,1,1,6,4040,1,4,4 BHK Apartment ,6,Hadapsar,30000000,7425
0,3,0,1,1,0,10,1240,1,2,2 BHK Apartment ,4,Kalyani Nagar,9700000,7822
1,3,3,1,1,0,0,1700,2,3,3 BHK Apartment ,7,Wadgaon Sheri,13500000,7941
0,3,0,1,1,0,3,920,2,2,2 BHK Apartment ,5,Wagholi,3600000,3913
0,3,1,1,1,0,6,2350,2,3,3 BHK Apartment ,1,Kalyani Nagar,36000000,15319
0,3,0,1,1,0,6,1460,2,3,3 BHK Apartment ,3,Viman Nagar,14000000,9589
0,3,0,1,1,0,16,1600,2,3,3 BHK Apartment ,1,Koregaon Park,19000000,11875
0,3,2,1,1,1,13,2450,3,5,4 BHK Apartment ,4,Koregaon Park,35000000,14285
0,2,1,1,1,1,0,1002,2,2,2 BHK Apartment ,7,Lohegaon,4700000,4690
0,3,0,1,1,1,4,1600,2,3,3 BHK Apartment ,3,Baner,8600000,5375
0,2,0,1,1,1,5,860,2,2,2 BHK Apartment ,4,Lohegaon,4600000,5348
0,3,0,1,1,0,6,2015,2,3,3 BHK Apartment ,12,Kharadi,13000000,6451
0,3,0,1,1,0,6,1650,2,3,3 BHK Apartment ,6,Viman Nagar,11000000,6666
0,3,0,1,1,0,6,1160,2,2,2 BHK Apartment ,7,Wagholi,5500000,4741
0,3,0,1,1,0,6,1270,2,3,3 BHK Apartment ,4,Wagholi,7000000,5511
0,3,0,1,1,0,2,1687,2,3,3 BHK Apartment ,4,Kharadi,10800000,6401
0,3,0,1,1,0,11,1365,2,3,3 BHK Apartment ,4,Kalyani Nagar,14000000,10256
0,3,1,1,1,0,11,1800,2,4,4 BHK Apartment ,0,Kalyani Nagar,24500000,13611
0,3,0,0,1,0,11,2451,2,3,3 BHK Villa ,0,Viman Nagar,22000000,8975
0,3,0,1,1,0,11,2000,2,3,3 BHK Apartment ,2,Koregaon Park,20000000,10000
0,3,0,1,1,0,11,1015,2,2,2 BHK Apartment ,6,Kalyani Nagar,8000000,7881
0,3,1,1,1,0,11,1105,2,2,2 BHK Apartment ,6,Kharadi,6200000,5610
0,3,0,1,1,0,6,1050,2,2,2 BHK Apartment ,4,Kharadi,5500000,5238
0,3,0,1,1,0,11,1020,2,3,3 BHK Apartment ,3,Kharadi,5600000,5490
0,3,0,1,1,0,11,2400,2,4,4 BHK Apartment ,5,Koregaon Park,35000000,14583
0,3,0,1,1,0,6,930,2,3,2 BHK Apartment ,4,Kharadi,5600000,6021
0,3,2,1,1,0,11,1470,2,3,3 BHK Apartment ,7,Viman Nagar,11000000,7482
0,3,0,1,1,0,11,1660,2,3,3 BHK Apartment ,5,Viman Nagar,12500000,7530
0,3,1,1,1,0,11,2400,2,3,3 BHK Apartment ,7,Kalyani Nagar,25000000,10416
0,3,0,1,1,0,11,1490,2,3,3 BHK Apartment ,7,Wadgaon Sheri,10000000,6711
0,3,0,1,1,0,11,2000,2,3,3 BHK Apartment ,7,Viman Nagar,13000000,6500
0,3,2,1,1,0,6,1580,2,3,3 BHK Apartment ,3,Mundhwa,15500000,9810
0,3,0,1,1,0,11,1860,2,3,3 BHK Apartment ,2,Koregaon Park,22000000,11827
0,3,2,1,1,0,11,1250,2,2,2 BHK Apartment ,2,Viman Nagar,7600000,6080
0,3,1,1,1,0,2,1820,2,3,3 BHK Apartment ,6,Kharadi,12000000,6593
0,3,2,1,1,0,11,3150,2,4,4 BHK Apartment ,7,Kalyani Nagar,36500000,11587
0,3,0,1,1,0,11,1500,2,3,3 BHK Apartment ,1,Wadgaon Sheri,11500000,7666
0,3,0,1,1,0,6,1486,2,3,3 BHK Apartment ,2,Kharadi,10000000,6729
0,3,0,1,1,0,6,905,2,2,2 BHK Apartment ,3,Wagholi,5700000,6298
0,3,0,1,1,0,6,1270,2,3,3 BHK Apartment ,5,Wagholi,7000000,5511
0,3,0,1,1,0,6,1068,2,2,2 BHK Apartment ,5,Viman Nagar,7699212,7209
0,3,2,1,1,0,11,3450,2,4,4 BHK Apartment ,7,Kalyani Nagar,45000000,13043
0,3,1,1,1,0,6,4100,2,4,4 BHK Apartment ,7,Sangamvadi,57500000,14024
0,3,0,1,1,0,11,2700,2,3,3 BHK Apartment ,10,Kalyani Nagar,27000000,10000
0,3,2,1,1,0,11,1930,2,3,3 BHK Apartment ,4,Kalyani Nagar,22500000,11658
0,3,0,0,1,0,11,2000,2,3,3 BHK Villa ,0,Viman Nagar,22000000,11000
0,3,0,1,1,0,11,1850,2,3,3 BHK Apartment ,1,Kalyani Nagar,18000000,9729
0,3,1,1,1,0,11,1230,2,2,2 BHK Apartment ,6,Kharadi,7000000,5691
0,3,0,1,1,0,2,1350,2,2,2 BHK Apartment ,3,Viman Nagar,7800000,5778
0,3,2,1,1,0,11,1750,2,3,3 BHK Apartment ,1,Viman Nagar,13000000,7429
0,3,1,1,1,0,11,1100,2,2,2 BHK Apartment ,5,Viman Nagar,8500000,7727
0,3,0,1,1,0,11,1550,2,3,3 BHK Apartment ,6,Viman Nagar,10300000,6645
0,3,0,1,1,0,6,925,2,2,2 BHK Apartment ,3,Viman Nagar,6200000,6703
0,3,0,1,1,0,6,1500,2,4,3 BHK Apartment ,1,Viman Nagar,10600000,7067
0,3,0,1,1,0,11,1225,2,2,2 BHK Apartment ,4,Kalyani Nagar,9000000,7346
0,3,0,1,1,0,11,1350,2,2,2 BHK Apartment ,6,Kalyani Nagar,11500000,8518
1,3,3,0,0,0,0,914,2,2,2 BHK Apartment ,5,Wagholi,6000000,6564
0,3,1,1,0,1,8,750,1,1,1 BHK Apartment ,4,Viman Nagar,5400000,7200
0,3,1,1,1,0,5,2000,2,3,4 BHK Apartment ,7,Viman Nagar,18000000,9000
0,3,1,0,1,0,15,1200,2,2,2 BHK Apartment ,2,Kalyani Nagar,11000000,9166
0,3,0,1,1,0,7,4040,1,4,4 BHK Apartment ,2,Hadapsar,30000000,7425
0,3,0,1,1,0,2,1168,2,2,2 BHK Apartment ,11,Kharadi,7900000,6763
0,3,2,1,1,0,11,1010,2,2,2 BHK Apartment ,3,Yerawada,8000000,7920
0,3,0,1,1,0,10,4000,2,5,5 BHK Villa ,0,Koregaon Park,72500000,18125
0,3,0,1,1,0,13,550,2,1,1 BHK Apartment ,3,Koregaon Park,6500000,11818
0,3,0,1,1,0,6,1690,2,3,3 BHK Apartment ,9,Viman Nagar,25500000,15088
0,3,0,1,1,0,15,2200,2,3,3 BHK Apartment ,2,Koregaon Park,20000000,9090
0,3,0,1,1,0,8,1480,2,3,3 BHK Apartment ,5,Hadapsar,11200000,7567
0,3,0,1,1,0,1,1085,2,2,2 BHK Apartment ,5,Wagholi,5000000,4608
0,3,0,1,1,0,2,1075,2,2,2 BHK Apartment ,3,Kharadi,7500000,6976
0,3,0,1,1,0,10,630,1,1,1 BHK Apartment ,3,Boat Club Road,8800000,13968
0,3,0,1,1,0,14,950,1,2,2 BHK Apartment ,2,Boat Club Road,11000000,11578
0,3,1,1,1,0,7,4100,3,4,4 BHK Apartment ,8,Boat Club Road,65000000,15853
1,3,3,1,0,0,0,935,2,2,2 BHK Apartment ,5,Wagholi,4500000,4812
0,3,2,1,1,1,2,1186,1,2,2 BHK Apartment ,9,Baner,11500000,9696
0,3,2,1,1,0,11,2250,2,4,4 BHK Villa ,0,Viman Nagar,20000000,8888
0,3,0,1,1,0,11,2250,2,4,4 BHK Villa ,0,Viman Nagar,20000000,8889
0,3,0,1,1,0,11,3500,2,3,3 BHK Villa ,0,Viman Nagar,18500000,5286
0,3,0,1,1,0,11,2701,2,4,4 BHK Villa ,0,Viman Nagar,16000000,5923
0,3,1,1,1,0,6,1150,2,2,2 BHK Apartment ,7,Wagholi,5500000,4782
0,3,0,1,1,0,11,1030,2,2,2 BHK Apartment ,6,Viman Nagar,7500000,7281
0,3,2,1,1,0,16,1010,2,2,2 BHK Apartment ,1,Yerawada,8000000,7920
1,3,3,1,1,1,0,4105,2,5,4 BHK Apartment ,18,Kalyani Nagar,63700000,15517
0,3,0,1,1,1,10,1086,2,2,2 BHK Apartment ,4,Wadgaon Sheri,7800000,7182
0,3,0,1,1,0,6,2000,2,3,3 BHK Apartment ,4,Viman Nagar,19900000,9950
0,3,2,1,1,1,6,1700,1,4,4 BHK Apartment ,5,Viman Nagar,16500000,9705
0,3,0,1,1,0,10,2500,2,3,3 BHK Apartment ,4,Kalyani Nagar,37500000,15000
0,3,0,1,1,1,0,1046,2,2,2 BHK Apartment ,4,Lohegaon,5800000,5544
0,3,0,1,1,0,10,2300,2,3,3 BHK Apartment ,1,Bavdhan,13500000,5869
0,3,0,1,1,0,2,988,1,2,2 BHK Apartment ,2,Kharadi,7200000,7287
0,3,0,1,1,0,1,917,1,2,2 BHK Apartment ,4,Wagholi,4200000,4580
0,3,0,1,1,0,1,2500,2,3,3 BHK Apartment ,6,Kharadi,20000000,8000
0,3,0,1,1,0,1,1066,3,2,2 BHK Apartment ,1,Wagholi,5200000,4878
1,3,3,1,1,0,1,935,1,2,2 BHK Apartment ,6,Wagholi,4100000,4385
0,3,0,1,1,0,1,595,1,1,1 BHK Apartment ,7,Wagholi,3000000,5042
0,3,0,1,1,0,2,865,1,2,2 BHK Apartment ,4,Wagholi,5000000,5780
0,3,1,1,1,1,8,1700,2,3,3 BHK Apartment ,6,Kalyani Nagar,18000000,10588
0,3,0,1,1,0,8,1600,2,3,3 BHK Apartment ,4,Kalyani Nagar,11500000,7187
0,3,0,1,1,0,4,1175,1,2,2 BHK Apartment ,4,Wagholi,4950000,4212
0,3,2,1,1,0,10,1540,1,3,3 BHK Apartment ,2,Kalyani Nagar,17500000,11363
0,3,0,1,1,0,11,1170,2,2,2 BHK Apartment ,4,Kalyani Nagar,9000000,7692
0,3,1,1,1,0,6,1150,2,2,2 BHK Apartment ,6,Kharadi,6000000,5217
0,3,0,1,1,0,6,2700,2,3,3 BHK Apartment ,5,Viman Nagar,12500000,4629
0,3,0,1,1,0,11,677,2,1,1 BHK Apartment ,2,Wagholi,2505000,3700
0,3,0,1,1,0,6,1250,2,2,2 BHK Apartment ,5,Kalyani Nagar,28500000,22800
0,3,0,1,1,0,4,1039,2,2,2 BHK Apartment ,11,Kharadi,7500000,7218
0,3,0,1,1,0,4,1167,1,2,2 BHK Apartment ,9,Kharadi,6700000,5741
0,3,0,1,1,0,4,845,1,2,2 BHK Apartment ,2,Wagholi,4000000,4733
1,3,3,1,1,0,1,855,2,2,2 BHK Apartment ,2,Wagholi,4000000,4678
0,3,0,1,1,0,4,910,1,2,2 BHK Apartment ,4,Wagholi,5000000,5494
0,3,0,1,1,0,4,965,2,2,2 BHK Apartment ,2,Kharadi,6500000,6735
0,3,0,1,1,0,1,1750,2,3,3 BHK Apartment ,7,Kharadi,12000000,6857
0,3,0,1,1,0,2,3500,2,5,5 BHK Apartment ,6,Kharadi,26000000,7428
0,3,0,1,1,0,1,678,1,1,1 BHK Apartment ,5,Wagholi,3260000,4808
1,3,3,1,1,1,1,850,1,2,2 BHK Apartment ,5,Wagholi,3550000,4176
0,3,1,1,1,0,3,1581,1,3,3 BHK Apartment ,4,Tingre Nagar,13000000,8222
1,3,3,1,1,0,1,525,1,1,1 BHK Apartment ,8,Wagholi,2800000,5333
0,2,1,1,1,1,5,1096,2,2,2 BHK Apartment ,5,Wakad,6800000,6204
0,3,0,1,1,0,2,1255,2,2,2 BHK Apartment ,5,Kharadi,8100000,6454
0,3,0,1,1,0,11,1030,2,2,2 BHK Apartment ,0,Yerawada,7500000,7282
0,3,0,1,1,0,2,1901,2,3,3 BHK Apartment ,6,Kharadi,9200000,4842
0,3,1,1,1,0,6,1100,2,2,2 BHK Apartment ,7,Kharadi,5500000,5000
0,3,2,1,1,0,3,1600,2,3,3 BHK Apartment ,9,Kharadi,8500000,5313
0,3,1,1,1,0,6,1550,2,2,3 BHK Apartment ,2,Wadgaon Sheri,9000000,5806
0,3,0,1,1,0,6,1150,2,2,2 BHK Apartment ,7,Viman Nagar,7500000,6522
0,3,0,1,1,0,11,1450,2,3,3 BHK Apartment ,1,Viman Nagar,6900000,4759
0,3,0,1,1,0,2,1500,2,3,3 BHK Apartment ,3,Viman Nagar,11000000,7333
0,3,0,1,1,0,11,2750,2,5,5 BHK Apartment ,7,Mundhwa,30000000,10909
0,3,2,1,1,0,11,3000,2,5,5 BHK Apartment ,7,Kalyani Nagar,28500000,9500
0,3,0,1,1,0,11,1850,2,3,3 BHK Apartment ,1,Kalyani Nagar,18000000,9730
1,3,3,1,1,0,11,4415,2,4,4 BHK Apartment ,3,Kalyani Nagar,34000000,7701
0,3,2,1,1,0,11,1800,2,3,3 BHK Apartment ,3,Kalyani Nagar,17500000,9722
0,3,0,1,1,0,6,1500,2,3,3 BHK Villa ,4,Kharadi,7000000,4667
1,3,3,1,0,0,3,3200,2,3,3 BHK Villa ,0,Wagholi,14600000,4562
0,2,0,0,0,0,10,1060,2,2,2 BHK Apartment ,3,Kalyani Nagar,7900000,7452
1,3,3,1,1,1,0,1500,1,2,2 BHK Apartment ,1,Kharadi,10500000,7000
0,3,2,1,1,0,11,1050,2,2,2 BHK Apartment ,3,Wadgaon Sheri,7800000,7428
0,3,0,1,1,0,6,1515,2,3,3 BHK Villa ,0,Wagholi,7200000,4752
0,3,2,1,1,0,10,460,1,1,1 BHK Apartment ,3,Koregaon Park,6500000,14130
1,3,3,1,1,0,11,1350,2,3,3 BHK Apartment ,5,Kalyani Nagar,13000000,9629
0,3,2,1,1,0,1,4865,2,5,4 BHK Apartment ,9,Kharadi,24000000,4933
0,2,1,1,1,0,10,1700,2,3,3 BHK Apartment ,3,Kalyani Nagar,16000000,9411
0,3,0,1,1,0,5,1290,1,3,2 BHK Apartment ,3,Kalyani Nagar,12000000,9302
0,3,2,1,1,0,5,1900,2,2,2 BHK Villa ,2,Wagholi,7400000,3894
0,2,0,0,1,0,5,1255,2,2,2 BHK Apartment ,1,Wagholi,7200000,5737
0,2,0,1,1,0,10,1625,1,4,3 BHK Apartment ,4,Kalyani Nagar,22000000,13538
0,2,0,1,1,0,10,2000,2,3,3 BHK Apartment ,10,Kalyani Nagar,30000000,15000
0,3,1,1,1,1,6,1650,2,3,3 BHK Apartment ,2,Kharadi,10500000,6363
0,3,0,1,1,0,4,1200,2,2,2 BHK Apartment ,6,Wagholi,5500000,4583
1,3,3,1,1,0,0,1150,2,2,2 BHK Apartment ,6,Rahatani,7100000,6173
0,3,2,0,1,0,6,3100,2,4,4 BHK Villa ,0,Wagholi,15500000,5000
1,3,3,1,1,0,3,895,1,2,2 BHK Apartment ,6,Wagholi,4200000,4692
0,3,0,1,1,0,1,932,1,2,2 BHK Apartment ,2,Wagholi,5000000,5364
0,3,0,1,1,0,1,990,2,2,2 BHK Apartment ,4,Wagholi,5000000,5050
0,3,0,1,1,0,1,1335,1,2,2 BHK Apartment ,8,Kharadi,10500000,7865
0,3,0,1,1,0,0,1980,2,3,3 BHK Apartment ,3,Kharadi,13700000,6919
0,3,0,1,1,0,5,1600,3,3,3 BHK Apartment ,5,Kalyani Nagar,12400000,7750
0,3,2,1,1,0,10,1542,2,3,3 BHK Apartment ,10,Kalyani Nagar,15000000,9727
0,2,0,1,1,0,10,1850,2,3,3 BHK Apartment ,5,Koregaon Park,26000000,14054
0,3,2,1,1,0,10,2600,2,4,4 BHK Apartment ,6,Yerawada,22000000,8461
0,3,0,1,1,0,10,525,1,1,1 BHK Apartment ,4,Koregaon Park,7300000,13904
0,3,1,1,1,0,5,2400,1,4,4 BHK Apartment ,8,Kharadi,22500000,9375
0,2,1,1,1,0,17,2400,2,4,3 BHK Apartment ,2,Boat Club Road,37500000,15625
0,3,1,1,1,0,0,2810,1,3,3 BHK Apartment ,7,Boat Club Road,42600000,15160
0,3,2,1,1,1,5,640,1,1,1 BHK Apartment ,2,Kalyani Nagar,6000000,9375
0,3,1,1,1,1,5,1878,2,3,3 BHK Apartment ,2,Boat Club Road,26500000,14110
0,3,1,1,1,1,12,1650,2,3,3 BHK Apartment ,6,Kalyani Nagar,16000000,9696
0,3,1,1,1,1,9,1750,3,3,3 BHK Apartment ,5,Kalyani Nagar,24000000,13714
0,3,0,1,1,1,10,2509,1,3,3 BHK Apartment ,10,Kalyani Nagar,28000000,11159
0,3,1,1,1,1,2,3147,1,4,4 BHK Apartment ,1,Kalyani Nagar,28500000,9056
0,3,1,1,1,1,5,1265,1,2,3 BHK Apartment ,6,Kalyani Nagar,9000000,7114
0,3,1,0,1,0,5,500,1,1,1 BHK Apartment ,0,Bund Garden,6000000,12000
0,3,0,1,1,1,4,2700,3,4,4 BHK Apartment ,2,Wagholi,10000000,3703
0,3,0,1,1,0,1,920,2,2,2 BHK Apartment ,3,Kharadi,5700000,6195
0,3,1,1,1,0,1,1530,2,3,3 BHK Apartment ,6,Sus,7800000,5098
0,3,2,1,1,1,4,1025,1,2,2 BHK Apartment ,6,Baner,6300000,6146
0,3,0,1,1,0,3,1227,1,2,2 BHK Apartment ,10,Balewadi,9500000,7742
0,3,1,1,1,1,3,1200,2,2,2 BHK Apartment ,3,Wadgaon Sheri,9000000,7500
0,3,1,1,1,0,1,1340,2,2,2 BHK Apartment ,14,Balewadi,9600000,7164
0,3,1,1,1,0,3,930,2,2,2 BHK Apartment ,9,Wagholi,4600000,4946
0,2,2,1,1,0,3,620,1,1,1 BHK Apartment ,5,Kondhwa,3600000,5806
1,3,3,1,1,1,1,800,1,2,2 BHK Apartment ,10,Wagholi,5000000,6250
0,3,0,1,1,0,6,1835,2,3,3 BHK Apartment ,2,Kharadi,8499720,4632
0,3,1,1,1,0,3,1685,2,3,3 BHK Apartment ,2,Kharadi,11300000,6706
0,3,0,1,1,0,6,800,2,2,2 BHK Apartment ,2,Kharadi,4600000,5750
0,3,0,1,1,0,6,1800,2,3,3 BHK Villa ,0,Viman Nagar,12000000,6666
0,3,2,1,1,0,2,3855,2,4,4 BHK Villa ,0,Kalyani Nagar,45000000,11673
1,3,3,1,1,1,1,1300,2,2,2 BHK Apartment ,5,NIBM Annex Mohammadwadi,7000000,5384
0,3,0,1,1,0,5,984,2,2,2 BHK Apartment ,9,Kharadi,6600000,6707
0,3,0,1,1,0,1,2000,1,3,3 BHK Apartment ,2,Wagholi,9200000,4600
0,3,0,1,1,0,3,780,1,1,2 BHK Apartment ,5,Pimple Saudagar,5800000,7435
0,0,1,1,1,1,2,572,1,1,1 BHK Apartment ,3,Hadapsar,4800000,8391
1,3,3,1,1,0,0,1855,2,3,3 BHK Apartment ,5,Kharadi,12200000,6576
0,3,0,1,1,0,4,1405,1,2,3 BHK Apartment ,4,Baner,10500000,7473
0,3,0,1,1,0,6,1690,1,4,3 BHK Apartment ,2,Viman Nagar,16500000,9763
0,3,0,1,1,0,10,1750,3,3,3 BHK Apartment ,6,Kalyani Nagar,16000000,9142
0,3,0,1,1,0,10,1540,1,3,3 BHK Apartment ,10,Kalyani Nagar,14000000,9090
0,3,0,1,1,0,6,780,2,2,2 BHK Apartment ,5,Wagholi,3600000,4615
0,3,1,1,1,0,10,1300,1,2,2 BHK Apartment ,5,Koregaon Park,9000000,6923
0,2,1,1,1,0,10,1850,2,4,4 BHK Apartment ,6,Koregaon Park,23000000,12432
0,3,0,0,0,0,8,1065,2,2,2 BHK Apartment ,2,Baner,7200000,6760
0,3,0,0,1,0,12,900,2,2,2 BHK Apartment ,3,Kothrud,7500000,8333
0,3,0,0,1,0,6,2015,2,3,3 BHK Villa ,0,Wagholi,8500000,4218
0,2,2,0,1,0,6,2100,2,3,3 BHK Villa ,0,Wagholi,11000000,5238
0,3,0,1,1,0,6,1083,2,2,2 BHK Apartment ,8,Hadapsar,8400000,7756
0,3,0,1,1,0,0,2325,2,4,4 BHK Apartment ,5,Baner,19999000,8601
0,3,2,1,1,1,3,996,2,2,2 BHK Apartment ,9,Baner,9000000,9036
0,2,0,1,1,0,3,1950,2,3,3 BHK Apartment ,1,Kharadi,11800000,6051
0,3,1,1,1,0,6,1535,2,3,3 BHK Apartment ,4,Kalyani Nagar,14000000,9120
0,3,0,1,1,0,1,1377,2,3,3 BHK Apartment ,5,Bavdhan,9000000,6535
0,3,0,1,1,0,8,900,2,2,2 BHK Apartment ,2,Wagholi,4500000,5000
0,3,0,1,1,0,11,1160,2,2,2 BHK Apartment ,3,Viman Nagar,7700000,6637
0,3,0,1,1,0,6,810,2,2,2 BHK Apartment ,2,Kharadi,4800000,5925
1,3,3,1,1,0,11,1840,2,3,3 BHK Apartment ,3,Viman Nagar,12000000,6521
1,3,3,1,1,0,6,1335,2,2,2 BHK Apartment ,4,Viman Nagar,8100000,6067
0,3,2,0,1,0,6,1900,2,3,3 BHK Villa ,0,Wagholi,10500000,5526
0,3,0,1,1,0,5,1630,2,3,3 BHK Apartment ,6,Kharadi,9300000,5705
0,3,1,1,1,0,0,4300,3,4,4 BHK Apartment ,8,Koregaon Park,47000000,10930
0,2,1,1,1,0,10,2850,2,5,4 BHK Apartment ,10,Kalyani Nagar,50000000,17543
1,3,3,1,1,1,0,1426,2,3,3 BHK Apartment ,2,Sus,8500000,5960
0,3,0,1,1,1,8,1200,2,2,2 BHK Apartment ,9,Hadapsar,9200000,7666
1,3,3,1,1,0,0,1574,2,3,3 BHK Apartment ,8,Bavdhan,9500000,6035
0,3,0,1,1,1,2,2780,2,3,3 BHK Apartment ,6,Kalyani Nagar,30000000,10791
1,3,3,1,1,1,0,1315,2,2,2 BHK Apartment ,7,Kharadi,9000000,6844
1,3,3,1,1,0,0,1269,2,2,2 BHK Apartment ,10,Kharadi,6980000,5500
1,3,3,1,1,0,0,1840,2,3,3 BHK Apartment ,7,Kalyani Nagar,12600000,6847
0,3,0,1,1,0,5,595,2,1,1 BHK Apartment ,3,Wagholi,3200000,5378
0,3,1,0,0,0,0,715,1,1,1 BHK Apartment ,4,Kalyani Nagar,5800000,8111
0,3,1,0,0,0,0,4595,3,4,4 BHK Apartment ,6,Boat Club Road,99400000,21632
0,2,1,0,0,0,7,4000,3,5,4 BHK Villa ,1,Viman Nagar,45000000,11250
1,3,3,1,1,0,0,2660,2,5,4 BHK Apartment ,2,Baner,29800000,11203
1,3,3,1,1,0,0,1098,2,2,2 BHK Apartment ,8,Baner,6600000,6010
0,2,1,0,1,0,2,595,2,1,1 BHK Apartment ,2,Mundhwa,3700000,6218
0,3,2,1,1,0,4,720,2,1,2 BHK Apartment ,7,Wagholi,3400000,4722
0,3,0,1,1,0,6,920,2,2,2 BHK Apartment ,6,Wagholi,4900000,5326
0,3,0,1,1,0,11,1340,2,3,3 BHK Apartment ,7,Viman Nagar,10500000,7835
0,3,1,1,1,0,6,1800,2,3,3 BHK Apartment ,4,Kharadi,12300000,6833
0,2,1,1,1,0,6,1600,2,3,3 BHK Apartment ,5,Viman Nagar,13000000,8125
0,3,1,1,1,0,6,1800,2,3,3 BHK Apartment ,5,Kalyani Nagar,18000000,10000
0,3,1,1,1,0,7,1400,2,2,2 BHK Apartment ,1,Kharadi,7000000,5000
0,3,1,1,1,1,10,5400,2,6,4 BHK Apartment ,6,Viman Nagar,44500000,8240
0,3,0,1,1,0,10,2420,1,3,3 BHK Apartment ,10,Kalyani Nagar,28000000,11570
0,3,2,1,1,0,10,2850,3,4,4 BHK Apartment ,10,Kalyani Nagar,25000000,8771
0,3,0,1,1,0,11,1470,2,3,3 BHK Apartment ,1,Viman Nagar,10000000,6803
0,3,0,1,1,0,11,2660,2,3,3 BHK Apartment ,8,Kalyani Nagar,28000000,10526
0,3,0,1,1,0,11,1520,2,3,3 BHK Apartment ,3,Viman Nagar,9900000,6513
0,3,0,1,1,0,11,1385,2,2,2 BHK Apartment ,6,Viman Nagar,10300000,7437
0,3,0,1,1,0,6,1600,2,3,3 BHK Apartment ,10,Kalyani Nagar,11000000,6875
0,3,1,1,1,0,11,2400,2,4,4 BHK Apartment ,5,Kalyani Nagar,25000000,10416
0,3,0,1,1,0,11,2064,2,3,4 BHK Apartment ,4,Kalyani Nagar,20000000,9689
0,3,1,1,1,0,11,2050,2,3,3 BHK Apartment ,3,Wadgaon Sheri,18000000,8780
0,3,2,1,1,0,6,1580,2,3,3 BHK Apartment ,3,Mundhwa,15500000,9810
0,3,0,1,1,0,11,1490,2,3,3 BHK Apartment ,7,Kalyani Nagar,10000000,6711
0,3,1,1,1,0,11,1050,2,2,2 BHK Apartment ,7,Kharadi,6600000,6285
0,3,2,1,1,0,6,1580,2,3,3 BHK Apartment ,3,Mundhwa,15500000,9810
0,3,0,1,1,0,6,1610,2,3,3 BHK Apartment ,6,Kharadi,7500000,4658
0,3,0,1,1,0,6,1780,2,3,3 BHK Apartment ,5,Kalyani Nagar,13500000,7584
0,3,1,1,1,0,16,2900,2,3,3 BHK Villa ,0,Viman Nagar,15000000,5172
0,3,2,1,1,0,11,1365,2,2,2 BHK Apartment ,3,Kalyani Nagar,12500000,9157
0,3,0,1,1,0,3,2703,2,3,3 BHK Apartment ,5,Viman Nagar,18000000,6659
0,2,0,1,1,1,3,980,2,2,2 BHK Apartment ,7,Lohegaon,7000000,7142
0,3,1,1,1,1,5,4600,2,4,4 BHK Apartment ,3,Boat Club Road,75100000,16326
0,3,0,1,1,1,5,1585,3,3,3 BHK Apartment ,7,Wagholi,7500000,4731
0,3,1,1,1,0,2,1050,1,2,2 BHK Apartment ,2,Viman Nagar,9800000,9333
0,2,1,1,1,0,9,3400,3,5,5 BHK Apartment ,9,Aundh,33900000,9970
0,3,0,1,1,0,10,1600,2,3,3 BHK Apartment ,8,Wadgaon Sheri,12500000,7812
0,3,0,1,1,0,10,1086,2,2,2 BHK Apartment ,4,Wadgaon Sheri,7600000,6998
0,3,0,1,1,0,10,1086,2,2,2 BHK Apartment ,7,Wadgaon Sheri,8900000,8195
0,3,0,1,1,0,2,2077,2,4,4 BHK Apartment ,5,Viman Nagar,20000000,9629
0,3,0,1,1,0,9,1050,2,2,2 BHK Apartment ,7,Viman Nagar,7900000,7523
0,3,0,0,1,1,10,1850,1,3,3 BHK Apartment ,3,Kalyani Nagar,25000000,13513
0,3,1,1,1,1,3,6000,3,6,5 BHK Apartment ,11,Kharadi,42000000,7000
0,3,0,1,1,1,4,2500,3,4,4 BHK Apartment ,1,Wagholi,9000000,3600
0,3,0,1,1,0,5,1250,2,2,2 BHK Apartment ,1,Wadgaon Sheri,8400000,6720
0,3,0,1,1,0,20,550,2,1,1 BHK Apartment ,2,Koregaon Park,6000000,10909
0,2,0,1,1,1,0,2015,2,3,3 BHK Apartment ,6,Kharadi,15000000,7444
0,3,0,0,1,0,0,1944,3,3,3 BHK Apartment ,1,Bund Garden,20100000,10339
0,2,0,1,1,0,0,600,2,1,1 BHK Apartment ,4,Bund Garden,7000000,11666
0,3,0,0,0,0,7,1360,2,3,3 BHK Apartment ,4,Koregaon Park,17000000,12500
0,3,0,1,0,0,0,4500,3,6,5 BHK Apartment ,4,Koregaon Park,55000000,12222
0,3,0,1,1,0,5,4100,1,5,4 BHK Apartment ,9,Sangamvadi,70000000,17073
1,2,3,1,1,0,0,907,3,2,2 BHK Apartment ,2,Handewadi,3700000,4079
1,3,3,1,1,0,0,1088,2,2,2 BHK Apartment ,8,Kharadi,7500000,6893
0,2,0,1,1,1,0,1050,1,2,2 BHK Apartment ,5,Lohegaon,6400000,6095
0,3,0,1,1,0,10,1500,1,3,3 BHK Apartment ,5,Kalyani Nagar,15500000,10333
0,3,0,1,1,0,2,1500,2,3,3 BHK Apartment ,1,Koregaon Park,25000000,16666
0,3,0,1,1,0,6,1690,2,4,3 BHK Apartment ,7,Viman Nagar,19500000,11538
0,2,1,1,1,0,5,1500,2,3,3 BHK Apartment ,6,Wakad,10000000,6666
0,3,2,1,1,0,4,1615,2,3,3 BHK Apartment ,9,Wagholi,8200000,5077
0,2,0,1,1,0,5,2755,2,3,3 BHK Apartment ,12,Kharadi,16000000,5807
0,3,0,1,1,0,10,3707,2,5,4 BHK Villa ,2,Kharadi,38100000,10277
1,3,3,1,1,0,1,1155,2,2,2 BHK Apartment ,2,Hinjewadi,6105000,5285
0,3,2,1,1,0,19,1200,1,2,2 BHK Apartment ,1,Koregaon Park,15000000,12500
0,3,1,1,1,0,0,500,1,1,1 BHK Apartment ,1,Bund Garden,6000000,12000
0,2,0,1,1,0,15,1010,2,2,2 BHK Apartment ,2,Yerawada,8000000,7920
0,2,0,1,1,1,1,1315,2,2,2 BHK Apartment ,7,Kharadi,11000000,8365
0,3,0,1,1,0,4,1585,2,3,3 BHK Apartment ,11,Bavdhan,9600000,6056
0,3,2,1,1,1,4,3400,2,4,4 BHK Apartment ,11,Kharadi,19500000,5735
0,2,0,1,1,1,5,1085,2,2,3 BHK Apartment ,6,Lohegaon,8000000,7373
0,3,1,1,1,1,12,880,2,2,2 BHK Apartment ,6,Kondhwa,5400000,6136
0,3,1,1,1,1,1,986,1,1,1 BHK Apartment ,1,Viman Nagar,7100000,7200
0,3,0,1,1,0,6,520,2,1,1 BHK Apartment ,7,Wagholi,3000000,5769
0,3,0,1,1,0,10,1086,2,2,2 BHK Apartment ,4,Wadgaon Sheri,8000000,7366
0,3,2,1,1,0,1,2595,3,5,4 BHK Apartment ,5,Kharadi,19000000,7321
0,3,0,1,1,0,8,1650,2,3,4 BHK Apartment ,5,Wakad,8500000,5151
0,2,2,1,1,1,3,1540,2,3,3 BHK Apartment ,10,Kalyani Nagar,14500000,9415
1,3,3,1,1,0,0,1134,2,3,2 BHK Apartment ,6,Bavdhan,7000000,6172
0,3,1,1,1,0,10,900,1,2,2 BHK Apartment ,4,Viman Nagar,6700000,7444
0,3,1,1,1,0,10,1512,2,3,3 BHK Apartment ,7,Viman Nagar,13100000,8664
0,2,0,1,1,0,3,1479,3,3,3 BHK Apartment ,5,Pimple Saudagar,9000000,6085
0,3,1,0,1,0,0,2490,2,3,3 BHK Apartment ,5,Kalyani Nagar,18500000,7429
0,3,1,0,0,0,0,2070,2,4,3 BHK Apartment ,7,Kharadi,13000000,6280
0,3,1,0,0,0,0,1565,3,3,3 BHK Apartment ,5,Kharadi,9500000,6070
0,3,1,1,1,0,0,1900,2,4,3 BHK Apartment ,3,Koregaon Park,20000000,10526
0,3,0,1,1,0,1,1450,2,3,3 BHK Apartment ,5,Viman Nagar,13500000,9310
0,3,0,0,1,0,11,935,1,2,2 BHK Apartment ,4,Wagholi,5500000,5882
0,3,1,1,1,0,3,1220,2,2,2 BHK Apartment ,9,Kharadi,9150000,7500
0,3,0,0,1,0,7,950,2,2,2 BHK Apartment ,7,Kharadi,6200000,6526
0,3,1,1,1,1,12,550,2,1,1 BHK Apartment ,4,Wanowrie,3600000,6545
0,2,0,1,1,0,6,1490,2,3,3 BHK Apartment ,4,Aundh,15000000,10067
0,3,0,1,1,0,2,2350,2,3,3 BHK Apartment ,2,Viman Nagar,17500000,7446
0,3,1,0,1,0,10,3707,2,5,4 BHK Villa ,2,Kharadi,38000000,10250
0,3,0,1,1,0,1,2050,2,3,3 BHK Apartment ,8,Kharadi,15000000,7317
0,3,1,1,1,0,9,1750,1,3,3 BHK Apartment ,1,Kalyani Nagar,24000000,13714
0,3,0,1,1,0,5,1457,2,3,3 BHK Apartment ,12,Kalyani Nagar,12000000,8236
0,2,2,0,1,0,8,1770,2,3,3 BHK Apartment ,9,Aundh,18800000,10621
0,3,2,1,1,0,11,1655,2,3,3 BHK Apartment ,6,Viman Nagar,12500000,7552
0,3,0,1,1,0,3,1284,1,2,2 BHK Apartment ,4,Viman Nagar,10000000,7788
0,3,0,1,1,0,6,4100,1,5,4 BHK Apartment ,5,Sangamvadi,60000000,14634
1,3,3,1,1,0,0,595,1,1,1 BHK Apartment ,1,Wakad,3400000,5714
1,3,3,1,1,0,0,1000,2,2,2 BHK Apartment ,8,Kharadi,4900000,4900
0,3,2,1,1,0,5,1690,1,4,3 BHK Apartment ,9,Viman Nagar,22000000,13017
0,3,0,1,1,0,6,836,2,2,2 BHK Apartment ,3,Lohegaon,3900000,4665
0,3,1,1,1,1,9,1185,1,1,1 BHK Apartment ,1,Viman Nagar,8500000,7172
1,3,3,1,1,1,1,4250,2,5,4 BHK Apartment ,4,Koregaon Park,69900000,16447
1,3,3,1,1,0,2,600,1,1,1 BHK Apartment ,1,Wadgaon Sheri,3500000,5833
0,3,0,1,1,0,7,860,1,1,2 BHK Apartment ,1,Wagholi,4000000,4651
0,3,0,1,1,0,10,1940,2,3,3 BHK Apartment ,7,Kalyani Nagar,25000000,12886
0,3,0,1,1,1,5,1960,2,4,4 BHK Villa ,1,Kalyani Nagar,34000000,17346
0,3,0,1,1,0,12,850,2,2,2 BHK Apartment ,4,Kothrud,7500000,8823
0,3,0,1,1,0,12,1100,2,2,2 BHK Apartment ,4,Viman Nagar,7500000,6818
0,3,0,1,1,0,10,1265,1,2,2 BHK Apartment ,9,Kalyani Nagar,12500000,9881
0,3,1,1,1,0,6,3000,1,3,4 BHK Villa ,1,Wakad,21500000,7166
0,3,0,1,1,0,0,1060,1,2,2 BHK Apartment ,8,Kharadi,6000000,5660
0,3,0,1,1,0,6,1100,1,2,2 BHK Apartment ,4,Koregaon Park,12000000,10909
0,2,0,1,1,0,8,2100,1,3,3 BHK Apartment ,4,Kalyani Nagar,20000000,9523
0,3,1,0,1,0,12,1288,1,2,2 BHK Apartment ,4,Kalyani Nagar,9500000,7375
0,3,0,1,1,0,0,1140,2,2,2 BHK Apartment ,1,Boat Club Road,15000000,13157
0,3,1,0,1,0,3,1690,2,4,3 BHK Apartment ,9,Viman Nagar,17000000,10059
0,3,0,0,1,0,0,1250,1,2,2 BHK Apartment ,4,Viman Nagar,9500000,7600
0,3,0,1,1,0,5,1080,1,2,2 BHK Apartment ,2,Kharadi,7100000,6574
0,3,0,1,1,0,1,1698,1,3,3 BHK Apartment ,5,Kharadi,9000000,5300
1,3,3,1,1,1,1,1352,3,2,2 BHK Apartment ,8,NIBM Annex Mohammadwadi,7200000,5325
0,3,0,1,1,0,15,1800,2,3,3 BHK Apartment ,1,Koregaon Park,20000000,11111
0,3,0,1,1,0,10,1850,2,3,3 BHK Apartment ,9,Koregaon Park,23500000,12702
0,3,0,1,1,0,10,1850,2,3,3 BHK Apartment ,6,Koregaon Park,22000000,11891
0,3,0,1,1,0,10,1150,2,2,2 BHK Apartment ,8,Kalyani Nagar,11800000,10260
1,3,3,1,1,0,2,2130,1,4,4 BHK Apartment ,2,Hinjewadi,12600000,5915
0,3,0,1,1,0,10,3350,2,5,4 BHK Apartment ,3,Sangamvadi,50000000,14925
0,3,0,1,1,0,10,2500,2,3,3 BHK Apartment ,8,Sangamvadi,32500000,13000
0,3,0,1,1,0,5,1806,2,3,3 BHK Apartment ,4,Kalyani Nagar,40000000,22148
0,3,0,1,1,0,6,2500,2,3,3 BHK Apartment ,1,Sangamvadi,25900000,10360
0,3,1,1,1,0,4,2580,2,3,3 BHK Apartment ,3,Hadapsar,15500000,6007
0,3,0,1,1,0,6,1690,2,4,3 BHK Apartment ,2,Viman Nagar,16500000,9763
0,3,0,1,1,0,2,1550,2,3,3 BHK Apartment ,4,Viman Nagar,12200000,7870
0,3,1,1,1,1,6,1600,2,3,3 BHK Apartment ,8,Kharadi,9200000,5750
1,3,3,1,1,1,1,1188,2,2,2 BHK Apartment ,2,Hinjewadi,5726000,4819
0,3,1,0,1,0,11,973,2,2,2 BHK Apartment ,8,Wagholi,4220000,4337
0,3,2,1,1,0,5,570,1,1,1 BHK Apartment ,10,Kharadi,3900000,6842
0,3,0,1,1,0,11,1635,2,3,3 BHK Apartment ,3,Koregaon Park,17500000,10703
0,3,0,1,1,0,11,1205,2,2,2 BHK Apartment ,2,Wadgaon Sheri,7700000,6390
0,3,0,1,1,0,3,923,2,2,2 BHK Apartment ,10,Wagholi,4800000,5200
0,3,0,1,1,0,2,1087,2,2,2 BHK Apartment ,5,Kharadi,7500000,6899
0,3,0,1,1,0,6,1760,2,3,3 BHK Apartment ,6,Hadapsar,13200000,7500
0,3,1,1,1,1,5,1806,2,3,3 BHK Apartment ,1,Kalyani Nagar,18000000,9966
0,2,0,1,1,0,5,1100,1,2,2 BHK Apartment ,1,Viman Nagar,9450000,8590
0,3,0,1,1,0,5,1750,2,3,3 BHK Apartment ,5,Mundhwa,15500000,8857
0,3,2,1,1,0,11,1789,3,3,3 BHK Apartment ,4,Wadgaon Sheri,17500000,9782
0,2,1,1,1,0,5,1520,3,2,2 BHK Apartment ,8,Mundhwa,16800000,11052
0,3,0,1,1,0,10,1885,2,3,3 BHK Apartment ,7,Mundhwa,13500000,7161
1,3,3,1,1,1,2,980,2,2,2 BHK Apartment ,4,Manjari,5800000,5918
0,3,1,1,1,0,16,825,2,1,1 BHK Apartment ,4,Yerawada,3700000,4485
0,3,0,1,1,0,8,1050,2,2,2 BHK Apartment ,12,Kalyani Nagar,9300000,8857
0,3,1,1,1,0,11,945,2,2,2 BHK Apartment ,5,Kharadi,4000000,4233
0,3,0,0,1,0,21,1320,2,3,3 BHK Apartment ,2,Kalyani Nagar,8600000,6515
0,3,2,1,1,0,16,2890,2,4,4 BHK Villa ,0,Viman Nagar,20000000,6920
0,3,2,0,0,1,13,900,1,2,2 BHK Apartment ,2,Kalyani Nagar,7000000,7777
0,2,1,0,0,1,7,600,1,1,1 BHK Apartment ,4,Kalyani Nagar,6500000,10833
0,3,0,1,1,0,10,3000,2,5,4 BHK Villa ,2,Koregaon Park,50000000,16666
0,3,0,1,1,0,10,1215,2,2,2 BHK Apartment ,3,Koregaon Park,11000000,9053
0,3,1,1,1,1,0,1220,2,2,2 BHK Apartment ,4,Hinjewadi,5980000,4901
0,3,2,1,1,0,11,1370,2,2,3 BHK Apartment ,3,Kothrud,11500000,8394
1,3,3,1,1,1,1,1077,1,2,2 BHK Apartment ,2,Hinjewadi,5700000,5292
0,3,0,0,0,0,3,1111,2,2,2 BHK Apartment ,4,Koregaon Park,8800000,7920
0,2,1,1,1,0,5,4355,2,5,4 BHK Apartment ,6,Hadapsar,26000000,5970
0,3,2,1,1,0,5,2300,2,3,3 BHK Apartment ,9,Viman Nagar,25500000,11086
0,3,1,1,1,0,10,4200,2,5,4 BHK Apartment ,6,Hadapsar,26500000,6309
0,2,0,1,1,0,5,1400,2,2,3 BHK Apartment ,3,Vishrantwadi,11000000,7857
0,2,2,1,1,0,7,1885,2,3,3 BHK Apartment ,2,Mundhwa,12500000,6631
0,2,0,1,1,0,10,1800,3,3,3 BHK Apartment ,7,Vishrantwadi,12000000,6666
0,2,0,1,1,0,10,995,1,2,2 BHK Apartment ,9,Wadgaon Sheri,5400000,5427
0,3,0,1,1,0,6,1410,2,3,3 BHK Apartment ,3,Kharadi,8500000,6028
0,3,1,1,1,1,6,1050,2,2,2 BHK Apartment ,7,Kalyani Nagar,9800000,9333
0,3,1,1,1,1,5,1540,1,2,2 BHK Apartment ,1,Kharadi,9900000,6428
0,3,1,1,1,1,4,1175,2,2,2 BHK Apartment ,4,Wagholi,6000000,5106
0,3,0,1,1,1,11,1010,2,2,2 BHK Apartment ,1,Yerawada,8000000,7920
0,3,0,1,1,1,5,1108,2,2,2 BHK Apartment ,1,Yerawada,8500000,7671
0,3,2,1,1,1,5,1690,2,4,3 BHK Apartment ,2,Viman Nagar,21500000,12721
0,3,2,1,1,1,5,1660,2,3,3 BHK Apartment ,9,Wagholi,11000000,6626
1,3,3,1,1,1,1,5595,2,4,4 BHK Apartment ,7,Koregaon Park,75000000,13404
0,3,1,1,1,1,3,4355,2,4,4 BHK Apartment ,9,Kharadi,27000000,6199
0,3,0,1,1,0,3,4355,2,4,4 BHK Apartment ,4,Kharadi,28800000,6613
0,3,0,1,1,0,3,4355,2,4,4 BHK Apartment ,10,Kharadi,30000000,6888
0,3,0,1,1,1,2,2979,2,5,4 BHK Apartment ,5,Kharadi,28000000,9399
1,3,3,1,1,1,0,1980,2,3,3 BHK Apartment ,8,Kharadi,14000000,7070
0,3,0,1,1,1,4,1550,2,3,3 BHK Apartment ,7,Wagholi,7000000,4516
1,3,3,1,1,1,2,1660,2,3,3 BHK Apartment ,7,Wagholi,10000000,6024
0,3,0,1,1,0,11,646,2,1,1 BHK Apartment ,2,Viman Nagar,4000000,6192
0,3,0,1,1,0,16,930,2,2,2 BHK Apartment ,2,Kharadi,6000000,6452
0,3,0,1,1,0,11,985,2,2,2 BHK Apartment ,2,Kharadi,5000000,5076
0,3,0,1,1,0,11,1410,2,3,3 BHK Apartment ,3,Kharadi,6500000,4610
0,3,1,0,1,0,16,892,2,1,2 BHK Villa ,0,Viman Nagar,6500000,7286
0,3,2,1,1,0,11,800,2,2,2 BHK Apartment ,0,Yerawada,6200000,7750
0,3,2,1,1,0,11,1341,2,2,2 BHK Apartment ,5,Kalyani Nagar,12000000,8949
0,3,1,1,1,0,11,850,2,2,2 BHK Apartment ,6,Kharadi,6000000,7059
0,3,0,0,1,0,11,650,2,2,2 BHK Apartment ,2,Kalyani Nagar,6000000,9230
0,3,2,1,1,0,11,1525,2,3,3 BHK Apartment ,9,Kalyani Nagar,13500000,8852
0,3,0,1,1,0,11,1140,2,2,2 BHK Apartment ,4,Viman Nagar,8300000,7280
0,3,0,1,1,0,11,530,2,1,1 BHK Apartment ,3,Viman Nagar,3600000,6792
0,3,0,1,1,0,11,1080,2,2,2 BHK Apartment ,4,Wadgaon Sheri,7500000,6944
0,3,0,1,1,0,11,1500,2,3,3 BHK Apartment ,0,Kalyani Nagar,14500000,9666
0,3,0,1,1,0,6,680,2,2,2 BHK Apartment ,1,Wagholi,4999360,7352
0,3,1,1,1,1,3,2881,2,4,4 BHK Apartment ,7,Wadgaon Sheri,32500000,11280
0,3,0,1,1,0,7,970,1,2,2 BHK Apartment ,4,Rahatani,6800000,7010
0,3,0,1,1,0,11,1050,2,2,2 BHK Apartment ,2,Kalyani Nagar,7200000,6857
0,3,0,1,1,0,11,570,2,1,1 BHK Apartment ,2,Viman Nagar,4000000,7018
0,3,1,1,1,0,11,1220,2,2,2 BHK Apartment ,8,Wadgaon Sheri,8000000,6557
0,3,1,1,1,0,11,1257,2,2,2 BHK Apartment ,6,Kharadi,5800000,4614
0,3,2,1,1,0,11,1540,2,3,3 BHK Apartment ,4,Viman Nagar,12500000,8117
0,3,0,1,1,0,7,1480,2,3,3 BHK Apartment ,4,Viman Nagar,12500000,8445
0,3,0,1,1,0,10,970,1,2,2 BHK Apartment ,6,Kharadi,5200000,5360
0,3,0,1,1,1,10,2500,2,4,4 BHK Apartment ,5,Boat Club Road,35100000,14040
0,3,0,0,1,0,6,1250,2,2,2 BHK Apartment ,4,Rahatani,8100000,6480
0,3,0,1,1,0,6,1200,1,2,2 BHK Apartment ,5,Wakad,6900000,5750
0,3,1,1,1,0,2,1050,1,2,2 BHK Apartment ,5,Wakad,6300000,6000
0,3,0,1,1,0,5,1690,2,4,3 BHK Apartment ,9,Viman Nagar,17500000,10355
1,3,3,0,0,1,0,1003,2,1,2 BHK Apartment ,1,Wagholi,4300000,4287
0,3,0,1,1,0,10,1650,3,4,4 BHK Apartment ,5,Wadgaon Sheri,13500000,8181
0,3,0,1,1,0,1,833,2,2,2 BHK Apartment ,1,Wagholi,3000000,3601
0,3,0,1,1,0,4,585,2,1,1 BHK Apartment ,2,Kharadi,4500000,7692
0,3,0,1,1,0,1,760,2,2,1 BHK Apartment ,1,Wagholi,4100000,5394
0,3,0,1,1,0,1,573,2,1,1 BHK Apartment ,10,Wagholi,3200000,5584
0,3,0,1,1,0,3,923,2,2,2 BHK Apartment ,10,Wagholi,4450000,4821
1,3,3,1,1,0,1,858,2,2,2 BHK Apartment ,9,Wagholi,3400000,3962
0,3,1,1,1,0,13,1950,2,3,3 BHK Apartment ,5,Boat Club Road,30000000,15384
0,3,0,1,1,0,12,621,2,1,1 BHK Apartment ,4,Boat Club Road,6600000,10628
0,3,0,1,1,0,3,660,1,1,1 BHK Apartment ,8,Wagholi,3000000,4545
0,3,0,1,1,0,2,1034,2,2,2 BHK Apartment ,1,Wagholi,5400000,5222
0,3,0,1,1,0,8,561,2,1,1 BHK Apartment ,4,Wagholi,3200000,5704
1,3,3,1,1,0,0,1490,2,3,3 BHK Apartment ,1,Hinjewadi,8940000,6000
0,3,0,1,1,0,4,1000,2,2,2 BHK Apartment ,4,Wagholi,4250000,4250
0,3,2,1,1,1,10,1220,1,2,2 BHK Apartment ,6,Viman Nagar,12900000,10573
0,3,0,1,1,0,3,801,2,1,1 BHK Apartment ,11,Wagholi,3600000,4494
1,3,3,1,1,0,1,989,2,2,2 BHK Apartment ,1,Wagholi,4400000,4448
0,3,1,1,1,0,9,1060,1,2,2 BHK Apartment ,5,Kalyani Nagar,11000000,10377
0,3,0,1,1,0,11,1370,2,3,3 BHK Apartment ,8,Kharadi,7000000,5109
0,3,0,1,1,0,11,1260,2,2,2 BHK Apartment ,9,Kharadi,6900000,5476
0,3,0,1,1,0,11,1575,2,3,3 BHK Apartment ,9,Kalyani Nagar,10500000,6667
0,3,0,1,1,0,11,1515,2,3,3 BHK Apartment ,8,Kalyani Nagar,11500000,7591
0,3,0,1,1,0,11,2700,2,2,3 BHK Apartment ,10,Kalyani Nagar,27000000,10000
0,3,2,1,1,0,11,1410,2,3,3 BHK Apartment ,1,Kharadi,12000000,8510
0,3,0,1,1,0,11,1608,2,3,3 BHK Apartment ,4,Wadgaon Sheri,11900000,7400
0,2,0,0,0,0,10,1850,2,4,3 BHK Apartment ,2,Koregaon Park,27000000,14594
0,3,1,1,1,0,6,725,1,2,1 BHK Apartment ,2,Wanowrie,5250000,7241
0,3,1,1,1,0,6,950,2,2,2 BHK Apartment ,3,Dhanori,5500000,5789
0,2,1,1,1,0,9,1400,2,2,2 BHK Apartment ,10,Wanowrie,7500000,5357
0,3,0,1,1,1,6,1040,2,2,2 BHK Apartment ,8,NIBM Annex Mohammadwadi,5000000,4807
0,3,2,0,1,0,11,840,2,2,2 BHK Apartment ,2,Koregaon Park,8000000,9523
0,3,2,1,0,0,11,552,2,1,1 BHK Apartment ,4,Kalyani Nagar,5000000,9057
0,3,1,0,1,0,11,2400,2,4,4 BHK Villa ,0,Viman Nagar,14500000,6041
1,2,3,1,1,0,0,975,2,2,2 BHK Apartment ,7,Wakad,6500000,6666
0,0,0,1,1,0,3,569,1,1,1 BHK Apartment ,2,Lohegaon,2650000,4657
0,3,1,0,1,0,11,3000,2,4,4 BHK Villa ,0,Koregaon Park,35000000,11666
0,3,0,1,1,0,11,1122,2,2,2 BHK Apartment ,3,Kharadi,5750000,5124
0,3,0,0,1,0,6,2000,2,2,2 BHK Villa ,0,Wagholi,11000000,5500
0,3,0,1,1,0,11,1456,2,3,3 BHK Apartment ,6,Kharadi,7800000,5357
0,3,0,1,1,0,2,860,2,2,2 BHK Apartment ,4,Wagholi,4000000,4651
0,3,2,1,1,0,11,1126,2,2,2 BHK Apartment ,4,Viman Nagar,10000000,8880
0,3,0,1,1,0,11,1050,2,2,2 BHK Apartment ,3,Viman Nagar,8500000,8095
0,3,0,1,1,0,11,2008,2,2,3 BHK Apartment ,0,Viman Nagar,16000000,7968
0,3,1,1,1,0,6,3300,2,3,3 BHK Apartment ,6,Hadapsar,34500000,10454
0,3,0,1,1,0,2,1279,2,2,2 BHK Apartment ,6,Kharadi,7910000,6184
1,3,3,1,1,0,0,865,1,2,2 BHK Apartment ,11,Undri,3826250,4423
0,3,0,1,1,0,3,500,2,1,1 BHK Apartment ,1,Tingre Nagar,2100000,4200
0,3,2,1,1,1,10,2400,1,3,3 BHK Apartment ,1,Kalyani Nagar,40000000,16666
0,3,2,1,1,0,11,1500,2,3,3 BHK Apartment ,10,Kalyani Nagar,13500000,9000
0,3,0,1,1,0,11,580,2,1,1 BHK Apartment ,7,Wagholi,3200000,5517
0,3,2,1,1,0,11,1356,2,3,3 BHK Apartment ,4,Kharadi,8000000,5900
0,3,2,1,1,0,11,1500,2,3,3 BHK Apartment ,1,Viman Nagar,10000000,6667
0,3,0,1,1,0,11,1250,2,2,2 BHK Apartment ,3,Wadgaon Sheri,8100000,6480
0,3,0,1,1,0,6,1255,2,2,2 BHK Apartment ,2,Viman Nagar,9000000,7171
0,3,2,1,1,0,11,3641,2,4,4 BHK Apartment ,3,Kalyani Nagar,60000000,16478
0,3,0,1,1,0,11,660,2,1,1 BHK Apartment ,3,Wagholi,2750000,4166
0,3,0,1,1,0,2,1550,2,3,3 BHK Apartment ,3,Wagholi,7000000,4516
0,3,1,1,1,0,11,1050,2,2,2 BHK Apartment ,7,Kharadi,6500000,6190
0,3,0,1,1,0,2,1305,2,3,2 BHK Apartment ,4,Viman Nagar,8500000,6513
0,3,1,1,1,0,11,1100,2,2,2 BHK Apartment ,2,Yerawada,7500000,6818
0,3,0,1,1,0,11,1660,2,3,4 BHK Apartment ,7,Viman Nagar,12500000,7530
0,3,2,1,1,0,11,1200,2,2,2 BHK Apartment ,3,Wadgaon Sheri,7600000,6333
0,3,2,1,1,0,6,1100,2,2,2 BHK Apartment ,7,Viman Nagar,8500000,7727
0,3,0,1,1,0,6,950,2,2,2 BHK Apartment ,4,Kharadi,5700000,6000
0,3,2,1,1,0,11,1571,2,3,3 BHK Apartment ,0,Viman Nagar,10500000,6684
0,3,0,1,1,0,11,1300,2,3,3 BHK Apartment ,3,Koregaon Park,12500000,9615
0,3,1,1,1,0,11,885,2,2,2 BHK Apartment ,3,Kharadi,4200000,4746
0,3,2,1,1,0,11,1300,2,3,3 BHK Apartment ,2,Kharadi,7500000,5769
0,3,2,1,1,0,11,1410,2,3,3 BHK Apartment ,1,Kharadi,12000000,8511
0,3,0,1,1,0,11,1650,2,2,2 BHK Apartment ,2,Kalyani Nagar,13000000,7879
0,3,0,1,1,0,11,625,2,1,1 BHK Apartment ,3,Kharadi,3500000,5600
0,3,1,1,1,0,11,1550,2,3,3 BHK Apartment ,6,Viman Nagar,9000000,5806
0,3,1,0,1,0,11,1600,2,4,4 BHK Villa ,0,Viman Nagar,17500000,10937
0,3,0,1,1,0,11,1900,2,3,3 BHK Apartment ,10,Koregaon Park,22500000,11842
0,3,0,1,0,0,11,696,2,1,1 BHK Apartment ,4,Viman Nagar,4600000,6609
0,3,0,1,1,0,11,1140,2,2,2 BHK Apartment ,6,Viman Nagar,6600000,5789
1,3,3,1,1,0,1,1555,2,3,3 BHK Apartment ,6,Kharadi,11500000,7395
1,3,3,1,1,1,3,1700,2,4,3 BHK Apartment ,7,Wagholi,11200000,6588
0,3,1,1,1,0,6,567,2,1,1 BHK Apartment ,3,Hadapsar,2900000,5114
0,2,0,1,1,0,10,1050,2,2,2 BHK Apartment ,5,Vishrantwadi,6500000,6190
0,3,1,1,1,0,3,895,2,2,2 BHK Apartment ,4,Rahatani,5500000,6145
0,2,0,1,1,0,4,1800,2,3,3 BHK Apartment ,3,Kharadi,12600000,7000
0,3,0,1,1,0,1,930,2,2,2 BHK Apartment ,5,Pimple Saudagar,6950000,7473
0,3,1,1,0,0,17,550,1,1,1 BHK Apartment ,1,Bund Garden,7000000,12727
0,3,0,1,1,0,2,1207,1,2,2 BHK Apartment ,6,Koregaon Park,11100000,9196
0,3,0,1,1,0,10,2050,2,3,3 BHK Apartment ,10,Boat Club Road,30000000,14634
0,3,0,1,1,0,6,3877,2,4,4 BHK Apartment ,3,Hadapsar,37000000,9543
0,3,0,1,1,0,2,5400,2,4,4 BHK Apartment ,6,Kalyani Nagar,41000000,7592
0,3,2,1,1,0,11,3150,2,4,4 BHK Apartment ,7,Kalyani Nagar,36500000,11587
0,3,1,1,1,0,11,1100,2,2,2 BHK Apartment ,6,Wadgaon Sheri,7600000,6909
0,3,0,1,1,0,11,1330,2,2,2 BHK Apartment ,5,Wadgaon Sheri,11000000,8270
0,3,0,1,1,1,8,1662,2,3,3 BHK Apartment ,6,Hadapsar,13500000,8122
0,3,0,1,1,0,3,1000,1,2,2 BHK Apartment ,3,Wakad,5300000,5300
1,3,3,1,1,1,3,1255,2,2,2 BHK Apartment ,1,Wagholi,7800000,6215
1,3,3,1,1,1,0,991,1,2,2 BHK Apartment ,4,Wagholi,4500000,4540
0,3,0,1,1,0,10,1650,2,4,3 BHK Villa ,1,Viman Nagar,13500000,8181
0,3,0,1,1,0,6,1265,2,2,2 BHK Apartment ,2,Kharadi,7200000,5691
0,3,2,1,1,1,5,1690,2,4,3 BHK Apartment ,4,Viman Nagar,18000000,10650
0,3,0,1,1,0,11,1610,2,3,3 BHK Apartment ,1,Kharadi,6500000,4037
1,3,3,1,1,0,0,1315,2,2,2 BHK Apartment ,2,Kharadi,8700000,6615
0,3,0,1,1,0,6,1450,2,3,3 BHK Apartment ,5,Koregaon Park,18200000,12551
0,3,0,1,1,0,10,1125,2,2,2 BHK Apartment ,10,Kharadi,8500000,7555
0,3,0,1,1,0,5,1940,1,3,3 BHK Apartment ,4,Hadapsar,14000000,7216
0,2,0,1,1,0,14,1285,2,2,2 BHK Apartment ,7,Yerawada,10500000,8171
0,3,2,1,1,0,5,5800,3,5,4 BHK Apartment ,11,Kharadi,42000000,7241
0,2,1,1,1,0,5,1950,2,4,3 BHK Apartment ,6,Kharadi,13700000,7025
0,3,1,1,1,0,1,4930,1,5,4 BHK Apartment ,5,Koregaon Park,80000000,16227
0,3,0,1,1,0,5,1255,1,2,2 BHK Apartment ,12,Wagholi,10500000,8366
0,3,0,0,1,0,10,1000,1,2,2 BHK Apartment ,2,Shastri Nagar,6700000,6700
0,3,0,1,1,0,10,516,1,1,1 BHK Apartment ,4,Koregaon Park,6700000,12984
0,3,2,1,1,0,15,2300,1,5,4 BHK Apartment ,5,Kalyani Nagar,25500000,11086
0,3,2,1,1,0,10,1150,1,2,2 BHK Apartment ,1,Kalyani Nagar,11600000,10086
0,2,0,1,1,0,5,2550,3,4,4 BHK Apartment ,5,Kalyani Nagar,17000000,6666
0,3,0,1,1,0,10,1250,2,2,2 BHK Apartment ,5,Kalyani Nagar,8000000,6400
0,3,1,1,1,0,10,900,1,2,2 BHK Apartment ,1,Kalyani Nagar,7000000,7777
0,3,0,1,1,0,5,1075,1,2,2 BHK Apartment ,4,Kharadi,6300000,5860
0,3,0,1,1,0,5,1100,1,2,2 BHK Apartment ,3,Kharadi,5700000,5181
0,3,1,1,1,0,5,3380,2,5,3 BHK Apartment ,12,Kharadi,20000000,5917
0,3,2,1,1,0,10,1650,2,3,3 BHK Apartment ,2,Koregaon Park,25000000,15151
0,2,2,1,1,0,10,1255,2,3,3 BHK Apartment ,4,Koregaon Park,9800000,7808
0,2,1,1,1,0,10,1900,1,3,3 BHK Apartment ,2,Koregaon Park,27500000,14473
0,3,1,1,1,0,10,2345,3,4,3 BHK Apartment ,3,Koregaon Park,33500000,14285
0,2,2,1,1,0,10,5265,3,4,4 BHK Apartment ,10,Koregaon Park,80000000,15194
0,3,0,1,1,0,15,1060,2,2,2 BHK Apartment ,3,Koregaon Park,11000000,10377
0,2,1,1,1,0,10,1255,2,3,3 BHK Apartment ,4,Koregaon Park,9500000,7569
0,2,2,1,1,0,10,2615,2,5,4 BHK Apartment ,4,Koregaon Park,32500000,12428
0,3,1,1,1,0,5,4355,2,5,4 BHK Apartment ,4,Kharadi,22500000,5166
0,3,0,1,1,0,10,1050,2,2,2 BHK Apartment ,12,Kalyani Nagar,9300000,8857
0,3,2,1,1,0,10,1750,2,3,3 BHK Apartment ,5,Kalyani Nagar,18000000,10285
0,3,0,1,1,0,10,1080,1,2,2 BHK Apartment ,3,Kalyani Nagar,7500000,6944
0,2,2,1,1,0,10,3500,3,4,4 BHK Apartment ,10,Kalyani Nagar,38500000,11000
0,3,0,1,1,0,10,1250,2,2,2 BHK Apartment ,7,Kalyani Nagar,8500000,6800
0,3,0,1,1,0,15,2420,1,4,3 BHK Apartment ,10,Kalyani Nagar,29000000,11983
0,3,2,1,1,0,5,4095,3,5,5 BHK Apartment ,10,Kalyani Nagar,75000000,18315
0,2,1,1,1,0,15,1600,2,3,3 BHK Apartment ,6,Kalyani Nagar,16000000,10000
0,2,2,1,1,0,5,2836,2,5,4 BHK Apartment ,2,Kalyani Nagar,45000000,15867
0,3,2,1,1,0,15,1100,1,2,2 BHK Apartment ,5,Kalyani Nagar,10000000,9090
0,3,1,1,1,0,5,1805,3,3,3 BHK Apartment ,6,Kalyani Nagar,20000000,11080
0,3,2,1,1,0,15,1490,3,3,3 BHK Apartment ,7,Kalyani Nagar,13500000,9060
0,2,0,1,1,0,10,700,1,1,1 BHK Apartment ,10,Kalyani Nagar,6500000,9285
0,3,1,0,1,0,5,4100,1,4,4 BHK Apartment ,9,Sangamvadi,70000000,17073
0,3,0,1,1,0,10,1900,2,3,3 BHK Apartment ,4,Sangamvadi,25000000,13157
0,3,1,1,1,0,5,4070,3,5,5 BHK Apartment ,8,Sangamvadi,60000000,14742
0,3,1,1,1,0,5,950,1,2,2 BHK Apartment ,2,Sangamvadi,14000000,14736
0,3,1,1,1,0,5,1260,1,2,2 BHK Apartment ,4,Sangamvadi,21000000,16666
0,3,1,1,1,0,5,1250,1,2,2 BHK Apartment ,6,Kalyani Nagar,9000000,7200
0,3,1,1,1,0,5,1060,2,2,2 BHK Apartment ,5,Koregaon Park,11500000,10849
0,3,2,1,1,0,15,800,2,1,1 BHK Apartment ,4,Koregaon Park,7800000,9750
0,3,0,1,1,0,5,1800,2,3,3 BHK Apartment ,5,Koregaon Park,21000000,11666
0,2,2,1,1,0,10,1850,2,4,3 BHK Apartment ,8,Koregaon Park,22000000,11891
0,2,0,0,1,0,15,2200,2,3,3 BHK Apartment ,2,Koregaon Park,20000000,9090
0,3,1,0,0,0,10,1250,1,2,2 BHK Apartment ,2,Koregaon Park,15500000,12400
0,3,1,1,1,0,5,1850,2,3,3 BHK Apartment ,6,Koregaon Park,23500000,12702
0,2,2,1,1,0,10,1850,2,4,4 BHK Apartment ,3,Koregaon Park,23000000,12432
0,3,0,1,1,0,10,2536,1,3,3 BHK Apartment ,3,Kalyani Nagar,36500000,14392
0,3,2,1,1,0,10,462,2,1,1 BHK Apartment ,3,Koregaon Park,6500000,14069
0,3,2,1,1,0,10,2850,2,5,4 BHK Apartment ,10,Kalyani Nagar,50000000,17543
0,2,0,1,1,0,10,1800,1,3,3 BHK Apartment ,2,Kalyani Nagar,21000000,11666
0,3,2,1,1,0,10,2300,1,4,4 BHK Apartment ,4,Kalyani Nagar,35000000,15217
0,3,2,1,1,0,5,2125,2,4,3 BHK Apartment ,10,Kalyani Nagar,28000000,13176
0,3,0,1,1,0,10,2490,1,3,3 BHK Apartment ,4,Kalyani Nagar,32500000,13052
0,2,2,1,1,0,5,1750,2,3,3 BHK Apartment ,1,Kalyani Nagar,19000000,10857
0,3,1,0,1,0,5,2500,2,3,3 BHK Apartment ,2,Kalyani Nagar,22500000,9000
0,3,0,1,0,0,4,2535,2,4,4 BHK Apartment ,2,Kalyani Nagar,25000000,9861
0,3,1,1,0,0,5,3215,3,4,4 BHK Apartment ,4,Kalyani Nagar,30000000,9331
0,2,0,1,1,0,5,2400,2,3,3 BHK Apartment ,2,Viman Nagar,17500000,7291
0,3,0,1,1,0,1,1600,2,3,3 BHK Apartment ,8,Viman Nagar,13500000,8437
0,3,0,1,1,0,10,1255,1,2,2 BHK Apartment ,3,Viman Nagar,8500000,6772
0,2,0,1,1,0,10,1500,2,3,3 BHK Apartment ,4,Viman Nagar,11600000,7733
0,3,0,1,1,0,5,1125,1,3,3 BHK Apartment ,6,Viman Nagar,9500000,8444
0,3,0,0,1,0,5,1650,2,3,3 BHK Apartment ,5,Kalyani Nagar,16500000,10000
0,2,1,1,1,0,5,1200,2,2,2 BHK Apartment ,4,Kalyani Nagar,9800000,8166
0,2,0,1,1,0,10,1330,1,3,3 BHK Apartment ,1,Kalyani Nagar,13500000,10150
0,3,2,1,1,0,11,2800,2,5,4 BHK Apartment ,6,Kalyani Nagar,44000000,15714
0,3,2,1,1,0,10,1806,2,3,3 BHK Apartment ,1,Kalyani Nagar,18000000,9966
0,3,0,1,1,0,10,1450,2,3,3 BHK Apartment ,1,Kalyani Nagar,14300000,9862
0,3,0,1,1,0,5,1200,1,2,3 BHK Apartment ,6,Kalyani Nagar,12500000,10416
0,3,0,1,1,0,5,1100,1,2,2 BHK Apartment ,4,Kalyani Nagar,9000000,8181
0,2,0,1,1,0,10,900,2,2,2 BHK Apartment ,3,Kalyani Nagar,8400000,9333
0,3,0,1,1,0,5,1520,2,3,3 BHK Apartment ,4,Viman Nagar,12300000,8092
0,3,0,1,1,0,5,1700,2,3,3 BHK Apartment ,8,Wagholi,8600000,5058
0,3,0,1,1,0,5,1450,2,3,3 BHK Apartment ,3,Wagholi,9600000,6620
0,3,0,1,1,0,5,2625,3,5,4 BHK Apartment ,2,Wagholi,11500000,4380
0,2,0,1,1,0,5,2502,2,3,4 BHK Villa ,2,Wagholi,10000000,3996
0,3,0,1,1,0,0,3000,1,4,4 BHK Apartment ,2,Viman Nagar,23000000,7666
0,3,0,1,1,0,5,2510,2,3,3 BHK Apartment ,3,Viman Nagar,18500000,7370
0,3,2,1,1,0,5,2300,1,4,3 BHK Apartment ,9,Viman Nagar,25800000,11217
0,3,0,1,1,0,5,1600,2,3,3 BHK Apartment ,7,Viman Nagar,27000000,16875
0,3,2,1,1,0,10,3000,2,3,3 BHK Apartment ,7,Viman Nagar,25000000,8333
0,3,1,1,1,0,5,5400,2,6,4 BHK Apartment ,6,Viman Nagar,44500000,8240
0,3,0,1,1,0,10,1640,2,3,3 BHK Apartment ,5,Yerawada,12500000,7621
0,3,1,1,1,0,10,950,1,2,2 BHK Apartment ,5,Yerawada,7800000,8210
0,3,1,1,1,0,10,1010,1,2,2 BHK Apartment ,4,Yerawada,8800000,8712
0,3,2,1,1,0,1,1674,2,2,3 BHK Apartment ,7,Yerawada,16200000,9677
0,3,0,1,1,0,10,1108,2,2,2 BHK Apartment ,1,Yerawada,8500000,7671
0,2,1,1,1,0,10,2050,2,3,3 BHK Apartment ,10,Sangamvadi,30000000,14634
0,2,0,0,1,0,10,4000,2,4,4 BHK Apartment ,2,Sangamvadi,55000000,13750
0,3,1,1,1,0,10,3350,2,5,4 BHK Apartment ,3,Sangamvadi,50000000,14925
0,2,1,1,1,0,10,1450,1,2,2 BHK Apartment ,8,Sangamvadi,26100000,18000
0,2,2,1,1,0,10,630,1,1,1 BHK Apartment ,1,Boat Club Road,8800000,13968
0,2,0,0,1,0,5,1987,3,3,3 BHK Villa ,1,Wagholi,9500000,4781
0,3,0,1,1,0,10,1100,1,2,2 BHK Apartment ,4,Wagholi,5700000,5181
0,3,0,1,1,0,5,1625,1,3,3 BHK Apartment ,4,Wagholi,7650000,4707
0,3,0,1,1,0,5,1428,2,2,3 BHK Apartment ,2,Wagholi,5400000,3781
0,3,0,1,1,0,5,1600,1,3,3 BHK Apartment ,10,Wagholi,8500000,5312
0,3,0,1,1,0,5,1585,2,2,3 BHK Apartment ,4,Wagholi,6750000,4258
0,3,0,1,1,0,5,1585,2,2,3 BHK Apartment ,9,Wagholi,6500000,4100
0,3,2,1,1,0,5,1100,1,2,2 BHK Apartment ,6,Wagholi,7500000,6818
0,2,2,1,1,0,10,4000,2,3,3 BHK Apartment ,2,Kalyani Nagar,41000000,10250
0,3,2,1,1,0,1,5235,2,5,4 BHK Apartment ,6,Kharadi,30000000,5730
0,3,2,1,1,0,1,2360,1,4,3 BHK Apartment ,10,Kharadi,15300000,6483
0,3,1,1,1,0,5,4415,2,4,4 BHK Apartment ,8,Viman Nagar,40000000,9060
0,3,0,1,1,0,5,900,2,2,1 BHK Apartment ,6,Viman Nagar,7200000,8000
0,3,0,1,1,0,10,1220,2,2,2 BHK Apartment ,7,Viman Nagar,7800000,6393
0,3,0,1,1,0,5,1250,1,2,2 BHK Apartment ,4,Viman Nagar,9000000,7200
0,2,0,1,1,0,10,1600,2,3,3 BHK Apartment ,1,Koregaon Park,19000000,11875
0,3,1,1,1,0,1,5850,3,5,5 BHK Apartment ,11,Koregaon Park,95000000,16239
0,3,1,1,1,0,5,2600,3,4,4 BHK Apartment ,3,Koregaon Park,35000000,13461
0,3,0,1,1,0,1,3400,2,4,4 BHK Apartment ,4,Koregaon Park,60000000,17647
0,2,2,1,1,0,10,1438,1,3,2 BHK Apartment ,3,Koregaon Park,23000000,15994
0,3,2,1,1,0,10,1130,1,2,2 BHK Apartment ,2,Koregaon Park,12000000,10619
0,3,2,0,1,0,10,950,2,2,2 BHK Apartment ,3,Koregaon Park,12500000,13157
0,3,0,0,1,0,10,1255,1,2,3 BHK Apartment ,6,Koregaon Park,10000000,7968
0,2,2,0,1,0,10,1250,1,2,2 BHK Apartment ,2,Koregaon Park,11000000,8800
0,3,0,0,1,0,10,1000,2,2,2 BHK Apartment ,2,Bund Garden,7800000,7800
0,2,0,0,1,0,10,2480,3,3,3 BHK Apartment ,5,Viman Nagar,19200000,7741
0,2,0,1,1,0,15,880,1,2,2 BHK Apartment ,4,Viman Nagar,6400000,7272
0,3,1,0,1,0,10,2534,3,3,3 BHK Apartment ,4,Viman Nagar,18800000,7419
0,2,2,1,1,0,15,1900,2,4,4 BHK Apartment ,6,Viman Nagar,15000000,7894
0,2,0,0,1,0,5,1250,2,3,3 BHK Apartment ,6,Viman Nagar,9500000,7600
0,3,0,1,1,0,5,4400,2,5,4 BHK Apartment ,7,Viman Nagar,44000000,10000
0,2,2,1,1,0,5,1680,2,3,3 BHK Apartment ,4,Viman Nagar,15500000,9226
0,3,0,1,1,0,5,1600,2,3,3 BHK Apartment ,8,Kharadi,7700000,4812
0,3,1,1,1,0,5,2010,1,4,3 BHK Apartment ,10,Kharadi,15000000,7462
0,3,0,1,1,0,5,1243,1,2,2 BHK Apartment ,5,Kharadi,7000000,5631
0,3,0,1,1,0,5,2013,1,4,3 BHK Apartment ,12,Kharadi,12800000,6358
0,3,0,1,1,0,5,1300,1,2,2 BHK Apartment ,8,Kharadi,9200000,7076
0,2,0,1,1,0,10,1050,2,2,2 BHK Apartment ,1,Kharadi,6000000,5714
0,3,0,1,1,0,10,2366,2,3,3 BHK Apartment ,4,Kalyani Nagar,29000000,12256
0,3,0,1,1,0,5,2100,2,3,3 BHK Apartment ,2,Kalyani Nagar,22200000,10571
0,3,0,1,1,0,5,1050,1,2,2 BHK Apartment ,2,Kalyani Nagar,7750000,7380
0,3,2,1,1,0,10,1650,1,3,3 BHK Apartment ,1,Kalyani Nagar,20000000,12121
0,3,0,1,1,0,10,1938,1,3,3 BHK Apartment ,2,Kalyani Nagar,23500000,12125
0,2,1,1,1,0,5,3200,2,3,3 BHK Apartment ,11,Kalyani Nagar,28000000,8750
0,3,2,1,1,0,5,4100,3,5,4 BHK Apartment ,6,Kalyani Nagar,72500000,17682
0,3,1,1,1,0,10,650,1,1,1 BHK Apartment ,3,Kalyani Nagar,6800000,10461
0,3,2,0,1,0,10,550,2,2,1 BHK Apartment ,4,Koregaon Park,5250000,9545
0,3,1,1,1,0,10,1500,1,3,3 BHK Apartment ,2,Koregaon Park,14000000,9333
0,3,1,1,1,0,1,4300,3,5,4 BHK Apartment ,6,Koregaon Park,55000000,12790
0,3,2,1,1,0,1,4865,2,5,4 BHK Apartment ,9,Kharadi,24000000,4933
0,3,0,0,1,0,10,3707,2,4,4 BHK Villa ,2,Kharadi,35000000,9441
0,3,1,1,1,0,5,3700,1,4,4 BHK Villa ,1,Kharadi,40000000,10810
0,3,2,1,1,0,10,3707,2,5,4 BHK Villa ,2,Kharadi,38100000,10277
0,3,2,0,1,0,10,3707,2,5,4 BHK Villa ,2,Kharadi,38000000,10250
0,3,2,1,1,0,5,5650,3,5,4 BHK Apartment ,13,Kharadi,45000000,7964
0,3,1,1,1,0,5,4088,2,5,4 BHK Apartment ,17,Kharadi,35000000,8561
0,3,0,1,1,0,1,2491,2,4,4 BHK Apartment ,10,Kharadi,17000000,6824
0,3,0,1,1,0,1,2740,1,5,4 BHK Apartment ,10,Kharadi,19500000,7116
0,3,2,1,1,0,5,4088,2,5,4 BHK Apartment ,11,Kharadi,32500000,7950
0,3,1,1,1,0,5,2500,2,3,3 BHK Apartment ,12,Kharadi,14000000,5600
0,3,1,1,1,0,5,3380,2,5,3 BHK Apartment ,12,Kharadi,20000000,5917
0,3,2,1,1,0,5,2500,1,4,4 BHK Apartment ,11,Kharadi,18500000,7400
0,2,2,1,1,0,14,1010,1,2,2 BHK Apartment ,6,Yerawada,8000000,7920
0,2,1,1,1,0,15,1640,2,3,3 BHK Apartment ,2,Kalyani Nagar,23500000,14329
0,3,2,1,1,0,5,2400,3,4,4 BHK Apartment ,5,Kalyani Nagar,55000000,22916
0,3,1,1,1,0,5,600,1,1,1 BHK Apartment ,6,Koregaon Park,6000000,10000
0,2,0,1,1,0,5,2000,2,3,3 BHK Villa ,2,Wagholi,8700000,4350
0,3,0,0,1,0,5,3200,3,4,3 BHK Villa ,1,Wagholi,14200000,4437
1,3,3,1,1,0,5,1800,2,3,3 BHK Villa ,2,Wagholi,12000000,6666
0,3,0,1,1,0,5,1750,2,3,3 BHK Villa ,10,Wagholi,8000000,4571
0,3,0,1,1,0,5,1450,1,2,2 BHK Villa ,4,Wagholi,7000000,4827
1,3,3,1,1,1,0,1426,2,3,3 BHK Apartment ,8,Sus,8000000,5610
0,3,1,1,1,1,1,1545,1,3,3 BHK Apartment ,5,Bavdhan,10000000,6472
0,2,0,1,1,0,14,1010,2,2,2 BHK Apartment ,5,Yerawada,8600000,8514
1,3,3,1,1,0,0,1253,2,2,3 BHK Apartment ,5,Hadapsar,6563306,5238
1,3,3,1,0,0,0,929,1,2,2 BHK Apartment ,5,Hadapsar,5072258,5459
1,3,3,1,1,0,0,1087,1,2,2 BHK Apartment ,5,Hadapsar,5799374,5335
1,3,3,1,1,0,0,942,1,2,2 BHK Apartment ,7,Hadapsar,5132084,5448
0,3,0,1,1,0,2,1600,2,3,3 BHK Apartment ,7,Kharadi,8100000,5062
0,3,0,0,1,0,10,1300,3,3,2 BHK Villa ,2,Viman Nagar,8400000,6461
0,3,1,1,1,0,14,820,2,2,2 BHK Apartment ,2,Kothrud,7800000,9512
0,3,0,1,1,0,10,2050,2,3,3 BHK Apartment ,10,Sangamvadi,30000000,14634
0,3,0,1,1,0,0,5480,3,6,5 BHK Apartment ,6,Sangamvadi,98000000,17883
0,3,0,1,1,0,18,2050,2,3,3 BHK Apartment ,4,Sangamvadi,30000000,14634
0,3,0,1,1,0,10,1450,2,2,2 BHK Apartment ,8,Sangamvadi,26100000,18000
0,2,1,1,1,0,5,2700,2,3,3 BHK Apartment ,12,Hadapsar,18000000,6666
0,3,0,1,1,0,10,1265,1,2,2 BHK Apartment ,8,Hadapsar,9000000,7114
0,2,1,1,1,0,5,3800,2,6,4 BHK Apartment ,8,Hadapsar,34000000,8947
0,3,1,1,1,0,5,2350,1,3,3 BHK Apartment ,12,Hadapsar,15000000,6382
0,3,1,1,1,0,5,4455,2,6,4 BHK Apartment ,1,Hadapsar,28500000,6397
0,3,2,1,1,0,5,2150,1,3,3 BHK Apartment ,7,Hadapsar,16500000,7674
0,2,0,1,1,0,10,2195,3,3,3 BHK Apartment ,12,Hadapsar,20000000,9111
0,3,1,1,1,0,5,4665,2,4,4 BHK Apartment ,11,Hadapsar,32000000,6859
0,3,0,1,1,1,3,1317,2,3,3 BHK Apartment ,6,Lohegaon,6700000,5087
1,3,3,1,1,1,0,1426,2,3,3 BHK Apartment ,3,Sus,8000000,5610
1,2,3,1,1,1,0,963,2,2,2 BHK Apartment ,15,Balewadi,6500000,6749
0,3,0,1,1,0,10,1150,2,2,2 BHK Apartment ,1,Viman Nagar,10000000,8695
0,3,0,1,1,0,10,745,2,1,1 BHK Apartment ,1,Viman Nagar,6000000,8053
0,3,0,1,1,0,10,1100,1,2,2 BHK Apartment ,2,Viman Nagar,7500000,6818
0,3,0,1,1,0,0,2500,3,3,3 BHK Apartment ,2,Viman Nagar,25000000,10000
0,3,0,1,1,0,10,3444,2,4,4 BHK Apartment ,5,Viman Nagar,40000000,11614
0,3,2,1,1,1,19,1400,3,3,3 BHK Apartment ,2,Boat Club Road,16000000,11428
0,3,2,1,1,1,19,640,2,1,1 BHK Apartment ,4,Boat Club Road,6800000,10625
0,2,0,1,1,0,10,650,1,1,1 BHK Apartment ,2,Vishrantwadi,4100000,6307
0,2,0,1,1,0,10,649,2,1,1 BHK Apartment ,4,Vishrantwadi,4200000,6471
0,2,0,1,1,0,5,650,1,1,1 BHK Apartment ,4,Vishrantwadi,3000000,4615
0,3,1,1,1,0,5,1180,2,2,2 BHK Apartment ,4,Boat Club Road,7000000,5932
0,3,1,0,1,0,10,604,1,1,1 BHK Apartment ,1,Boat Club Road,7500000,12417
0,3,1,1,1,0,10,2580,3,3,3 BHK Apartment ,3,Hadapsar,16000000,6201
0,3,1,1,1,0,5,1350,1,2,2 BHK Apartment ,1,Hadapsar,10000000,7407
0,3,0,1,1,0,10,925,1,2,2 BHK Apartment ,2,Boat Club Road,10000000,10810
0,3,1,1,1,0,5,4800,3,4,4 BHK Apartment ,1,Hadapsar,30000000,6250
0,2,1,1,1,0,5,1402,2,3,3 BHK Apartment ,10,Pimple Saudagar,9000000,6419
0,3,0,1,1,0,4,3250,3,5,4 BHK Villa ,0,Hadapsar,35000000,10769
0,3,0,1,1,0,10,1755,2,3,3 BHK Apartment ,3,Hadapsar,14000000,7977
0,3,0,1,1,0,8,1200,2,2,2 BHK Apartment ,8,Hadapsar,9300000,7750
0,3,0,1,1,0,10,1800,2,3,4 BHK Apartment ,2,Viman Nagar,22500000,12500
0,3,0,1,1,0,10,1161,2,2,2 BHK Apartment ,3,Viman Nagar,8500000,7321
0,3,0,1,1,0,12,1300,2,3,3 BHK Apartment ,3,Wadgaon Sheri,13000000,10000
0,3,0,1,1,0,10,1800,2,4,4 BHK Apartment ,2,Viman Nagar,22500000,12500
0,3,0,1,1,0,10,1250,2,3,3 BHK Villa ,2,Viman Nagar,12000000,9600
0,3,0,1,1,0,5,2300,2,4,3 BHK Apartment ,10,Hadapsar,15500000,6739
1,3,3,1,1,0,0,926,1,2,2 BHK Apartment ,6,Mundhwa,5800000,6263
1,3,3,1,0,0,6,566,2,1,1 BHK Apartment ,5,Kharadi,3550000,6272
1,3,3,1,1,0,11,2050,2,3,3 BHK Apartment ,3,Koregaon Park,21000000,10243
1,3,3,1,1,0,6,1166,2,2,2 BHK Apartment ,3,Viman Nagar,8500000,7289
1,3,3,1,0,0,11,1150,2,2,2 BHK Apartment ,6,Kharadi,6300000,5478
0,3,1,1,1,0,6,1880,2,3,3 BHK Apartment ,3,Sangamvadi,26000000,13829
0,3,0,1,1,0,1,1355,2,2,2 BHK Apartment ,3,Kharadi,8400000,6199
0,3,0,1,0,0,16,1400,2,2,2 BHK Apartment ,1,Koregaon Park,13000000,9285
0,3,0,1,1,0,3,1300,2,2,2 BHK Apartment ,6,Kalyani Nagar,10700000,8230
0,3,1,1,1,0,5,2491,3,4,4 BHK Apartment ,5,Kharadi,18000000,7226
0,3,1,1,1,0,15,1100,1,2,2 BHK Apartment ,4,Yerawada,7500000,6818
0,3,0,1,1,0,6,5500,3,5,5 BHK Apartment ,11,Koregaon Park,61000000,11090
0,3,0,1,1,0,5,1230,1,2,2 BHK Apartment ,3,Mundhwa,7800000,6341
0,3,0,1,1,0,5,1575,2,3,3 BHK Apartment ,0,Mundhwa,15000000,9523
0,3,0,1,1,0,5,1575,2,3,3 BHK Apartment ,0,Mundhwa,15700000,9968
0,3,0,1,1,0,9,3600,3,5,4 BHK Apartment ,0,Mundhwa,87500000,24305
0,3,0,1,1,0,0,1219,2,2,2 BHK Apartment ,8,Mundhwa,6700000,5496
0,3,0,1,1,0,2,1292,1,2,2 BHK Apartment ,1,Viman Nagar,9000000,6965
0,3,0,1,1,0,5,1230,1,2,2 BHK Apartment ,3,Mundhwa,7800000,6341
0,3,0,1,1,0,8,2650,1,3,3 BHK Apartment ,6,Mundhwa,31500000,11886
0,3,0,1,1,0,8,2180,2,3,3 BHK Apartment ,6,Mundhwa,22800000,10458
0,3,0,1,1,0,8,2680,2,4,4 BHK Apartment ,4,Mundhwa,28900000,10783
0,3,2,1,1,1,19,959,2,2,2 BHK Apartment ,1,Boat Club Road,15000000,15641
0,3,2,1,1,1,6,785,1,1,1 BHK Apartment ,5,Boat Club Road,8000000,10191
0,3,2,1,1,1,19,1150,1,2,2 BHK Apartment ,1,Boat Club Road,12500000,10869
0,3,2,0,0,1,10,2800,2,5,4 BHK Apartment ,6,Kalyani Nagar,44000000,15714
0,3,0,0,1,0,10,2100,3,4,4 BHK Apartment ,3,Kalyani Nagar,19000000,9047
1,3,3,1,1,0,3,920,2,2,2 BHK Apartment ,5,Wagholi,3650000,3967
0,3,2,1,1,0,7,2000,2,3,3 BHK Apartment ,2,Koregaon Park,23600000,11800
0,3,0,1,1,1,8,1500,2,3,3 BHK Apartment ,5,Pimple Saudagar,9300000,6200
0,3,0,1,1,0,0,1017,2,2,2 BHK Apartment ,3,Wadgaon Sheri,6000000,5899
0,3,2,1,1,0,6,2400,2,3,3 BHK Apartment ,10,Kharadi,11000000,4583
1,3,3,1,1,0,0,1140,1,2,2 BHK Apartment ,2,Hinjewadi,6836000,5996
1,3,3,1,1,0,0,922,1,2,2 BHK Apartment ,2,Baner,6441000,6985
0,3,0,1,1,0,3,925,2,1,2 BHK Apartment ,3,Pimple Saudagar,6500000,7027
0,3,0,1,1,0,2,1031,2,2,2 BHK Apartment ,5,Wakad,6900000,6692
0,3,2,1,1,0,10,1760,2,3,3 BHK Apartment ,5,Kharadi,13800000,7840
0,3,0,1,1,0,10,1244,2,2,3 BHK Apartment ,6,Kharadi,8800000,7073
0,3,0,1,1,0,10,1314,1,3,3 BHK Apartment ,1,Kharadi,11000000,8371
1,3,3,1,1,0,2,1016,1,2,2 BHK Apartment ,10,Wagholi,5500000,5413
0,3,1,1,1,0,10,1025,2,2,2 BHK Apartment ,7,Balewadi,7000000,6829
0,2,0,1,1,0,10,650,2,1,1 BHK Apartment ,6,Vishrantwadi,4000000,6153
0,2,0,1,1,0,7,600,1,1,1 BHK Apartment ,4,Tingre Nagar,3000000,5000
0,3,0,1,1,0,7,610,1,1,1 BHK Apartment ,3,Kharadi,4100000,6721
0,3,0,1,1,1,6,1346,2,2,2 BHK Apartment ,7,Kharadi,7500000,5572
0,3,0,1,1,0,8,2400,2,2,3 BHK Apartment ,3,Mundhwa,25000000,10416
0,3,0,1,1,0,10,1100,1,2,2 BHK Apartment ,0,Viman Nagar,8500000,7727
0,3,0,1,1,0,5,984,2,2,2 BHK Apartment ,2,Kharadi,6600000,6707
0,3,0,1,1,0,2,1008,2,2,2 BHK Apartment ,5,Kharadi,5500000,5456
0,3,0,1,1,0,8,1117,1,2,2 BHK Apartment ,7,Kharadi,8600000,7699
0,3,0,1,1,0,5,2200,2,4,3 BHK Apartment ,8,Kharadi,11800000,5363
0,3,0,1,1,0,2,1979,2,3,3 BHK Apartment ,6,Kharadi,18500000,9348
0,3,0,1,1,0,0,906,1,2,2 BHK Apartment ,7,Kharadi,7100000,7836
0,3,0,1,1,0,11,3000,3,5,4 BHK Villa ,0,Kalyani Nagar,45000000,15000
0,3,0,1,1,0,16,1900,3,3,3 BHK Villa ,0,Koregaon Park,24000000,12631
0,3,0,1,1,0,8,1355,2,3,3 BHK Apartment ,4,Koregaon Park,17500000,12915
0,3,0,1,1,0,6,2800,2,4,4 BHK Apartment ,5,Koregaon Park,37500000,13392
0,3,0,1,1,0,10,888,2,2,2 BHK Apartment ,2,Koregaon Park,9550000,10754
0,3,0,1,1,0,11,1000,1,1,2 BHK Apartment ,5,Kharadi,6400000,6400
0,3,0,1,1,0,2,5850,3,5,5 BHK Apartment ,11,Koregaon Park,95000000,16239
0,3,1,0,0,1,10,4000,2,4,4 BHK Apartment ,6,Koregaon Park,60000000,15000
1,3,3,1,1,0,0,1524,2,3,3 BHK Apartment ,5,Pimple Saudagar,8534400,5600
1,3,3,1,1,0,0,1689,3,3,3 BHK Apartment ,4,Pimple Saudagar,9458400,5600
0,3,0,1,1,0,10,1250,1,2,2 BHK Apartment ,6,Viman Nagar,10500000,8400
0,3,0,1,1,0,5,638,1,1,1 BHK Apartment ,2,Kharadi,4000000,6269
0,3,1,1,1,0,5,1150,2,2,2 BHK Apartment ,7,Kharadi,7800000,6782
0,3,1,1,1,0,10,1150,1,2,2 BHK Apartment ,2,Viman Nagar,8500000,7391
0,3,1,1,1,0,10,2300,3,3,4 BHK Apartment ,6,Viman Nagar,16000000,6956
1,3,3,1,1,0,0,1128,2,2,2 BHK Apartment ,6,Kharadi,7600000,6737
0,3,1,1,1,0,2,1604,1,3,3 BHK Apartment ,2,Bavdhan,11000000,6857
0,3,1,1,1,0,10,1580,1,3,3 BHK Apartment ,3,Mundhwa,16800000,10632
0,3,2,1,1,0,5,1690,1,4,3 BHK Apartment ,4,Viman Nagar,19800000,11715
0,3,2,1,1,0,10,3887,3,4,4 BHK Apartment ,10,Koregaon Park,43300000,11139
0,2,0,1,1,0,4,1270,1,2,3 BHK Apartment ,4,Kharadi,8000000,6299
0,3,0,1,1,1,0,1206,2,2,2 BHK Apartment ,8,Baner,8000000,6633
1,3,3,1,1,0,1,1574,2,3,3 BHK Apartment ,5,Bavdhan,8700000,5527
1,2,3,1,1,1,3,971,1,2,2 BHK Apartment ,6,Hadapsar,6500000,6694
0,3,0,1,1,0,3,925,1,1,2 BHK Apartment ,3,Pimple Saudagar,6500000,7027
1,3,3,1,1,1,1,2197,2,3,3 BHK Apartment ,5,Aundh,28900000,13154
0,3,0,0,1,0,10,1480,3,3,3 BHK Apartment ,3,Pimple Saudagar,7200000,4864
0,2,0,1,1,0,3,616,1,1,1 BHK Apartment ,2,Baner,4000000,6493
0,3,0,1,1,0,10,650,1,1,1 BHK Apartment ,5,Wadgaon Sheri,5500000,8461
0,3,0,1,1,0,2,4100,2,4,4 BHK Apartment ,2,Koregaon Park,65200000,15902
0,3,0,1,1,0,11,1625,1,4,3 BHK Apartment ,4,Kalyani Nagar,22000000,13538
0,3,0,1,1,0,10,1150,2,2,2 BHK Apartment ,8,Kalyani Nagar,8500000,7391
0,3,0,1,1,0,10,1193,2,2,2 BHK Apartment ,1,Kalyani Nagar,8400000,7041
0,3,0,1,1,0,11,950,1,2,2 BHK Apartment ,7,Sangamvadi,7700000,8105
0,3,0,1,1,0,2,4100,2,4,4 BHK Apartment ,2,Koregaon Park,62500000,15243
0,3,0,1,1,0,16,1900,3,4,3 BHK Villa ,2,Koregaon Park,24000000,12631
0,3,0,1,1,0,10,1050,2,2,2 BHK Apartment ,6,Kalyani Nagar,7900000,7523
0,3,1,1,1,1,6,1040,2,2,2 BHK Apartment ,5,NIBM Annex Mohammadwadi,5000000,4807
0,3,2,1,1,1,1,1580,2,3,3 BHK Apartment ,7,Hinjewadi,8500000,5379
0,2,0,1,1,0,10,1620,1,3,3 BHK Apartment ,6,Yerawada,11200000,6913
0,2,1,1,1,0,15,1800,3,3,3 BHK Apartment ,3,Yerawada,16200000,9000
0,2,0,1,1,0,5,1720,1,3,3 BHK Apartment ,3,Wagholi,7800000,4534
0,3,0,1,1,0,10,1565,1,3,3 BHK Apartment ,11,Wagholi,7000000,4472
0,3,0,1,1,0,5,1314,1,2,2 BHK Apartment ,8,Wagholi,5650000,4299
0,2,0,0,0,0,5,1250,3,2,2 BHK Apartment ,2,Wagholi,5000000,4000
0,3,2,1,1,0,5,1880,3,3,3 BHK Apartment ,1,Wagholi,11500000,6117
0,3,2,1,1,0,5,1700,1,3,3 BHK Apartment ,7,Wagholi,9700000,5705
0,3,1,1,1,0,5,4455,3,4,5 BHK Apartment ,1,Kharadi,32000000,7182
0,3,1,1,1,0,5,4088,1,4,4 BHK Apartment ,9,Kharadi,36000000,8806
0,3,1,1,1,0,5,4355,3,5,4 BHK Apartment ,10,Kharadi,31000000,7118
0,3,0,1,1,0,10,1100,1,2,2 BHK Apartment ,4,Kharadi,5500000,5000
0,3,0,1,1,0,5,1315,2,2,2 BHK Apartment ,4,Kharadi,9000000,6844
0,2,0,1,1,0,5,1855,1,4,3 BHK Apartment ,12,Kharadi,14000000,7547
0,2,0,1,1,0,5,1062,1,2,2 BHK Apartment ,7,Kharadi,7500000,7062
0,2,1,1,1,0,10,1611,2,3,3 BHK Apartment ,8,Kharadi,8400000,5214
0,3,0,1,1,0,5,1059,1,2,2 BHK Apartment ,14,Kharadi,6700000,6326
0,3,0,1,1,0,5,2015,1,3,3 BHK Apartment ,3,Kharadi,12500000,6203
0,3,0,1,1,0,10,1315,1,2,2 BHK Apartment ,3,Kharadi,9500000,7224
0,2,1,1,1,0,5,1900,2,3,3 BHK Apartment ,5,Kharadi,11600000,6105
0,3,1,1,1,0,5,1650,1,2,2 BHK Apartment ,10,Kharadi,10800000,6545
0,3,1,1,1,0,5,1275,1,3,3 BHK Apartment ,4,Kharadi,7800000,6117
0,3,0,1,1,0,10,1480,1,3,3 BHK Apartment ,1,Viman Nagar,12100000,8175
0,2,0,0,1,0,10,1450,2,3,3 BHK Apartment ,6,Viman Nagar,11500000,7931
0,3,2,0,1,0,5,1850,2,3,3 BHK Apartment ,1,Viman Nagar,16500000,8918
0,3,1,1,1,0,5,1250,2,2,2 BHK Apartment ,4,Viman Nagar,7200000,5760
0,3,0,0,1,0,10,1135,2,2,2 BHK Apartment ,4,Viman Nagar,7900000,6960
0,3,1,0,1,0,5,1062,1,3,2 BHK Apartment ,2,Viman Nagar,9000000,8474
0,3,0,0,1,0,15,1050,1,2,2 BHK Apartment ,4,Viman Nagar,8400000,8000
0,3,0,1,1,0,5,1690,1,3,3 BHK Apartment ,7,Viman Nagar,18000000,10650
0,3,0,1,1,0,10,1170,2,2,2 BHK Apartment ,8,Viman Nagar,9600000,8205
0,3,2,1,1,0,10,920,1,2,2 BHK Apartment ,2,Viman Nagar,7000000,7608
0,3,2,1,1,0,10,3000,2,3,3 BHK Apartment ,7,Viman Nagar,25000000,8333
0,2,2,0,1,0,10,2791,3,3,3 BHK Apartment ,1,Viman Nagar,21500000,7703
0,3,0,1,1,0,5,3000,2,5,4 BHK Apartment ,6,Kharadi,26000000,8666
0,3,0,1,1,0,10,2900,2,4,4 BHK Apartment ,5,Kharadi,28000000,9655
0,2,1,1,1,0,5,4355,3,4,4 BHK Apartment ,6,Kharadi,27000000,6199
1,3,3,1,1,0,2,921,1,2,2 BHK Apartment ,3,Wakad,5499764,5971
0,2,0,1,1,0,10,1950,2,3,3 BHK Apartment ,8,Pashan,21000000,10769
0,3,1,1,1,1,1,1035,2,2,2 BHK Apartment ,8,Bavdhan,6300000,6086
0,2,0,1,1,1,2,1023,1,2,2 BHK Apartment ,1,Hadapsar,6200000,6060
0,3,2,0,0,1,19,2000,1,3,3 BHK Apartment ,5,Viman Nagar,16000000,8000
0,2,0,1,1,1,7,1060,2,2,2 BHK Apartment ,11,Pimple Saudagar,6450000,6084
0,3,0,1,1,0,16,2000,2,2,2 BHK Apartment ,0,Yerawada,16000000,8000
0,3,1,1,1,0,8,1117,1,2,2 BHK Apartment ,5,Kharadi,7300000,6535
1,3,3,1,1,0,1,1611,2,3,3 BHK Apartment ,5,Bavdhan,10000000,6207
0,3,0,1,1,0,6,1080,2,2,2 BHK Apartment ,4,Kalyani Nagar,7500000,6944
1,3,3,1,1,0,2,1208,2,2,2 BHK Apartment ,4,Kharadi,5194400,4300
0,3,1,0,0,0,12,5840,1,4,4 BHK Apartment ,7,Boat Club Road,70000000,11986
0,3,0,1,1,0,2,1292,1,2,2 BHK Apartment ,2,Viman Nagar,9800000,7585
0,3,0,1,1,0,8,1550,3,3,3 BHK Apartment ,1,Kharadi,8400000,5419
0,3,2,1,1,0,5,730,1,2,2 BHK Apartment ,6,Hadapsar,4000000,5479
0,3,1,0,1,0,5,2500,2,3,3 BHK Apartment ,4,Viman Nagar,21500000,8600
1,3,3,1,1,0,3,850,1,2,2 BHK Apartment ,1,Wagholi,3900000,4588
0,3,0,1,1,1,4,1735,1,3,3 BHK Apartment ,6,Baner,22500000,12968
1,3,3,1,1,0,0,905,1,2,2 BHK Apartment ,10,Wagholi,3500000,3867
0,2,0,1,1,0,8,1080,2,2,2 BHK Apartment ,2,Aundh,8500000,7870
0,3,1,1,1,0,6,775,2,1,1 BHK Apartment ,2,Kharadi,4200000,5419
0,3,0,1,1,0,3,890,1,2,2 BHK Apartment ,2,Sus,5100000,5730
0,3,0,1,1,0,2,1126,2,2,2 BHK Apartment ,0,Viman Nagar,10000000,8880
0,3,2,1,1,0,11,1551,2,2,2 BHK Apartment ,8,Koregaon Park,21500000,13862
1,3,3,1,1,0,11,1100,2,2,2 BHK Apartment ,2,Koregaon Park,8000000,7272
0,3,0,1,1,0,11,1580,2,3,3 BHK Apartment ,3,Wadgaon Sheri,15000000,9493
0,2,0,1,1,0,11,1670,2,3,3 BHK Apartment ,6,Viman Nagar,11500000,6886
0,3,2,1,1,0,11,1380,2,3,3 BHK Apartment ,4,Kalyani Nagar,15000000,10869
0,3,0,1,1,0,11,1500,2,3,3 BHK Apartment ,1,Kalyani Nagar,13500000,9000
0,3,0,1,1,0,0,2245,2,3,3 BHK Apartment ,6,Koregaon Park,40000000,17817
0,3,1,1,1,1,1,1715,1,3,3 BHK Apartment ,12,Wakad,12600000,7346
1,3,3,1,1,1,0,890,1,2,2 BHK Apartment ,7,Sus,5000000,5617
1,3,3,1,1,1,0,915,1,2,2 BHK Apartment ,7,Sus,5100000,5573
1,3,3,1,1,1,0,1286,2,2,2 BHK Apartment ,7,Baner,8500000,6609
0,2,2,1,1,0,7,2600,3,4,4 BHK Apartment ,5,Shastri Nagar,22500000,8653
0,2,0,1,1,1,4,1625,2,3,3 BHK Apartment ,1,Kharadi,12000000,7384
0,3,2,1,1,0,14,900,1,2,2 BHK Apartment ,3,Viman Nagar,6000000,6666
0,2,2,1,1,1,4,1700,1,2,2 BHK Apartment ,1,Kharadi,11000000,6470
0,3,0,0,1,0,5,1400,2,3,3 BHK Apartment ,5,Baner,10500000,7500
0,3,0,1,1,0,2,1173,2,2,2 BHK Apartment ,8,Baner,9000000,7672
0,3,0,1,1,0,5,1145,2,2,2 BHK Apartment ,5,Baner,8300000,7248
0,3,0,1,1,0,2,1197,1,2,2 BHK Apartment ,6,Hinjewadi,6600000,5513
0,3,0,1,1,0,4,3380,1,3,3 BHK Apartment ,9,Viman Nagar,22500000,6656
0,3,2,1,1,0,9,1700,1,3,3 BHK Apartment ,1,Kalyani Nagar,20000000,11764
0,3,1,0,0,1,7,1020,2,2,2 BHK Apartment ,4,Koregaon Park,10500000,10294
0,3,0,0,1,0,6,1700,3,3,3 BHK Apartment ,8,Sangamvadi,25000000,14705
0,3,0,0,1,0,12,1750,1,4,3 BHK Apartment ,4,Koregaon Park,16500000,9428
0,3,0,1,1,0,8,1700,3,3,3 BHK Apartment ,3,Koregaon Park,15000000,8823
0,3,2,1,1,0,2,4600,1,4,4 BHK Apartment ,19,Hadapsar,52500000,11413
0,3,2,1,1,0,9,1750,1,3,3 BHK Apartment ,4,Kalyani Nagar,23000000,13142
0,3,1,1,1,0,16,2060,2,4,4 BHK Apartment ,7,Koregaon Park,17000000,8252
0,3,0,0,1,0,10,2800,1,3,3 BHK Villa ,1,Wadgaon Sheri,35000000,12500
0,3,2,1,1,0,6,1800,3,3,3 BHK Apartment ,9,Kalyani Nagar,19000000,10555
0,3,0,0,1,0,9,1085,2,2,2 BHK Apartment ,4,Viman Nagar,7500000,6912
0,3,0,0,1,0,9,1300,2,3,3 BHK Apartment ,1,Viman Nagar,10500000,8076
0,3,0,1,1,0,6,1140,2,3,3 BHK Apartment ,3,Kalyani Nagar,15000000,13157
1,3,3,1,1,1,1,1407,2,3,3 BHK Apartment ,2,Bavdhan,8800000,6254
0,2,0,1,1,0,2,620,1,1,1 BHK Apartment ,4,Manjari,3200000,5161
0,3,2,0,1,0,8,1150,1,2,2 BHK Apartment ,5,Pimple Saudagar,7500000,6521
0,3,0,0,1,0,2,1440,1,2,3 BHK Apartment ,2,Pimple Saudagar,9200000,6388
1,3,3,1,1,0,0,995,2,2,2 BHK Apartment ,11,Undri,4378750,4400
0,3,0,1,1,0,1,640,1,1,1 BHK Apartment ,7,Undri,3000000,4687
0,3,1,1,1,0,7,1400,2,2,2 BHK Apartment ,3,Boat Club Road,16500000,11785
0,3,0,1,1,0,8,1500,1,3,3 BHK Apartment ,4,Boat Club Road,20000000,13333
0,3,0,1,1,0,14,2103,2,3,3 BHK Apartment ,2,Boat Club Road,21500000,10223
0,3,0,0,1,0,7,1900,2,3,3 BHK Apartment ,1,Sangamvadi,25000000,13157
0,3,1,0,1,0,7,1700,2,3,3 BHK Apartment ,6,Sangamvadi,25500000,15000
0,3,0,0,1,0,7,1700,1,3,3 BHK Apartment ,1,Sangamvadi,27700000,16294
0,3,2,1,1,1,14,2000,2,3,3 BHK Apartment ,4,Boat Club Road,29000000,14500
0,3,0,1,1,0,18,2050,2,3,3 BHK Apartment ,4,Sangamvadi,30000000,14634
0,3,1,1,1,0,18,2000,2,3,3 BHK Apartment ,3,Sangamvadi,30500000,15250
0,3,0,1,1,0,2,1890,2,3,3 BHK Apartment ,4,Wakad,7800000,4126
1,3,3,1,1,1,0,1070,2,2,2 BHK Apartment ,5,Balewadi,7000000,6542
0,3,1,1,1,0,2,1408,1,3,3 BHK Apartment ,12,Bavdhan,8900000,6321
0,3,0,1,1,0,11,1180,2,3,3 BHK Apartment ,3,Kalyani Nagar,7800000,6610
0,2,0,1,1,0,5,875,1,1,2 BHK Apartment ,1,Hadapsar,3400000,3885
0,3,1,1,1,0,4,837,2,2,2 BHK Apartment ,7,Hinjewadi,5300000,6332
0,3,0,1,1,0,11,1255,2,2,2 BHK Apartment ,5,Kharadi,9200000,7330
0,3,0,1,0,0,11,650,2,1,1 BHK Apartment ,1,Viman Nagar,4000000,6154
0,3,0,1,1,0,11,900,2,2,2 BHK Apartment ,3,Kharadi,4500000,5000
0,3,2,0,0,0,11,1300,2,2,2 BHK Villa ,0,Koregaon Park,22000000,16923
0,3,0,1,1,0,2,856,1,2,2 BHK Apartment ,4,Wagholi,3800000,4439
0,3,1,1,1,0,2,2015,2,3,3 BHK Apartment ,5,Kharadi,13500000,6699
0,3,1,1,1,0,11,1365,2,3,3 BHK Apartment ,11,Kalyani Nagar,11000000,8058
0,3,0,1,0,0,11,1048,2,2,2 BHK Apartment ,3,Kharadi,5016000,4786
0,0,1,1,1,1,2,976,2,2,2 BHK Apartment ,19,Hadapsar,7800000,7991
0,3,0,1,1,0,11,1265,2,2,2 BHK Apartment ,6,Viman Nagar,11000000,8695
0,3,0,1,1,0,11,1293,2,2,2 BHK Apartment ,3,Viman Nagar,8800000,6805
0,3,2,1,1,0,6,1690,2,3,3 BHK Apartment ,7,Viman Nagar,20000000,11834
0,3,0,1,1,0,11,1265,2,2,2 BHK Apartment ,3,Viman Nagar,10000000,7905
0,3,2,1,1,0,11,1318,2,3,3 BHK Apartment ,2,Kharadi,8500000,6449
0,3,0,1,1,0,11,1635,2,3,3 BHK Apartment ,3,Koregaon Park,17500000,10703
0,3,1,1,1,0,11,1480,2,3,3 BHK Apartment ,3,Koregaon Park,13500000,9121
0,3,0,1,1,0,2,1820,2,3,3 BHK Apartment ,7,Kharadi,16000000,8791
0,3,1,1,1,0,6,4355,2,5,4 BHK Apartment ,10,Kharadi,28300000,6498
0,3,0,1,1,0,2,1298,2,2,3 BHK Apartment ,3,Viman Nagar,10000000,7704
0,3,0,1,1,0,11,1245,2,2,2 BHK Apartment ,4,Wadgaon Sheri,8700000,6987
0,3,1,1,1,0,6,1550,2,3,3 BHK Apartment ,3,Wagholi,7200000,4645
0,3,0,1,1,0,11,1001,2,2,2 BHK Apartment ,5,Kharadi,8500000,8491
1,3,3,1,1,0,6,1000,2,2,2 BHK Apartment ,4,Wagholi,4900000,4900
0,3,2,1,1,0,11,1030,2,2,2 BHK Apartment ,1,Viman Nagar,7000000,6796
0,2,2,1,1,0,6,1650,2,3,3 BHK Apartment ,5,Viman Nagar,13000000,7878
0,3,0,1,1,0,11,580,2,1,1 BHK Apartment ,4,Kharadi,3500000,6034
0,3,0,1,1,0,11,555,2,1,1 BHK Apartment ,3,Kharadi,3600000,6486
0,3,0,1,1,0,11,1217,2,2,2 BHK Apartment ,2,Kalyani Nagar,15000000,12325
0,3,1,1,1,0,2,1950,2,3,3 BHK Apartment ,11,Kalyani Nagar,25000000,12820
0,3,1,0,1,0,5,600,1,1,1 BHK Apartment ,3,Wagholi,2600000,4333
1,3,3,1,1,1,1,1158,2,2,2 BHK Apartment ,3,Bavdhan,6700000,5785
1,3,3,1,1,0,0,1022,1,2,2 BHK Apartment ,3,Wagholi,4500000,4403
0,3,0,1,1,0,6,2284,2,4,4 BHK Apartment ,1,Kalyani Nagar,26000000,11383
0,3,0,1,1,0,11,1100,2,2,2 BHK Apartment ,4,Viman Nagar,6500000,5909
0,3,1,1,1,0,6,1225,2,2,2 BHK Apartment ,1,Yerawada,12000000,9795
0,3,0,1,1,0,11,1240,2,2,2 BHK Apartment ,3,Kharadi,5000000,4032
0,3,0,1,1,0,11,1155,2,2,2 BHK Apartment ,3,Kharadi,5200000,4502
0,3,2,1,1,0,11,1500,2,3,3 BHK Apartment ,2,Viman Nagar,12500000,8333
0,3,0,1,1,0,11,780,2,2,2 BHK Apartment ,4,Kharadi,4100000,5256
1,3,3,1,1,0,3,1153,2,2,2 BHK Apartment ,1,Kharadi,7000000,6071
1,3,3,1,1,1,1,1702,2,3,3 BHK Apartment ,5,Hinjewadi,8000000,4700
0,3,0,0,1,0,21,1475,2,3,3 BHK Apartment ,1,Kalyani Nagar,13000000,8814
0,3,0,0,1,0,11,2520,2,4,4 BHK Villa ,0,Kalyani Nagar,38000000,15079
0,3,0,1,1,0,11,1020,2,2,2 BHK Apartment ,2,Kharadi,5500000,5392
0,3,0,1,1,0,11,1290,2,2,2 BHK Apartment ,5,Kharadi,6100000,4729
0,3,2,0,1,0,16,950,2,2,2 BHK Apartment ,4,Viman Nagar,5800000,6105
0,3,0,1,1,0,11,1450,2,3,3 BHK Apartment ,7,Viman Nagar,11400000,7862
0,3,0,1,1,0,11,1255,2,2,2 BHK Apartment ,3,Viman Nagar,6800000,5418
0,3,2,1,0,0,11,1300,2,3,3 BHK Apartment ,2,Kharadi,7200000,5538
0,3,0,1,1,0,6,1765,2,3,3 BHK Apartment ,2,Kalyani Nagar,20000000,11331
0,3,0,1,1,0,11,1080,2,2,2 BHK Apartment ,2,Kharadi,6800000,6296
1,3,3,1,1,1,0,980,2,2,2 BHK Apartment ,1,Baner,6000000,6122
0,3,0,1,1,1,0,2740,2,4,4 BHK Apartment ,7,Kharadi,15000000,5474
0,3,0,1,1,1,0,1179,2,2,2 BHK Apartment ,2,Bavdhan,8900000,7548
0,3,0,1,1,0,10,5000,3,3,4 BHK Villa ,1,Boat Club Road,65000000,13000
0,3,0,1,1,0,15,2630,2,4,4 BHK Apartment ,1,Boat Club Road,31500000,11977
0,3,0,1,1,0,12,2500,1,3,3 BHK Apartment ,8,Boat Club Road,34000000,13600
0,3,0,1,1,0,15,1950,1,3,3 BHK Apartment ,5,Boat Club Road,30000000,15384
0,3,1,1,1,1,10,900,1,2,2 BHK Apartment ,3,Kalyani Nagar,8000000,8888
0,3,1,1,1,1,10,1050,2,2,2 BHK Apartment ,7,Kalyani Nagar,8200000,7809
1,3,3,1,1,0,1,2100,1,4,4 BHK Apartment ,2,Hinjewadi,13500000,6428
0,3,2,1,1,1,5,1876,3,3,3 BHK Apartment ,3,Pimple Saudagar,15500000,8262
0,2,0,1,1,1,1,1315,2,2,2 BHK Apartment ,1,Kharadi,9500000,7224
0,3,0,1,1,1,5,1040,2,2,2 BHK Apartment ,5,Baner,6600000,6346
1,3,3,1,1,0,0,625,1,1,1 BHK Apartment ,10,Undri,2806470,4490
0,3,2,1,1,0,6,1307,2,2,2 BHK Apartment ,3,Koregaon Park,13000000,9946
0,2,0,0,0,0,8,1250,3,2,2 BHK Apartment ,3,Wakad,5800000,4640
1,3,3,1,1,0,0,1300,2,2,2 BHK Apartment ,8,Baner,7670000,5900
1,3,3,1,1,0,0,1642,2,3,3 BHK Apartment ,7,Baner,9687800,5900
0,3,0,1,1,0,10,1000,1,1,2 BHK Apartment ,4,Wagholi,4600000,4600
0,2,1,1,1,0,9,1495,1,3,3 BHK Apartment ,2,Viman Nagar,14500000,9698
0,3,0,1,1,0,4,1175,2,2,2 BHK Apartment ,6,Wagholi,5100000,4340
0,3,0,1,1,0,5,1240,2,1,2 BHK Apartment ,9,Kharadi,7200000,5806
1,3,3,1,1,1,3,1255,2,2,2 BHK Apartment ,9,Wagholi,9000000,7171
0,3,0,1,1,0,0,722,1,2,2 BHK Apartment ,2,Wagholi,4000000,5540
1,3,3,1,1,0,1,902,1,2,2 BHK Apartment ,11,Wagholi,4300000,4767
0,3,1,1,1,1,5,1240,2,2,2 BHK Apartment ,10,Kharadi,8500000,6854
0,3,0,0,1,0,6,900,1,2,2 BHK Apartment ,8,Kharadi,6800000,7555
1,3,3,1,1,1,3,1255,2,2,2 BHK Apartment ,9,Wagholi,7800000,6215
0,3,2,1,1,1,1,1385,1,2,3 BHK Apartment ,7,Wakad,11000000,7942
0,3,2,1,1,0,6,2200,2,3,3 BHK Apartment ,2,Koregaon Park,19500000,8863
0,3,0,1,1,0,11,1500,2,3,3 BHK Apartment ,1,Kalyani Nagar,11200000,7466
0,3,0,1,1,0,6,1250,2,2,2 BHK Apartment ,2,Kalyani Nagar,10000000,8000
0,3,0,1,1,0,11,1200,2,2,2 BHK Apartment ,7,Kalyani Nagar,13500000,11250
0,3,0,1,1,0,6,2979,2,4,4 BHK Apartment ,6,Kharadi,23800000,7989
0,3,0,1,1,0,6,840,2,2,2 BHK Apartment ,2,Wagholi,3799320,4523
0,3,1,1,1,0,1,3930,2,4,4 BHK Apartment ,4,Koregaon Park,66900000,17022
0,3,1,1,1,0,1,4000,2,4,4 BHK Apartment ,1,Koregaon Park,70000000,17500
0,3,0,1,1,0,3,1775,2,3,3 BHK Apartment ,1,Kharadi,11500000,6478
0,3,1,1,1,0,6,793,2,2,2 BHK Apartment ,8,Wagholi,5200000,6557
0,3,0,1,1,0,6,550,2,1,1 BHK Apartment ,1,Kalyani Nagar,5200000,9454
0,3,0,1,1,0,11,1170,2,2,2 BHK Apartment ,4,Viman Nagar,8200000,7008
0,3,0,1,1,0,11,1280,2,2,2 BHK Apartment ,1,Yerawada,11000000,8593
0,3,0,0,1,0,11,1800,2,4,4 BHK Villa ,0,Viman Nagar,22500000,12500
1,3,3,0,1,0,6,1285,2,2,2 BHK Villa ,0,Viman Nagar,11000000,8560
0,3,0,1,1,0,0,1945,2,3,3 BHK Apartment ,0,Koregaon Park,30000000,15424
0,3,0,1,1,0,6,1515,2,3,3 BHK Apartment ,4,Viman Nagar,13000000,8580
0,3,1,1,1,0,2,1650,2,3,3 BHK Apartment ,5,Kharadi,11200000,6787
0,3,1,1,1,0,6,1450,2,2,2 BHK Apartment ,8,Viman Nagar,11200000,7724
0,3,1,1,1,0,6,1535,2,3,3 BHK Apartment ,4,Viman Nagar,14000000,9120
0,3,1,1,1,0,11,1535,2,3,3 BHK Apartment ,3,Kalyani Nagar,14500000,9446
0,2,1,1,1,0,6,1550,2,3,3 BHK Apartment ,7,Kalyani Nagar,11000000,7096
0,3,1,1,1,0,11,2850,2,4,4 BHK Apartment ,11,Kalyani Nagar,45000000,15789
0,3,0,1,1,0,11,1335,2,3,3 BHK Apartment ,7,Viman Nagar,10500000,7865
0,3,2,1,1,0,2,1850,2,3,3 BHK Villa ,0,Wagholi,8500000,4594
0,3,0,1,1,0,2,1720,2,3,3 BHK Apartment ,6,Kharadi,11000000,6395
0,3,2,1,1,0,6,1500,2,3,3 BHK Apartment ,6,Wadgaon Sheri,11500000,7666
0,3,1,1,1,0,6,1600,2,3,3 BHK Apartment ,0,Viman Nagar,12000000,7500
0,3,0,1,1,0,11,2300,2,3,3 BHK Apartment ,7,Viman Nagar,17000000,7391
0,3,0,1,1,0,11,2500,2,4,4 BHK Apartment ,7,Wadgaon Sheri,21000000,8400
0,3,1,1,1,0,2,1820,2,3,3 BHK Apartment ,5,Kharadi,12200000,6703
1,3,3,0,0,0,0,695,1,1,1 BHK Apartment ,1,Wagholi,2502000,3600
1,3,3,1,1,0,1,1048,2,2,2 BHK Apartment ,9,Wagholi,3977720,3795
1,3,3,1,1,0,1,1055,2,2,2 BHK Apartment ,10,Wagholi,4001450,3792
1,3,3,1,1,0,1,1074,2,2,2 BHK Apartment ,12,Wagholi,4065860,3785
0,3,0,1,1,0,7,800,2,2,2 BHK Apartment ,5,Yerawada,5400000,6750
0,3,0,1,1,0,6,1975,2,3,3 BHK Villa ,0,Wagholi,8600000,4354
0,3,1,0,1,0,11,1900,2,3,3 BHK Villa ,0,Wagholi,8900000,4684
0,3,2,1,1,0,11,1950,2,3,3 BHK Apartment ,1,Kalyani Nagar,23500000,12051
0,3,2,1,1,0,6,1900,2,3,3 BHK Apartment ,2,Wagholi,10000000,5263
0,3,0,1,1,0,2,2740,2,4,5 BHK Apartment ,6,Kharadi,18000000,6569
1,3,3,0,1,0,11,2000,2,4,4 BHK Villa ,0,Viman Nagar,12500000,6250
1,3,3,0,1,0,11,2400,2,4,4 BHK Villa ,0,Viman Nagar,14000000,5833
1,3,3,1,1,0,1,3725,2,4,4 BHK Apartment ,2,Viman Nagar,33800000,9073
0,3,2,1,1,0,6,1253,2,2,2 BHK Apartment ,4,Wadgaon Sheri,8500000,6783
0,2,1,1,1,0,11,2000,2,3,3 BHK Apartment ,5,Koregaon Park,21000000,10500
0,3,0,1,1,0,6,1720,2,3,3 BHK Apartment ,7,Kharadi,12000000,6976
0,3,0,1,1,0,11,1071,2,2,2 BHK Apartment ,4,Viman Nagar,7200000,6722
1,2,3,1,1,0,2,1050,1,2,2 BHK Apartment ,8,Kharadi,6500000,6190
0,3,0,1,1,0,1,540,2,2,2 BHK Apartment ,3,Hinjewadi,2800000,5185
1,3,3,1,1,0,0,1522,2,3,3 BHK Apartment ,7,Baner,10000000,6570
0,3,1,1,1,0,2,1408,1,3,3 BHK Apartment ,12,Bavdhan,9000000,6392
0,3,0,1,0,0,5,561,1,1,1 BHK Apartment ,2,Wagholi,2600000,4634
0,3,1,1,1,0,4,1315,2,2,2 BHK Apartment ,4,Kharadi,10500000,7984
0,0,1,1,1,0,10,1150,2,2,2 BHK Apartment ,8,Wadgaon Sheri,8500000,7391
0,3,0,1,1,1,0,1530,2,3,3 BHK Apartment ,4,Sus,8500000,5555
0,3,2,1,1,1,10,1300,2,2,2 BHK Apartment ,7,Kalyani Nagar,16000000,12307
0,3,1,1,1,0,9,1175,1,2,2 BHK Apartment ,1,Kalyani Nagar,12500000,10638
0,3,0,1,1,0,6,836,2,2,2 BHK Apartment ,3,Lohegaon,3900000,4665
0,3,0,1,1,0,2,1200,2,2,2 BHK Apartment ,2,Kharadi,9375000,7812
0,3,1,1,1,0,3,2036,2,3,3 BHK Apartment ,6,Kharadi,15000000,7367
0,3,0,1,1,0,4,610,1,1,1 BHK Apartment ,4,Sinhgad Road,3150000,5163
1,3,3,1,1,0,0,1700,2,3,3 BHK Apartment ,1,Wadgaon Sheri,12700000,7470
1,3,3,1,1,0,0,950,2,2,2 BHK Apartment ,1,Wadgaon Sheri,7120000,7494
1,3,3,1,1,0,0,1600,2,3,3 BHK Apartment ,1,Wadgaon Sheri,12000000,7500
0,3,0,1,1,0,16,830,2,2,2 BHK Apartment ,3,Kharadi,3800000,4578
0,3,2,1,1,0,11,1400,2,2,2 BHK Apartment ,6,Viman Nagar,6500000,4643
0,3,0,1,1,0,6,1250,2,2,2 BHK Apartment ,7,Wadgaon Sheri,7500000,6000
0,3,0,1,1,0,11,2900,2,3,3 BHK Apartment ,2,Kharadi,11500000,3966
0,3,0,0,1,0,11,1600,2,3,3 BHK Villa ,0,Viman Nagar,9500000,5938
0,3,0,1,1,0,6,1250,2,2,2 BHK Apartment ,1,Wadgaon Sheri,6700000,5360
0,3,0,1,1,0,2,920,2,2,2 BHK Apartment ,0,Wagholi,4350000,4728
0,3,2,1,1,0,11,1525,2,3,3 BHK Apartment ,9,Kalyani Nagar,13500000,8852
1,3,3,1,1,0,1,970,2,2,2 BHK Apartment ,2,Wagholi,3977000,4100
0,3,1,1,1,0,11,1060,2,2,2 BHK Apartment ,1,Viman Nagar,6800000,6415
0,2,0,1,1,0,3,1265,1,2,3 BHK Apartment ,6,Kalyani Nagar,10000000,7905
0,3,0,1,1,0,11,1050,2,2,2 BHK Apartment ,2,Wadgaon Sheri,7800000,7428
1,3,3,1,1,0,11,4400,2,4,4 BHK Apartment ,10,Kalyani Nagar,60000000,13636
0,2,2,1,1,0,16,1130,2,2,2 BHK Apartment ,4,Koregaon Park,12500000,11061
1,2,3,1,1,1,0,1532,2,3,3 BHK Apartment ,2,Balewadi,9500000,6201
1,3,3,1,1,0,0,995,2,2,2 BHK Apartment ,4,Wakad,5983420,6013
1,3,3,1,1,0,0,640,2,1,1 BHK Apartment ,5,Wakad,4100860,6407
0,3,0,1,1,0,9,910,1,2,2 BHK Apartment ,1,Viman Nagar,8400000,9230
0,3,1,1,1,1,10,2400,3,4,3 BHK Apartment ,2,Boat Club Road,37500000,15625
0,3,1,1,1,1,10,1800,1,3,3 BHK Apartment ,6,Koregaon Park,22000000,12222
0,3,0,1,1,0,10,1800,2,3,3 BHK Apartment ,6,Koregaon Park,23000000,12777
0,3,0,1,1,0,5,990,1,2,2 BHK Apartment ,7,Wagholi,4900000,4949
0,3,0,1,1,0,10,2300,2,3,3 BHK Apartment ,3,Kalyani Nagar,27000000,11739
0,3,1,1,1,1,10,4130,2,3,3 BHK Apartment ,2,Viman Nagar,33400000,8087
0,3,1,1,1,1,10,2190,2,3,3 BHK Apartment ,7,Kalyani Nagar,30200000,13789
0,3,0,1,1,0,10,1100,1,2,2 BHK Apartment ,0,Koregaon Park,16000000,14545
0,3,1,1,1,0,3,2610,2,3,3 BHK Apartment ,5,Kharadi,17000000,6513
1,3,3,1,1,0,1,890,1,2,2 BHK Apartment ,5,Sus,5530000,6213
1,3,3,1,1,0,1,1290,2,2,2 BHK Apartment ,11,Wakad,9000000,6976
1,3,3,1,1,0,5,1300,1,3,3 BHK Apartment ,2,Baner,7500000,5769
1,3,3,1,1,0,1,915,1,2,2 BHK Apartment ,9,Sus,5680000,6207
0,3,0,1,1,1,2,804,1,1,1 BHK Apartment ,1,Wagholi,3000000,3731
0,3,0,1,0,0,11,1616,2,3,3 BHK Apartment ,1,Viman Nagar,10000000,6188
0,3,2,0,0,0,10,1250,2,4,3 BHK Villa ,2,Viman Nagar,12000000,9600
0,3,0,1,1,0,6,3333,2,4,4 BHK Apartment ,18,Hadapsar,35300000,10591
0,3,0,1,1,0,6,4500,2,4,4 BHK Apartment ,10,Hadapsar,42000000,9333
0,3,0,1,1,0,6,1213,2,2,2 BHK Apartment ,10,Wagholi,4900000,4039
0,3,2,1,1,0,6,1440,2,3,3 BHK Apartment ,1,Kharadi,9500000,6597
1,3,3,1,1,0,6,1301,2,3,3 BHK Apartment ,3,Wagholi,6000000,4611
0,3,0,1,1,0,11,1650,2,3,3 BHK Apartment ,3,Kalyani Nagar,13000000,7878
1,3,3,1,1,1,3,1255,2,2,2 BHK Apartment ,7,Wagholi,6600000,5258
0,2,0,1,1,1,2,1107,2,2,2 BHK Apartment ,10,Vishrantwadi,8000000,7226
0,2,0,1,1,0,7,1050,2,2,2 BHK Apartment ,4,Vishrantwadi,6000000,5714
0,3,1,1,1,0,5,1060,1,2,2 BHK Apartment ,5,Kharadi,7100000,6698
0,3,1,1,1,1,6,1600,2,3,3 BHK Apartment ,8,Kharadi,9200000,5750
1,3,3,1,1,1,1,1188,2,2,2 BHK Apartment ,2,Hinjewadi,5726000,4819
0,3,1,0,1,0,6,4700,2,4,4 BHK Villa ,0,Wagholi,20000000,4255
0,3,0,1,1,0,11,4800,3,6,4 BHK Apartment ,1,Koregaon Park,85600000,17833
0,3,2,1,1,0,10,1560,3,3,3 BHK Apartment ,1,Kalyani Nagar,14500000,9294
0,2,0,1,1,0,15,2300,2,3,3 BHK Apartment ,5,Koregaon Park,25000000,10869
0,3,0,1,1,0,16,1700,2,3,3 BHK Apartment ,6,Koregaon Park,24000000,14117
0,3,0,1,1,0,8,1262,2,2,2 BHK Apartment ,6,Koregaon Park,12500000,9904
1,3,3,0,1,0,2,990,2,2,2 BHK Apartment ,0,Viman Nagar,7200000,7272
0,3,0,1,1,0,2,1650,2,3,3 BHK Apartment ,1,Viman Nagar,14600000,8848
1,3,3,1,1,1,2,1048,1,2,2 BHK Apartment ,3,Baner,7800000,7442
0,3,0,0,0,0,1,1207,2,2,2 BHK Apartment ,4,Wakad,7900000,6545
0,3,0,1,1,0,10,2000,1,3,3 BHK Apartment ,3,Boat Club Road,23500000,11750
0,3,0,1,1,0,10,4200,3,4,4 BHK Apartment ,5,Boat Club Road,62500000,14880
0,3,0,1,1,0,10,1360,1,2,2 BHK Apartment ,8,Boat Club Road,26100000,19191
0,3,0,1,1,0,10,1050,2,2,2 BHK Apartment ,4,Boat Club Road,15000000,14285
0,3,0,1,1,0,10,3350,2,5,4 BHK Apartment ,3,Boat Club Road,50000000,14925
0,3,0,1,1,0,10,3250,2,5,4 BHK Apartment ,5,Boat Club Road,40000000,12307
0,3,0,1,1,0,1,5400,3,5,5 BHK Apartment ,6,Boat Club Road,98000000,18148
0,3,0,1,1,0,10,1050,2,3,2 BHK Apartment ,3,Boat Club Road,11500000,10952
0,3,0,1,1,0,10,500,1,1,1 BHK Apartment ,0,Bund Garden,6000000,12000
0,3,0,1,1,0,10,4850,1,4,4 BHK Apartment ,1,Boat Club Road,45000000,9278
0,3,0,1,1,0,10,2000,1,3,3 BHK Apartment ,3,Boat Club Road,25000000,12500
0,3,0,1,1,0,10,1600,2,3,3 BHK Apartment ,4,Kalyani Nagar,12000000,7500
0,3,0,1,1,0,10,1540,1,3,3 BHK Apartment ,10,Kalyani Nagar,12000000,7792
0,3,0,1,1,0,10,1200,1,2,2 BHK Apartment ,5,Kalyani Nagar,9500000,7916
0,3,0,1,1,0,1,660,2,2,2 BHK Apartment ,7,Wagholi,3500000,5303
0,3,2,1,1,0,5,621,1,1,1 BHK Apartment ,4,Boat Club Road,6600000,10628
0,3,0,1,1,0,10,1250,1,2,2 BHK Apartment ,2,Koregaon Park,15500000,12400
0,3,0,1,1,0,10,1500,3,3,3 BHK Apartment ,1,Koregaon Park,14500000,9666
0,3,0,1,1,0,10,1350,2,2,2 BHK Apartment ,2,Koregaon Park,12500000,9259
0,3,0,1,1,0,10,1800,2,3,3 BHK Apartment ,2,Koregaon Park,19300000,10722
0,3,0,1,1,0,5,1805,3,3,3 BHK Apartment ,6,Kalyani Nagar,20000000,11080
0,3,0,1,1,0,5,900,1,2,2 BHK Apartment ,4,Koregaon Park,7500000,8333
0,3,0,1,1,0,1,1255,1,2,2 BHK Apartment ,9,Kharadi,8500000,6772
0,3,0,1,1,0,5,750,1,2,2 BHK Apartment ,2,Koregaon Park,6500000,8666
0,3,0,1,1,0,10,1400,3,3,3 BHK Apartment ,2,Bund Garden,17000000,12142
0,3,0,1,1,0,10,525,2,1,1 BHK Apartment ,0,Bund Garden,6500000,12380
0,3,0,1,1,0,10,2000,1,4,3 BHK Apartment ,3,Boat Club Road,23500000,11750
0,3,0,1,1,0,1,2665,2,3,3 BHK Apartment ,5,Boat Club Road,35000000,13133
0,3,0,1,1,0,10,4000,2,4,4 BHK Apartment ,2,Boat Club Road,55000000,13750
0,3,0,1,1,0,5,4595,3,4,4 BHK Apartment ,6,Boat Club Road,99400000,21632
0,3,1,1,1,0,19,640,1,1,1 BHK Apartment ,3,Yerawada,5500000,8593
0,3,1,1,1,0,10,630,1,2,1 BHK Apartment ,3,Yerawada,5200000,8253
0,3,1,0,0,0,10,2000,1,3,3 BHK Apartment ,6,Koregaon Park,26000000,13000
0,2,0,1,1,0,15,1010,1,2,2 BHK Apartment ,7,Yerawada,11000000,10891
0,3,1,1,1,0,10,2000,3,3,3 BHK Apartment ,11,Kalyani Nagar,20500000,10250
0,2,2,1,1,0,10,2802,2,5,4 BHK Apartment ,9,Kalyani Nagar,45000000,16059
0,3,0,1,1,0,5,1080,1,2,2 BHK Apartment ,6,Kalyani Nagar,11000000,10185
0,2,0,1,1,0,10,2200,2,3,3 BHK Apartment ,2,Koregaon Park,20000000,9090
0,3,0,1,1,0,1,2615,2,4,4 BHK Apartment ,4,Koregaon Park,40000000,15296
0,3,1,1,1,0,10,2000,1,3,3 BHK Apartment ,4,Koregaon Park,39000000,19500
0,3,1,1,1,0,10,2000,3,4,3 BHK Apartment ,5,Koregaon Park,25000000,12500
0,3,0,1,1,0,5,916,1,2,2 BHK Apartment ,4,Balewadi,7500000,8187
0,3,0,1,1,1,1,1075,2,2,2 BHK Apartment ,5,Balewadi,7500000,6976
0,2,0,1,1,1,3,1226,2,3,2 BHK Apartment ,10,Wagholi,7100000,5791
0,2,0,1,1,0,6,1490,2,3,3 BHK Apartment ,4,Aundh,15000000,10067
0,3,0,1,1,0,9,1450,2,2,2 BHK Apartment ,8,Sangamvadi,26100000,18000
0,3,0,1,1,0,10,4800,3,6,4 BHK Villa ,1,Koregaon Park,85600000,17833
0,3,0,1,1,0,10,1100,2,2,2 BHK Apartment ,3,Boat Club Road,14000000,12727
0,3,1,1,1,0,0,1310,2,3,3 BHK Apartment ,9,Bavdhan,8200000,6259
0,3,0,1,1,0,5,2536,3,3,3 BHK Apartment ,5,Kalyani Nagar,36000000,14195
0,2,2,1,1,0,10,2850,2,5,4 BHK Apartment ,6,Kalyani Nagar,45000000,15789
0,3,2,1,1,0,10,3000,2,4,4 BHK Apartment ,10,Kalyani Nagar,38500000,12833
0,3,0,1,1,0,2,1150,2,2,2 BHK Apartment ,2,Hadapsar,5750000,5000
1,3,3,1,1,0,2,2261,2,4,4 BHK Apartment ,8,Undri,12734667,5632
0,3,0,1,1,0,5,3800,1,4,3 BHK Apartment ,6,Hadapsar,40000000,10526
0,3,0,1,1,0,5,1345,1,2,2 BHK Apartment ,8,Hadapsar,9500000,7063
0,2,0,1,1,0,5,3250,2,4,3 BHK Apartment ,11,Hadapsar,20500000,6307
0,3,0,1,1,0,2,1186,1,2,2 BHK Apartment ,5,Baner,9800000,8263
0,3,0,1,1,0,3,972,2,2,2 BHK Apartment ,7,Mundhwa,6500000,6687
0,3,0,1,1,0,2,2500,2,3,3 BHK Apartment ,2,Viman Nagar,20900000,8360
0,3,0,1,1,0,2,700,2,1,1 BHK Apartment ,4,Viman Nagar,6800000,9714
0,3,0,1,1,0,2,3450,2,4,4 BHK Apartment ,5,Viman Nagar,26500000,7681
0,3,0,1,1,0,6,1690,2,4,3 BHK Apartment ,2,Viman Nagar,21500000,12721
1,3,3,1,1,0,0,634,1,2,2 BHK Apartment ,3,Sus,4300000,6782
0,3,2,0,0,0,10,1150,1,2,2 BHK Apartment ,8,Kalyani Nagar,9800000,8521
0,3,0,1,1,0,7,1250,2,2,2 BHK Apartment ,4,Viman Nagar,9900000,7920
0,3,0,1,1,0,2,2000,2,3,3 BHK Apartment ,2,Viman Nagar,20000000,10000
0,3,0,1,1,0,2,1232,2,2,2 BHK Apartment ,3,Viman Nagar,10400000,8441
0,3,0,1,1,0,6,1690,2,4,3 BHK Apartment ,1,Viman Nagar,16500000,9763
0,3,0,1,1,0,7,1500,2,3,3 BHK Apartment ,4,Viman Nagar,12300000,8200
0,3,0,1,1,0,2,3000,2,4,4 BHK Apartment ,2,Viman Nagar,23000000,7666
0,3,0,1,1,0,8,730,2,1,1 BHK Apartment ,3,Viman Nagar,5500000,7534
0,3,0,1,1,1,0,610,2,1,1 BHK Apartment ,6,Lohegaon,3600000,5901
0,3,0,1,1,0,10,1750,2,3,3 BHK Apartment ,6,Wadgaon Sheri,17000000,9714
0,3,0,1,0,0,5,950,1,2,2 BHK Apartment ,4,Wadgaon Sheri,7000000,7368
0,3,1,1,1,0,10,1465,1,2,2 BHK Apartment ,10,Mundhwa,11000000,7508
0,3,0,1,1,1,1,600,1,1,1 BHK Apartment ,19,Hinjewadi,3800000,6333
0,3,2,1,1,1,9,2000,2,3,3 BHK Apartment ,6,Koregaon Park,24000000,12000
0,3,2,1,1,1,8,2000,2,3,3 BHK Apartment ,3,Koregaon Park,18500000,9250
0,3,0,1,1,0,10,1540,1,3,3 BHK Apartment ,9,Kalyani Nagar,14000000,9090
1,2,3,1,1,1,2,630,2,1,1 BHK Apartment ,7,Manjari,4400000,6984
0,3,0,1,1,0,8,1262,2,2,2 BHK Apartment ,2,Koregaon Park,9000000,7131
0,3,0,1,1,0,11,2775,2,3,4 BHK Apartment ,0,Kalyani Nagar,45000000,16216
0,3,2,1,1,0,10,1450,2,3,3 BHK Apartment ,2,Kalyani Nagar,16000000,11034
0,3,0,1,1,0,10,2350,2,4,3 BHK Apartment ,6,Kalyani Nagar,37500000,15957
0,3,0,1,1,0,5,3100,1,3,4 BHK Apartment ,2,Kalyani Nagar,27500000,8870
0,3,0,0,0,0,10,590,1,1,1 BHK Apartment ,2,Kalyani Nagar,5500000,9322
0,3,0,1,1,0,10,690,1,1,1 BHK Apartment ,4,Wadgaon Sheri,6200000,8985
0,3,1,1,1,0,10,1965,1,3,3 BHK Apartment ,4,Kalyani Nagar,25000000,12722
0,3,2,1,1,0,10,1690,2,3,3 BHK Apartment ,9,Wadgaon Sheri,14500000,8579
0,3,2,1,1,0,5,2536,3,3,3 BHK Apartment ,4,Kalyani Nagar,40000000,15772
0,3,0,1,1,0,5,1750,2,3,3 BHK Apartment ,1,Wadgaon Sheri,19000000,10857
0,2,1,1,1,0,15,2125,2,4,3 BHK Apartment ,5,Kalyani Nagar,22000000,10352
0,2,1,1,1,0,15,1100,2,2,2 BHK Apartment ,4,Kalyani Nagar,10800000,9818
0,2,0,1,1,1,4,3000,3,5,4 BHK Apartment ,7,Baner,35000000,11666
0,3,0,1,1,0,11,1250,2,2,2 BHK Apartment ,3,Kalyani Nagar,10000000,8000
0,3,0,1,1,0,13,2400,2,4,4 BHK Apartment ,4,Koregaon Park,35000000,14583
0,3,0,1,1,0,5,1037,2,2,2 BHK Apartment ,6,Kharadi,7300000,7039
0,3,0,1,1,0,0,2015,2,3,3 BHK Apartment ,1,Kharadi,14000000,6947
0,3,0,1,1,0,5,1039,2,2,2 BHK Apartment ,5,Kharadi,7300000,7025
0,3,0,1,1,0,6,1600,2,3,3 BHK Apartment ,6,Kharadi,8500000,5312
0,3,0,1,1,0,5,1103,2,2,2 BHK Apartment ,4,Kharadi,8000000,7252
0,3,0,1,1,0,5,1900,2,3,3 BHK Apartment ,9,Kharadi,12500000,6578
0,3,0,1,1,0,2,2979,2,5,4 BHK Apartment ,8,Kharadi,24000000,8056
0,3,0,1,1,0,5,1806,2,3,3 BHK Apartment ,1,Kalyani Nagar,35500000,19656
0,3,0,1,1,0,8,1262,2,2,2 BHK Apartment ,4,Koregaon Park,11500000,9112
0,3,0,1,1,0,8,1262,2,2,2 BHK Apartment ,3,Koregaon Park,11500000,9112
0,3,0,1,1,0,0,2015,2,3,3 BHK Apartment ,12,Kharadi,15700000,7791
0,3,0,1,1,0,0,1315,2,2,2 BHK Apartment ,3,Kharadi,10200000,7756
0,3,1,1,1,0,5,1499,2,3,3 BHK Apartment ,3,Wakad,10000000,6671
0,2,1,0,0,0,7,1600,1,2,4 BHK Villa ,2,Kondhwa,13000000,8125
0,2,2,1,1,0,14,2615,2,5,4 BHK Apartment ,4,Koregaon Park,34000000,13001
0,2,1,0,1,0,14,1300,1,2,2 BHK Apartment ,3,Koregaon Park,14000000,10769
0,2,0,0,1,0,10,3341,2,4,4 BHK Apartment ,4,Koregaon Park,53500000,16013
0,3,2,1,1,1,1,1550,3,3,3 BHK Apartment ,5,Wakad,12500000,8064
0,3,0,1,1,0,6,3000,2,3,3 BHK Apartment ,7,Viman Nagar,25000000,8333
0,3,2,0,0,1,10,4500,1,4,4 BHK Apartment ,8,Boat Club Road,67000000,14888
0,3,1,0,0,1,10,4100,3,5,4 BHK Apartment ,8,Kalyani Nagar,65100000,15878
0,3,2,0,0,1,10,1100,1,2,2 BHK Apartment ,4,Kalyani Nagar,9800000,8909
0,3,0,1,1,0,11,1000,1,2,2 BHK Apartment ,7,Sangamvadi,7700000,7700
0,3,0,1,1,0,12,990,1,2,2 BHK Apartment ,3,Viman Nagar,6700000,6767
0,3,0,1,1,0,5,596,2,1,1 BHK Apartment ,3,Hadapsar,3100000,5201
0,2,1,1,1,0,15,2860,2,4,4 BHK Apartment ,1,Aundh,33500000,11713
0,2,0,1,1,1,0,610,2,1,1 BHK Apartment ,6,Lohegaon,3800000,6229
0,3,0,1,1,0,10,1650,2,3,3 BHK Apartment ,4,Viman Nagar,12000000,7272
0,3,0,1,1,0,10,1100,2,2,2 BHK Apartment ,2,Kalyani Nagar,9500000,8636
0,3,1,1,1,0,10,1265,1,2,2 BHK Apartment ,8,Kalyani Nagar,11800000,9328
0,3,2,1,1,0,10,1700,2,3,3 BHK Apartment ,1,Kalyani Nagar,18500000,10882
0,2,2,1,1,0,10,2802,2,4,4 BHK Apartment ,7,Kalyani Nagar,43000000,15346
0,3,0,1,1,0,10,2350,2,3,3 BHK Apartment ,7,Kalyani Nagar,35000000,14893
0,3,1,1,1,0,15,1050,2,2,2 BHK Apartment ,5,Kalyani Nagar,8200000,7809
0,3,0,1,1,0,10,1800,3,3,3 BHK Apartment ,1,Kalyani Nagar,18000000,10000
0,2,2,1,1,0,6,1900,2,3,3 BHK Apartment ,1,Sangamvadi,25500000,13421
0,3,1,0,1,0,5,2500,2,3,3 BHK Apartment ,5,Sangamvadi,33000000,13200
0,2,2,0,1,0,5,4500,1,5,4 BHK Apartment ,8,Sangamvadi,60000000,13333
0,3,1,1,1,0,10,1810,2,3,3 BHK Apartment ,1,Koregaon Park,25000000,13812
0,2,0,1,1,0,1,930,2,2,2 BHK Apartment ,6,Pimple Saudagar,6400000,6881
0,3,2,1,1,0,11,2615,2,4,4 BHK Apartment ,8,Koregaon Park,36000000,13766
0,3,0,1,1,0,3,1440,1,2,3 BHK Apartment ,5,Pimple Saudagar,9000000,6250
0,3,0,1,1,0,13,2400,2,4,4 BHK Apartment ,4,Koregaon Park,35000000,14583
0,3,0,1,1,0,6,1470,2,3,3 BHK Apartment ,6,Kalyani Nagar,20000000,13605
0,3,0,1,1,0,13,1050,2,2,2 BHK Apartment ,4,Kalyani Nagar,12000000,11428
0,3,0,1,1,0,11,2125,2,3,3 BHK Apartment ,3,Kalyani Nagar,25000000,11764
0,3,0,1,1,0,7,1700,2,3,3 BHK Apartment ,3,Kalyani Nagar,17500000,10294
0,3,0,1,1,0,11,580,2,1,1 BHK Apartment ,3,Sangamvadi,5500000,9482
0,3,0,1,1,0,6,2500,2,3,3 BHK Apartment ,1,Sangamvadi,27000000,10800
0,3,0,1,1,0,9,4800,3,6,4 BHK Apartment ,1,Koregaon Park,85600000,17833
0,3,0,1,1,0,12,2500,3,3,3 BHK Apartment ,2,Sangamvadi,40000000,16000
0,3,0,1,1,0,10,4000,2,5,5 BHK Apartment ,0,Koregaon Park,72500000,18125
0,3,0,1,1,0,10,1780,2,3,3 BHK Apartment ,6,Wadgaon Sheri,11500000,6460
0,3,0,1,1,0,6,1690,1,3,3 BHK Apartment ,2,Viman Nagar,16500000,9763
0,3,2,0,1,1,8,1260,2,2,2 BHK Apartment ,6,Boat Club Road,21000000,16666
0,3,0,1,1,0,4,1800,2,3,3 BHK Apartment ,1,Kalyani Nagar,18000000,10000
0,3,1,1,1,0,15,650,2,1,1 BHK Apartment ,4,Yerawada,5000000,7692
0,3,2,1,1,0,5,1660,2,3,3 BHK Apartment ,10,Wagholi,9020000,5433
1,3,3,1,1,1,0,1426,2,3,3 BHK Apartment ,2,Sus,8500000,5960
1,3,3,1,1,0,0,590,1,1,1 BHK Apartment ,4,Wakad,3780000,6406
1,3,3,1,1,0,0,896,1,2,2 BHK Apartment ,6,Wakad,5800000,6473
1,2,3,1,1,0,0,933,1,2,2 BHK Apartment ,2,Wagholi,3950000,4233
0,3,0,1,1,0,6,1000,2,2,2 BHK Apartment ,6,Kalyani Nagar,10000000,10000
0,3,0,1,1,0,14,1050,2,2,2 BHK Apartment ,5,Kalyani Nagar,9600000,9142
0,3,0,1,1,0,11,2775,2,3,4 BHK Apartment ,11,Kalyani Nagar,37000000,13333
0,3,0,1,1,0,12,2500,3,4,3 BHK Apartment ,2,Sangamvadi,40000000,16000
0,3,0,1,1,0,6,1241,1,2,2 BHK Apartment ,4,Wagholi,5800000,4673
0,2,2,1,1,1,18,1800,2,3,3 BHK Apartment ,1,Kalyani Nagar,17500000,9722
0,3,0,1,1,0,5,1690,2,3,3 BHK Apartment ,4,Viman Nagar,19000000,11242
0,2,0,1,1,0,7,1050,1,2,2 BHK Apartment ,6,Kalyani Nagar,7999000,7618
0,3,1,1,1,0,6,1250,1,2,2 BHK Apartment ,5,Kharadi,7500000,6000
0,2,1,0,1,0,5,1450,2,3,3 BHK Apartment ,4,Viman Nagar,11500000,7931
0,2,1,1,1,0,5,2285,2,4,3 BHK Apartment ,4,Kharadi,12500000,5470
0,3,0,1,1,0,4,1850,1,3,3 BHK Apartment ,4,Kharadi,14000000,7567
0,3,1,1,1,1,4,591,1,1,1 BHK Apartment ,3,Wagholi,3200000,5414
0,3,0,1,1,0,5,1540,1,2,2 BHK Apartment ,2,Kharadi,9400000,6103
0,3,0,0,1,0,5,1998,3,3,3 BHK Apartment ,3,Wagholi,8600000,4304
0,3,1,0,1,1,9,1000,1,2,2 BHK Apartment ,1,Viman Nagar,7900000,7900
0,3,0,1,1,0,5,2941,2,5,5 BHK Apartment ,7,Kharadi,15500000,5270
0,3,1,1,1,0,3,4850,2,5,4 BHK Apartment ,7,Kharadi,25000000,5154
0,3,0,1,1,0,5,1600,2,3,3 BHK Apartment ,3,Kharadi,8000000,5000
0,3,1,1,1,1,3,1430,1,3,3 BHK Apartment ,6,Kharadi,10000000,6993
0,3,1,1,1,0,3,1430,1,3,3 BHK Apartment ,6,Kharadi,10000000,6993
0,3,1,0,1,1,6,760,1,2,2 BHK Apartment ,1,Wagholi,3500000,4605
0,3,1,1,1,1,6,1080,1,2,2 BHK Apartment ,6,Kalyani Nagar,11000000,10185
0,3,1,1,1,1,6,1350,2,3,3 BHK Apartment ,4,Kalyani Nagar,13500000,10000
0,3,0,1,1,0,5,1665,3,3,3 BHK Apartment ,6,Wagholi,9400000,5645
0,3,1,1,1,0,5,1609,2,3,3 BHK Apartment ,3,Wagholi,8200000,5096
0,3,0,1,1,0,5,1447,2,3,3 BHK Apartment ,10,Wagholi,6800000,4699
0,3,0,1,1,0,1,1190,2,2,2 BHK Apartment ,8,Wagholi,6400000,5378
0,3,0,1,1,0,1,769,1,2,2 BHK Apartment ,4,Wagholi,5600000,7282
0,2,0,1,1,0,5,2600,2,4,4 BHK Apartment ,3,Wagholi,10000000,3846
0,3,1,1,1,0,5,1690,2,3,3 BHK Apartment ,3,Viman Nagar,18200000,10769
0,3,0,1,1,0,5,2078,2,4,4 BHK Apartment ,6,Viman Nagar,15800000,7603
0,3,0,1,1,0,10,1156,2,2,2 BHK Apartment ,6,Wadgaon Sheri,9000000,7785
0,3,0,1,1,0,10,1265,1,2,2 BHK Apartment ,1,Viman Nagar,9500000,7509
0,2,0,0,0,0,5,1500,2,3,3 BHK Apartment ,1,Viman Nagar,11700000,7800
0,2,2,1,1,0,10,1360,1,3,3 BHK Apartment ,4,Viman Nagar,12500000,9191
0,2,0,1,1,0,5,1400,3,3,3 BHK Apartment ,6,Kharadi,8400000,6000
0,2,0,1,1,0,5,2445,2,5,3 BHK Apartment ,10,Kharadi,13000000,5316
0,3,0,1,1,0,5,3500,2,5,4 BHK Apartment ,10,Kharadi,15300000,4371
0,3,1,1,1,0,5,2500,2,3,3 BHK Apartment ,12,Kharadi,12600000,5040
0,3,1,1,1,0,5,3380,2,5,3 BHK Apartment ,12,Kharadi,20000000,5917
0,2,1,1,1,0,5,4225,2,5,4 BHK Apartment ,10,Kharadi,15300000,3621
0,2,1,1,1,0,10,1850,2,4,4 BHK Apartment ,5,Koregaon Park,23000000,12432
0,2,2,1,1,0,15,600,1,1,1 BHK Apartment ,3,Koregaon Park,6000000,10000
0,2,2,1,1,0,10,2615,2,5,4 BHK Apartment ,4,Koregaon Park,34000000,13001
0,2,1,1,1,0,10,2100,2,4,4 BHK Apartment ,5,Koregaon Park,21500000,10238
0,2,1,0,1,0,10,1450,2,2,2 BHK Apartment ,3,Koregaon Park,16500000,11379
0,3,0,1,1,0,5,1700,1,2,3 BHK Apartment ,12,Wagholi,9550000,5617
0,3,1,0,0,0,10,1250,1,2,2 BHK Apartment ,2,Koregaon Park,15500000,12400
0,3,2,1,1,0,10,3887,3,6,4 BHK Apartment ,9,Koregaon Park,45300000,11654
0,3,0,1,1,0,3,1470,1,3,3 BHK Apartment ,4,Hadapsar,12000000,8163
0,3,0,1,1,0,6,1075,1,2,2 BHK Apartment ,6,Kharadi,8500000,7906
0,2,0,1,1,0,10,4200,2,5,4 BHK Apartment ,9,Kalyani Nagar,65000000,15476
1,3,3,1,1,0,1,4105,2,5,4 BHK Apartment ,12,Kalyani Nagar,75000000,18270
1,3,3,1,1,0,1,4105,1,5,4 BHK Apartment ,17,Kalyani Nagar,80000000,19488
0,2,1,1,1,0,10,1050,1,2,2 BHK Apartment ,6,Kalyani Nagar,11500000,10952
0,3,1,1,1,0,5,1650,3,3,3 BHK Apartment ,5,Kalyani Nagar,16000000,9696
0,3,0,1,1,0,5,1050,2,2,2 BHK Apartment ,9,Kalyani Nagar,8200000,7809
1,3,3,1,1,0,5,1700,1,2,3 BHK Apartment ,12,Wagholi,9550000,5617
0,2,0,1,1,0,10,1450,2,3,3 BHK Apartment ,2,Viman Nagar,8400000,5793
0,2,0,0,1,0,10,1450,2,3,3 BHK Apartment ,6,Viman Nagar,11500000,7931
0,3,1,1,1,0,10,1100,1,2,2 BHK Apartment ,5,Viman Nagar,7200000,6545
1,3,3,1,1,0,1,893,1,2,2 BHK Apartment ,2,Wagholi,4300000,4815
1,3,3,1,1,0,1,676,1,1,1 BHK Apartment ,11,Wagholi,3850000,5695
0,3,0,1,1,0,3,626,1,1,1 BHK Apartment ,11,Wagholi,3300000,5271
0,3,2,1,1,1,10,1700,1,2,2 BHK Apartment ,1,Kharadi,10400000,6117
0,3,0,1,1,0,5,1050,2,2,2 BHK Apartment ,9,Kalyani Nagar,8200000,7809
0,2,0,1,1,0,10,4200,2,5,4 BHK Apartment ,9,Kalyani Nagar,65000000,15476
0,2,1,1,1,0,10,2850,2,5,4 BHK Apartment ,2,Kalyani Nagar,43500000,15263
0,2,2,1,1,0,10,1890,1,3,3 BHK Apartment ,1,Kalyani Nagar,25000000,13227
0,3,1,1,1,0,5,1650,3,3,3 BHK Apartment ,5,Kalyani Nagar,16000000,9696
0,3,0,1,1,0,5,1155,1,2,2 BHK Apartment ,3,Kharadi,7500000,6493
0,3,2,1,1,0,1,1550,2,3,3 BHK Apartment ,5,Kharadi,8000000,5161
0,3,2,1,1,0,3,2360,2,4,3 BHK Apartment ,11,Kharadi,14500000,6144
0,3,2,1,1,0,3,3390,1,5,4 BHK Apartment ,12,Kharadi,18000000,5309
0,3,1,1,1,0,1,2595,3,5,4 BHK Apartment ,5,Kharadi,19000000,7321
0,2,1,1,1,0,10,1100,1,2,2 BHK Apartment ,4,Viman Nagar,8000000,7272
0,2,2,1,1,0,10,1550,2,3,3 BHK Apartment ,3,Viman Nagar,12500000,8064
0,3,1,1,1,0,15,950,1,2,2 BHK Apartment ,6,Viman Nagar,7500000,7894
0,2,0,1,1,0,10,794,1,2,2 BHK Apartment ,3,Viman Nagar,6000000,7556
0,3,1,0,1,0,5,865,1,2,2 BHK Apartment ,2,Viman Nagar,7000000,8092
0,3,0,1,1,0,5,1100,2,2,2 BHK Apartment ,4,Viman Nagar,8300000,7545
0,2,1,0,1,0,5,1350,1,3,3 BHK Apartment ,4,Viman Nagar,9900000,7333
0,3,0,0,1,0,5,1450,2,2,2 BHK Apartment ,5,Viman Nagar,10700000,7379
0,3,0,1,1,0,5,750,2,2,2 BHK Apartment ,1,Viman Nagar,6500000,8666
0,3,0,0,1,0,5,2359,2,3,3 BHK Apartment ,3,Viman Nagar,19000000,8054
0,3,0,1,1,0,15,2100,3,3,3 BHK Apartment ,5,Viman Nagar,17500000,8333
0,3,0,1,1,0,15,2100,3,3,3 BHK Apartment ,5,Viman Nagar,17500000,8333
0,3,2,0,1,0,5,1800,2,3,3 BHK Apartment ,1,Viman Nagar,16500000,9166
0,3,1,1,1,1,7,607,1,1,1 BHK Apartment ,6,Wagholi,3100000,5107
0,3,0,1,1,0,5,4040,2,4,4 BHK Apartment ,4,Hadapsar,35000000,8663
0,3,1,1,1,0,5,6850,2,7,5 BHK Apartment ,10,Hadapsar,42500000,6204
0,2,2,1,1,0,10,2400,2,4,4 BHK Apartment ,3,Wadgaon Sheri,19000000,7916
0,3,0,1,1,0,10,695,1,1,1 BHK Apartment ,1,Viman Nagar,5300000,7625
0,2,1,1,1,0,10,1201,1,2,2 BHK Apartment ,6,Viman Nagar,10000000,8326
0,3,2,1,1,1,2,1569,2,2,2 BHK Apartment ,6,Viman Nagar,9500000,6054
0,3,2,1,1,1,5,5400,2,4,4 BHK Apartment ,7,Viman Nagar,44500000,8240
0,2,0,1,1,0,5,1100,2,2,2 BHK Apartment ,6,Kalyani Nagar,8500000,7727
1,3,3,1,1,0,1,3040,3,5,4 BHK Apartment ,10,Kalyani Nagar,58200000,19144
0,2,0,1,1,0,10,1050,1,2,2 BHK Apartment ,6,Kalyani Nagar,7999000,7618
0,3,2,1,1,0,10,3000,2,3,3 BHK Apartment ,7,Viman Nagar,25000000,8333
0,3,1,0,1,1,4,2041,3,1,3 BHK Apartment ,0,Wagholi,11000000,5389
0,3,1,1,1,0,4,1820,3,1,3 BHK Apartment ,9,Kharadi,15000000,8241
0,3,1,1,1,0,9,1150,2,1,2 BHK Apartment ,2,Viman Nagar,8500000,7391
0,2,0,1,1,0,10,1500,2,2,2 BHK Apartment ,7,Viman Nagar,14200000,9466
0,3,2,1,1,0,5,4400,2,5,4 BHK Apartment ,7,Viman Nagar,44000000,10000
0,3,1,0,1,0,5,2359,2,3,3 BHK Apartment ,3,Viman Nagar,20000000,8478
0,2,2,1,1,0,10,1500,2,3,3 BHK Apartment ,2,Viman Nagar,14000000,9333
0,3,2,1,1,0,5,4300,2,3,3 BHK Apartment ,11,Viman Nagar,27500000,6395
0,3,1,0,1,0,5,4083,2,4,4 BHK Apartment ,3,Viman Nagar,55000000,13470
0,3,0,1,1,0,7,605,1,1,1 BHK Apartment ,2,Kharadi,4300000,7107
0,3,1,1,1,0,4,1550,2,3,3 BHK Apartment ,8,Koregaon Park,16500000,10645
0,3,1,0,1,0,5,1062,1,3,2 BHK Apartment ,2,Viman Nagar,9000000,8474
0,3,0,1,1,0,6,1630,2,3,3 BHK Apartment ,5,Kharadi,9500000,5828
0,3,1,1,1,0,4,1555,3,3,3 BHK Apartment ,2,Kharadi,9700000,6237
0,3,1,1,1,0,1,1977,2,3,3 BHK Apartment ,10,Kharadi,13500000,6828
0,3,1,1,1,0,9,650,1,1,1 BHK Apartment ,1,Viman Nagar,5950000,9153
0,3,1,1,1,0,7,825,2,1,2 BHK Apartment ,4,Kharadi,5700000,6909
0,3,0,1,1,0,6,600,1,1,1 BHK Apartment ,4,Wagholi,2700000,4500
0,3,1,1,1,0,11,479,1,1,1 BHK Apartment ,2,Koregaon Park,4600000,9603
0,3,1,1,1,0,8,1050,2,2,2 BHK Apartment ,5,Viman Nagar,8000000,7619
0,3,1,1,1,0,7,1080,2,2,2 BHK Apartment ,3,Kharadi,7000000,6481
1,3,3,1,1,1,2,941,2,3,3 BHK Apartment ,1,Wagholi,4200000,4463
0,3,1,1,1,0,11,1125,1,2,2 BHK Apartment ,7,Viman Nagar,8800000,7822
0,3,2,1,1,1,7,605,1,1,1 BHK Apartment ,5,Kharadi,4300000,7107
1,3,3,1,1,0,2,1600,2,2,3 BHK Apartment ,12,Wagholi,14500000,9062
0,2,1,1,1,0,5,1100,2,2,2 BHK Apartment ,3,Kalyani Nagar,9000000,8181
0,3,1,1,1,0,10,4000,2,4,4 BHK Apartment ,5,Kalyani Nagar,60000000,15000
0,3,1,1,1,0,10,2892,2,3,3 BHK Apartment ,2,Kalyani Nagar,47900000,16562
0,3,2,1,1,0,4,4100,3,5,4 BHK Apartment ,6,Kalyani Nagar,72500000,17682
0,3,2,1,1,0,1,4050,3,5,4 BHK Apartment ,8,Kalyani Nagar,75000000,18518
0,3,0,1,1,0,8,1140,1,2,2 BHK Apartment ,11,Wagholi,5500000,4824
1,2,3,1,1,0,1,1724,2,3,3 BHK Apartment ,8,Wagholi,8000000,4640
0,3,0,1,1,0,4,1585,3,3,3 BHK Apartment ,1,Wagholi,7000000,4416
0,3,0,1,1,0,4,1645,2,3,3 BHK Apartment ,9,Wagholi,8200000,4984
0,3,1,1,1,0,7,900,1,2,2 BHK Apartment ,4,Viman Nagar,6700000,7444
0,3,0,0,1,0,1,2400,2,3,3 BHK Apartment ,3,Viman Nagar,20000000,8333
0,2,1,0,1,0,1,1673,2,3,3 BHK Apartment ,3,Viman Nagar,13300000,7949
0,2,0,0,1,0,1,1250,2,3,3 BHK Apartment ,6,Viman Nagar,9500000,7600
0,3,1,1,1,0,10,2850,2,4,4 BHK Apartment ,5,Kalyani Nagar,45000000,15789
0,3,1,1,1,0,10,4200,2,4,4 BHK Apartment ,9,Kalyani Nagar,70000000,16666
0,3,2,0,1,0,7,1200,1,2,2 BHK Apartment ,1,Viman Nagar,8200000,6833
0,3,1,1,1,0,5,2800,2,4,4 BHK Apartment ,7,Kalyani Nagar,28000000,10000
0,3,0,1,1,0,1,1500,2,3,3 BHK Apartment ,5,Kalyani Nagar,12000000,8000
0,3,2,1,1,0,6,1200,2,2,2 BHK Apartment ,4,Kalyani Nagar,10005000,8337
0,2,1,1,1,0,6,1201,1,2,2 BHK Apartment ,6,Kharadi,7800000,6494
0,2,0,1,1,0,10,4200,2,5,4 BHK Apartment ,9,Kalyani Nagar,65000000,15476
0,3,1,1,1,0,5,1500,2,2,2 BHK Apartment ,0,Kalyani Nagar,11000000,7333
0,3,1,1,1,0,6,1700,2,3,3 BHK Apartment ,5,Kalyani Nagar,16000000,9411
0,2,0,1,1,0,5,1265,1,2,3 BHK Apartment ,6,Kalyani Nagar,9000000,7114
0,2,2,1,1,0,3,2830,2,5,4 BHK Apartment ,2,Kalyani Nagar,45000000,15901
0,3,0,1,1,0,4,1300,2,3,3 BHK Apartment ,3,Wagholi,6500000,5000
0,3,0,1,1,0,7,1585,3,3,3 BHK Apartment ,7,Wagholi,7500000,4731
0,2,0,1,1,0,5,1700,1,3,3 BHK Apartment ,6,Kalyani Nagar,16500000,9705
0,3,0,1,1,0,5,1725,3,3,3 BHK Apartment ,5,Kalyani Nagar,15500000,8985
0,3,0,1,1,0,7,1056,1,2,2 BHK Apartment ,6,Kalyani Nagar,8500000,8049
0,2,1,1,1,0,6,1100,1,2,2 BHK Apartment ,9,Kalyani Nagar,9800000,8909
0,3,2,1,1,0,10,2509,1,3,3 BHK Apartment ,10,Kalyani Nagar,31500000,12554
0,3,1,1,1,0,9,2900,2,4,4 BHK Apartment ,2,Kalyani Nagar,43500000,15000
0,3,1,1,1,0,9,1750,3,3,3 BHK Apartment ,5,Kalyani Nagar,24000000,13714
0,3,1,1,1,0,10,2400,3,3,3 BHK Apartment ,6,Kalyani Nagar,40000000,16666
0,3,0,1,1,0,10,1590,1,3,3 BHK Apartment ,4,Viman Nagar,12100000,7610
0,3,0,1,1,0,5,1200,2,2,2 BHK Apartment ,4,Kalyani Nagar,10500000,8750
0,3,0,1,1,0,10,1940,2,3,3 BHK Apartment ,7,Kalyani Nagar,25000000,12886
0,3,0,1,1,0,1,3000,1,3,3 BHK Apartment ,3,Kalyani Nagar,30000000,10000
0,3,0,1,1,0,10,1500,2,3,3 BHK Apartment ,2,Boat Club Road,16500000,11000
0,3,0,1,1,0,1,3147,2,4,4 BHK Apartment ,1,Kalyani Nagar,28500000,9056
0,3,0,1,1,0,10,2050,2,3,3 BHK Apartment ,10,Boat Club Road,30000000,14634
0,3,0,1,1,0,10,1360,1,2,2 BHK Apartment ,8,Boat Club Road,26100000,19191
0,3,0,1,1,0,5,847,1,2,2 BHK Apartment ,3,Wagholi,3500000,4132
0,3,0,1,1,0,15,700,1,1,1 BHK Apartment ,3,Koregaon Park,6800000,9714
0,3,1,1,1,0,2,3147,2,5,4 BHK Apartment ,1,Kalyani Nagar,28500000,9056
0,3,0,1,1,0,5,2185,1,4,3 BHK Apartment ,10,Kharadi,15500000,7093
0,3,0,1,1,0,5,1103,2,2,2 BHK Apartment ,6,Kharadi,6500000,5893
0,3,0,1,1,0,5,2055,2,3,3 BHK Apartment ,6,Kharadi,16000000,7785
0,3,0,1,1,0,10,1155,1,2,2 BHK Apartment ,3,Kharadi,7500000,6493
0,3,0,1,1,0,1,2360,2,3,3 BHK Apartment ,9,Kharadi,14800000,6271
0,3,0,1,1,0,10,1800,1,3,3 BHK Apartment ,2,Koregaon Park,27500000,15277
0,3,0,1,1,0,10,1600,2,3,3 BHK Apartment ,1,Koregaon Park,19000000,11875
0,3,0,1,1,0,10,4300,2,4,4 BHK Apartment ,0,Koregaon Park,72500000,16860
0,3,0,1,1,0,10,2200,1,3,3 BHK Apartment ,5,Kalyani Nagar,31500000,14318
0,3,0,1,1,0,5,2800,2,4,4 BHK Apartment ,6,Koregaon Park,29500000,10535
0,3,0,1,1,0,10,2400,2,3,3 BHK Apartment ,3,Koregaon Park,18500000,7708
0,3,0,1,1,0,10,1900,2,3,3 BHK Apartment ,7,Kalyani Nagar,23500000,12368
0,3,0,1,1,0,15,880,1,2,2 BHK Apartment ,5,Viman Nagar,6500000,7386
0,3,0,1,1,0,10,1300,1,2,2 BHK Apartment ,7,Viman Nagar,9200000,7076
0,3,0,1,1,0,10,1201,1,2,2 BHK Apartment ,6,Viman Nagar,10000000,8326
0,3,0,1,1,0,10,1590,1,3,3 BHK Apartment ,4,Viman Nagar,12100000,7610
0,3,0,1,1,0,10,1450,2,3,3 BHK Apartment ,6,Viman Nagar,12000000,8275
0,3,0,1,1,0,10,750,1,1,1 BHK Apartment ,2,Viman Nagar,5500000,7333
0,3,0,1,1,0,11,4697,2,3,4 BHK Apartment ,11,Koregaon Park,70000000,14903
0,3,0,1,1,0,6,1000,1,2,2 BHK Apartment ,3,Koregaon Park,12500000,12500
0,3,0,1,1,0,2,1650,1,3,3 BHK Apartment ,2,Koregaon Park,16500000,10000
0,3,0,1,1,0,11,1831,1,3,3 BHK Apartment ,2,Koregaon Park,23500000,12834
0,3,0,1,1,0,6,1320,1,3,3 BHK Apartment ,6,Koregaon Park,11000000,8333
0,3,0,1,1,0,6,2000,2,3,3 BHK Apartment ,9,Koregaon Park,20000000,10000
0,3,0,1,1,0,6,1170,1,2,2 BHK Apartment ,2,Viman Nagar,9500000,8119
0,3,0,1,1,0,2,1015,1,2,2 BHK Apartment ,7,Wagholi,5500000,5418
0,3,0,1,1,0,2,2535,3,4,4 BHK Apartment ,3,Wagholi,9800000,3865
0,3,0,1,1,0,6,1220,1,2,2 BHK Apartment ,4,Shastri Nagar,10800000,8852
0,3,0,1,1,0,11,1700,3,3,3 BHK Apartment ,1,Kalyani Nagar,18000000,10588
0,3,0,1,1,0,6,1500,2,3,3 BHK Apartment ,3,Wadgaon Sheri,11700000,7800
0,3,1,1,1,0,6,1360,2,2,2 BHK Apartment ,8,Sangamvadi,26100000,19191
0,3,0,1,1,0,6,3800,2,4,4 BHK Apartment ,2,Sangamvadi,60000000,15789
0,3,0,1,1,0,6,2802,2,4,4 BHK Apartment ,4,Sangamvadi,45100000,16095
0,3,0,1,1,0,6,3000,1,4,4 BHK Apartment ,3,Sangamvadi,62000000,20666
0,3,0,1,1,0,6,2050,1,3,3 BHK Apartment ,10,Sangamvadi,30000000,14634
0,3,0,1,1,0,2,5301,2,5,5 BHK Apartment ,7,Boat Club Road,95100000,17940
0,3,0,1,1,0,2,2650,1,3,3 BHK Apartment ,9,Mundhwa,28000000,10566
0,3,0,1,1,0,2,1250,1,2,2 BHK Apartment ,2,Mundhwa,14000000,11200
0,3,0,1,1,0,6,3900,2,4,4 BHK Apartment ,11,Mundhwa,53000000,13589
0,3,0,1,1,0,11,2435,1,3,3 BHK Apartment ,5,Kalyani Nagar,30000000,12320
0,3,0,1,1,0,6,1150,2,2,2 BHK Apartment ,7,Viman Nagar,10500000,9130
0,3,0,1,1,0,6,1500,2,3,3 BHK Apartment ,4,Viman Nagar,11200000,7466
0,2,0,1,1,0,1,2900,1,4,4 BHK Apartment ,8,Kharadi,18000000,6206
0,3,0,1,1,0,5,1250,2,2,2 BHK Apartment ,3,Kharadi,10200000,8160
0,3,0,1,1,0,0,600,2,1,1 BHK Apartment ,2,Kalyani Nagar,6250000,10416
0,3,1,1,1,1,7,680,1,1,1 BHK Apartment ,4,Wadgaon Sheri,5600000,8235
0,3,0,1,1,0,4,1063,2,2,2 BHK Apartment ,6,Kharadi,8000000,7525
0,3,0,1,1,0,3,953,2,2,2 BHK Apartment ,4,Wagholi,4100000,4302
0,2,1,1,1,1,16,1250,2,2,2 BHK Apartment ,6,Kalyani Nagar,9900000,7920
0,3,0,0,1,0,5,803,1,2,2 BHK Apartment ,1,Wagholi,3700000,4607
0,3,0,1,1,0,5,2250,2,3,3 BHK Apartment ,1,Koregaon Park,30000000,13333
0,3,0,1,1,0,13,2400,2,4,4 BHK Apartment ,4,Koregaon Park,35000000,14583
0,3,2,1,1,1,10,1500,2,3,3 BHK Apartment ,11,Kothrud,19500000,13000
0,3,0,1,1,0,14,1850,2,3,3 BHK Apartment ,5,Koregaon Park,25000000,13513
0,3,1,0,0,0,5,2100,1,3,3 BHK Apartment ,1,Kalyani Nagar,21000000,10000
0,3,1,1,1,1,5,2086,2,4,3 BHK Apartment ,1,NIBM Annex Mohammadwadi,14000000,6711
1,3,3,1,1,0,0,5105,3,4,4 BHK Apartment ,8,Viman Nagar,61500000,12047
0,3,0,1,1,0,11,950,1,2,2 BHK Apartment ,7,Bavdhan,6000000,6315
0,3,0,1,1,0,10,2399,2,2,2 BHK Apartment ,1,Viman Nagar,18100000,7544
0,2,0,1,1,0,5,1435,2,2,2 BHK Apartment ,5,Mundhwa,10000000,6968
0,3,0,1,1,0,10,2300,2,3,3 BHK Apartment ,10,Hadapsar,15000000,6521
0,3,0,1,1,0,2,950,1,2,2 BHK Apartment ,1,Viman Nagar,6500000,6842
0,3,0,1,1,0,6,900,1,2,2 BHK Apartment ,3,Viman Nagar,7200000,8000
0,3,0,1,1,0,6,1150,1,2,2 BHK Apartment ,3,Viman Nagar,9300000,8086
0,3,0,1,1,0,2,1600,2,3,3 BHK Apartment ,6,Viman Nagar,12500000,7812
0,3,0,1,1,0,6,1155,1,2,2 BHK Apartment ,7,Kalyani Nagar,11000000,9523
0,3,0,1,1,0,6,1600,1,3,3 BHK Apartment ,3,Viman Nagar,16500000,10312
0,3,0,1,1,0,2,870,1,2,2 BHK Apartment ,3,Wagholi,4500000,5172
0,3,0,1,1,0,10,1550,2,3,3 BHK Apartment ,5,Kalyani Nagar,13500000,8709
0,3,0,1,1,0,10,1478,2,3,3 BHK Apartment ,3,Kharadi,9900000,6698
0,3,2,1,1,1,3,610,1,1,1 BHK Apartment ,4,Kalyani Nagar,5200000,8524
0,2,2,1,1,1,12,1210,2,2,2 BHK Apartment ,5,Kalyani Nagar,8100000,6694
0,3,2,1,1,1,7,1250,1,2,3 BHK Apartment ,5,Kalyani Nagar,9800000,7840
0,3,2,1,1,1,8,1600,1,2,3 BHK Apartment ,11,Kalyani Nagar,13500000,8437
0,3,2,1,1,1,8,1600,2,3,3 BHK Apartment ,4,Kalyani Nagar,16100000,10062
0,2,2,1,1,1,8,1650,1,3,3 BHK Apartment ,1,Kalyani Nagar,19000000,11515
0,3,2,1,1,1,5,1750,2,3,3 BHK Apartment ,2,Kalyani Nagar,20000000,11428
0,2,1,1,1,1,12,650,1,2,1 BHK Apartment ,4,Kalyani Nagar,5200000,8000
0,3,1,1,1,1,6,900,1,2,2 BHK Apartment ,1,Kalyani Nagar,7000000,7777
0,3,1,1,1,0,8,847,1,2,2 BHK Apartment ,1,Wagholi,4000000,4722
0,3,2,1,1,0,9,1250,1,3,3 BHK Apartment ,1,Viman Nagar,16000000,12800
0,3,0,1,1,0,5,735,1,2,2 BHK Apartment ,6,Wagholi,3200000,4353
0,3,1,1,1,0,11,1085,1,2,2 BHK Apartment ,7,Kharadi,8500000,7834
0,3,0,1,1,0,12,550,1,1,1 BHK Apartment ,1,Viman Nagar,5000000,9090
0,3,0,1,1,0,5,1550,2,3,3 BHK Apartment ,7,Wagholi,7200000,4645
0,3,0,1,1,0,1,590,1,1,1 BHK Apartment ,2,Wagholi,3450000,5847
0,3,0,1,1,0,2,1215,2,3,3 BHK Apartment ,8,Wagholi,6400000,5267
0,3,0,0,1,0,5,850,1,2,2 BHK Apartment ,2,Wagholi,3600000,4235
0,3,0,1,1,0,1,775,1,2,2 BHK Apartment ,1,Wagholi,4400000,5677
0,3,0,1,1,0,12,1464,1,3,3 BHK Apartment ,5,Kalyani Nagar,16000000,10928
0,3,0,1,1,0,4,817,1,2,2 BHK Apartment ,1,Wagholi,4000000,4895
0,3,0,1,1,0,2,1070,1,2,2 BHK Apartment ,2,Kharadi,7500000,7009
1,3,3,1,1,0,2,837,1,2,2 BHK Apartment ,9,Wagholi,4500000,5376
0,3,0,1,1,0,1,932,1,2,2 BHK Apartment ,2,Wagholi,5000000,5364
0,3,0,1,1,0,1,2130,1,3,4 BHK Apartment ,4,Kharadi,14000000,6572
0,3,0,1,1,0,3,980,1,2,2 BHK Apartment ,2,Wagholi,4500000,4591
0,3,0,1,1,0,4,583,1,1,1 BHK Apartment ,1,Wagholi,3300000,5660
0,3,0,1,1,0,5,1611,1,3,3 BHK Apartment ,8,Kharadi,10500000,6517
0,3,0,1,1,0,10,1000,1,2,2 BHK Apartment ,4,Kharadi,7000000,7000
0,3,0,1,1,0,4,630,1,1,1 BHK Apartment ,4,Wagholi,4200000,6666
0,3,0,1,1,0,2,650,1,1,1 BHK Apartment ,1,Wagholi,3200000,4923
0,3,0,1,1,0,3,910,1,2,2 BHK Apartment ,1,Wagholi,3700000,4065
0,3,0,1,1,0,6,940,1,2,2 BHK Apartment ,2,Wagholi,3600000,3829
1,3,3,1,1,0,1,1053,2,2,2 BHK Apartment ,1,Wagholi,4500000,4273
0,3,0,1,1,0,11,1010,1,2,2 BHK Apartment ,1,Yerawada,11000000,10891
0,3,0,1,1,0,1,702,1,1,2 BHK Apartment ,7,Wagholi,3000000,4273
0,3,0,1,1,0,2,1060,3,2,2 BHK Apartment ,6,Wagholi,4200000,3962
1,3,3,1,1,0,1,876,2,2,2 BHK Apartment ,11,Wagholi,4100000,4680
0,3,0,1,1,0,2,937,1,2,2 BHK Apartment ,9,Wagholi,10500000,11205
0,3,0,1,1,0,1,1979,2,3,3 BHK Apartment ,14,Kharadi,17000000,8590
1,3,3,1,1,0,1,944,2,2,2 BHK Apartment ,2,Wagholi,4500000,4766
0,3,0,1,1,0,1,1979,2,3,3 BHK Apartment ,15,Kharadi,15900000,8034
0,3,0,1,1,0,1,760,1,2,2 BHK Apartment ,4,Wagholi,4100000,5394
0,3,0,1,1,0,4,790,1,2,2 BHK Apartment ,6,Kharadi,6200000,7848
1,3,3,1,1,0,1,746,1,2,2 BHK Apartment ,6,Wagholi,3900000,5227
0,3,0,1,1,0,7,1236,1,2,2 BHK Apartment ,4,Kharadi,7450000,6027
0,3,0,0,1,0,4,778,1,2,2 BHK Apartment ,1,Kharadi,6400000,8226
1,3,3,1,1,0,1,710,1,1,1 BHK Apartment ,3,Wagholi,3650000,5140
0,3,0,1,1,0,2,2000,2,3,3 BHK Apartment ,5,Koregaon Park,35500000,17750
0,3,2,1,1,0,10,2800,2,4,4 BHK Apartment ,3,Koregaon Park,37500000,13392
0,2,1,1,1,0,3,800,1,2,1 BHK Apartment ,2,Wagholi,3100000,3875
0,3,0,1,1,0,4,2740,1,5,4 BHK Apartment ,11,Kharadi,18500000,6751
0,2,0,1,1,0,14,1050,1,2,2 BHK Apartment ,4,Viman Nagar,7500000,7142
0,2,0,1,1,0,7,750,1,1,1 BHK Apartment ,3,Viman Nagar,5200000,6933
0,2,0,1,1,0,7,575,1,1,1 BHK Apartment ,1,Viman Nagar,5000000,8695
1,3,3,1,1,0,0,824,2,2,2 BHK Apartment ,1,Wagholi,4250000,5157
1,3,3,1,1,0,1,770,2,2,1 BHK Apartment ,3,Wagholi,4000000,5194
0,3,0,1,0,0,7,780,1,2,2 BHK Apartment ,3,Kharadi,4800000,6153
0,3,0,1,1,0,0,4105,2,5,4 BHK Apartment ,12,Kalyani Nagar,61100000,14884
0,3,0,1,1,0,10,1200,2,3,3 BHK Apartment ,5,Kalyani Nagar,19000000,15833
0,3,0,1,1,0,9,1150,2,2,2 BHK Apartment ,8,Kalyani Nagar,11800000,10260
0,3,0,1,1,0,5,1380,2,3,3 BHK Apartment ,2,Kalyani Nagar,13000000,9420
1,3,3,1,1,0,0,710,1,1,1 BHK Apartment ,1,Wakad,3800000,5352
0,3,0,1,1,0,7,1500,2,3,3 BHK Apartment ,5,Viman Nagar,12500000,8333
0,3,0,1,1,0,14,1850,2,3,3 BHK Apartment ,5,Koregaon Park,25000000,13513
0,3,0,1,1,0,16,1700,2,3,3 BHK Apartment ,2,Koregaon Park,24000000,14117
0,3,0,1,0,0,9,1059,2,2,2 BHK Apartment ,5,Kalyani Nagar,7450000,7034
0,3,0,1,1,0,12,1600,2,3,3 BHK Apartment ,2,Kalyani Nagar,12000000,7500
1,3,3,1,1,1,0,940,1,2,2 BHK Apartment ,4,Undri,5600000,5957
1,3,3,1,1,0,0,630,1,1,1 BHK Apartment ,2,Wagholi,2300000,3650
0,3,2,0,0,0,4,3000,2,4,3 BHK Villa ,1,Baner,32500000,10833
0,3,0,1,1,0,4,925,2,2,2 BHK Apartment ,6,Vishrantwadi,6500000,7027
0,3,1,1,1,0,5,2615,2,5,4 BHK Apartment ,8,Koregaon Park,40000000,15296
0,2,0,1,1,0,10,1540,2,3,3 BHK Apartment ,10,Kalyani Nagar,12100000,7857
0,2,2,1,1,0,0,1650,2,3,3 BHK Apartment ,2,Bund Garden,20000000,12121
0,3,0,0,0,0,1,1800,2,2,2 BHK Apartment ,5,Koregaon Park,26500000,14722
0,3,0,0,0,0,5,4595,2,5,4 BHK Apartment ,4,Sangamvadi,70000000,15233
0,3,0,1,1,0,10,700,2,1,1 BHK Apartment ,3,Viman Nagar,6200000,8857
0,3,1,0,0,0,15,3500,1,3,3 BHK Apartment ,5,Koregaon Park,39000000,11142
0,3,1,0,0,0,5,1050,1,2,2 BHK Apartment ,4,Bund Garden,8000000,7619
0,3,1,0,0,0,20,550,1,1,1 BHK Apartment ,5,Bund Garden,5800000,10545
0,3,1,1,1,0,5,2400,2,3,3 BHK Apartment ,1,Kharadi,25000000,10416
0,3,1,1,1,0,15,650,2,1,1 BHK Apartment ,2,Yerawada,5800000,8923
0,2,0,1,1,1,2,1180,3,2,2 BHK Apartment ,6,Kharadi,8100000,6864
0,2,2,1,1,0,10,1170,1,2,2 BHK Apartment ,1,Wakad,7980000,6820
0,3,0,1,1,0,4,1721,3,3,3 BHK Apartment ,3,Viman Nagar,15500000,9006
0,3,2,1,1,1,7,2100,1,3,3 BHK Apartment ,10,Boat Club Road,29000000,13809
0,3,0,1,1,0,8,4500,2,4,4 BHK Apartment ,2,Sangamvadi,55000000,12222
0,3,1,0,1,0,4,635,1,1,1 BHK Apartment ,1,Wadgaon Sheri,3800000,5984
0,2,0,1,1,0,4,750,1,2,2 BHK Apartment ,4,Wagholi,3500000,4666
0,2,0,1,1,1,3,1317,2,3,3 BHK Apartment ,6,Lohegaon,7000000,5315
0,3,1,1,1,0,3,4335,2,6,4 BHK Apartment ,3,Kharadi,31000000,7151
1,3,3,1,1,0,0,1154,1,2,2 BHK Apartment ,9,Mundhwa,6300000,5459
0,3,0,1,1,0,1,2845,2,5,3 BHK Apartment ,1,Viman Nagar,24000000,8435
0,3,0,1,1,1,6,1034,2,2,2 BHK Apartment ,5,Baner,7000000,6769
0,3,0,1,1,1,2,1020,2,2,2 BHK Apartment ,4,Baner,8000000,7843
0,3,0,1,1,1,0,1113,2,2,2 BHK Apartment ,7,Sus,6800000,6109
0,3,2,1,1,1,7,1250,2,2,2 BHK Apartment ,5,Baner,8500000,6800
0,3,2,1,1,1,6,1171,2,2,2 BHK Apartment ,4,Baner,8200000,7002
0,3,2,1,0,1,2,623,2,1,1 BHK Apartment ,4,Aundh,4800000,7704
0,3,0,1,1,1,5,644,2,1,1 BHK Apartment ,5,Baner,4500000,6987
1,3,3,1,1,0,0,650,2,1,1 BHK Apartment ,6,Mundhwa,3975000,6115
0,3,0,1,1,0,7,757,2,2,2 BHK Apartment ,3,Wadgaon Sheri,5000000,6605
0,3,0,1,1,0,10,4200,2,4,4 BHK Apartment ,7,Kalyani Nagar,75400000,17952
0,3,1,1,1,0,10,600,1,1,1 BHK Apartment ,5,Kalyani Nagar,5600000,9333
0,3,1,1,1,1,0,1099,2,3,3 BHK Apartment ,10,Sus,7300000,6642
0,3,0,0,1,0,5,980,2,2,2 BHK Apartment ,2,Bund Garden,9000000,9183
0,3,2,1,1,1,10,1980,3,4,4 BHK Apartment ,7,Wadgaon Sheri,21000000,10606
0,3,0,0,1,1,7,2500,1,3,4 BHK Apartment ,3,Wagholi,9000000,3600
0,3,1,1,1,0,5,4355,3,5,4 BHK Apartment ,10,Kharadi,31000000,7118
0,3,0,1,1,0,5,2750,3,3,3 BHK Villa ,2,Wagholi,9500000,3454
0,3,0,1,1,0,10,1156,2,2,2 BHK Apartment ,6,Wadgaon Sheri,9000000,7785
0,3,0,1,1,0,5,2900,2,4,3 BHK Villa ,11,Kharadi,14000000,4827
0,3,1,0,0,0,5,2600,2,3,3 BHK Villa ,2,Wagholi,17000000,6538
0,3,0,0,1,0,5,2198,3,3,3 BHK Villa ,9,Wagholi,8500000,3867
1,3,3,0,0,0,5,2100,2,3,3 BHK Villa ,2,Wagholi,11000000,5238
0,3,0,0,0,0,5,2875,1,4,3 BHK Villa ,2,Wagholi,15500000,5391
0,3,0,1,1,0,5,1575,2,3,3 BHK Apartment ,6,Mundhwa,10800000,6857
0,3,2,1,1,1,8,1370,2,3,3 BHK Apartment ,4,Hadapsar,7800000,5693
0,3,0,1,1,0,18,2200,2,3,3 BHK Apartment ,2,Koregaon Park,20000000,9090
0,3,1,1,1,0,7,1700,3,3,3 BHK Apartment ,3,Koregaon Park,16000000,9411
0,2,1,1,1,0,10,3300,2,5,4 BHK Apartment ,11,Kalyani Nagar,37000000,11212
0,3,2,1,1,0,5,3500,2,5,4 BHK Apartment ,10,Kharadi,15300000,4371
0,3,0,1,1,0,1,1104,1,2,2 BHK Apartment ,5,Kharadi,6955000,6299
0,2,0,1,1,0,10,1100,1,2,2 BHK Apartment ,3,Kharadi,6600000,6000
0,2,0,1,1,0,5,1225,1,2,2 BHK Apartment ,8,Kharadi,7200000,5877
1,3,3,1,1,0,1,1585,2,3,3 BHK Apartment ,5,Kharadi,8650000,5457
0,3,0,1,1,0,2,880,1,2,2 BHK Apartment ,3,Kharadi,5220000,5931
0,3,1,1,1,0,10,1800,3,3,3 BHK Apartment ,6,Koregaon Park,22000000,12222
0,2,2,1,1,0,10,2000,2,3,3 BHK Apartment ,8,Koregaon Park,25000000,12500
0,2,1,1,1,0,10,1980,3,4,3 BHK Apartment ,7,Kalyani Nagar,20000000,10101
0,2,1,1,1,0,15,1968,2,3,3 BHK Apartment ,2,Kalyani Nagar,23500000,11941
0,3,2,1,1,0,10,1542,2,3,3 BHK Apartment ,10,Kalyani Nagar,14500000,9403
0,2,1,1,1,0,10,1810,2,3,3 BHK Apartment ,5,Kalyani Nagar,13000000,7182
0,3,1,1,1,0,16,1750,2,3,3 BHK Apartment ,2,Koregaon Park,17500000,10000
0,3,0,1,1,1,5,1750,2,3,3 BHK Apartment ,2,Kalyani Nagar,21000000,12000
0,3,2,0,1,0,5,960,1,1,1 BHK Apartment ,1,Koregaon Park,12500000,13020
0,3,0,1,1,0,3,2360,1,3,3 BHK Apartment ,11,Kharadi,15000000,6355
0,3,2,1,1,1,12,4500,3,4,4 BHK Apartment ,10,Koregaon Park,43300000,9622
0,3,1,1,1,0,10,4200,2,4,4 BHK Apartment ,5,Kalyani Nagar,60000000,14285
0,3,1,1,1,0,5,1255,1,2,2 BHK Apartment ,9,Kharadi,8500000,6772
0,3,1,0,1,1,5,630,1,1,1 BHK Apartment ,3,Boat Club Road,8800000,13968
0,2,0,1,1,0,10,1885,2,3,3 BHK Apartment ,6,Mundhwa,14000000,7427
0,3,0,1,1,1,9,2375,2,4,4 BHK Apartment ,10,Kalyani Nagar,40000000,16842
0,2,0,0,0,0,5,1500,2,3,3 BHK Apartment ,1,Viman Nagar,11700000,7800
0,3,0,0,1,0,5,1786,3,3,3 BHK Villa ,2,Viman Nagar,17500000,9798
0,3,2,1,1,0,10,1500,2,3,3 BHK Apartment ,5,Kalyani Nagar,14000000,9333
0,2,1,1,1,0,5,1600,1,2,2 BHK Apartment ,6,Kharadi,10700000,6687
0,3,0,1,1,0,5,2015,2,3,3 BHK Apartment ,3,Kharadi,13200000,6550
0,3,0,1,1,0,5,1540,1,2,2 BHK Apartment ,2,Kharadi,9400000,6103
0,3,1,1,1,0,1,950,2,2,2 BHK Apartment ,3,Kharadi,6900000,7263
1,3,3,1,1,0,1,1850,2,3,3 BHK Apartment ,8,Kharadi,9800000,5297
0,3,2,1,1,1,5,2615,2,4,4 BHK Apartment ,4,Koregaon Park,35000000,13384
0,3,0,1,1,1,5,2635,3,4,4 BHK Apartment ,8,Koregaon Park,36000000,13662
0,3,0,0,1,1,5,2380,1,3,3 BHK Apartment ,5,Koregaon Park,40400000,16974
0,3,0,0,1,1,3,2200,2,3,3 BHK Apartment ,3,Koregaon Park,42500000,19318
0,3,0,0,1,1,5,4500,3,5,5 BHK Apartment ,4,Koregaon Park,55000000,12222
0,3,1,0,1,1,10,3800,3,4,4 BHK Apartment ,5,Koregaon Park,57000000,15000
1,3,3,1,1,1,1,3900,1,4,4 BHK Apartment ,7,Koregaon Park,68000000,17435
1,3,3,1,1,1,1,3920,2,4,4 BHK Apartment ,8,Koregaon Park,69000000,17602
0,3,0,1,1,0,5,2055,1,3,3 BHK Apartment ,4,Kharadi,15500000,7542
0,3,0,1,1,0,5,955,1,2,2 BHK Apartment ,8,Kharadi,6500000,6806
0,2,1,1,1,0,10,1980,3,4,3 BHK Apartment ,7,Kalyani Nagar,20000000,10101
0,3,1,1,1,0,10,1050,1,2,2 BHK Apartment ,12,Kalyani Nagar,9000000,8571
0,2,2,1,1,0,10,1400,1,3,3 BHK Apartment ,2,Kalyani Nagar,12500000,8928
0,2,0,1,1,0,10,1500,2,3,3 BHK Apartment ,5,Kalyani Nagar,14900000,9933
0,2,0,1,1,0,5,1800,2,3,3 BHK Apartment ,4,Kalyani Nagar,19000000,10555
0,2,1,1,1,0,10,965,1,2,2 BHK Apartment ,1,Kalyani Nagar,7500000,7772
0,3,0,1,1,0,5,1725,3,3,3 BHK Apartment ,5,Kalyani Nagar,15500000,8985
0,3,1,1,1,0,10,3000,2,4,4 BHK Apartment ,6,Koregaon Park,35000000,11666
0,3,0,1,1,0,5,2700,3,4,4 BHK Apartment ,8,Koregaon Park,41700000,15444
0,2,0,1,1,0,10,1030,1,2,2 BHK Apartment ,3,Kharadi,5970000,5796
0,3,0,1,1,0,5,1350,2,2,2 BHK Apartment ,3,Kharadi,7900000,5851
0,3,0,1,1,0,5,1895,2,3,3 BHK Apartment ,2,Kharadi,13000000,6860
0,3,0,1,1,0,5,1050,1,2,2 BHK Apartment ,3,Kharadi,7000000,6666
0,2,0,1,1,0,5,1351,2,2,2 BHK Apartment ,6,Kharadi,9150000,6772
0,2,1,1,1,0,5,1900,2,3,3 BHK Apartment ,9,Kharadi,11800000,6210
0,3,0,1,1,0,10,1547,2,3,3 BHK Apartment ,3,Kharadi,9800000,6334
0,3,1,0,1,1,5,4000,3,4,4 BHK Villa ,1,Viman Nagar,45000000,11250
0,3,2,0,1,1,5,5500,2,4,4 BHK Villa ,2,Viman Nagar,55000000,10000
0,3,0,1,1,1,9,1100,1,2,2 BHK Apartment ,5,Viman Nagar,7500000,6818
0,3,0,1,1,1,19,1150,1,1,2 BHK Apartment ,2,Viman Nagar,8500000,7391
0,3,0,0,1,1,1,1073,1,2,2 BHK Apartment ,2,Viman Nagar,9000000,8387
0,3,1,0,1,1,1,1250,2,2,2 BHK Apartment ,4,Viman Nagar,9500000,7600
0,3,1,1,1,1,2,1300,1,2,2 BHK Apartment ,2,Viman Nagar,10000000,7692
0,3,0,1,1,1,12,1450,3,3,3 BHK Apartment ,4,Viman Nagar,11000000,7586
0,3,0,1,1,1,10,1400,1,3,3 BHK Apartment ,3,Viman Nagar,13000000,9285
0,3,0,0,1,1,1,1600,2,3,3 BHK Apartment ,6,Viman Nagar,14000000,8750
0,3,0,1,1,0,5,2745,1,4,4 BHK Apartment ,4,Kharadi,21000000,7650
0,3,0,1,1,0,5,4355,3,4,4 BHK Apartment ,6,Kharadi,32500000,7462
0,3,2,1,1,0,5,1820,3,3,3 BHK Apartment ,11,Kharadi,25000000,13736
0,3,1,1,1,0,5,3800,2,4,4 BHK Apartment ,1,Kharadi,35000000,9210
0,2,0,1,1,0,10,1100,2,2,2 BHK Apartment ,2,Viman Nagar,8600000,7818
0,3,0,1,1,0,5,1130,2,2,2 BHK Apartment ,7,Viman Nagar,9500000,8407
0,3,1,1,1,0,5,5400,2,6,4 BHK Apartment ,6,Viman Nagar,44500000,8240
0,3,0,0,1,0,5,2200,3,3,3 BHK Apartment ,3,Viman Nagar,14500000,6590
0,3,0,0,1,0,5,1000,1,2,2 BHK Apartment ,4,Viman Nagar,8300000,8300
0,3,0,0,1,1,4,2198,3,3,3 BHK Apartment ,2,Wagholi,8500000,3867
0,3,2,0,1,1,4,3000,1,3,3 BHK Villa ,1,Wagholi,11500000,3833
0,3,1,1,1,1,5,1650,1,3,3 BHK Apartment ,5,Kalyani Nagar,16500000,10000
0,3,1,1,1,0,5,1950,2,3,3 BHK Apartment ,7,Kalyani Nagar,18000000,9230
0,3,0,1,1,1,5,1735,2,3,3 BHK Apartment ,1,Kalyani Nagar,19000000,10951
0,3,0,1,1,1,5,2487,2,4,3 BHK Apartment ,12,Wagholi,13000000,5227
0,3,1,1,1,1,5,1700,1,3,3 BHK Villa ,1,Wagholi,9500000,5588
0,3,0,1,1,1,5,2600,2,3,4 BHK Villa ,1,Wagholi,10000000,3846
0,3,0,1,1,1,5,1250,1,2,2 BHK Apartment ,11,Wagholi,8500000,6800
0,3,2,1,1,1,5,1600,3,3,3 BHK Apartment ,1,Wagholi,9500000,5937
0,3,1,1,1,0,10,2680,2,5,4 BHK Apartment ,4,Mundhwa,28900000,10783
0,2,2,1,1,0,10,2087,2,5,4 BHK Apartment ,5,Mundhwa,30000000,14374
0,3,0,1,1,1,6,1485,2,3,3 BHK Apartment ,1,Viman Nagar,15000000,10101
0,3,0,1,1,1,5,2300,3,3,3 BHK Apartment ,6,Viman Nagar,16000000,6956
0,3,0,0,1,1,1,2300,3,3,3 BHK Apartment ,1,Viman Nagar,22500000,9782
0,3,2,1,1,1,9,3000,2,3,3 BHK Apartment ,7,Viman Nagar,25000000,8333
0,3,0,0,1,1,1,3400,3,4,4 BHK Apartment ,6,Viman Nagar,25600000,7529
0,3,0,0,1,1,5,5000,3,4,4 BHK Apartment ,1,Viman Nagar,55000000,11000
0,3,1,0,1,0,5,4800,2,4,4 BHK Apartment ,2,Viman Nagar,60000000,12500
0,3,0,1,1,1,5,4216,2,4,4 BHK Apartment ,2,Viman Nagar,63700000,15109
0,3,0,0,1,1,5,1800,1,4,3 BHK Villa ,1,Viman Nagar,20000000,11111
0,3,0,1,1,1,10,1156,2,2,2 BHK Apartment ,6,Wadgaon Sheri,9000000,7785
0,3,0,0,1,1,5,2000,2,3,5 BHK Villa ,2,Wagholi,10700000,5350
1,3,3,0,1,1,0,2790,2,3,3 BHK Villa ,1,Wagholi,13000000,4659
1,3,3,1,1,1,1,824,1,2,2 BHK Apartment ,11,Wagholi,5500000,6674
0,3,1,1,1,1,5,876,1,2,2 BHK Apartment ,6,Wagholi,7500000,8561
0,3,2,0,1,1,5,621,1,1,1 BHK Apartment ,4,Bund Garden,6500000,10466
0,3,2,0,1,1,5,1280,1,2,3 BHK Apartment ,1,Bund Garden,20000000,15625
0,3,0,1,1,0,3,3400,2,4,4 BHK Apartment ,2,Kharadi,22000000,6470
0,3,1,1,1,1,3,6000,3,5,5 BHK Apartment ,11,Kharadi,42000000,7000
0,3,1,1,1,1,1,1900,2,2,2 BHK Apartment ,12,Kharadi,9500000,5000
0,3,2,0,1,1,5,630,1,1,1 BHK Apartment ,1,Boat Club Road,8800000,13968
0,3,0,0,1,1,5,550,1,1,1 BHK Apartment ,0,Bund Garden,6600000,12000
0,3,2,0,1,1,2,850,2,2,2 BHK Apartment ,2,Bund Garden,8500000,10000
0,3,2,0,1,1,5,590,1,1,1 BHK Apartment ,5,Kalyani Nagar,6500000,11016
0,3,0,1,1,1,6,1780,3,4,4 BHK Apartment ,7,Kalyani Nagar,19500000,10955
0,3,0,1,1,1,3,4255,1,4,4 BHK Apartment ,2,Kharadi,27500000,6462
0,3,0,0,1,1,5,560,1,2,1 BHK Apartment ,2,Koregaon Park,6000000,10714
0,3,0,1,1,0,5,1585,2,3,3 BHK Apartment ,6,Kharadi,9000000,5678
0,2,2,1,1,0,10,1800,2,3,3 BHK Apartment ,10,Koregaon Park,25200000,14000
0,3,2,0,1,1,1,1419,2,2,2 BHK Apartment ,3,Viman Nagar,11200000,7892
0,3,0,1,1,1,6,1590,1,3,3 BHK Apartment ,4,Viman Nagar,12100000,7610
0,3,1,1,1,1,8,2000,2,4,4 BHK Apartment ,3,Viman Nagar,18000000,9000
0,3,1,1,1,1,7,900,1,2,2 BHK Apartment ,4,Koregaon Park,7500000,8333
0,3,2,0,1,1,8,650,1,1,1 BHK Apartment ,4,Kalyani Nagar,6000000,9230
0,3,0,0,1,0,10,1850,2,3,3 BHK Apartment ,3,Kalyani Nagar,25000000,13513
0,3,0,1,1,1,6,1800,2,4,4 BHK Apartment ,5,Kalyani Nagar,17500000,9722
0,3,1,1,1,1,5,3050,2,5,5 BHK Apartment ,3,Kalyani Nagar,35000000,11475
1,3,3,1,1,1,1,1236,1,2,2 BHK Apartment ,6,Kharadi,7900000,6391
0,3,0,1,1,1,4,1630,1,3,3 BHK Apartment ,5,Kharadi,11500000,7055
0,3,1,0,0,0,10,1250,1,2,2 BHK Apartment ,2,Koregaon Park,15500000,12400
0,3,1,1,1,0,10,2002,3,3,3 BHK Apartment ,4,Koregaon Park,25000000,12487
0,3,1,1,1,0,10,1800,3,3,3 BHK Apartment ,6,Koregaon Park,22000000,12222
0,3,1,1,1,0,10,1780,2,3,3 BHK Apartment ,6,Koregaon Park,22500000,12640
0,2,2,1,1,0,10,2615,2,5,4 BHK Apartment ,4,Koregaon Park,34000000,13001
0,2,2,1,1,0,15,600,1,1,1 BHK Apartment ,3,Koregaon Park,6000000,10000
0,3,0,0,1,0,5,3094,1,3,3 BHK Apartment ,5,Koregaon Park,40400000,13057
0,3,0,1,1,1,10,1630,2,3,3 BHK Apartment ,3,Wadgaon Sheri,11200000,6871
0,3,1,0,1,1,5,937,1,2,1 BHK Apartment ,9,Wagholi,5500000,5869
0,3,1,1,1,1,3,2360,1,4,3 BHK Apartment ,11,Kharadi,17000000,7203
0,3,0,1,1,1,5,2599,2,3,3 BHK Apartment ,15,Kharadi,18000000,6925
0,3,0,1,1,1,1,2500,1,3,3 BHK Apartment ,12,Kharadi,20000000,8000
1,3,3,1,1,1,1,2994,2,4,4 BHK Apartment ,7,Kharadi,20500000,6847
0,3,2,1,1,1,3,4865,2,4,4 BHK Apartment ,9,Kharadi,24000000,4933
0,3,0,1,1,1,3,4300,1,4,4 BHK Apartment ,4,Kharadi,27000000,6279
0,3,1,1,1,1,3,4500,3,4,4 BHK Apartment ,10,Kharadi,30000000,6666
0,3,1,1,1,1,2,3790,2,4,4 BHK Apartment ,4,Kharadi,35100000,9261
0,3,1,1,1,1,2,4080,3,4,4 BHK Apartment ,5,Kharadi,37800000,9264
0,3,0,1,1,1,5,4300,2,5,5 BHK Apartment ,8,Kalyani Nagar,66000000,15348
0,3,2,0,1,1,5,4095,3,5,5 BHK Apartment ,10,Kalyani Nagar,75000000,18315
0,3,2,1,1,1,8,1245,1,2,2 BHK Apartment ,4,Kalyani Nagar,15000000,12048
0,3,1,0,1,1,5,1800,2,3,3 BHK Apartment ,6,Kalyani Nagar,17000000,9444
0,3,2,1,1,1,7,4315,1,4,4 BHK Apartment ,9,Mundhwa,50000000,11587
0,3,0,1,1,0,7,1100,1,2,2 BHK Apartment ,4,Kharadi,6500000,5909
0,3,1,0,1,0,5,1000,1,2,2 BHK Apartment ,4,Kharadi,6000000,6000
0,3,0,1,1,0,6,1250,1,2,2 BHK Apartment ,3,Kharadi,7500000,6000
0,3,0,1,1,1,3,1655,2,2,2 BHK Apartment ,8,Kharadi,9500000,5740
0,3,1,1,1,1,5,1540,1,2,2 BHK Apartment ,1,Kharadi,11000000,7142
0,3,1,1,1,0,5,2015,2,3,3 BHK Apartment ,3,Kharadi,12000000,5955
0,3,0,1,1,0,3,2100,2,3,3 BHK Apartment ,9,Kharadi,13000000,6190
0,3,1,1,1,0,7,4300,2,4,4 BHK Apartment ,8,Mundhwa,47000000,10930
0,3,2,1,1,1,5,1500,2,2,2 BHK Apartment ,5,Kalyani Nagar,17000000,11333
0,3,0,1,1,0,5,2000,2,3,3 BHK Apartment ,4,Kalyani Nagar,20000000,10000
0,3,1,1,1,1,6,3200,2,4,4 BHK Apartment ,10,Kalyani Nagar,32000000,10000
0,3,1,1,1,1,9,3000,2,4,4 BHK Apartment ,10,Kalyani Nagar,40000000,13333
0,3,2,0,1,1,5,3500,1,4,4 BHK Apartment ,10,Kalyani Nagar,45000000,12857
0,3,1,1,1,1,5,475,1,1,1 BHK Apartment ,0,Koregaon Park,5500000,11578
0,3,0,1,1,1,5,1100,1,2,2 BHK Apartment ,4,Koregaon Park,6000000,5454
0,3,2,1,1,1,5,585,1,1,1 BHK Apartment ,5,Koregaon Park,6500000,11111
0,3,2,0,1,1,5,900,1,2,2 BHK Apartment ,3,Koregaon Park,7500000,8333
0,3,1,1,1,0,7,1085,2,2,2 BHK Apartment ,6,Koregaon Park,8000000,7373
0,3,1,1,1,0,5,950,1,2,2 BHK Apartment ,9,Koregaon Park,8500000,8947
0,3,0,1,1,0,7,1085,2,2,2 BHK Apartment ,7,Koregaon Park,9000000,8294
0,3,0,1,1,0,3,2400,1,3,3 BHK Apartment ,5,Kharadi,16000000,6666
0,3,0,1,1,1,3,2345,1,3,3 BHK Apartment ,5,Kharadi,18000000,7675
0,3,2,1,1,0,4,3300,1,3,3 BHK Apartment ,1,Kharadi,20500000,6212
0,3,2,1,1,1,4,2900,1,4,4 BHK Apartment ,6,Kharadi,22000000,7586
0,3,2,1,1,1,7,3500,2,3,3 BHK Apartment ,8,Mundhwa,32000000,9142
0,3,2,1,1,0,7,3500,3,4,4 BHK Apartment ,9,Mundhwa,33000000,9428
0,3,1,1,1,1,7,4000,1,3,3 BHK Apartment ,10,Mundhwa,37000000,9250
0,3,1,1,1,1,7,4000,2,5,5 BHK Apartment ,9,Mundhwa,40000000,10000
0,3,0,0,1,0,10,1200,1,2,2 BHK Apartment ,2,Koregaon Park,15000000,12500
0,3,1,0,1,0,10,1250,1,2,2 BHK Apartment ,2,Koregaon Park,15500000,12400
0,3,2,1,1,0,17,2000,1,3,3 BHK Apartment ,3,Koregaon Park,17000000,8500
0,3,0,1,1,0,12,1850,2,4,4 BHK Apartment ,1,Koregaon Park,18000000,9729
0,3,2,0,1,0,7,1710,2,3,3 BHK Apartment ,2,Koregaon Park,19000000,11111
0,3,1,0,1,0,10,1450,1,2,2 BHK Apartment ,7,Koregaon Park,20000000,13793
0,3,2,1,1,0,2,1850,2,3,3 BHK Apartment ,4,Koregaon Park,22000000,11891
0,3,1,1,1,0,12,1850,2,4,4 BHK Apartment ,5,Koregaon Park,23000000,12432
0,3,1,1,1,0,2,1600,2,3,3 BHK Apartment ,3,Koregaon Park,24000000,15000
0,3,0,1,1,0,10,1900,1,3,3 BHK Apartment ,7,Koregaon Park,25000000,13157
0,3,1,1,1,0,5,2100,2,3,3 BHK Apartment ,2,Koregaon Park,25200000,12000
0,3,1,1,1,0,7,2850,1,4,4 BHK Apartment ,4,Mundhwa,28000000,9824
0,3,1,1,1,1,7,3100,2,4,4 BHK Apartment ,7,Mundhwa,30000000,9677
0,3,1,1,1,0,7,2800,2,4,4 BHK Apartment ,5,Mundhwa,31000000,11071
0,3,1,1,1,1,7,2800,2,4,4 BHK Apartment ,4,Mundhwa,31500000,11250
0,3,1,1,1,1,9,3000,2,4,4 BHK Apartment ,6,Koregaon Park,35000000,11666
0,3,0,1,1,0,5,2635,2,4,4 BHK Apartment ,8,Koregaon Park,36000000,13662
0,3,2,1,1,1,7,3118,3,4,4 BHK Apartment ,3,Mundhwa,36500000,11706
0,3,2,1,1,0,5,2615,3,4,4 BHK Apartment ,3,Koregaon Park,39000000,14913
0,3,0,0,1,1,5,2150,3,3,3 BHK Apartment ,3,Kalyani Nagar,22000000,10232
0,3,1,1,1,1,6,2200,2,3,3 BHK Apartment ,0,Kalyani Nagar,23000000,10454
0,3,2,1,1,1,10,3000,3,4,4 BHK Apartment ,0,Kalyani Nagar,25000000,8333
0,3,2,0,1,1,5,2892,2,4,4 BHK Apartment ,9,Kalyani Nagar,45000000,15560
0,3,1,1,1,1,5,3050,2,5,5 BHK Apartment ,3,Kalyani Nagar,35000000,11475
0,3,2,1,1,1,10,2350,1,3,3 BHK Apartment ,7,Kalyani Nagar,36400000,15489
0,3,1,1,1,1,5,2850,2,4,4 BHK Apartment ,5,Kalyani Nagar,41500000,14561
0,3,0,1,1,0,2,1255,2,2,2 BHK Apartment ,4,Kharadi,8500000,6772
0,3,0,1,1,0,2,1660,2,3,3 BHK Apartment ,9,Kharadi,13000000,7831
0,3,0,1,1,0,3,680,2,1,1 BHK Apartment ,6,Wagholi,2720000,4000
0,3,0,0,1,0,3,1160,2,2,2 BHK Apartment ,3,Koregaon Park,12700000,10948
0,2,0,1,1,1,3,980,2,2,2 BHK Apartment ,3,Lohegaon,5300000,5408
0,3,1,1,1,1,5,2400,3,3,3 BHK Apartment ,2,Boat Club Road,40000000,16666
0,3,2,1,1,1,5,5000,1,4,4 BHK Apartment ,2,Boat Club Road,50000000,10000
0,3,0,0,1,1,5,4100,1,4,4 BHK Apartment ,3,Boat Club Road,51200000,12487
0,3,1,1,1,1,5,965,1,2,2 BHK Apartment ,1,Kalyani Nagar,7500000,7772
0,3,1,1,1,1,10,1050,2,2,2 BHK Apartment ,10,Kalyani Nagar,8000000,7619
0,3,2,1,1,1,5,1260,1,2,2 BHK Apartment ,3,Kalyani Nagar,8500000,6746
0,3,1,1,1,1,6,1150,1,2,2 BHK Apartment ,8,Kalyani Nagar,9500000,8260
0,3,1,0,1,0,12,1500,2,3,3 BHK Apartment ,5,Kalyani Nagar,10000000,6666
0,3,1,1,1,1,5,1875,1,4,3 BHK Apartment ,1,Boat Club Road,25000000,13333
0,3,1,0,1,1,5,1306,2,2,2 BHK Apartment ,8,Boat Club Road,26000000,19908
0,3,2,1,1,1,5,2630,2,4,4 BHK Apartment ,1,Boat Club Road,31500000,11977
0,3,2,1,1,1,5,2500,1,3,3 BHK Apartment ,8,Boat Club Road,34000000,13600
0,3,2,1,1,1,5,2400,1,3,3 BHK Apartment ,2,Boat Club Road,36000000,15000
0,3,0,1,1,1,0,1200,1,2,2 BHK Apartment ,12,Hinjewadi,6500000,5416
0,3,2,1,1,1,8,1361,2,2,2 BHK Apartment ,8,Boat Club Road,23000000,16899
0,3,2,1,1,1,8,2200,2,3,3 BHK Apartment ,8,Boat Club Road,31000000,14090
0,3,0,1,1,0,10,700,1,1,1 BHK Apartment ,4,Kalyani Nagar,7000000,10000
0,3,2,1,1,1,9,1650,1,3,3 BHK Apartment ,2,Koregaon Park,16900000,10242
0,3,2,1,1,1,2,2015,3,3,3 BHK Apartment ,5,Kharadi,12500000,6203
0,3,0,1,1,0,11,1050,2,2,2 BHK Apartment ,3,Viman Nagar,4900000,4667
0,3,0,1,1,0,11,575,2,1,1 BHK Apartment ,2,Koregaon Park,5500000,9565
0,3,0,1,1,0,11,575,2,1,1 BHK Apartment ,2,Koregaon Park,5500000,9565
0,3,0,1,1,0,2,1660,2,3,3 BHK Apartment ,9,Kharadi,13000000,7831
0,3,0,1,1,0,2,1255,2,2,2 BHK Apartment ,11,Kharadi,9400000,7490
0,3,0,1,1,0,2,1255,2,2,2 BHK Apartment ,11,Kharadi,9400000,7490
0,3,0,0,1,1,5,4300,2,4,4 BHK Apartment ,0,Koregaon Park,72500000,16860
0,3,1,0,1,1,5,6130,3,5,5 BHK Apartment ,3,Kalyani Nagar,85000000,13866
0,3,1,1,1,1,10,1200,1,2,2 BHK Apartment ,11,Wadgaon Sheri,8000000,6666
0,3,2,1,1,1,5,2265,1,3,3 BHK Apartment ,10,Viman Nagar,26500000,11699
0,3,0,0,1,1,5,600,1,1,1 BHK Apartment ,4,Shastri Nagar,5500000,9166
0,3,0,1,1,0,4,2500,2,3,3 BHK Apartment ,11,Kharadi,14500000,5800
0,3,2,1,1,0,5,350,2,1,1 BHK Apartment ,2,Baner,3700000,10571
0,3,1,1,1,0,8,2050,2,4,4 BHK Apartment ,3,Kalyani Nagar,20000000,9756
0,3,1,1,1,0,0,1225,2,3,3 BHK Apartment ,1,Bund Garden,19000000,15510
0,3,0,1,1,0,6,1800,2,3,3 BHK Apartment ,6,Kalyani Nagar,16900000,9388
0,3,0,1,1,0,0,1600,2,2,2 BHK Apartment ,3,Kalyani Nagar,11000000,6875
0,3,2,1,1,0,12,1600,2,3,3 BHK Apartment ,6,Kalyani Nagar,16000000,10000
0,2,1,1,1,0,10,4000,2,5,4 BHK Apartment ,10,Kalyani Nagar,52500000,13125
0,2,0,1,1,0,0,2900,2,5,4 BHK Apartment ,3,Kalyani Nagar,32500000,11206
0,3,1,1,1,0,0,2800,2,4,4 BHK Apartment ,7,Kalyani Nagar,28000000,10000
0,3,2,1,1,0,15,3000,1,3,3 BHK Apartment ,12,Kalyani Nagar,21000000,7000
0,3,0,1,0,0,10,2600,3,3,3 BHK Apartment ,7,Sangamvadi,35000000,13461
0,3,0,1,1,0,10,990,1,2,2 BHK Apartment ,3,Viman Nagar,6700000,6767
0,2,2,1,1,0,10,500,1,1,1 BHK Apartment ,5,Bund Garden,6000000,12000
0,3,0,0,1,0,5,550,1,1,1 BHK Apartment ,5,Bund Garden,6600000,12000
0,3,2,1,1,0,10,4500,1,4,3 BHK Apartment ,4,Boat Club Road,45000000,10000
0,2,1,1,1,0,10,2000,1,3,3 BHK Apartment ,3,Boat Club Road,25000000,12500
0,3,2,1,1,0,10,2350,1,3,3 BHK Apartment ,7,Kalyani Nagar,36400000,15489
0,3,0,1,1,0,5,1750,2,3,3 BHK Apartment ,10,Kalyani Nagar,23000000,13142
0,2,1,1,1,0,5,3050,2,6,5 BHK Apartment ,3,Kalyani Nagar,35000000,11475
0,3,2,1,1,0,1,2800,1,4,4 BHK Apartment ,5,Kharadi,42500000,15178
0,2,1,1,1,0,0,1250,2,2,2 BHK Apartment ,4,Kalyani Nagar,11100000,8880
0,2,1,1,1,0,8,1130,1,2,2 BHK Apartment ,5,Kalyani Nagar,9000000,7964
0,3,1,1,1,0,10,1982,3,3,3 BHK Apartment ,8,Kalyani Nagar,25000000,12613
0,3,1,1,1,0,10,2650,1,3,3 BHK Apartment ,0,Kalyani Nagar,30000000,11320
0,2,0,1,1,0,6,1500,1,3,3 BHK Apartment ,2,Kalyani Nagar,14500000,9666
0,3,1,1,1,0,0,3040,3,3,3 BHK Apartment ,20,Kalyani Nagar,47200000,15526
0,3,0,1,1,0,9,3000,2,4,4 BHK Apartment ,6,Koregaon Park,35000000,11666
0,2,1,1,1,0,12,4000,3,4,4 BHK Apartment ,11,Koregaon Park,50000000,12500
0,3,2,1,1,0,12,3887,3,6,4 BHK Apartment ,9,Koregaon Park,45300000,11654
0,3,0,1,1,0,9,2700,3,4,4 BHK Apartment ,8,Koregaon Park,41700000,15444
0,3,2,1,1,0,0,621,1,1,1 BHK Apartment ,4,Bund Garden,6500000,10466
0,3,1,1,1,0,0,1775,3,3,3 BHK Apartment ,1,Bund Garden,28000000,15774
0,3,1,1,1,0,5,985,2,2,2 BHK Apartment ,1,Kalyani Nagar,7405000,7517
0,2,0,1,1,0,10,600,2,1,1 BHK Apartment ,4,Yerawada,5200000,8666
0,3,2,0,1,0,10,700,2,1,1 BHK Apartment ,3,Shastri Nagar,6560000,9371
0,3,2,1,1,0,10,2800,2,4,4 BHK Apartment ,3,Koregaon Park,37500000,13392
0,3,0,1,1,0,5,2650,2,2,3 BHK Apartment ,2,Kalyani Nagar,36000000,13584
0,3,1,0,0,0,5,4200,2,4,4 BHK Apartment ,2,Sangamvadi,65000000,15476
0,3,0,1,1,0,6,1167,2,2,2 BHK Apartment ,2,Kharadi,7499142,6426
0,3,2,1,1,1,10,1650,1,2,2 BHK Apartment ,7,Viman Nagar,12000000,7272
0,2,1,1,1,0,10,1900,2,3,3 BHK Apartment ,2,Koregaon Park,27000000,14210
0,3,1,0,0,0,5,1220,1,2,2 BHK Apartment ,4,Koregaon Park,12500000,10245
0,3,0,1,1,0,10,1100,1,2,2 BHK Apartment ,3,Kalyani Nagar,9500000,8636
0,2,0,0,1,0,5,2100,2,3,3 BHK Apartment ,2,Viman Nagar,22500000,10714
0,3,1,1,1,0,10,2300,3,3,3 BHK Apartment ,6,Kalyani Nagar,40000000,17391
1,3,3,1,1,0,1,1200,2,2,2 BHK Apartment ,1,Hinjewadi,5725000,4770
1,3,3,1,1,0,1,1190,2,2,2 BHK Apartment ,1,Baner,8200000,6890
0,3,0,1,1,0,8,4000,2,4,4 BHK Apartment ,2,Sangamvadi,65000000,16250
0,3,0,1,1,0,6,2500,2,3,3 BHK Apartment ,1,Sangamvadi,27000000,10800
0,3,0,1,1,0,11,4250,2,4,4 BHK Villa ,2,Wadgaon Sheri,90000000,21176
0,3,0,1,1,0,13,2400,2,4,4 BHK Apartment ,4,Koregaon Park,35000000,14583
1,3,3,1,1,0,2,1160,2,2,2 BHK Apartment ,3,Wagholi,5200000,4482
0,3,2,1,1,0,2,1035,2,2,2 BHK Apartment ,0,Wagholi,3830000,3700
0,3,0,1,1,0,2,550,2,1,1 BHK Apartment ,3,Koregaon Park,5000000,9090
1,3,3,1,1,1,0,1309,2,2,2 BHK Apartment ,1,Kharadi,9000000,6875
0,3,0,1,1,0,11,762,2,2,2 BHK Apartment ,2,Wadgaon Sheri,6000000,7874
0,3,0,1,1,0,5,1725,3,3,3 BHK Apartment ,5,Wadgaon Sheri,15500000,8985
1,3,3,1,1,1,4,1211,2,2,2 BHK Apartment ,9,Wakad,7200000,5945
0,2,0,1,1,1,0,1104,1,2,2 BHK Apartment ,5,Lohegaon,5800000,5253
0,2,2,1,1,1,10,1053,2,2,2 BHK Apartment ,3,Vishrantwadi,7500000,7122
0,2,0,1,1,0,7,640,2,1,1 BHK Apartment ,4,Vishrantwadi,3800000,5937
0,3,2,1,1,1,6,1400,2,2,2 BHK Apartment ,7,Viman Nagar,14000000,10000
0,3,0,1,1,1,7,900,2,2,2 BHK Apartment ,3,Balewadi,6200000,6888
0,3,0,1,1,0,10,615,1,1,1 BHK Apartment ,5,Kharadi,4500000,7317
0,2,0,1,1,0,6,1386,3,3,3 BHK Apartment ,5,NIBM Annex Mohammadwadi,9700000,6998
0,3,0,1,1,0,6,2015,2,3,3 BHK Apartment ,11,Kharadi,13000000,6451
0,3,0,1,1,0,5,1232,2,2,2 BHK Apartment ,0,Viman Nagar,9450000,7670
0,3,0,1,1,0,9,530,2,1,1 BHK Apartment ,5,Viman Nagar,5500000,10377
0,3,0,1,1,0,2,1360,2,3,3 BHK Apartment ,4,Viman Nagar,12000000,8823
0,3,0,1,1,0,12,1086,2,2,2 BHK Apartment ,5,Wadgaon Sheri,7400000,6813
0,3,0,1,1,1,5,1255,1,2,2 BHK Apartment ,10,Wagholi,6500000,5179
0,3,0,1,1,1,5,1585,3,3,3 BHK Apartment ,7,Wagholi,7500000,4731
0,3,0,0,1,1,5,1585,3,3,3 BHK Apartment ,7,Wagholi,8500000,5362
0,3,0,0,1,0,5,2505,1,3,4 BHK Apartment ,1,Wagholi,12500000,4990
0,3,1,1,1,1,6,1650,2,3,3 BHK Apartment ,8,Mundhwa,13000000,7878
0,3,0,1,1,1,7,1700,2,3,3 BHK Apartment ,6,Mundhwa,14500000,8529
0,3,2,1,1,1,7,1815,1,3,3 BHK Apartment ,7,Mundhwa,18000000,9917
0,3,0,1,1,1,7,1600,2,3,3 BHK Apartment ,4,Mundhwa,20000000,12500
0,3,0,1,1,1,7,2186,1,3,3 BHK Apartment ,6,Mundhwa,24000000,10978
0,3,1,1,1,1,7,2680,2,4,4 BHK Apartment ,4,Mundhwa,28900000,10783
0,3,0,1,1,1,7,2865,2,4,4 BHK Apartment ,7,Mundhwa,30000000,10471
0,3,1,1,1,1,7,2650,2,4,4 BHK Apartment ,4,Mundhwa,31500000,11886
0,3,2,1,1,1,7,3118,3,4,4 BHK Apartment ,1,Mundhwa,41000000,13149
0,3,1,1,1,1,7,2865,2,4,4 BHK Apartment ,7,Mundhwa,45000000,15706
0,3,1,1,1,1,5,3000,1,3,3 BHK Apartment ,0,Wagholi,14500000,4833
0,3,0,0,1,0,1,3400,1,4,4 BHK Apartment ,6,Viman Nagar,24500000,7205
0,3,1,1,1,0,5,5700,2,5,5 BHK Apartment ,6,Viman Nagar,57000000,10000
0,3,1,0,1,1,1,5173,3,4,4 BHK Apartment ,2,Viman Nagar,59000000,11405
0,3,1,1,1,1,5,4581,2,4,4 BHK Apartment ,2,Viman Nagar,63700000,13905
0,3,0,0,1,1,5,950,2,2,2 BHK Apartment ,2,Kharadi,5500000,5789
0,3,0,1,1,1,4,950,1,2,2 BHK Apartment ,4,Kharadi,6000000,6315
0,3,0,1,1,1,7,1050,1,2,2 BHK Apartment ,5,Kharadi,6500000,6190
0,3,0,1,1,0,7,1000,1,2,2 BHK Apartment ,6,Kharadi,7500000,7500
0,3,0,0,1,1,9,1250,1,2,3 BHK Apartment ,3,Kharadi,8000000,6400
0,3,0,1,1,1,6,1485,1,3,3 BHK Apartment ,4,Kharadi,8500000,5723
0,3,0,1,1,1,3,2290,2,2,2 BHK Apartment ,9,Kharadi,9500000,4148
1,3,3,1,1,1,2,1505,2,3,3 BHK Apartment ,4,Kharadi,11000000,7308
0,3,1,1,1,1,5,1935,2,3,3 BHK Apartment ,4,Kharadi,12000000,6201
0,3,0,1,1,1,4,1900,1,3,3 BHK Villa ,1,Kharadi,23000000,12105
0,3,2,1,1,1,4,1900,1,3,3 BHK Villa ,1,Kharadi,32500000,17105
0,3,0,1,1,1,4,3700,1,4,4 BHK Villa ,1,Kharadi,39000000,10540
0,3,1,1,1,1,4,3700,1,4,4 BHK Villa ,1,Kharadi,40000000,10810
0,3,0,1,1,1,4,2800,2,4,4 BHK Apartment ,5,Kharadi,15000000,5357
0,3,1,1,1,1,3,3380,2,2,3 BHK Apartment ,12,Kharadi,20000000,5917
0,3,2,1,1,1,10,1800,2,3,3 BHK Apartment ,3,Koregaon Park,27500000,15277
0,3,0,0,1,1,9,3000,2,4,4 BHK Apartment ,1,Koregaon Park,29000000,9666
0,3,0,1,1,1,9,2800,2,4,4 BHK Apartment ,6,Koregaon Park,29500000,10535
0,3,2,1,1,1,10,2800,2,4,4 BHK Apartment ,6,Kalyani Nagar,44000000,15714
0,3,2,1,1,1,10,2802,2,4,4 BHK Apartment ,9,Kalyani Nagar,45000000,16059
0,3,2,0,1,1,8,1130,1,2,2 BHK Apartment ,4,Kalyani Nagar,13000000,11504
0,3,1,1,1,1,6,1488,1,3,3 BHK Apartment ,4,Kalyani Nagar,14000000,9408
0,3,1,1,1,1,12,1050,1,2,2 BHK Apartment ,3,Kalyani Nagar,15000000,14285
0,3,2,0,1,1,8,1300,2,2,2 BHK Apartment ,7,Kalyani Nagar,16000000,12307
0,3,0,0,1,1,5,525,2,2,1 BHK Apartment ,0,Bund Garden,6500000,12380
0,3,2,0,1,1,5,850,2,2,2 BHK Apartment ,2,Bund Garden,8500000,10000
0,3,0,0,1,1,5,1495,3,3,3 BHK Apartment ,1,Bund Garden,20100000,13444
0,3,1,1,1,1,11,1000,2,2,2 BHK Apartment ,4,Yerawada,7200000,7200
0,3,0,1,1,0,11,1010,2,2,2 BHK Apartment ,5,Yerawada,7700000,7623
0,3,0,1,1,0,11,1010,1,2,2 BHK Apartment ,4,Yerawada,8500000,8415
0,3,0,1,1,1,11,1800,2,3,3 BHK Apartment ,3,Yerawada,11000000,6111
0,3,1,1,1,1,11,1800,1,3,3 BHK Apartment ,3,Yerawada,16200000,9000
1,3,3,1,1,1,2,1680,1,3,3 BHK Apartment ,5,Wagholi,11500000,6845
0,3,1,1,1,1,5,1600,1,3,3 BHK Apartment ,5,Wagholi,16000000,10000
0,3,1,1,1,0,7,1650,2,2,2 BHK Apartment ,1,Mundhwa,13000000,7878
0,3,0,1,1,0,7,1700,2,3,3 BHK Apartment ,7,Mundhwa,14000000,8235
0,3,0,1,1,0,1,1650,2,2,2 BHK Apartment ,12,Kharadi,10000000,6060
0,3,1,1,1,1,5,2485,2,3,3 BHK Apartment ,12,Kharadi,13000000,5231
0,3,2,1,1,1,5,4300,2,3,3 BHK Apartment ,11,Viman Nagar,27500000,6395
0,3,0,1,1,1,3,4400,1,4,4 BHK Apartment ,7,Viman Nagar,44000000,10000
0,3,1,1,1,1,2,2909,2,4,4 BHK Apartment ,4,Kharadi,26000000,8937
0,3,1,1,1,1,2,2950,3,4,4 BHK Apartment ,9,Kharadi,28000000,9491
0,3,0,1,1,0,3,6000,2,4,4 BHK Apartment ,12,Kharadi,30000000,5000
0,3,0,1,1,0,10,1258,1,2,2 BHK Apartment ,6,Wadgaon Sheri,9000000,7154
0,3,0,1,1,1,10,1800,1,3,3 BHK Apartment ,2,Wadgaon Sheri,14000000,7777
0,3,2,1,1,0,10,1660,1,2,3 BHK Apartment ,8,Wadgaon Sheri,12000000,7228
0,3,0,1,1,0,10,1636,1,3,3 BHK Apartment ,6,Wadgaon Sheri,12200000,7457
0,3,0,1,1,0,10,1750,2,2,3 BHK Apartment ,5,Wadgaon Sheri,15100000,8628
0,3,1,1,1,1,10,2500,1,4,4 BHK Apartment ,6,Wadgaon Sheri,17000000,6800
0,3,0,1,1,0,5,730,1,1,1 BHK Apartment ,1,Viman Nagar,5500000,7534
0,3,0,1,1,0,9,1101,1,2,2 BHK Apartment ,3,Viman Nagar,6000000,5449
0,3,1,1,1,0,5,1000,1,2,2 BHK Apartment ,5,Viman Nagar,6500000,6500
0,3,0,0,1,0,17,1350,1,3,3 BHK Apartment ,5,Viman Nagar,9000000,6666
0,3,2,0,1,1,1,1035,1,2,2 BHK Apartment ,4,Viman Nagar,9500000,9178
0,3,0,1,1,1,2,1624,1,3,3 BHK Apartment ,3,Viman Nagar,15000000,9236
0,3,1,0,1,1,1,1850,1,3,3 BHK Apartment ,0,Viman Nagar,13500000,7297
0,3,0,0,1,0,17,2078,2,3,3 BHK Apartment ,7,Viman Nagar,16000000,7699
0,3,0,0,1,0,1,2359,1,3,3 BHK Apartment ,3,Viman Nagar,19000000,8054
0,3,0,1,1,1,19,2695,2,3,3 BHK Apartment ,3,Viman Nagar,20000000,7421
0,3,2,1,1,1,5,1770,1,3,3 BHK Apartment ,4,Viman Nagar,21000000,11864
0,3,1,0,1,1,10,2500,2,3,3 BHK Apartment ,4,Viman Nagar,21500000,8600
0,3,1,0,1,0,1,2100,1,3,3 BHK Apartment ,2,Viman Nagar,22500000,10714
0,3,1,0,1,1,5,3655,3,4,4 BHK Villa ,1,Kalyani Nagar,44000000,12038
0,3,0,1,1,0,7,1100,2,2,2 BHK Apartment ,2,Kharadi,6620000,6018
0,3,1,1,1,1,3,1300,2,2,2 BHK Apartment ,6,Kharadi,8000000,6153
0,3,0,1,1,0,11,1355,3,3,3 BHK Apartment ,5,Kharadi,9500000,7011
0,3,0,1,1,0,4,2900,2,4,3 BHK Apartment ,0,Kharadi,14000000,4827
0,3,2,0,1,1,10,950,1,2,2 BHK Apartment ,5,Viman Nagar,8500000,8947
0,3,1,1,1,1,6,1201,1,2,2 BHK Apartment ,6,Viman Nagar,10000000,8326
0,3,0,1,1,0,6,1385,1,3,3 BHK Apartment ,5,Viman Nagar,11000000,7942
0,3,0,0,1,1,1,1500,1,3,3 BHK Apartment ,3,Viman Nagar,13000000,8666
0,3,0,0,1,1,5,4000,3,4,5 BHK Apartment ,4,Koregaon Park,80000000,20000
1,3,3,1,1,1,1,5790,3,5,5 BHK Apartment ,4,Koregaon Park,95800000,16545
0,3,0,0,1,1,5,1800,1,3,3 BHK Villa ,1,Koregaon Park,25000000,13888
0,3,0,0,1,1,5,550,1,1,1 BHK Apartment ,2,Koregaon Park,5500000,10000
0,3,0,0,1,1,5,585,1,1,1 BHK Apartment ,2,Koregaon Park,6500000,11111
0,3,0,0,1,1,5,750,2,2,2 BHK Apartment ,3,Koregaon Park,7000000,9333
0,3,0,0,1,1,5,550,1,1,1 BHK Apartment ,1,Koregaon Park,8000000,14545
0,3,1,1,1,1,5,1550,1,3,3 BHK Apartment ,7,Koregaon Park,9500000,6129
0,3,0,1,1,1,16,1600,2,3,3 BHK Apartment ,2,Koregaon Park,14000000,8750
0,3,0,0,1,1,9,930,1,2,2 BHK Apartment ,2,Koregaon Park,15000000,16129
0,3,0,0,1,1,6,1475,1,3,3 BHK Apartment ,3,Koregaon Park,16000000,10847
0,3,0,0,1,1,7,1360,1,3,3 BHK Apartment ,4,Koregaon Park,17000000,12500
0,3,0,0,1,1,5,1800,1,2,2 BHK Apartment ,3,Koregaon Park,17500000,9722
0,3,1,1,1,1,10,1800,1,3,3 BHK Apartment ,2,Koregaon Park,27000000,15000
0,3,1,1,1,1,10,2892,2,3,3 BHK Apartment ,2,Kalyani Nagar,47900000,16562
0,3,1,1,1,1,10,2800,2,4,4 BHK Apartment ,4,Kalyani Nagar,50000000,17857
0,3,0,0,1,0,5,4500,1,4,4 BHK Apartment ,0,Kalyani Nagar,68500000,15222
0,3,1,1,1,1,10,4130,3,4,4 BHK Apartment ,10,Kalyani Nagar,70000000,16949
0,3,2,1,1,1,10,4100,3,4,4 BHK Apartment ,6,Kalyani Nagar,72500000,17682
0,3,2,1,1,1,10,1300,2,2,2 BHK Apartment ,7,Kalyani Nagar,16000000,12307
0,3,1,1,1,0,9,1175,1,2,2 BHK Apartment ,1,Kalyani Nagar,12500000,10638
0,3,0,1,1,0,6,836,2,2,2 BHK Apartment ,3,Lohegaon,3900000,4665
0,3,0,1,1,0,10,4850,1,4,4 BHK Apartment ,1,Boat Club Road,40000000,8247
0,3,0,1,1,0,9,1160,1,2,2 BHK Apartment ,7,Pimple Saudagar,7500000,6465
0,3,0,1,1,0,16,1580,2,3,3 BHK Apartment ,3,Mundhwa,17500000,11075
0,2,1,1,1,0,19,1700,1,4,3 BHK Apartment ,0,Koregaon Park,28000000,16470
0,3,0,1,1,0,5,2347,3,3,3 BHK Apartment ,1,Koregaon Park,35500000,15125
0,3,2,1,1,0,10,1819,2,3,3 BHK Apartment ,3,Koregaon Park,25200000,13853
0,3,1,0,1,0,5,3800,2,4,4 BHK Apartment ,7,Koregaon Park,65000000,17105
0,3,2,1,1,0,10,1550,2,3,3 BHK Apartment ,10,Koregaon Park,16200000,10451
0,2,0,1,1,0,10,2800,2,4,4 BHK Apartment ,4,Koregaon Park,30500000,10892
0,3,0,1,1,0,14,1255,1,3,3 BHK Apartment ,6,Koregaon Park,10000000,7968
0,2,0,1,1,0,14,5500,3,5,5 BHK Apartment ,11,Koregaon Park,61000000,11090
0,3,0,1,1,0,5,4300,3,5,4 BHK Apartment ,8,Koregaon Park,58000000,13488
0,3,0,1,1,0,5,5850,3,6,4 BHK Apartment ,9,Koregaon Park,77500000,13247
0,3,0,0,1,0,5,830,1,2,2 BHK Apartment ,3,Koregaon Park,7000000,8433
1,2,3,1,1,0,3,690,1,1,1 BHK Apartment ,3,Wagholi,3000000,4347
1,3,3,1,1,1,0,1350,2,3,3 BHK Apartment ,5,Bavdhan,8400000,6222
0,3,0,1,1,1,0,1456,1,3,3 BHK Apartment ,3,Baner,8500000,5837
0,3,0,1,1,0,10,1050,2,2,2 BHK Apartment ,5,Kalyani Nagar,8200000,7809
0,3,0,1,1,0,10,1250,2,2,2 BHK Apartment ,7,Wadgaon Sheri,8500000,6800
0,3,0,1,1,0,7,1603,2,3,3 BHK Apartment ,5,Baner,10900000,6799
1,3,3,1,1,0,0,618,1,2,2 BHK Apartment ,2,Sus,3800000,6148
1,3,3,1,1,0,0,663,1,2,2 BHK Apartment ,5,Sus,4050000,6108
1,3,3,1,1,0,0,705,1,1,1 BHK Apartment ,1,Wakad,3800000,5390
0,2,0,0,0,0,0,383,1,1,1 BHK Apartment ,3,Hadapsar,2150000,5613
0,3,0,1,1,0,2,2300,2,3,3 BHK Apartment ,3,Pimple Saudagar,23000000,10000
0,3,2,1,1,0,11,1930,2,3,3 BHK Apartment ,4,Kalyani Nagar,22500000,11658
0,3,1,1,1,0,11,1050,2,2,2 BHK Apartment ,3,Wadgaon Sheri,7700000,7333
0,3,1,1,1,0,11,1450,2,2,2 BHK Apartment ,6,Kalyani Nagar,14500000,10000
0,3,0,1,1,0,11,1705,2,3,3 BHK Apartment ,6,Koregaon Park,20000000,11730
0,3,0,1,1,0,5,1360,3,2,2 BHK Apartment ,12,Koregaon Park,10600000,7794
0,3,2,1,1,0,5,2250,2,3,3 BHK Apartment ,1,Koregaon Park,30000000,13333
0,3,2,1,1,0,5,2450,3,5,4 BHK Apartment ,4,Koregaon Park,35000000,14285
0,3,2,1,1,0,10,3887,3,6,4 BHK Apartment ,10,Koregaon Park,41500000,10676
0,2,1,1,1,0,10,1050,2,2,2 BHK Apartment ,3,Koregaon Park,11500000,10952
0,3,0,1,1,0,5,900,2,2,2 BHK Apartment ,1,Koregaon Park,8500000,9444
0,3,0,1,1,0,5,1360,2,3,3 BHK Apartment ,4,Koregaon Park,17500000,12867
0,3,1,1,1,0,14,1750,2,4,3 BHK Apartment ,1,Koregaon Park,20000000,11428
0,3,0,1,1,1,4,1050,1,2,2 BHK Apartment ,8,Lohegaon,5700000,5428
0,3,0,1,1,0,2,1350,2,3,3 BHK Apartment ,6,Viman Nagar,9800000,7259
0,3,0,1,1,0,10,3000,2,5,4 BHK Villa ,2,Koregaon Park,50000000,16666
0,3,0,1,1,0,12,1600,3,2,2 BHK Apartment ,2,Yerawada,12000000,7500
0,3,0,1,1,0,0,1050,1,2,2 BHK Apartment ,4,Kalyani Nagar,15000000,14285
0,3,2,1,1,1,11,2700,3,4,4 BHK Apartment ,8,Koregaon Park,28000000,10370
0,3,0,1,1,0,10,1400,2,3,3 BHK Apartment ,3,Koregaon Park,10500000,7500
0,2,0,1,1,0,5,520,2,1,1 BHK Apartment ,5,Wagholi,2300000,4423
0,3,0,1,1,0,11,510,2,1,1 BHK Apartment ,4,Viman Nagar,3700000,7254
1,3,3,1,1,0,1,5640,2,4,4 BHK Apartment ,6,Koregaon Park,75600000,13404
0,3,1,1,1,0,12,1800,2,3,3 BHK Apartment ,6,Koregaon Park,20000000,11111
0,3,0,1,1,0,3,1500,2,3,3 BHK Apartment ,11,Wadgaon Sheri,15000000,10000
0,3,0,1,1,0,10,4850,1,4,4 BHK Apartment ,1,Boat Club Road,40000000,8247
0,3,0,0,1,0,10,1030,1,2,2 BHK Apartment ,2,Koregaon Park,9000000,8737
0,3,1,1,1,0,1,5540,3,6,4 BHK Apartment ,7,Koregaon Park,75000000,13537
0,3,0,1,1,0,10,1400,1,2,2 BHK Apartment ,5,Kharadi,7500000,5357
0,3,0,1,1,0,5,2000,1,3,3 BHK Apartment ,2,Wagholi,9500000,4750
0,3,1,0,0,0,5,3800,2,4,4 BHK Apartment ,7,Koregaon Park,65000000,17105
0,3,0,1,0,0,10,585,2,1,1 BHK Apartment ,4,Viman Nagar,5000000,8547
0,3,2,1,1,0,5,3300,2,3,3 BHK Apartment ,10,Kharadi,21200000,6424
0,3,1,1,1,1,6,1600,2,3,3 BHK Apartment ,8,Kharadi,9200000,5750
1,3,3,1,1,1,1,1188,2,2,2 BHK Apartment ,2,Hinjewadi,5726000,4819
0,3,2,1,1,0,1,4355,2,5,4 BHK Apartment ,5,Kharadi,25000000,5740
1,3,3,1,1,0,5,1655,2,3,3 BHK Apartment ,4,Kharadi,9700000,5861
0,3,1,1,1,1,10,3700,2,5,4 BHK Apartment ,9,Kalyani Nagar,57300000,15486
0,3,0,1,1,0,10,1765,3,3,3 BHK Apartment ,5,Kalyani Nagar,22200000,12577
0,3,1,1,1,1,10,4088,2,5,4 BHK Apartment ,6,Kalyani Nagar,75000000,18346
0,3,1,1,1,1,10,1735,2,3,3 BHK Apartment ,1,Kalyani Nagar,19000000,10951
0,3,1,1,1,1,10,4355,2,4,4 BHK Apartment ,6,Kharadi,28500000,6544
0,3,1,1,1,1,10,3464,3,4,4 BHK Apartment ,10,Kharadi,32000000,9237
0,3,0,1,1,0,10,1360,2,3,3 BHK Apartment ,3,Koregaon Park,17000000,12500
0,3,0,1,1,0,3,626,1,1,1 BHK Apartment ,11,Wagholi,3300000,5271
0,3,2,1,1,1,10,1900,2,2,2 BHK Villa ,0,Wagholi,7400000,3894
1,3,3,1,1,0,0,1350,2,3,3 BHK Apartment ,6,Wadgaon Sheri,10100000,7481
0,3,0,1,1,0,6,2584,2,4,4 BHK Apartment ,4,Kharadi,23000000,8900
0,3,0,1,1,0,6,2350,2,4,4 BHK Apartment ,5,Koregaon Park,27500000,11702
0,3,0,1,1,0,3,2010,2,3,3 BHK Apartment ,11,Kharadi,13500000,6716
0,2,0,1,1,0,11,1600,2,2,2 BHK Apartment ,4,Koregaon Park,15000000,9375
0,3,1,1,1,0,0,1950,2,3,3 BHK Apartment ,3,Koregaon Park,30800000,15794
0,1,0,1,1,0,11,2500,2,3,3 BHK Apartment ,3,Sangamvadi,40000000,16000
0,3,0,1,1,0,11,2000,2,3,3 BHK Apartment ,9,Sangamvadi,30000000,15000
0,2,1,1,1,0,11,1605,2,3,3 BHK Apartment ,3,Wadgaon Sheri,11500000,7165
0,2,1,1,1,0,11,1950,2,4,4 BHK Apartment ,0,Yerawada,20000000,10256
0,3,0,1,1,0,11,4000,2,4,4 BHK Apartment ,7,Kalyani Nagar,40000000,10000
0,3,0,1,1,0,3,7500,2,5,5 BHK Apartment ,14,Koregaon Park,140000000,18666
0,3,0,1,1,0,2,6000,2,5,5 BHK Apartment ,10,Kalyani Nagar,150000000,25000
0,2,0,1,1,0,2,3050,2,4,4 BHK Apartment ,4,Kalyani Nagar,38700000,12688
0,3,1,1,1,0,6,2100,2,3,3 BHK Apartment ,4,Kalyani Nagar,32400000,15428
0,2,0,0,1,0,11,1150,2,2,2 BHK Apartment ,5,Wadgaon Sheri,8500000,7391
0,1,0,1,1,0,11,4100,2,4,4 BHK Apartment ,3,Sangamvadi,55500000,13536
0,3,0,1,1,0,2,6000,2,5,5 BHK Apartment ,10,Kalyani Nagar,150000000,25000
0,3,1,1,1,0,6,1445,2,2,2 BHK Apartment ,9,Hadapsar,10200000,7058
0,3,0,1,1,0,2,1250,2,2,2 BHK Apartment ,5,Kalyani Nagar,11000000,8800
0,2,2,1,1,0,2,2050,2,3,3 BHK Apartment ,3,Sangamvadi,30800000,15024
0,3,0,1,1,0,11,1430,2,3,3 BHK Apartment ,6,Viman Nagar,16500000,11538
0,3,0,1,1,0,0,3150,2,3,3 BHK Apartment ,6,Sangamvadi,60000000,19047
0,3,0,1,1,0,6,1185,2,2,2 BHK Apartment ,4,Yerawada,8500000,7172
0,3,1,1,1,0,11,3300,2,4,4 BHK Apartment ,4,Wagholi,15000000,4545
0,3,0,1,1,0,2,3600,2,3,3 BHK Apartment ,3,Viman Nagar,45000000,12500
0,3,0,1,1,0,6,1185,2,2,2 BHK Apartment ,4,Shastri Nagar,8500000,7172
0,3,1,1,1,0,21,2800,2,4,4 BHK Apartment ,0,Kalyani Nagar,45000000,16071
0,2,0,1,1,0,2,600,2,1,1 BHK Apartment ,7,Yerawada,4600000,7666
0,3,1,1,1,0,11,1250,2,2,2 BHK Apartment ,6,Kalyani Nagar,8500000,6800
0,3,0,1,1,0,6,1537,2,3,3 BHK Apartment ,4,Kharadi,9500000,6180
0,2,0,0,1,0,11,3400,2,4,4 BHK Apartment ,8,Kalyani Nagar,50000000,14705
0,3,0,1,1,0,11,5505,2,5,5 BHK Apartment ,0,Kalyani Nagar,60000000,10899
0,2,0,0,1,0,16,1800,2,3,3 BHK Apartment ,1,Koregaon Park,20000000,11111
0,3,0,1,1,0,3,4850,2,4,4 BHK Apartment ,6,Hadapsar,34500000,7113
0,3,0,1,1,0,6,2720,2,3,3 BHK Apartment ,2,Viman Nagar,18500000,6801
1,3,3,1,1,0,16,3300,2,5,5 BHK Apartment ,6,Koregaon Park,60000000,18181
0,3,0,1,1,0,11,3400,2,4,4 BHK Apartment ,10,Kalyani Nagar,49500000,14558
0,3,0,1,1,0,1,3300,2,3,3 BHK Apartment ,12,Koregaon Park,48600000,14727
0,3,1,1,1,0,6,2100,2,3,3 BHK Apartment ,4,Kalyani Nagar,32400000,15428
0,2,2,1,1,1,6,1500,3,6,4 BHK Apartment ,4,Viman Nagar,29800000,19866
0,3,0,1,1,0,2,500,2,1,1 BHK Apartment ,2,Kalyani Nagar,5000000,10000
1,3,3,1,1,0,11,5173,2,4,4 BHK Apartment ,2,Viman Nagar,65000000,12565
1,3,3,1,1,0,0,1070,2,2,2 BHK Apartment ,1,Wadgaon Sheri,8020000,7495
1,3,3,1,1,0,0,1300,2,2,3 BHK Apartment ,12,Wadgaon Sheri,9750000,7500
0,3,1,1,1,0,6,1200,2,2,2 BHK Apartment ,3,Wakad,8800000,7333
0,3,0,1,1,0,4,590,2,1,1 BHK Apartment ,2,Handewadi,2500000,4237
0,3,2,1,1,1,10,3701,2,4,3 BHK Villa ,0,Wagholi,15000000,4052
0,3,1,1,1,1,10,610,1,2,1 BHK Apartment ,6,Shastri Nagar,5300000,8688
0,3,0,1,1,0,10,1600,1,3,3 BHK Apartment ,9,Wagholi,10000000,6250
0,3,2,1,1,1,10,1650,2,3,3 BHK Apartment ,9,Wagholi,11000000,6666
1,3,3,1,1,0,0,1890,2,3,3 BHK Apartment ,1,Wakad,8000000,4232
1,3,3,1,1,0,0,1405,2,3,3 BHK Apartment ,2,Bavdhan,8700000,6192
1,3,3,1,1,0,0,1200,2,2,2 BHK Apartment ,1,Wadgaon Sheri,9000000,7500
0,3,0,1,1,0,10,5173,3,5,4 BHK Apartment ,3,Viman Nagar,69600000,13454
0,3,2,1,1,1,10,1040,1,2,2 BHK Apartment ,5,Yerawada,12500000,12019
0,2,2,1,1,0,5,1700,2,2,2 BHK Apartment ,1,Kharadi,10400000,6117
0,3,1,1,1,0,5,607,1,1,1 BHK Apartment ,6,Wagholi,3100000,5107
0,3,0,0,1,0,10,2490,3,3,3 BHK Apartment ,4,Viman Nagar,23500000,9437
0,3,0,1,1,0,10,2487,2,3,3 BHK Apartment ,12,Wagholi,13000000,5227
0,3,2,1,1,1,10,1690,1,2,2 BHK Apartment ,6,Viman Nagar,27000000,15976
0,3,0,1,1,0,5,727,1,1,2 BHK Apartment ,4,Wagholi,3200000,4401
0,3,0,1,1,0,10,1000,1,2,2 BHK Apartment ,5,Shastri Nagar,12500000,12500
0,3,0,1,1,0,10,1150,1,2,2 BHK Apartment ,2,Wagholi,5000000,4347
0,3,0,1,1,0,10,980,2,2,2 BHK Apartment ,11,Wagholi,6000000,6122
0,3,0,1,1,0,10,1265,1,2,2 BHK Apartment ,2,Wagholi,6200000,4901
0,3,0,1,1,0,10,1550,1,3,3 BHK Apartment ,2,Wagholi,9000000,5806
0,3,0,1,1,0,10,1600,1,3,3 BHK Apartment ,6,Wagholi,9500000,5937
0,3,0,1,1,0,10,1962,1,3,3 BHK Apartment ,12,Wagholi,12000000,6116
0,3,1,1,1,0,5,1650,1,3,3 BHK Apartment ,2,Kharadi,10500000,6363
0,3,0,1,1,0,10,1515,3,3,3 BHK Apartment ,5,Koregaon Park,18000000,11881
0,3,2,1,1,1,10,3655,2,4,4 BHK Villa ,0,Kalyani Nagar,40000000,10943
0,3,2,1,1,1,10,3500,3,4,4 BHK Villa ,0,Kalyani Nagar,45000000,12857
0,3,1,1,1,1,10,3600,3,4,4 BHK Villa ,0,Kalyani Nagar,55000000,15277
0,3,2,1,1,1,10,1800,2,2,2 BHK Villa ,0,Kalyani Nagar,20000000,11111
0,3,0,1,1,0,10,550,1,1,1 BHK Apartment ,1,Viman Nagar,6500000,11818
0,3,0,1,1,0,10,1090,1,2,2 BHK Apartment ,4,Viman Nagar,7666000,7033
0,3,0,1,1,0,12,1400,1,3,3 BHK Apartment ,3,Viman Nagar,9000000,6428
0,3,0,1,1,0,10,1265,1,2,2 BHK Apartment ,1,Viman Nagar,9500000,7509
0,3,0,1,1,0,10,1200,2,2,3 BHK Apartment ,4,Viman Nagar,10000000,8333
0,3,2,1,1,1,10,1570,1,2,2 BHK Apartment ,7,Viman Nagar,11000000,7006
0,3,0,1,1,0,10,2300,3,3,3 BHK Apartment ,6,Viman Nagar,16000000,6956
0,3,1,1,1,1,12,2100,1,4,3 BHK Apartment ,1,Viman Nagar,16600000,7904
0,3,0,1,1,0,10,2500,2,4,3 BHK Apartment ,6,Viman Nagar,18000000,7200
0,3,1,1,1,1,10,1690,2,3,3 BHK Apartment ,3,Viman Nagar,18200000,10769
0,3,0,1,1,0,10,1690,2,3,3 BHK Apartment ,5,Viman Nagar,21000000,12426
0,3,1,1,1,1,10,2002,2,3,3 BHK Apartment ,1,Viman Nagar,21900000,10939
0,3,1,1,1,1,10,2085,1,3,3 BHK Apartment ,7,Viman Nagar,22800000,10935
0,3,0,1,1,0,10,1255,2,3,3 BHK Apartment ,5,Koregaon Park,10000000,7968
0,3,0,1,1,0,10,1170,1,2,2 BHK Apartment ,3,Koregaon Park,11500000,9829
0,3,0,1,1,0,10,1815,3,3,3 BHK Apartment ,1,Koregaon Park,14000000,7713
0,3,2,1,1,1,10,4088,2,5,4 BHK Apartment ,5,Kharadi,40000000,9784
0,3,1,1,1,1,10,6050,3,4,4 BHK Apartment ,19,Kharadi,45000000,7438
0,3,2,1,1,1,10,1640,2,2,2 BHK Apartment ,7,Kharadi,10000000,6097
0,3,1,1,1,1,8,1540,1,2,2 BHK Apartment ,1,Kharadi,11000000,7142
0,3,1,1,1,1,10,2000,2,3,3 BHK Apartment ,7,Kharadi,12000000,6000
0,3,1,1,1,1,10,1980,2,3,3 BHK Apartment ,5,Kharadi,13000000,6565
0,3,1,1,1,1,10,1677,2,3,3 BHK Apartment ,8,Kharadi,14000000,8348
0,3,1,1,1,1,10,2540,2,5,4 BHK Apartment ,5,Kharadi,16000000,6299
0,3,1,1,1,1,10,2500,2,5,4 BHK Apartment ,18,Kharadi,17000000,6800
0,3,1,1,1,1,10,2865,2,4,3 BHK Apartment ,3,Kharadi,25000000,8726
0,3,2,1,1,1,10,2909,1,4,4 BHK Apartment ,4,Kharadi,26000000,8937
0,3,1,1,1,1,10,4355,2,4,4 BHK Apartment ,9,Kharadi,27000000,6199
0,3,1,1,1,1,10,3000,2,4,4 BHK Apartment ,9,Kharadi,28000000,9333
0,3,1,1,1,1,10,4355,3,5,4 BHK Apartment ,10,Kharadi,31000000,7118
0,3,1,1,1,1,10,1450,1,2,2 BHK Apartment ,4,Kalyani Nagar,20000000,13793
0,3,1,1,1,1,10,2100,1,3,3 BHK Apartment ,3,Kalyani Nagar,21000000,10000
0,3,2,1,1,1,10,2200,2,3,3 BHK Apartment ,0,Kalyani Nagar,23000000,10454
0,3,1,1,1,1,10,1982,3,3,3 BHK Apartment ,8,Kalyani Nagar,24000000,12108
0,3,0,1,1,0,10,3040,2,3,3 BHK Apartment ,9,Kalyani Nagar,46000000,15131
0,3,0,1,1,0,10,3040,3,3,3 BHK Apartment ,14,Kalyani Nagar,57500000,18914
0,3,0,1,1,0,10,3040,3,3,3 BHK Apartment ,8,Kalyani Nagar,58500000,19243
0,3,2,1,1,1,10,1490,2,3,3 BHK Apartment ,3,Kharadi,10000000,6711
0,3,2,1,1,1,10,1565,3,3,3 BHK Apartment ,7,Kharadi,11000000,7028
0,3,2,1,1,1,10,2250,3,3,3 BHK Apartment ,3,Kharadi,16000000,7111
0,3,1,1,1,1,10,2500,2,3,3 BHK Apartment ,1,Kharadi,17000000,6800
0,3,2,1,1,1,10,2015,2,3,3 BHK Apartment ,8,Kharadi,19000000,9429
0,3,2,1,1,1,10,2015,2,3,3 BHK Apartment ,9,Kharadi,20000000,9925
0,3,2,1,1,1,10,2500,1,3,3 BHK Apartment ,0,Kharadi,22000000,8800
0,3,2,1,1,1,10,4100,3,4,4 BHK Apartment ,12,Kharadi,23500000,5731
0,3,1,1,1,1,10,4885,3,4,4 BHK Apartment ,1,Kalyani Nagar,77700000,15905
0,3,2,1,1,1,10,1400,2,2,2 BHK Apartment ,2,Kalyani Nagar,8500000,6071
0,3,2,1,1,1,18,1150,3,2,2 BHK Apartment ,1,Kalyani Nagar,12000000,10434
0,3,1,1,1,1,10,2900,3,3,3 BHK Apartment ,10,Kalyani Nagar,35000000,12068
0,3,1,1,1,1,10,2400,3,3,3 BHK Apartment ,5,Kalyani Nagar,36000000,15000
0,3,1,1,1,1,10,3050,2,6,4 BHK Apartment ,3,Kalyani Nagar,39000000,12786
0,3,1,1,1,1,10,2400,3,3,3 BHK Apartment ,6,Kalyani Nagar,40000000,16666
0,3,1,1,1,1,10,3040,3,3,3 BHK Apartment ,3,Kalyani Nagar,42500000,13980
0,3,1,1,1,1,10,2892,2,5,4 BHK Apartment ,2,Kalyani Nagar,44000000,15214
0,3,1,1,1,1,10,3655,3,4,4 BHK Apartment ,2,Kalyani Nagar,45000000,12311
0,3,1,1,1,1,10,3005,2,3,3 BHK Apartment ,7,Kalyani Nagar,46500000,15474
0,3,1,1,1,1,10,3040,3,3,3 BHK Apartment ,13,Kalyani Nagar,47200000,15526
0,3,0,1,1,0,10,4230,3,4,4 BHK Apartment ,3,Kharadi,35000000,8274
0,3,0,1,1,0,10,1900,1,3,3 BHK Apartment ,4,Kharadi,15000000,7894
0,3,0,1,1,0,10,2340,1,3,3 BHK Apartment ,7,Kharadi,17000000,7264
0,3,0,1,1,0,10,3400,1,5,3 BHK Apartment ,12,Kharadi,20000000,5882
0,3,2,1,1,1,10,4600,2,5,4 BHK Apartment ,9,Koregaon Park,43000000,9347
0,3,1,1,1,1,10,2600,2,5,4 BHK Apartment ,8,Koregaon Park,45000000,17307
0,3,0,1,1,0,10,1968,2,3,3 BHK Apartment ,2,Kalyani Nagar,23700000,12042
0,3,1,1,1,1,10,2500,3,3,3 BHK Apartment ,9,Kalyani Nagar,30000000,12000
0,3,1,1,1,1,10,2500,3,3,3 BHK Apartment ,9,Kalyani Nagar,30000000,12000
0,3,1,1,1,1,10,2150,2,3,3 BHK Apartment ,9,Kalyani Nagar,32000000,14883
0,3,1,1,1,1,10,2536,2,4,3 BHK Apartment ,3,Kalyani Nagar,33000000,13012
0,3,1,1,1,1,10,2536,2,5,4 BHK Apartment ,3,Kalyani Nagar,33300000,13130
0,3,1,1,1,1,10,3045,3,3,3 BHK Apartment ,1,Kalyani Nagar,48900000,16059
0,3,0,1,1,0,10,3700,2,4,4 BHK Apartment ,2,Boat Club Road,81000000,21891
0,3,1,1,1,1,12,4595,1,6,4 BHK Apartment ,6,Boat Club Road,90000000,19586
0,3,1,1,1,1,12,5350,2,5,5 BHK Apartment ,1,Boat Club Road,95000000,17757
0,3,1,1,1,1,10,4575,3,4,4 BHK Apartment ,7,Boat Club Road,92900000,20306
0,3,1,1,1,1,10,4100,3,4,4 BHK Apartment ,8,Boat Club Road,65000000,15853
0,3,1,1,1,1,15,4600,2,5,4 BHK Apartment ,3,Boat Club Road,75100000,16326
0,3,1,1,1,1,10,3795,3,3,3 BHK Apartment ,13,Kalyani Nagar,59000000,15546
0,3,1,1,1,1,10,3800,3,4,4 BHK Apartment ,10,Kalyani Nagar,60800000,16000
0,3,1,1,1,1,10,4115,2,4,4 BHK Apartment ,9,Kalyani Nagar,74000000,17982
0,3,2,1,1,1,10,1250,1,2,2 BHK Apartment ,7,Kalyani Nagar,13000000,10400
0,3,2,1,1,1,10,1500,2,3,3 BHK Apartment ,5,Kalyani Nagar,14000000,9333
0,3,2,1,1,1,10,2278,3,3,3 BHK Apartment ,4,Kalyani Nagar,15000000,6584
0,3,2,1,1,1,10,1990,2,3,3 BHK Villa ,0,Kharadi,32500000,16331
0,3,1,1,1,1,10,3707,2,4,4 BHK Villa ,0,Kharadi,40000000,10790
0,3,1,1,1,1,10,3700,1,4,4 BHK Villa ,0,Kharadi,38000000,10270
0,3,0,1,1,0,10,3700,1,4,4 BHK Villa ,0,Kharadi,41000000,11081
0,3,0,1,1,0,10,1900,1,3,3 BHK Apartment ,7,Koregaon Park,25000000,13157
0,3,0,1,1,0,10,2000,2,3,3 BHK Apartment ,2,Koregaon Park,27500000,13750
0,3,0,1,1,0,10,1900,2,3,3 BHK Apartment ,3,Koregaon Park,28100000,14789
0,3,0,1,1,0,10,3094,1,3,3 BHK Apartment ,5,Koregaon Park,40400000,13057
0,3,0,1,1,0,10,2700,3,4,4 BHK Apartment ,8,Koregaon Park,41700000,15444
0,3,0,1,1,0,10,3600,3,5,4 BHK Apartment ,5,Koregaon Park,65000000,18055
0,3,2,1,1,1,10,5000,1,4,4 BHK Apartment ,2,Boat Club Road,50000000,10000
0,3,0,1,1,0,10,1503,1,3,3 BHK Apartment ,8,Kalyani Nagar,12000000,7984
0,3,0,1,1,0,10,1400,1,3,3 BHK Apartment ,3,Kalyani Nagar,14000000,10000
0,3,0,1,1,0,10,1457,3,3,3 BHK Apartment ,12,Kalyani Nagar,15000000,10295
0,3,0,1,1,0,10,1780,3,4,4 BHK Apartment ,5,Kalyani Nagar,20000000,11235
0,3,0,1,1,0,10,1925,1,3,3 BHK Apartment ,9,Kalyani Nagar,21000000,10909
0,3,1,1,1,0,2,3300,2,4,4 BHK Apartment ,4,Viman Nagar,23200000,7030
0,3,1,1,1,0,5,1100,2,2,2 BHK Apartment ,3,Hadapsar,5000000,4545
0,3,0,1,1,0,4,678,1,1,1 BHK Apartment ,1,Kharadi,4500000,6637
0,3,1,1,1,0,5,4000,2,5,4 BHK Apartment ,9,Hadapsar,28000000,7000
0,2,2,1,1,0,10,1850,2,4,3 BHK Apartment ,3,Kalyani Nagar,20000000,10810
0,3,0,1,1,0,3,1525,1,3,3 BHK Apartment ,5,Viman Nagar,13500000,8852
0,3,1,1,1,1,10,1400,2,2,2 BHK Apartment ,9,Kharadi,9000000,6428
1,3,3,1,1,0,0,606,1,1,1 BHK Apartment ,2,Wagholi,2249000,3711
0,3,2,1,1,1,8,1900,2,3,3 BHK Apartment ,1,Boat Club Road,27900000,14684
0,3,2,1,1,1,9,1750,1,3,3 BHK Apartment ,4,Koregaon Park,19500000,11142
0,3,1,1,1,1,10,1982,3,3,3 BHK Apartment ,8,Kalyani Nagar,25000000,12613
0,3,1,1,1,1,10,1400,2,3,3 BHK Apartment ,2,Bund Garden,19000000,13571
0,3,2,1,1,1,10,4200,2,5,5 BHK Villa ,0,Kalyani Nagar,51000000,12142
0,3,0,1,1,0,10,4200,2,4,4 BHK Villa ,0,Kalyani Nagar,52500000,12500
0,3,1,1,1,1,10,5480,2,5,5 BHK Apartment ,6,Boat Club Road,95100000,17354
0,3,0,1,1,0,10,1410,1,3,3 BHK Apartment ,8,Kharadi,8500000,6028
0,3,2,1,1,1,10,2615,3,4,4 BHK Apartment ,3,Koregaon Park,39000000,14913
0,3,1,1,1,1,10,950,1,2,2 BHK Apartment ,4,Koregaon Park,10000000,10526
0,3,0,1,1,0,10,950,1,2,2 BHK Apartment ,9,Koregaon Park,8500000,8947
0,3,1,1,1,1,10,1960,2,3,3 BHK Villa ,0,Kharadi,27500000,14030
0,3,0,0,0,0,10,2600,3,3,3 BHK Apartment ,3,Wagholi,17000000,6538
0,3,1,1,1,1,10,2300,2,4,3 BHK Apartment ,9,Viman Nagar,25900000,11260
0,3,0,0,1,0,10,2444,2,3,3 BHK Villa ,0,Wagholi,11000000,4500
0,3,0,0,0,0,10,2875,1,4,3 BHK Villa ,0,Wagholi,15500000,5391
0,3,2,1,1,1,10,1010,1,2,2 BHK Apartment ,1,Shastri Nagar,7500000,7425
0,3,2,1,1,0,6,1500,1,3,3 BHK Apartment ,1,Viman Nagar,14200000,9466
0,3,2,1,1,1,6,1540,2,3,3 BHK Apartment ,1,Viman Nagar,15000000,9740
1,3,3,1,1,0,2,2200,3,3,3 BHK Apartment ,3,Viman Nagar,15500000,7045
0,3,0,1,1,0,9,2450,3,4,3 BHK Apartment ,3,Viman Nagar,17800000,7265
1,3,3,1,1,0,2,2600,3,3,3 BHK Apartment ,5,Viman Nagar,18500000,7115
0,3,0,1,1,0,7,1236,1,2,2 BHK Apartment ,5,Viman Nagar,10400000,8414
0,3,2,1,1,0,10,1450,2,3,3 BHK Apartment ,3,Viman Nagar,10500000,7241
0,3,2,1,1,1,6,1570,1,2,2 BHK Apartment ,7,Viman Nagar,11100000,7070
0,3,1,1,1,1,10,3000,3,5,4 BHK Apartment ,0,Kharadi,22000000,7333
0,3,1,1,1,1,10,4130,3,4,4 BHK Apartment ,10,Kalyani Nagar,70000000,16949
0,3,2,1,1,1,10,4100,3,5,4 BHK Apartment ,6,Kalyani Nagar,72500000,17682
0,3,2,1,1,1,10,4050,3,5,4 BHK Apartment ,8,Kalyani Nagar,75000000,18518
0,3,1,1,1,1,10,1017,1,2,2 BHK Apartment ,22,Kharadi,7000000,6882
0,3,2,1,1,0,6,1690,2,4,3 BHK Apartment ,8,Viman Nagar,22000000,13017
0,3,0,1,1,0,6,1850,2,3,3 BHK Apartment ,5,Viman Nagar,22000000,11891
0,3,2,1,1,1,6,1690,2,3,3 BHK Apartment ,5,Viman Nagar,19500000,11538
1,3,3,1,1,0,2,2600,2,4,3 BHK Apartment ,2,Viman Nagar,20000000,7692
0,3,0,1,1,0,11,623,2,1,1 BHK Apartment ,1,Viman Nagar,5000000,8025
0,3,2,0,1,1,11,575,1,2,1 BHK Apartment ,1,Viman Nagar,5000000,8695
0,3,0,1,1,0,9,750,1,2,2 BHK Apartment ,4,Viman Nagar,5600000,7466
0,3,2,1,1,0,11,780,1,2,2 BHK Apartment ,4,Viman Nagar,6700000,8589
0,3,0,1,1,0,9,1011,1,2,2 BHK Apartment ,2,Viman Nagar,7100000,7022
0,3,1,1,1,0,9,1050,1,2,2 BHK Apartment ,2,Viman Nagar,8300000,7904
0,3,0,1,1,0,11,1150,1,2,2 BHK Apartment ,6,Viman Nagar,8800000,7652
0,3,2,1,1,1,11,1180,1,2,2 BHK Apartment ,4,Viman Nagar,9200000,7796
0,3,2,1,1,0,10,1700,1,4,3 BHK Apartment ,4,Wadgaon Sheri,15500000,9117
0,3,2,1,1,1,3,1624,3,3,3 BHK Apartment ,2,Viman Nagar,13500000,8312
0,3,0,1,1,1,4,1273,2,2,2 BHK Apartment ,3,Pashan,11000000,8641
0,3,0,1,1,0,11,1104,2,2,2 BHK Apartment ,1,Shastri Nagar,8500000,7699
0,3,2,0,1,1,10,1010,1,2,2 BHK Apartment ,1,Shastri Nagar,9000000,8910
0,3,2,1,1,0,12,1050,1,2,2 BHK Apartment ,5,Yerawada,8000000,7619
0,3,2,1,1,1,4,6800,3,6,5 BHK Apartment ,5,Hadapsar,47500000,6985
1,3,3,1,1,0,2,4600,1,4,4 BHK Apartment ,19,Hadapsar,48500000,10543
0,3,0,1,1,0,4,6850,2,5,5 BHK Apartment ,10,Hadapsar,50000000,7299
1,3,3,1,1,0,3,4600,1,4,4 BHK Apartment ,16,Hadapsar,52900000,11500
1,3,3,1,1,0,2,5600,3,5,4 BHK Apartment ,21,Hadapsar,60000000,10714
0,3,2,1,1,0,10,1230,3,2,2 BHK Apartment ,3,Wadgaon Sheri,8200000,6666
0,3,0,1,1,0,10,1620,2,3,3 BHK Apartment ,6,Wadgaon Sheri,12200000,7530
0,3,2,1,1,1,3,1725,3,3,3 BHK Apartment ,4,Wadgaon Sheri,12500000,7246
1,3,3,1,1,0,0,927,2,2,2 BHK Apartment ,5,Hadapsar,4717388,5088
0,3,0,1,1,0,10,2950,1,3,4 BHK Apartment ,2,Viman Nagar,15100000,5118
0,3,0,1,1,0,6,2980,3,3,3 BHK Apartment ,6,Viman Nagar,28500000,9563
0,3,0,1,1,0,2,3400,1,4,4 BHK Apartment ,7,Kharadi,32500000,9558
0,3,0,1,1,0,4,1347,2,2,2 BHK Apartment ,1,Hadapsar,10300000,7646
1,3,3,1,1,0,2,2584,1,5,4 BHK Apartment ,1,Kharadi,24000000,9287
1,3,3,1,1,1,0,1269,2,2,2 BHK Apartment ,8,Kharadi,8400000,6619
0,2,2,1,1,0,6,608,1,1,1 BHK Apartment ,1,Bibwewadi,5300000,8717
0,3,0,1,1,0,5,685,1,1,1 BHK Apartment ,10,Kalyani Nagar,6500000,9489
0,3,0,1,1,0,10,4000,3,4,4 BHK Apartment ,10,Kalyani Nagar,49000000,12250
1,3,3,1,1,0,2,1630,2,3,3 BHK Apartment ,1,Undri,9039717,5545
0,3,0,1,1,0,10,2350,3,3,3 BHK Apartment ,1,Kalyani Nagar,38000000,16170
0,3,1,0,0,0,20,550,1,1,1 BHK Apartment ,4,Bund Garden,7000000,12727
0,3,0,0,1,0,5,2500,3,4,4 BHK Apartment ,4,Wagholi,11000000,4400
0,2,2,1,1,1,7,1086,2,2,2 BHK Apartment ,7,Wadgaon Sheri,8300000,7642
0,3,0,1,1,0,9,650,1,1,1 BHK Apartment ,2,Wadgaon Sheri,6000000,9230
0,3,0,1,1,0,10,1015,1,2,2 BHK Apartment ,4,Kalyani Nagar,8000000,7881
1,3,3,1,1,1,1,1104,2,2,2 BHK Apartment ,10,Bavdhan,7800000,7065
0,3,1,1,1,0,5,837,2,2,2 BHK Apartment ,2,Hinjewadi,5200000,6212
0,3,0,0,1,0,1,780,1,2,2 BHK Apartment ,6,Rahatani,5000000,6410
0,3,0,1,1,0,7,2100,3,4,3 BHK Apartment ,4,Kharadi,13000000,6190
0,3,0,1,1,0,5,2285,1,3,3 BHK Apartment ,5,Kharadi,13500000,5908
0,3,0,1,1,0,3,3797,2,5,4 BHK Apartment ,9,Kharadi,35100000,9244
0,3,0,1,1,0,10,1165,2,2,2 BHK Apartment ,6,Viman Nagar,9100000,7811
0,3,0,1,1,0,7,1148,2,2,2 BHK Apartment ,3,Kalyani Nagar,9700000,8449
0,3,0,1,1,0,4,1150,2,2,2 BHK Apartment ,10,Mundhwa,6950000,6043
0,3,2,1,1,0,9,1275,2,2,2 BHK Apartment ,6,Kondhwa,7200000,5647
1,3,3,1,1,0,2,1166,2,2,2 BHK Apartment ,4,Wakad,7500000,6432
1,3,3,1,1,0,0,650,1,1,1 BHK Apartment ,2,Wakad,4000000,6153
1,2,3,1,1,0,3,987,2,2,2 BHK Apartment ,9,Bavdhan,7500000,7598
1,3,3,1,1,0,0,730,2,1,1 BHK Apartment ,7,NIBM Annex Mohammadwadi,3456236,4734
0,3,0,1,1,1,3,1650,2,2,2 BHK Apartment ,6,Kharadi,10000000,6060
0,3,0,0,1,0,1,1450,2,3,3 BHK Apartment ,5,Viman Nagar,13500000,9310
0,2,2,1,1,0,15,2800,2,4,4 BHK Apartment ,6,Koregaon Park,37000000,13214
0,3,0,1,1,0,5,2615,3,4,4 BHK Apartment ,8,Koregaon Park,28300000,10822
0,3,0,0,1,0,10,1935,2,3,3 BHK Apartment ,7,Kharadi,11500000,5943
0,3,1,1,1,0,6,1150,1,2,2 BHK Apartment ,4,Pimple Saudagar,6500000,5652
0,3,1,1,1,0,5,1150,2,2,2 BHK Apartment ,2,Pimple Saudagar,6600000,5739
0,2,0,0,1,0,5,2200,3,3,3 BHK Villa ,2,Wagholi,9600000,4363
0,3,0,0,0,0,15,2200,2,4,3 BHK Apartment ,1,Kalyani Nagar,22500000,10227
1,3,3,1,1,1,1,612,2,1,1 BHK Apartment ,11,Hinjewadi,3400000,5555
0,3,2,1,1,1,8,1150,2,2,2 BHK Apartment ,7,Koregaon Park,7800000,6782
0,3,1,0,0,0,5,1150,2,2,2 BHK Apartment ,5,Kalyani Nagar,10000000,8695
0,2,1,1,1,0,10,750,2,3,2 BHK Apartment ,2,Kalyani Nagar,7800000,10400
0,3,1,1,1,0,10,875,2,2,2 BHK Apartment ,1,Kalyani Nagar,7200000,8228
0,3,0,1,1,0,10,1265,1,2,2 BHK Apartment ,4,Kalyani Nagar,15500000,12252
0,3,0,1,1,1,8,2000,1,3,3 BHK Apartment ,1,Viman Nagar,17500000,8750
0,3,1,0,1,1,5,560,2,1,1 BHK Villa ,1,Bund Garden,7000000,12500
0,2,2,1,1,0,10,1270,3,2,2 BHK Apartment ,8,Wadgaon Sheri,9000000,7086
1,3,3,1,1,0,1,3900,2,5,4 BHK Apartment ,7,Koregaon Park,68000000,17435
0,3,0,1,1,0,4,2835,2,5,4 BHK Apartment ,7,Kharadi,15000000,5291
0,3,1,0,0,0,5,1150,2,2,2 BHK Apartment ,5,Kalyani Nagar,10000000,8695
0,3,0,1,1,0,6,3655,2,5,4 BHK Apartment ,3,Kalyani Nagar,45000000,12311
0,3,0,1,1,0,2,980,1,2,2 BHK Apartment ,1,Wagholi,4500000,4591
0,3,0,0,1,0,5,1950,2,3,3 BHK Apartment ,4,Kalyani Nagar,12900000,6615
0,3,0,1,1,0,4,1000,2,2,2 BHK Apartment ,8,Wagholi,4200000,4200
0,3,0,1,1,0,10,1590,3,3,3 BHK Apartment ,8,Viman Nagar,14000000,8805
0,2,2,1,1,0,10,1570,2,2,2 BHK Apartment ,7,Viman Nagar,11000000,7006
0,3,0,1,1,0,4,795,1,2,2 BHK Apartment ,4,Wagholi,4250000,5345
0,3,2,1,1,1,3,810,1,1,1 BHK Apartment ,8,Wagholi,4200000,5185
0,3,2,1,1,1,9,1500,1,3,3 BHK Apartment ,0,Koregaon Park,28000000,18666
0,3,1,1,1,0,5,950,2,2,2 BHK Apartment ,2,Viman Nagar,7700000,8105
0,3,0,0,1,0,10,1210,2,2,2 BHK Apartment ,3,Koregaon Park,15100000,12479
0,3,0,1,1,0,5,1900,2,3,3 BHK Apartment ,9,Kharadi,11700000,6157
0,3,0,1,1,0,5,1895,3,3,3 BHK Apartment ,5,Kharadi,17000000,8970
0,3,1,1,1,0,4,1120,2,2,2 BHK Apartment ,7,Wagholi,5600000,5000
0,3,0,1,1,0,6,2400,2,3,3 BHK Apartment ,3,Viman Nagar,20000000,8333
0,2,2,1,1,0,6,620,2,1,1 BHK Apartment ,4,Yerawada,5100000,8225
1,3,3,1,1,0,21,1800,2,3,3 BHK Apartment ,2,Koregaon Park,20000000,11111
0,3,0,1,1,0,11,850,2,2,2 BHK Apartment ,4,Kharadi,4700000,5529
0,3,0,1,1,0,10,2050,2,4,3 BHK Apartment ,7,Boat Club Road,30000000,14634
0,3,0,1,1,0,10,1140,2,2,2 BHK Apartment ,1,Boat Club Road,15000000,13157
0,3,0,1,1,0,10,2600,3,3,3 BHK Apartment ,7,Boat Club Road,35000000,13461
0,3,0,1,1,0,2,4211,2,5,5 BHK Apartment ,3,Koregaon Park,65000000,15435
0,3,0,1,1,0,6,950,2,2,2 BHK Apartment ,2,Kalyani Nagar,8999350,9473
0,3,1,0,1,0,2,2750,2,4,4 BHK Villa ,0,Viman Nagar,18500000,6727
0,3,1,0,1,0,2,3655,2,4,4 BHK Villa ,0,Kalyani Nagar,45000000,12311
0,3,0,1,1,0,5,567,2,1,1 BHK Apartment ,3,Hadapsar,2800000,4938
0,3,2,1,1,1,1,2370,3,4,3 BHK Apartment ,11,NIBM Annex Mohammadwadi,17500000,7383
0,3,2,0,1,1,6,1410,2,3,3 BHK Apartment ,9,Kharadi,12000000,8510
0,3,0,1,1,0,1,770,2,2,2 BHK Apartment ,4,Wagholi,3200000,4155
1,3,3,1,1,0,1,955,2,2,2 BHK Apartment ,9,Wagholi,3600000,3769
0,3,0,1,1,0,5,1901,2,3,3 BHK Apartment ,4,Kharadi,13000000,6838
0,3,0,1,1,0,6,2807,2,4,4 BHK Apartment ,1,Kalyani Nagar,28000000,9975
0,3,0,1,1,0,10,630,1,1,1 BHK Apartment ,1,Boat Club Road,8800000,13968
0,3,0,1,1,0,4,1200,2,3,3 BHK Apartment ,1,Wagholi,6500000,5416
0,3,0,1,1,0,2,2945,2,4,4 BHK Apartment ,8,Viman Nagar,31700000,10764
0,3,0,1,1,0,2,2200,2,3,3 BHK Apartment ,4,Wagholi,14100000,6409
0,3,0,1,1,0,2,1800,2,3,3 BHK Villa ,0,Viman Nagar,15000000,8333
0,3,1,1,1,0,2,1950,2,2,2 BHK Villa ,0,Viman Nagar,17000000,8717
0,3,2,1,1,0,2,3300,2,4,4 BHK Apartment ,2,Kalyani Nagar,24000000,7272
0,3,0,1,1,0,16,2796,2,4,4 BHK Apartment ,1,Sangamvadi,42500000,15200
0,3,0,1,1,0,2,1640,2,3,3 BHK Apartment ,6,Kharadi,11100000,6768
0,3,0,1,1,0,2,2000,2,3,3 BHK Apartment ,3,Kharadi,14000000,7000
0,3,0,1,1,0,11,1806,2,3,3 BHK Apartment ,4,Kalyani Nagar,20000000,11074
0,3,0,1,1,0,6,2800,2,3,3 BHK Apartment ,6,Kharadi,45000000,16071
0,3,0,1,1,0,11,2880,2,4,4 BHK Apartment ,8,Kalyani Nagar,38500000,13368
0,2,0,1,1,0,16,2800,2,5,5 BHK Apartment ,9,Kalyani Nagar,32500000,11607
0,3,0,1,1,0,11,900,2,2,2 BHK Apartment ,1,Viman Nagar,7499700,8333
0,3,0,1,1,0,11,1360,2,2,2 BHK Apartment ,3,Kalyani Nagar,14000000,10294
0,3,0,1,1,0,11,1800,2,3,3 BHK Apartment ,1,Bund Garden,25000000,13888
0,3,0,1,1,0,22,1550,2,3,3 BHK Apartment ,1,Sangamvadi,26000000,16774
0,2,0,1,1,0,11,4000,2,5,5 BHK Villa ,0,Viman Nagar,39900000,9975
0,3,0,1,1,0,3,710,2,2,1 BHK Apartment ,8,Sangamvadi,15500000,21830
0,3,0,0,1,0,6,3800,2,4,4 BHK Villa ,0,Kharadi,35000000,9210
0,3,0,0,1,0,6,3655,2,4,4 BHK Villa ,0,Wadgaon Sheri,45000000,12311
0,3,0,1,1,0,3,1131,1,2,3 BHK Apartment ,3,Wagholi,4000000,3536
0,3,0,1,1,0,4,700,2,2,2 BHK Apartment ,2,Wagholi,3800000,5428
0,3,0,1,1,0,3,732,2,1,1 BHK Apartment ,3,Wagholi,3200000,4371
0,3,0,1,1,0,1,945,2,2,2 BHK Apartment ,5,Wagholi,4500000,4761
0,3,0,1,1,0,1,858,2,2,2 BHK Apartment ,5,Wagholi,3600000,4195
0,3,0,1,1,0,1,786,2,2,2 BHK Apartment ,7,Wagholi,4400000,5597
0,3,0,1,1,0,2,962,2,2,2 BHK Apartment ,4,Wagholi,3800000,3950
0,3,0,1,1,0,1,2130,2,3,4 BHK Apartment ,4,Kharadi,14000000,6572
0,3,0,1,1,0,4,1302,2,3,3 BHK Apartment ,1,Wagholi,6500000,4992
0,3,0,1,1,0,11,950,1,2,2 BHK Apartment ,1,Koregaon Park,12700000,13368
0,3,0,1,1,0,11,2550,2,3,3 BHK Apartment ,1,Kalyani Nagar,27500000,10784
0,3,0,1,1,0,6,3000,2,4,4 BHK Apartment ,1,Kalyani Nagar,40000000,13333
0,3,0,1,1,0,11,3600,2,4,4 BHK Apartment ,1,Kalyani Nagar,50000000,13888
0,3,0,1,1,0,6,2200,2,4,4 BHK Apartment ,1,Kharadi,13500000,6136
0,3,0,1,1,0,6,4787,2,4,5 BHK Apartment ,1,Sangamvadi,103000000,21516
0,3,0,1,1,0,11,1753,2,3,3 BHK Apartment ,1,Kalyani Nagar,19000000,10838
0,3,0,0,1,0,2,2200,2,4,4 BHK Apartment ,1,Kalyani Nagar,15400000,7000
0,3,0,1,1,0,11,2706,2,3,3 BHK Apartment ,1,Kalyani Nagar,23000000,8499
0,3,0,1,1,0,6,4595,2,4,4 BHK Apartment ,0,Sangamvadi,100000000,21762
0,3,1,1,1,0,6,1900,2,3,3 BHK Apartment ,0,Sangamvadi,28000000,14736
0,3,0,1,1,0,21,635,2,1,1 BHK Apartment ,1,Sangamvadi,6700000,10551
0,3,1,1,1,0,11,2800,2,4,4 BHK Apartment ,2,Kalyani Nagar,32000000,11428
0,3,0,1,1,0,11,2580,2,4,4 BHK Apartment ,2,Koregaon Park,30000000,11627
0,3,0,0,1,0,2,4250,2,4,4 BHK Villa ,0,Wagholi,23300000,5482
0,3,0,1,1,0,4,1900,2,4,3 BHK Apartment ,3,Kalyani Nagar,18000000,9473
0,3,0,1,1,0,12,2500,2,4,4 BHK Apartment ,5,Boat Club Road,35100000,14040
0,3,0,1,1,0,8,966,2,2,2 BHK Apartment ,3,Kalyani Nagar,6200000,6418
0,2,1,1,1,0,17,2400,3,4,3 BHK Apartment ,2,Boat Club Road,40000000,16666
0,3,0,1,1,0,3,4100,2,4,4 BHK Apartment ,5,Boat Club Road,61500000,15000
0,3,0,1,1,0,5,1695,2,3,3 BHK Apartment ,2,Kalyani Nagar,21000000,12389
0,3,0,1,1,0,4,950,2,2,2 BHK Apartment ,2,Wagholi,3500000,3684
0,3,0,1,1,0,4,850,2,2,2 BHK Apartment ,4,Wagholi,4500000,5294
1,3,3,1,1,0,1,675,2,1,1 BHK Apartment ,4,Wagholi,3400000,5037
0,3,0,1,1,0,4,670,2,2,2 BHK Apartment ,1,Wagholi,3000000,4477
0,3,0,1,1,0,4,1510,2,3,3 BHK Apartment ,8,Kharadi,11500000,7615
1,3,3,1,1,0,1,855,2,2,2 BHK Apartment ,3,Wagholi,5000000,5847
1,3,3,1,1,0,1,558,2,1,1 BHK Apartment ,6,Wagholi,3000000,5376
0,3,0,0,1,0,4,1177,1,2,2 BHK Apartment ,4,Wagholi,4000000,3398
0,3,0,1,1,0,2,630,2,1,1 BHK Apartment ,4,Wagholi,3200000,5079
0,3,0,1,1,0,2,1175,2,2,2 BHK Apartment ,4,Kharadi,10000000,8510
0,3,0,1,1,0,2,630,2,1,1 BHK Apartment ,10,Wagholi,3400000,5396
1,3,3,1,1,0,3,632,2,1,1 BHK Apartment ,6,Wagholi,3100000,4905
1,3,3,1,1,0,1,1185,2,2,2 BHK Apartment ,1,Wagholi,5700000,4810
1,3,3,1,1,0,1,780,2,2,2 BHK Apartment ,1,Wagholi,3100000,3974
1,3,3,1,1,0,2,828,2,2,2 BHK Apartment ,6,Wagholi,4300000,5193
0,3,0,1,1,0,3,1075,2,2,2 BHK Apartment ,7,Kharadi,6300000,5860
0,3,0,1,1,0,4,1000,2,2,2 BHK Apartment ,6,Wagholi,5000000,5000
0,3,0,1,1,0,6,1410,2,3,3 BHK Apartment ,3,Kharadi,8500000,6028
1,3,3,1,1,0,3,615,2,1,1 BHK Apartment ,7,Wagholi,3000000,4878
0,3,2,1,1,0,6,2800,2,3,3 BHK Apartment ,4,Wagholi,11000000,3928
0,3,0,1,1,0,6,880,1,2,2 BHK Apartment ,5,Wagholi,4500000,5113
0,3,0,0,1,0,6,625,1,1,1 BHK Apartment ,1,Wagholi,3500000,5600
1,3,3,1,1,1,0,1286,2,2,2 BHK Apartment ,12,Baner,9600000,7465
0,3,1,1,1,1,3,920,2,2,2 BHK Apartment ,4,Pimple Saudagar,6500000,7065
0,2,0,0,0,0,19,650,2,1,1 BHK Apartment ,0,Koregaon Park,5100000,7846
0,3,0,1,1,0,10,1500,2,3,3 BHK Apartment ,5,Aundh,11000000,7333
1,3,3,1,1,0,0,707,1,2,2 BHK Apartment ,4,Sus,4600000,6506
0,3,0,1,1,0,6,5420,2,4,4 BHK Apartment ,4,Sangamvadi,92100000,16992
0,3,0,1,1,0,3,1255,2,2,2 BHK Apartment ,4,Kharadi,8798805,7011
1,3,3,1,1,0,2,4595,2,5,5 BHK Apartment ,5,Sangamvadi,94200000,20500
0,3,0,1,1,0,11,3887,2,4,4 BHK Apartment ,11,Koregaon Park,48000000,12348
0,3,0,1,1,0,2,762,2,1,1 BHK Apartment ,3,Kalyani Nagar,6000000,7874
0,3,1,0,0,0,10,1250,1,2,2 BHK Apartment ,2,Koregaon Park,15500000,12400
0,3,0,1,1,0,1,1480,2,3,3 BHK Apartment ,6,Viman Nagar,11300000,7635
0,3,0,1,1,0,2,1245,2,2,3 BHK Apartment ,10,Kharadi,8500000,6827
0,3,1,1,1,1,4,1950,1,3,3 BHK Villa ,0,Kharadi,22500000,11538
0,3,1,1,1,0,10,1475,2,3,3 BHK Apartment ,1,Koregaon Park,17300000,11728
0,3,0,1,1,0,10,1250,1,2,2 BHK Apartment ,5,Wadgaon Sheri,9500000,7600
0,3,0,1,1,0,16,3200,1,3,3 BHK Apartment ,10,Viman Nagar,35000000,10937
0,3,2,1,1,1,12,3887,2,4,4 BHK Apartment ,9,Koregaon Park,45300000,11654
0,3,1,1,1,1,3,4355,2,4,4 BHK Apartment ,7,Kharadi,35000000,8036
0,3,0,1,1,1,6,1100,2,2,2 BHK Apartment ,2,Kalyani Nagar,9500000,8636
1,3,3,1,1,1,1,1085,2,2,2 BHK Apartment ,3,Wagholi,6500000,5990
0,3,1,1,1,1,5,1690,2,3,3 BHK Apartment ,9,Viman Nagar,17000000,10059
0,3,1,1,1,1,5,1690,2,3,3 BHK Apartment ,3,Viman Nagar,18200000,10769
0,3,0,1,1,1,5,1690,2,3,3 BHK Apartment ,2,Viman Nagar,20000000,11834
0,2,2,0,1,0,1,1255,1,2,2 BHK Apartment ,3,Viman Nagar,7800000,6215
0,3,0,1,1,1,7,980,2,2,2 BHK Apartment ,3,Viman Nagar,7000000,7142
0,3,2,1,1,1,12,1050,2,2,2 BHK Apartment ,1,Viman Nagar,8000000,7619
0,3,0,0,1,1,10,1600,2,3,3 BHK Apartment ,4,Viman Nagar,12000000,7500
0,3,1,1,1,0,5,4355,2,5,4 BHK Apartment ,7,Kharadi,27000000,6199
0,3,1,1,1,0,10,2909,2,4,4 BHK Apartment ,4,Kharadi,26000000,8937
0,3,0,0,0,0,5,2350,2,3,3 BHK Villa ,2,Wagholi,13000000,5531
0,3,1,1,1,0,7,1050,2,2,2 BHK Apartment ,8,Kharadi,7000000,6666
0,3,0,1,1,1,8,1410,2,3,3 BHK Apartment ,7,Kharadi,9000000,6382
1,3,3,1,1,0,0,1980,2,3,3 BHK Apartment ,2,Kharadi,14000000,7070
0,3,0,1,1,0,3,2340,2,4,3 BHK Apartment ,7,Kharadi,17000000,7264
1,3,3,1,1,0,0,2740,2,5,4 BHK Apartment ,11,Kharadi,19000000,6934
0,3,2,1,1,1,4,2835,2,4,4 BHK Apartment ,3,Kharadi,20000000,7054
0,3,0,1,1,1,3,4355,2,4,4 BHK Apartment ,3,Kharadi,23000000,5281
0,3,1,1,1,1,3,4355,2,4,4 BHK Apartment ,8,Kharadi,24000000,5510
0,3,2,1,1,1,5,2000,2,3,3 BHK Apartment ,5,Koregaon Park,24500000,12250
0,3,1,1,1,1,13,550,2,1,1 BHK Apartment ,4,Koregaon Park,6900000,12545
0,3,1,0,1,1,5,1200,2,2,2 BHK Apartment ,2,Koregaon Park,9500000,7916
0,3,0,1,1,0,12,1850,2,3,3 BHK Apartment ,5,Koregaon Park,21000000,11351
1,3,3,1,1,1,2,1255,2,2,2 BHK Apartment ,2,Wagholi,6500000,5179
0,3,0,1,1,1,10,1086,2,2,2 BHK Apartment ,4,Wadgaon Sheri,7800000,7182
0,3,0,1,1,1,3,2340,2,4,3 BHK Apartment ,10,Kharadi,16000000,6837
0,3,2,1,1,1,4,2835,2,4,4 BHK Apartment ,1,Kharadi,22500000,7936
0,3,2,1,1,1,12,1600,2,3,3 BHK Apartment ,5,Kalyani Nagar,15700000,9812
0,3,1,1,1,0,3,1734,2,3,3 BHK Apartment ,1,Wadgaon Sheri,19000000,10957
0,3,1,1,1,1,5,1806,2,3,3 BHK Apartment ,6,Kalyani Nagar,20000000,11074
0,3,1,1,1,0,3,2881,2,4,4 BHK Apartment ,7,Wadgaon Sheri,31000000,10760
0,3,1,1,1,1,13,2600,2,4,4 BHK Apartment ,7,Kalyani Nagar,32000000,12307
0,3,2,1,1,1,12,3887,2,4,4 BHK Apartment ,10,Koregaon Park,43300000,11139
0,2,0,1,1,0,11,1010,1,2,2 BHK Apartment ,1,Yerawada,7500000,7425
0,3,0,1,1,0,0,5000,2,4,4 BHK Apartment ,2,Viman Nagar,60000000,12000
1,2,3,1,1,0,0,1120,2,2,2 BHK Apartment ,6,Kharadi,6500000,5803
1,3,3,1,1,0,0,4000,2,4,4 BHK Apartment ,4,Koregaon Park,65000000,16250
0,2,0,1,1,0,7,1250,2,3,3 BHK Apartment ,3,Viman Nagar,7500000,6000
0,3,0,1,1,0,5,1650,2,4,4 BHK Apartment ,6,Viman Nagar,19500000,11818
0,3,0,1,1,0,4,990,1,2,2 BHK Apartment ,7,Wagholi,4900000,4949
0,3,0,1,1,0,10,1050,1,2,2 BHK Apartment ,4,Viman Nagar,7000000,6666
0,3,0,1,1,0,10,1300,2,2,3 BHK Apartment ,4,Viman Nagar,10000000,7692
0,3,0,1,1,0,1,1640,2,3,3 BHK Apartment ,4,Viman Nagar,12500000,7621
0,3,0,1,1,0,10,950,1,2,2 BHK Apartment ,2,Viman Nagar,7200000,7578
1,3,3,1,1,0,1,1926,2,3,3 BHK Apartment ,9,Kharadi,10300000,5347
0,3,1,1,1,0,5,1255,2,2,2 BHK Apartment ,9,Kharadi,8500000,6772
0,3,1,1,1,0,1,5540,3,6,4 BHK Apartment ,7,Koregaon Park,75000000,13537
0,3,0,1,1,0,5,2635,3,4,4 BHK Apartment ,8,Koregaon Park,36000000,13662
0,2,2,0,1,0,7,700,1,1,2 BHK Apartment ,5,Koregaon Park,10005000,14292
0,3,1,1,1,0,5,1600,3,3,3 BHK Apartment ,5,Kalyani Nagar,11400000,7125
0,3,2,1,1,0,10,1300,1,2,2 BHK Apartment ,7,Kalyani Nagar,16000000,12307
0,3,0,1,1,0,10,1450,1,3,3 BHK Apartment ,5,Kalyani Nagar,13900000,9586
0,3,2,1,1,1,4,2909,3,2,3 BHK Apartment ,1,Kharadi,17000000,5843
0,3,1,0,1,1,0,500,1,1,1 BHK Apartment ,1,Yerawada,4000000,8000
0,3,0,0,0,0,7,1430,2,2,3 BHK Apartment ,5,Kharadi,8500000,5944
0,3,0,1,1,0,6,1450,2,2,3 BHK Apartment ,1,Kalyani Nagar,14300000,9862
1,3,3,1,1,0,1,5540,3,6,4 BHK Apartment ,7,Koregaon Park,75000000,13537
0,3,0,1,1,0,1,2595,3,4,4 BHK Apartment ,12,Kharadi,18800000,7244
0,3,0,1,1,0,5,2360,2,4,3 BHK Apartment ,13,Kharadi,14200000,6016
0,3,0,1,1,0,1,2570,2,3,3 BHK Apartment ,1,Wagholi,12000000,4669
0,3,0,0,1,0,4,780,1,2,2 BHK Apartment ,5,Kharadi,5700000,7307
0,3,0,1,1,0,5,550,1,1,1 BHK Apartment ,4,Wagholi,2600000,4727
0,3,0,1,1,0,1,760,1,2,2 BHK Apartment ,5,Wagholi,4000000,5263
0,3,0,0,1,0,12,2000,2,3,3 BHK Apartment ,6,Viman Nagar,18000000,9000
1,3,3,1,1,1,1,1314,2,2,2 BHK Apartment ,4,Wagholi,5800000,4414
0,3,2,1,1,0,10,2509,1,3,3 BHK Apartment ,10,Kalyani Nagar,35000000,13949
0,3,2,1,1,0,6,1700,1,3,3 BHK Apartment ,8,Kalyani Nagar,25000000,14705
0,3,0,1,1,0,1,935,1,2,2 BHK Apartment ,5,Wagholi,4900000,5240
0,3,0,1,1,0,10,950,1,2,2 BHK Apartment ,2,Boat Club Road,11000000,11578
0,3,0,1,1,0,1,2850,3,4,4 BHK Apartment ,6,Kalyani Nagar,45000000,15789
0,3,0,1,1,0,10,1940,2,3,3 BHK Apartment ,7,Kalyani Nagar,25000000,12886
0,3,0,1,1,0,5,1100,1,2,2 BHK Apartment ,4,Koregaon Park,10700000,9727
0,3,2,0,1,0,5,1378,2,3,3 BHK Apartment ,2,Viman Nagar,11700000,8490
0,3,2,1,1,1,6,1550,3,2,3 BHK Apartment ,3,Viman Nagar,14000000,9032
0,3,0,1,1,0,4,1077,2,1,2 BHK Apartment ,9,Kharadi,7500000,6963
0,3,2,0,0,0,11,1800,3,2,3 BHK Apartment ,7,Kharadi,15000000,8333
0,3,0,1,1,0,10,1100,1,2,2 BHK Apartment ,8,Bund Garden,8700000,7909
1,3,3,0,1,0,1,1175,1,2,2 BHK Apartment ,11,Wagholi,5500000,4680
0,3,0,1,1,0,5,1690,2,3,3 BHK Apartment ,4,Viman Nagar,16000000,9467
0,3,2,1,1,0,10,1690,2,3,3 BHK Apartment ,4,Viman Nagar,23000000,13609
0,3,2,1,1,0,2,980,1,2,2 BHK Apartment ,1,Kharadi,4050000,4132
1,3,3,1,1,0,1,1160,1,2,2 BHK Apartment ,6,Wagholi,5850000,5043
1,3,3,0,0,0,1,1250,1,2,2 BHK Apartment ,6,Wagholi,5500000,4400
1,3,3,1,1,0,1,804,1,1,1 BHK Apartment ,6,Wagholi,3500000,4353
0,3,0,1,1,0,7,1196,2,1,2 BHK Apartment ,8,Kharadi,7000000,5852
0,3,0,1,1,0,10,1192,2,1,2 BHK Apartment ,5,Viman Nagar,8700000,7298
1,3,3,0,1,0,1,970,2,1,2 BHK Apartment ,6,Wagholi,5000000,5154
0,3,0,1,1,0,0,745,2,2,2 BHK Apartment ,7,Wagholi,3200000,4295
0,3,0,1,1,0,10,2800,2,4,4 BHK Apartment ,6,Koregaon Park,29500000,10535
0,3,0,1,1,0,7,1211,2,1,2 BHK Apartment ,5,Kharadi,8000000,6606
0,3,0,1,1,0,10,1550,2,3,3 BHK Apartment ,2,Koregaon Park,17000000,10967
0,3,0,1,1,0,10,1700,1,3,3 BHK Apartment ,3,Koregaon Park,20000000,11764
0,3,0,1,1,0,10,550,1,1,1 BHK Apartment ,2,Koregaon Park,5500000,10000
0,3,0,1,1,0,1,3920,2,4,4 BHK Apartment ,8,Koregaon Park,69000000,17602
0,3,0,1,1,0,10,2380,1,3,3 BHK Apartment ,5,Koregaon Park,40400000,16974
0,3,0,1,1,0,10,1150,1,2,2 BHK Apartment ,5,Kalyani Nagar,9500000,8260
0,3,0,1,1,0,1,3147,2,5,4 BHK Apartment ,1,Kalyani Nagar,28500000,9056
0,3,0,1,1,0,10,660,2,1,1 BHK Apartment ,1,Kalyani Nagar,5500000,8333
0,3,0,1,1,0,10,2850,2,5,4 BHK Apartment ,2,Kalyani Nagar,43500000,15263
0,3,0,1,1,0,5,2200,3,4,3 BHK Apartment ,7,Kalyani Nagar,20000000,9090
0,3,0,1,1,0,10,1560,2,2,3 BHK Apartment ,7,Viman Nagar,10500000,6730
0,3,2,1,1,1,6,1300,2,2,2 BHK Apartment ,2,Viman Nagar,11500000,8846
0,3,1,1,1,1,6,880,1,2,2 BHK Apartment ,5,Wagholi,4000000,4545
0,3,2,1,1,1,10,2344,3,3,4 BHK Apartment ,6,Wadgaon Sheri,17000000,7252
0,3,0,1,1,0,1,2015,1,4,3 BHK Apartment ,11,Kharadi,13500000,6699
0,3,1,1,1,0,3,4355,3,4,4 BHK Apartment ,11,Kharadi,25500000,5855
0,3,1,0,0,0,7,1100,2,2,2 BHK Apartment ,4,Kharadi,6500000,5909
0,2,2,1,1,0,5,1550,2,3,3 BHK Apartment ,3,Kharadi,9500000,6129
0,3,0,1,1,0,5,1075,2,2,2 BHK Apartment ,5,Kharadi,7100000,6604
0,3,1,1,1,0,7,2345,3,3,3 BHK Apartment ,7,Kharadi,15000000,6396
0,2,1,0,0,0,7,1500,2,3,3 BHK Apartment ,4,Kharadi,8900000,5933
0,3,0,1,1,0,10,1539,1,3,3 BHK Apartment ,10,Kalyani Nagar,12000000,7797
0,3,0,1,1,0,10,1600,2,3,3 BHK Apartment ,4,Kalyani Nagar,12000000,7500
0,3,0,1,1,0,10,1968,3,3,3 BHK Apartment ,2,Kalyani Nagar,23500000,11941
0,3,0,1,1,0,1,2130,2,3,3 BHK Apartment ,4,Kharadi,15000000,7042
0,3,0,1,1,0,1,1450,2,2,2 BHK Apartment ,5,Kharadi,7300000,5034
0,3,0,1,1,0,1,2550,2,3,3 BHK Apartment ,12,Kharadi,14000000,5490
0,3,0,1,1,0,1,1800,2,3,3 BHK Apartment ,5,Kharadi,14500000,8055
0,3,0,1,1,0,1,2870,3,4,3 BHK Apartment ,7,Kharadi,22500000,7839
0,3,0,1,1,0,10,1800,1,3,3 BHK Villa ,1,Koregaon Park,25000000,13888
0,3,0,1,1,0,6,1350,2,3,3 BHK Apartment ,4,Kalyani Nagar,13500000,10000
0,3,0,1,1,0,10,1590,1,3,3 BHK Apartment ,4,Viman Nagar,12100000,7610
0,3,0,1,1,0,8,2100,3,4,4 BHK Apartment ,3,Kalyani Nagar,19000000,9047
0,3,1,1,1,0,5,1600,3,3,3 BHK Apartment ,5,Kalyani Nagar,11900000,7437
0,3,0,1,1,0,2,2780,2,3,3 BHK Apartment ,6,Kalyani Nagar,30000000,10791
0,3,0,1,1,0,10,2200,1,3,3 BHK Apartment ,5,Kalyani Nagar,31500000,14318
0,3,0,1,1,0,10,1900,2,3,3 BHK Apartment ,7,Kalyani Nagar,23500000,12368
0,2,0,1,1,0,1,3000,1,3,3 BHK Apartment ,3,Kalyani Nagar,30000000,10000
0,3,2,1,1,0,3,5400,2,6,4 BHK Apartment ,7,Viman Nagar,44500000,8240
0,3,1,1,1,0,3,5700,3,4,4 BHK Apartment ,6,Viman Nagar,57000000,10000
0,3,0,1,1,0,5,1485,2,3,3 BHK Apartment ,4,Viman Nagar,13000000,8754
0,2,1,1,1,0,6,1500,1,3,3 BHK Apartment ,7,Viman Nagar,15000000,10000
0,2,2,1,1,0,6,2615,2,5,4 BHK Apartment ,4,Koregaon Park,34000000,13001
0,3,1,1,1,0,9,3000,2,4,4 BHK Apartment ,6,Koregaon Park,35000000,11666
0,2,1,1,1,0,6,1450,1,3,3 BHK Apartment ,4,Kharadi,8500000,5862
0,3,0,1,1,0,2,1775,2,3,3 BHK Apartment ,3,Kharadi,18000000,10140
0,3,1,1,1,0,2,550,2,1,1 BHK Apartment ,4,Koregaon Park,7000000,12727
0,3,0,1,1,0,12,1850,2,3,3 BHK Apartment ,2,Bund Garden,28000000,15135
0,3,0,1,1,1,3,630,1,1,1 BHK Apartment ,3,Hadapsar,3150000,5000
0,2,2,1,1,1,13,1596,2,2,2 BHK Apartment ,6,NIBM Annex Mohammadwadi,7900000,4949
0,3,2,1,1,0,13,1050,1,2,2 BHK Apartment ,1,Kothrud,10500000,10000
0,3,0,1,1,0,1,1970,2,3,3 BHK Apartment ,10,Undri,8000000,4060
0,3,0,1,1,0,9,2281,2,4,4 BHK Apartment ,4,Kalyani Nagar,35000000,15344
0,3,0,1,1,0,10,1940,2,3,3 BHK Apartment ,7,Kalyani Nagar,25000000,12886
0,3,0,1,1,0,11,1485,2,2,2 BHK Apartment ,5,Viman Nagar,10500000,7070
0,3,0,1,1,0,6,2990,2,3,3 BHK Villa ,4,Wagholi,11000000,3678
1,3,3,1,1,0,2,4595,2,4,4 BHK Apartment ,10,Sangamvadi,95200000,20718
0,3,1,1,1,0,16,2000,2,3,3 BHK Villa ,0,Koregaon Park,17000000,8500
0,3,2,1,1,0,11,3000,2,4,4 BHK Villa ,0,Koregaon Park,40000000,13333
0,2,0,0,1,0,11,3200,2,4,4 BHK Villa ,0,Viman Nagar,43000000,13437
0,3,0,1,1,0,11,2100,2,3,3 BHK Apartment ,3,Koregaon Park,17000000,8095
0,3,0,1,1,0,2,1550,2,3,3 BHK Apartment ,1,Sangamvadi,26000000,16774
0,3,0,1,1,0,16,1536,2,4,4 BHK Apartment ,5,Kalyani Nagar,14300000,9309
0,3,1,1,1,0,11,1880,2,3,3 BHK Apartment ,3,Sangamvadi,26000000,13829
0,3,0,1,1,0,2,4360,2,5,5 BHK Apartment ,6,Sangamvadi,75000000,17201
0,3,0,1,1,0,6,1800,2,3,3 BHK Apartment ,1,Koregaon Park,20000000,11111
0,3,0,1,1,0,11,2175,2,3,3 BHK Apartment ,1,Koregaon Park,32500000,14942
0,3,0,1,1,0,11,2802,2,4,4 BHK Apartment ,0,Koregaon Park,45000000,16059
0,3,0,1,1,0,11,2610,2,4,4 BHK Apartment ,0,Koregaon Park,37000000,14176
0,3,0,1,1,0,6,1720,2,3,3 BHK Apartment ,0,Viman Nagar,13000000,7558
0,3,0,1,1,0,2,5420,2,4,4 BHK Apartment ,4,Sangamvadi,75000000,13837
0,3,1,1,1,0,16,4000,2,5,5 BHK Apartment ,8,Sangamvadi,60000000,15000
0,3,0,1,1,0,11,2500,2,3,3 BHK Apartment ,4,Sangamvadi,35000000,14000
0,3,0,1,1,0,6,650,2,1,1 BHK Villa ,0,Kharadi,4800000,7384
0,3,0,1,1,0,11,648,2,1,1 BHK Apartment ,5,Yerawada,4800000,7407
0,3,1,1,1,0,6,1480,2,3,3 BHK Apartment ,5,Shastri Nagar,8000000,5405
0,3,0,0,1,0,2,2000,2,2,2 BHK Villa ,0,Kharadi,9000000,4500
0,3,1,1,1,0,2,1435,2,3,3 BHK Apartment ,3,Mundhwa,8900000,6202
0,3,0,1,1,0,11,1000,2,2,2 BHK Apartment ,3,Viman Nagar,7200000,7200
0,3,0,1,1,0,11,2000,2,5,5 BHK Apartment ,0,Kalyani Nagar,32500000,16250
0,3,1,1,1,0,11,4200,2,4,4 BHK Apartment ,5,Koregaon Park,32500000,7738
0,3,0,1,1,0,11,1438,2,3,3 BHK Apartment ,5,Koregaon Park,18500000,12865
0,3,0,1,1,0,6,7500,2,5,5 BHK Apartment ,18,Koregaon Park,140000000,18666
0,2,1,1,1,0,11,2860,2,5,5 BHK Apartment ,6,Kalyani Nagar,44000000,15384
0,3,2,1,1,0,5,5850,3,5,4 BHK Apartment ,12,Koregaon Park,100000000,17094
0,3,0,1,1,0,9,1059,2,2,2 BHK Apartment ,5,Kalyani Nagar,7450000,7034
0,2,2,1,1,0,5,1200,1,2,2 BHK Apartment ,1,Koregaon Park,14000000,11666
0,2,2,1,1,0,9,980,2,2,2 BHK Apartment ,2,Pashan,7000000,7142
0,3,2,1,1,1,10,1690,2,3,3 BHK Apartment ,8,Viman Nagar,20000000,11834
0,3,2,1,1,1,10,2197,2,3,3 BHK Apartment ,5,Viman Nagar,21000000,9558
0,3,1,1,1,1,10,1650,2,3,3 BHK Apartment ,2,Kalyani Nagar,13000000,7878
0,3,1,1,1,1,10,1450,1,3,3 BHK Apartment ,1,Kalyani Nagar,15000000,10344
0,3,1,1,1,1,10,1750,3,4,3 BHK Apartment ,7,Wadgaon Sheri,16000000,9142
0,3,1,1,1,1,10,1735,2,3,3 BHK Apartment ,4,Kalyani Nagar,17000000,9798
0,3,1,1,1,1,10,1800,1,3,3 BHK Apartment ,1,Kalyani Nagar,18000000,10000
0,3,0,1,1,0,5,941,1,1,1 BHK Apartment ,1,Wagholi,4200000,4463
0,3,0,1,1,0,7,1211,1,2,2 BHK Apartment ,5,Kharadi,8000000,6606
0,3,2,1,1,1,10,2385,2,4,3 BHK Apartment ,7,Kharadi,13000000,5450
0,3,0,1,1,0,10,950,1,2,2 BHK Apartment ,1,Koregaon Park,12700000,13368
0,3,1,1,1,1,10,1200,1,2,2 BHK Apartment ,0,Koregaon Park,14000000,11666
0,3,2,1,1,1,10,1250,1,2,2 BHK Apartment ,2,Koregaon Park,11000000,8800
0,3,0,1,1,0,10,4200,3,5,4 BHK Apartment ,10,Kalyani Nagar,58800000,14000
0,3,1,1,1,1,10,3960,1,4,4 BHK Apartment ,16,Kalyani Nagar,62700000,15833
0,3,0,1,1,0,10,8500,2,5,5 BHK Apartment ,3,Kalyani Nagar,29000000,3411
0,3,0,1,1,0,10,3000,1,3,3 BHK Apartment ,3,Kalyani Nagar,30000000,10000
0,3,2,1,1,1,10,2050,2,3,3 BHK Apartment ,10,Kalyani Nagar,31000000,15121
0,3,2,1,1,1,11,1865,3,3,3 BHK Apartment ,10,Kalyani Nagar,31100000,16675
0,3,0,1,1,0,10,1744,3,3,3 BHK Apartment ,6,Kalyani Nagar,15400000,8830
0,3,1,1,1,1,10,1300,1,2,2 BHK Apartment ,4,Viman Nagar,10000000,7692
0,3,1,1,1,1,10,1400,2,3,3 BHK Apartment ,2,Viman Nagar,12000000,8571
0,3,0,1,1,0,10,1609,2,3,3 BHK Apartment ,3,Viman Nagar,13000000,8079
0,3,0,1,1,0,5,1245,2,2,3 BHK Apartment ,10,Kharadi,8500000,6827
0,3,0,1,1,0,5,565,2,2,1 BHK Apartment ,1,Kharadi,5200000,9203
0,3,1,1,1,1,10,5595,3,5,5 BHK Apartment ,4,Koregaon Park,92500000,16532
0,3,1,1,1,1,10,6900,2,5,5 BHK Apartment ,3,Koregaon Park,100000000,14492
0,3,2,1,1,1,10,1650,2,3,3 BHK Apartment ,6,Koregaon Park,11500000,6969
0,3,1,1,1,1,10,1300,2,2,2 BHK Apartment ,2,Koregaon Park,13000000,10000
0,3,2,1,1,1,10,1200,1,2,2 BHK Apartment ,0,Koregaon Park,15000000,12500
0,3,1,1,1,1,13,600,1,2,2 BHK Apartment ,7,Shastri Nagar,16200000,27000
0,3,2,1,1,1,10,1660,1,3,3 BHK Apartment ,7,Wagholi,10000000,6024
0,3,1,1,1,1,10,5345,2,7,5 BHK Apartment ,1,Boat Club Road,95000000,17773
0,3,1,1,1,1,10,5480,3,6,5 BHK Apartment ,6,Boat Club Road,98000000,17883
0,3,1,1,1,1,10,1050,2,3,2 BHK Apartment ,3,Bund Garden,11500000,10952
0,3,0,1,1,0,10,1100,3,2,2 BHK Apartment ,2,Bund Garden,13000000,11818
0,3,0,1,1,0,10,1400,3,3,3 BHK Apartment ,2,Bund Garden,17000000,12142
0,3,1,1,1,1,10,2871,3,3,3 BHK Apartment ,5,Viman Nagar,32600000,11354
0,3,0,1,1,0,10,3725,1,5,4 BHK Apartment ,3,Viman Nagar,35800000,9610
0,3,0,1,1,0,10,3517,3,4,4 BHK Apartment ,4,Viman Nagar,37900000,10776
0,3,1,1,1,1,10,2906,2,3,3 BHK Apartment ,15,Viman Nagar,39300000,13523
0,3,0,1,1,0,10,4070,3,4,4 BHK Apartment ,7,Viman Nagar,41800000,10270
0,3,1,1,1,1,10,5300,2,4,4 BHK Apartment ,3,Viman Nagar,42900000,8094
0,3,0,1,1,0,10,4400,2,5,4 BHK Apartment ,7,Viman Nagar,44000000,10000
0,3,2,1,1,1,10,5400,2,6,4 BHK Apartment ,7,Viman Nagar,44500000,8240
0,3,1,1,1,1,10,3868,2,3,3 BHK Apartment ,5,Viman Nagar,50200000,12978
0,3,1,1,1,1,10,4130,3,4,4 BHK Apartment ,12,Viman Nagar,53600000,12978
0,3,1,1,1,1,10,2425,2,3,3 BHK Apartment ,5,Viman Nagar,15000000,6185
0,3,0,1,1,0,8,2078,3,3,3 BHK Apartment ,7,Viman Nagar,16000000,7699
0,3,0,1,1,0,10,1690,1,4,3 BHK Apartment ,5,Viman Nagar,18000000,10650
0,3,0,1,1,0,10,2359,2,3,3 BHK Apartment ,3,Viman Nagar,19000000,8054
0,3,0,1,1,0,10,1690,1,3,3 BHK Apartment ,9,Viman Nagar,20000000,11834
0,3,2,1,1,1,10,2197,2,3,3 BHK Apartment ,5,Viman Nagar,21000000,9558
0,3,0,1,1,0,10,1690,2,3,3 BHK Apartment ,7,Viman Nagar,17000000,10059
0,3,0,1,1,0,10,1690,1,4,3 BHK Apartment ,5,Viman Nagar,18000000,10650
0,3,0,1,1,0,10,2359,2,3,3 BHK Apartment ,3,Viman Nagar,19000000,8054
0,3,1,1,1,1,10,3800,3,4,4 BHK Apartment ,6,Koregaon Park,70000000,18421
0,3,0,1,1,0,10,3000,1,3,3 BHK Apartment ,8,Koregaon Park,56000000,18666
0,3,0,1,1,0,10,3800,2,4,4 BHK Apartment ,12,Koregaon Park,60800000,16000
0,3,0,1,1,0,10,2000,2,3,3 BHK Apartment ,3,Koregaon Park,20000000,10000
0,3,0,1,1,0,10,2095,3,3,3 BHK Apartment ,4,Koregaon Park,21000000,10023
0,3,0,1,1,0,10,2180,1,3,3 BHK Apartment ,8,Koregaon Park,23500000,10779
0,3,1,1,1,1,10,4355,3,5,4 BHK Apartment ,11,Kharadi,31500000,7233
0,3,1,1,1,1,10,4863,2,4,4 BHK Apartment ,10,Kharadi,36500000,7505
0,3,1,1,1,1,10,4095,1,5,5 BHK Apartment ,8,Kharadi,36000000,8791
0,3,1,1,1,1,10,4080,3,5,4 BHK Apartment ,5,Kharadi,37800000,9264
0,3,1,1,1,1,10,6318,3,5,5 BHK Apartment ,27,Kharadi,49000000,7755
0,3,1,1,1,1,10,5260,3,6,5 BHK Apartment ,8,Kharadi,49300000,9372
0,3,1,1,1,1,10,8246,3,7,5 BHK Apartment ,7,Kharadi,69100000,8379
1,3,3,1,1,1,1,3900,1,5,4 BHK Apartment ,7,Koregaon Park,68000000,17435
1,3,3,1,1,1,1,3920,2,5,4 BHK Apartment ,8,Koregaon Park,69000000,17602
0,3,0,1,1,0,10,4300,2,4,4 BHK Apartment ,0,Koregaon Park,72500000,16860
0,3,0,1,1,0,10,5641,3,4,4 BHK Apartment ,3,Koregaon Park,75000000,13295
0,3,0,1,1,0,10,4000,3,4,5 BHK Apartment ,4,Koregaon Park,80000000,20000
0,3,1,1,1,1,10,6130,3,5,5 BHK Apartment ,3,Kalyani Nagar,85000000,13866
0,3,2,1,1,1,10,1765,1,3,3 BHK Apartment ,5,Kalyani Nagar,19000000,10764
0,3,0,1,1,0,10,1970,3,4,3 BHK Apartment ,7,Kalyani Nagar,20000000,10152
0,3,0,1,1,0,10,1500,1,3,3 BHK Apartment ,5,Kalyani Nagar,21000000,14000
0,3,2,1,1,1,10,1968,3,2,3 BHK Apartment ,2,Kalyani Nagar,23500000,11941
0,3,0,1,1,0,10,1850,2,3,3 BHK Apartment ,3,Kalyani Nagar,25000000,13513
0,3,0,1,1,0,10,2509,1,3,3 BHK Apartment ,10,Kalyani Nagar,28000000,11159
0,3,1,1,1,1,10,2322,1,3,3 BHK Villa ,0,Wagholi,11000000,4737
0,2,2,1,1,0,5,530,1,1,1 BHK Apartment ,7,Viman Nagar,6000000,11320
0,3,1,1,1,0,5,740,1,2,2 BHK Apartment ,4,Wagholi,3200000,4324
0,3,0,1,1,0,10,1550,1,3,3 BHK Apartment ,4,Koregaon Park,25000000,16129
0,3,1,1,1,1,10,1800,1,3,3 BHK Apartment ,2,Koregaon Park,27000000,15000
0,3,1,1,1,1,10,1800,1,3,3 BHK Apartment ,2,Koregaon Park,27500000,15277
0,3,1,1,1,1,6,2650,3,4,4 BHK Apartment ,4,Koregaon Park,29000000,10943
0,3,0,1,1,0,6,2345,2,4,3 BHK Apartment ,1,Koregaon Park,29500000,12579
0,3,0,1,1,0,10,2380,1,3,3 BHK Apartment ,5,Koregaon Park,40400000,16974
0,3,0,1,1,0,10,1215,1,2,2 BHK Apartment ,3,Koregaon Park,14500000,11934
0,3,0,1,1,0,8,1360,1,3,3 BHK Apartment ,4,Koregaon Park,17000000,12500
0,3,0,1,1,0,10,1600,2,3,3 BHK Apartment ,1,Koregaon Park,18000000,11250
0,3,1,1,1,1,10,1850,1,3,3 BHK Apartment ,6,Koregaon Park,20000000,10810
0,3,2,1,1,1,10,1234,1,2,2 BHK Apartment ,9,Kharadi,9200000,7455
0,3,0,1,1,0,10,3500,2,5,4 BHK Apartment ,10,Kharadi,20000000,5714
0,3,2,1,1,1,10,3390,1,5,4 BHK Apartment ,12,Kharadi,23000000,6784
0,3,2,1,1,1,10,4865,2,5,4 BHK Apartment ,9,Kharadi,24000000,4933
0,3,1,1,1,1,2,1050,2,2,2 BHK Apartment ,3,Lohegaon,5700000,5428
0,3,0,1,1,0,9,1690,2,3,3 BHK Apartment ,2,Kalyani Nagar,17000000,10059
0,3,0,1,1,0,6,1150,2,2,2 BHK Apartment ,9,Rahatani,8100000,7043
0,3,2,1,1,0,14,1470,1,3,3 BHK Apartment ,3,Kalyani Nagar,19000000,12925
0,3,0,1,1,0,10,1855,1,3,3 BHK Apartment ,3,Wagholi,14100000,7601
0,3,1,1,1,1,8,1600,3,3,3 BHK Apartment ,5,Wagholi,16000000,10000
0,3,2,1,1,1,10,2300,2,2,3 BHK Villa ,0,Wagholi,10000000,4347
0,3,0,0,0,0,10,525,2,2,1 BHK Apartment ,3,Bund Garden,6500000,12380
1,3,3,1,1,1,0,685,2,2,1 BHK Apartment ,6,Bavdhan,5000000,7299
0,3,1,1,1,1,4,1526,2,3,2 BHK Villa ,0,Wagholi,7630000,5000
0,3,0,1,1,1,1,1100,2,2,2 BHK Apartment ,3,Bavdhan,7100000,6454
0,3,2,1,1,1,7,1900,2,3,3 BHK Apartment ,1,Boat Club Road,25500000,13421
0,3,0,1,1,0,8,4000,2,4,4 BHK Apartment ,2,Boat Club Road,55000000,13750
0,3,2,1,1,0,3,2730,3,3,3 BHK Apartment ,3,Viman Nagar,18000000,6593
0,3,0,1,1,0,8,1050,1,2,2 BHK Apartment ,5,Koregaon Park,9500000,9047
0,3,0,1,1,0,10,850,3,2,2 BHK Apartment ,3,Koregaon Park,8200000,9647
0,3,0,1,1,0,10,1330,1,3,3 BHK Apartment ,4,Koregaon Park,9000000,6766
0,3,2,1,1,0,15,1850,3,4,4 BHK Apartment ,5,Koregaon Park,19500000,10540
0,3,1,1,1,0,10,1690,2,3,3 BHK Apartment ,6,Viman Nagar,22000000,13017
0,3,2,1,1,0,5,2265,2,3,3 BHK Apartment ,7,Viman Nagar,27000000,11920
0,3,1,1,1,0,1,3300,2,3,3 BHK Apartment ,8,Koregaon Park,56000000,16969
0,3,1,1,1,0,10,960,1,2,2 BHK Apartment ,2,Wakad,6000000,6250
1,3,3,1,1,0,0,650,2,1,1 BHK Apartment ,7,NIBM Annex Mohammadwadi,3407900,5242
0,3,0,0,1,0,1,855,2,2,2 BHK Apartment ,3,Wagholi,4000000,4678
0,3,2,1,1,0,5,1250,1,2,2 BHK Apartment ,2,Koregaon Park,11000000,8800
0,3,1,0,1,0,5,1238,1,2,2 BHK Apartment ,2,Koregaon Park,12400000,10016
0,3,1,1,1,0,1,4000,2,4,4 BHK Apartment ,6,Koregaon Park,60000000,15000
0,3,0,1,1,0,5,1616,2,3,3 BHK Apartment ,8,Viman Nagar,13000000,8044
0,2,2,1,1,0,5,4440,2,4,4 BHK Apartment ,5,Viman Nagar,50000000,11261
0,2,1,1,1,0,10,1350,2,2,2 BHK Apartment ,1,Kalyani Nagar,11000000,8148
0,3,2,1,1,0,5,1540,2,3,3 BHK Apartment ,2,Kalyani Nagar,16500000,10714
0,3,0,1,1,0,10,3150,2,4,4 BHK Apartment ,1,Boat Club Road,35000000,11111
0,3,0,0,1,0,10,1000,2,2,2 BHK Apartment ,2,Bund Garden,7800000,7800
0,3,0,1,1,0,5,1050,1,2,2 BHK Apartment ,5,Kalyani Nagar,9800000,9333
0,3,2,1,1,0,5,610,1,1,1 BHK Apartment ,4,Kalyani Nagar,5200000,8524
0,2,1,1,1,0,5,3800,3,6,4 BHK Apartment ,17,Hadapsar,41500000,10921
0,3,1,1,1,0,5,4665,3,5,4 BHK Apartment ,10,Hadapsar,30000000,6430
0,3,1,1,1,0,5,1300,1,2,2 BHK Apartment ,8,Hadapsar,9500000,7307
0,3,2,1,1,0,9,1167,1,2,2 BHK Apartment ,4,Wadgaon Sheri,8500000,7283
0,3,0,1,1,0,2,5373,3,5,4 BHK Apartment ,20,Kharadi,50000000,9305
0,3,0,1,1,0,5,1255,1,2,2 BHK Apartment ,3,Viman Nagar,7400000,5896
0,3,0,1,1,0,10,1100,1,2,2 BHK Apartment ,2,Viman Nagar,8000000,7272
0,3,0,1,1,0,10,5700,3,6,5 BHK Apartment ,6,Viman Nagar,57000000,10000
0,3,0,1,1,0,7,1445,2,3,3 BHK Apartment ,6,Baner,9900000,6851
0,3,1,1,1,1,11,1010,2,2,2 BHK Apartment ,1,Yerawada,9500000,9405
0,3,0,0,1,0,12,1050,2,2,2 BHK Apartment ,2,Viman Nagar,7500000,7142
0,3,1,1,1,1,3,4355,2,4,4 BHK Apartment ,3,Kharadi,31000000,7118
0,3,0,1,1,0,3,4355,2,4,4 BHK Apartment ,6,Kharadi,32500000,7462
0,3,1,1,1,1,3,4355,2,4,4 BHK Apartment ,5,Kharadi,25000000,5740
0,2,0,1,1,0,10,930,1,2,2 BHK Apartment ,2,Koregaon Park,8500000,9139
0,3,0,0,1,1,5,548,2,1,1 BHK Apartment ,0,Koregaon Park,6000000,10948
0,3,0,1,1,0,13,510,2,1,1 BHK Apartment ,4,Koregaon Park,7300000,14313
0,3,0,0,1,1,6,1100,2,2,2 BHK Apartment ,4,Koregaon Park,12000000,10909
0,3,0,0,1,1,5,950,2,2,2 BHK Apartment ,1,Koregaon Park,12700000,13368
0,3,2,1,1,1,16,1700,2,3,3 BHK Apartment ,7,Koregaon Park,19000000,11176
0,3,2,1,1,1,16,1700,2,3,3 BHK Apartment ,2,Koregaon Park,20000000,11764
0,3,2,1,1,1,12,1800,2,3,3 BHK Apartment ,4,Koregaon Park,21500000,11944
0,3,0,1,1,1,9,2100,2,3,3 BHK Apartment ,2,Koregaon Park,25000000,11904
0,3,0,0,1,0,1,750,2,1,1 BHK Apartment ,2,Viman Nagar,6900000,9200
0,3,0,1,1,1,12,1100,2,2,2 BHK Apartment ,3,Viman Nagar,8000000,7272
0,3,1,1,1,1,8,1250,2,2,2 BHK Apartment ,5,Viman Nagar,12000000,9600
0,3,2,0,1,1,1,1800,2,3,3 BHK Apartment ,1,Viman Nagar,16500000,9166
0,3,1,1,1,1,5,1690,2,4,3 BHK Apartment ,4,Viman Nagar,18000000,10650
0,3,2,1,1,1,10,1300,2,2,2 BHK Apartment ,7,Kalyani Nagar,16000000,12307
0,3,1,1,1,0,9,1175,1,2,2 BHK Apartment ,1,Kalyani Nagar,12500000,10638
0,3,0,1,1,0,6,836,2,2,2 BHK Apartment ,3,Lohegaon,3900000,4665
0,3,0,1,1,0,10,1250,1,2,2 BHK Apartment ,2,Koregaon Park,15500000,12400
0,3,0,1,1,0,10,1500,3,3,3 BHK Apartment ,1,Koregaon Park,14500000,9666
0,3,0,1,1,0,10,1350,2,2,2 BHK Apartment ,2,Koregaon Park,12500000,9259
0,3,0,1,1,0,10,1800,2,3,3 BHK Apartment ,2,Koregaon Park,19300000,10722
0,3,0,1,1,0,5,1805,3,3,3 BHK Apartment ,6,Kalyani Nagar,20000000,11080
0,3,0,1,1,0,5,900,1,2,2 BHK Apartment ,4,Koregaon Park,7500000,8333
0,3,0,1,1,0,1,1255,1,2,2 BHK Apartment ,9,Kharadi,8500000,6772
0,3,0,1,1,0,5,750,1,2,2 BHK Apartment ,2,Koregaon Park,6500000,8666
0,3,0,1,1,0,10,1400,3,3,3 BHK Apartment ,2,Bund Garden,17000000,12142
0,3,0,1,1,0,10,525,2,1,1 BHK Apartment ,0,Bund Garden,6500000,12380
0,3,0,1,1,0,10,2000,1,4,3 BHK Apartment ,3,Boat Club Road,23500000,11750
0,3,0,1,1,0,1,2665,2,3,3 BHK Apartment ,5,Boat Club Road,35000000,13133
0,3,0,1,1,0,10,4000,2,4,4 BHK Apartment ,2,Boat Club Road,55000000,13750
0,3,0,1,1,0,5,4595,3,4,4 BHK Apartment ,6,Boat Club Road,99400000,21632
0,3,0,1,1,0,10,2000,1,3,3 BHK Apartment ,3,Boat Club Road,23500000,11750
0,3,0,1,1,0,10,4200,3,4,4 BHK Apartment ,5,Boat Club Road,62500000,14880
0,3,0,1,1,0,10,1360,1,2,2 BHK Apartment ,8,Boat Club Road,26100000,19191
0,2,0,1,1,0,8,1450,2,2,2 BHK Apartment ,3,Kalyani Nagar,18500000,12758
0,3,1,1,1,1,12,1500,2,3,3 BHK Apartment ,7,Kalyani Nagar,10500000,7000
0,3,0,1,1,0,7,680,1,1,1 BHK Apartment ,4,Kalyani Nagar,7000000,10294
0,3,0,1,1,0,7,1200,3,2,2 BHK Apartment ,5,Kalyani Nagar,8110000,6758
0,2,2,1,1,1,13,650,1,1,1 BHK Apartment ,3,Kalyani Nagar,6250000,9615
0,3,2,1,1,1,3,1050,2,2,2 BHK Apartment ,9,Kalyani Nagar,8800000,8380
0,3,2,1,1,1,3,1180,2,2,2 BHK Apartment ,4,Kalyani Nagar,9200000,7796
0,3,2,1,1,1,7,1550,2,2,2 BHK Apartment ,3,Kalyani Nagar,10500000,6774
0,2,2,1,1,1,18,1800,2,3,3 BHK Apartment ,1,Kalyani Nagar,17500000,9722
0,2,2,1,1,1,12,1775,2,4,3 BHK Apartment ,5,Kalyani Nagar,15200000,8563
0,3,1,1,1,0,3,4600,1,2,4 BHK Apartment ,3,Boat Club Road,75100000,16326
0,3,0,1,1,0,1,660,2,2,2 BHK Apartment ,7,Wagholi,3500000,5303
0,3,2,1,1,0,5,621,1,1,1 BHK Apartment ,4,Boat Club Road,6600000,10628
0,3,1,1,1,1,6,1600,2,3,3 BHK Apartment ,8,Kharadi,9200000,5750
1,3,3,1,1,1,1,1188,2,2,2 BHK Apartment ,2,Hinjewadi,5726000,4819
0,3,2,1,1,0,5,1750,2,3,3 BHK Apartment ,2,Kalyani Nagar,20000000,11428
0,3,1,1,1,0,6,7279,2,5,5 BHK Apartment ,17,Koregaon Park,170000000,23354
0,3,0,0,0,0,10,500,2,1,1 BHK Apartment ,2,Koregaon Park,6000000,12000
0,3,0,1,1,0,4,1234,2,2,2 BHK Apartment ,3,Viman Nagar,8530000,6912
1,3,3,1,0,1,8,1700,2,3,3 BHK Apartment ,3,Viman Nagar,19000000,11176
0,3,1,1,1,1,10,500,1,1,1 BHK Apartment ,0,Koregaon Park,6000000,12000
0,3,0,1,1,0,10,560,1,2,1 BHK Apartment ,2,Koregaon Park,6000000,10714
0,3,1,1,1,1,10,770,2,1,2 BHK Apartment ,2,Viman Nagar,6500000,8441
0,3,0,1,1,0,10,1285,1,3,3 BHK Apartment ,2,Wagholi,6000000,4669
0,3,2,1,1,0,10,780,1,1,2 BHK Apartment ,2,Kharadi,5000000,6410
0,3,0,1,1,0,11,1070,2,2,2 BHK Apartment ,2,Viman Nagar,7000000,6542
0,3,0,1,1,0,6,1500,2,3,3 BHK Apartment ,3,Viman Nagar,11000000,7333
0,3,0,1,1,0,11,1800,2,3,3 BHK Apartment ,6,Koregaon Park,25000000,13888
0,3,1,1,1,0,11,1615,2,3,3 BHK Apartment ,3,Mundhwa,13000000,8049
0,3,2,1,1,0,11,1140,2,2,2 BHK Apartment ,7,Kharadi,7000000,6140
0,3,2,1,1,0,11,1680,2,3,4 BHK Apartment ,4,Viman Nagar,16000000,9523
0,3,1,1,1,0,11,1200,2,2,2 BHK Apartment ,9,Kharadi,6600000,5500
0,3,2,1,1,0,2,1690,2,3,4 BHK Apartment ,8,Viman Nagar,18000000,10650
0,3,1,1,1,0,11,1695,2,3,3 BHK Apartment ,4,Kalyani Nagar,18000000,10619
0,3,0,1,1,0,16,2800,2,3,3 BHK Apartment ,4,Koregaon Park,36500000,13035
0,3,0,1,1,0,11,2075,2,4,4 BHK Apartment ,6,Kalyani Nagar,32000000,15421
0,3,0,1,1,0,11,2300,2,4,4 BHK Apartment ,4,Wadgaon Sheri,19000000,8260
0,3,1,0,1,0,11,2000,2,3,3 BHK Villa ,0,Koregaon Park,15000000,7500
0,3,0,1,1,0,11,625,2,1,1 BHK Apartment ,2,Viman Nagar,4200000,6720
0,3,0,1,1,0,6,1200,2,2,2 BHK Apartment ,4,Mundhwa,10500000,8750
1,3,3,1,1,0,6,715,2,2,2 BHK Apartment ,5,Wagholi,3500000,4895
1,3,3,1,1,0,6,790,2,2,2 BHK Apartment ,3,Wagholi,3800000,4810
1,3,3,1,1,0,6,1060,2,2,2 BHK Apartment ,3,Wagholi,4000000,3773
1,3,3,1,1,0,11,1336,2,3,3 BHK Apartment ,3,Kharadi,7800000,5838
0,2,2,1,1,0,6,1050,2,2,2 BHK Apartment ,4,Kalyani Nagar,11500000,10952
0,3,0,1,1,0,6,1040,2,2,2 BHK Apartment ,3,Wagholi,5200000,5000
0,3,0,1,1,0,11,1620,2,3,3 BHK Apartment ,4,Kharadi,9000000,5556
0,3,0,1,1,0,11,1370,2,3,3 BHK Apartment ,8,Kharadi,7000000,5109
0,3,0,1,1,0,6,1780,2,3,3 BHK Apartment ,5,Kalyani Nagar,13500000,7584
0,3,0,1,1,0,11,1100,2,2,2 BHK Apartment ,8,Wadgaon Sheri,7200000,6545
0,3,0,1,1,0,6,1190,2,2,2 BHK Apartment ,2,Kharadi,6500000,5462
0,3,0,1,1,0,6,1570,2,3,3 BHK Apartment ,6,Wadgaon Sheri,12500000,7961
0,3,2,1,1,0,6,1100,2,2,2 BHK Apartment ,7,Viman Nagar,8000000,7272
0,3,0,1,1,0,11,1750,2,3,3 BHK Apartment ,9,Kalyani Nagar,19800000,11314
0,3,0,1,1,0,11,1565,2,3,3 BHK Apartment ,7,Kalyani Nagar,13000000,8306
0,3,1,1,1,0,11,1781,2,3,3 BHK Apartment ,9,Wadgaon Sheri,13500000,7580
0,3,0,1,1,0,11,1660,2,3,3 BHK Apartment ,5,Viman Nagar,12500000,7530
0,3,0,1,1,0,11,615,2,1,1 BHK Apartment ,2,Viman Nagar,3700000,6016
0,3,1,1,1,0,11,1565,2,4,3 BHK Apartment ,10,Kalyani Nagar,13300000,8498
0,3,1,1,1,0,11,2700,2,3,3 BHK Apartment ,5,Viman Nagar,12400000,4592
0,3,1,1,1,0,11,2110,2,3,3 BHK Apartment ,9,Kharadi,12500000,5924
0,3,0,1,1,0,11,1190,2,2,1 BHK Apartment ,3,Kharadi,6500000,5462
0,3,2,1,1,0,11,1179,2,2,2 BHK Apartment ,3,Kharadi,6800000,5767
0,3,0,1,1,0,11,1118,2,2,2 BHK Apartment ,5,Kharadi,4700000,4203
0,3,1,1,1,0,11,1530,2,3,3 BHK Apartment ,2,Viman Nagar,12000000,7843
0,3,1,1,1,1,7,834,2,2,2 BHK Apartment ,3,Wagholi,3100000,3717
0,3,2,1,1,0,6,1133,2,2,2 BHK Apartment ,3,Koregaon Park,7399623,6531
0,3,1,1,1,1,6,1035,2,2,2 BHK Apartment ,2,Pimple Saudagar,7800000,7536
0,3,0,0,1,0,13,1288,2,2,2 BHK Apartment ,3,Kalyani Nagar,12000000,9316
0,2,0,1,1,1,3,1401,1,2,2 BHK Apartment ,3,Tingre Nagar,8500000,6067
0,3,2,1,1,1,5,2250,1,3,3 BHK Apartment ,8,Hadapsar,21000000,9333
0,3,1,1,1,1,9,1357,1,3,3 BHK Apartment ,8,Kondhwa,8500000,6263
0,3,0,1,1,0,6,1015,2,2,2 BHK Apartment ,7,Wagholi,5499270,5418
0,2,2,1,1,0,1,2050,2,3,3 BHK Apartment ,10,Boat Club Road,30000000,14634
0,3,2,1,1,1,10,1000,1,2,2 BHK Apartment ,2,Kharadi,7000000,7000
0,3,2,1,1,1,10,1100,1,2,2 BHK Apartment ,8,Kharadi,7500000,6818
0,3,2,1,1,1,10,1075,2,2,2 BHK Apartment ,9,Kharadi,8500000,7906
0,3,2,1,1,1,10,1420,2,3,3 BHK Apartment ,1,Kharadi,9000000,6338
0,3,1,1,1,1,10,1550,2,3,3 BHK Apartment ,3,Kharadi,9500000,6129
0,3,1,1,1,1,10,1037,2,2,2 BHK Apartment ,5,Kharadi,8000000,7714
0,3,1,1,1,1,8,1240,1,2,2 BHK Apartment ,10,Kharadi,8500000,6854
0,3,1,1,1,1,10,1650,2,3,3 BHK Apartment ,6,Kharadi,9500000,5757
0,3,2,1,1,1,10,900,1,2,2 BHK Apartment ,3,Kalyani Nagar,9500000,10555
0,3,2,1,1,1,10,1050,2,2,2 BHK Apartment ,9,Kalyani Nagar,8800000,8380
0,3,0,1,1,0,10,1085,2,2,2 BHK Apartment ,7,Koregaon Park,9000000,8294
0,3,0,1,1,0,10,1350,2,2,2 BHK Apartment ,6,Koregaon Park,11000000,8148
0,3,0,1,1,0,10,600,2,1,1 BHK Apartment ,3,Koregaon Park,5000000,8333
0,3,0,1,1,0,10,1000,2,2,2 BHK Apartment ,4,Koregaon Park,5800000,5800
0,3,0,1,1,0,10,780,1,2,2 BHK Apartment ,5,Koregaon Park,6500000,8333
0,3,0,1,1,0,10,900,2,2,2 BHK Apartment ,3,Koregaon Park,7500000,8333
0,3,0,1,1,0,10,1060,2,2,2 BHK Apartment ,1,Kharadi,5000000,4716
0,3,0,1,1,0,10,1165,2,2,2 BHK Apartment ,10,Kharadi,7500000,6437
0,3,0,1,1,0,4,1000,1,2,2 BHK Apartment ,9,Wagholi,6500000,6500
0,3,0,1,1,0,10,1724,1,3,3 BHK Apartment ,6,Wagholi,8500000,4930
0,3,0,1,1,0,10,2500,3,3,4 BHK Apartment ,3,Wagholi,9000000,3600
0,3,1,1,1,1,10,815,1,2,2 BHK Apartment ,2,Kalyani Nagar,7500000,9202
0,3,1,1,1,1,10,1100,1,2,2 BHK Apartment ,4,Kalyani Nagar,8000000,7272
0,3,1,1,1,1,4,1245,2,2,2 BHK Apartment ,4,Kalyani Nagar,9500000,7630
0,3,1,1,1,1,10,1150,1,2,2 BHK Apartment ,6,Kalyani Nagar,10000000,8695
0,3,2,1,1,1,10,621,1,1,1 BHK Apartment ,4,Bund Garden,6500000,10466
0,3,1,1,1,1,20,560,1,1,1 BHK Apartment ,1,Bund Garden,7000000,12500
0,3,1,1,1,1,10,650,1,1,1 BHK Apartment ,4,Kalyani Nagar,5200000,8000
0,3,0,1,1,0,10,917,2,2,2 BHK Apartment ,6,Kalyani Nagar,5500000,5997
0,3,0,1,1,0,10,966,1,2,2 BHK Apartment ,3,Kalyani Nagar,6200000,6418
0,3,0,1,1,0,10,954,2,2,2 BHK Apartment ,10,Kalyani Nagar,7000000,7337
0,3,1,1,1,1,10,530,1,1,1 BHK Apartment ,3,Kalyani Nagar,6000000,11320
0,3,1,1,1,1,7,1020,1,2,2 BHK Apartment ,4,Kalyani Nagar,6700000,6568
0,3,0,1,1,0,10,1150,1,2,2 BHK Apartment ,8,Kalyani Nagar,9500000,8260
0,3,0,1,1,0,10,1200,2,2,2 BHK Apartment ,4,Kalyani Nagar,10000000,8333
0,3,1,1,1,1,10,560,1,1,1 BHK Apartment ,1,Bund Garden,7000000,12500
0,3,0,1,1,0,10,1051,1,2,2 BHK Apartment ,5,Viman Nagar,7000000,6660
0,3,2,1,1,1,10,1050,1,2,2 BHK Apartment ,3,Viman Nagar,7500000,7142
0,3,1,1,1,1,10,1158,1,2,2 BHK Apartment ,4,Viman Nagar,8000000,6908
0,3,0,1,1,0,10,1260,1,2,2 BHK Apartment ,4,Viman Nagar,8500000,6746
0,3,0,1,1,0,10,950,1,2,2 BHK Apartment ,4,Viman Nagar,9000000,9473
0,3,0,1,1,0,10,525,2,2,1 BHK Apartment ,0,Bund Garden,6500000,12380
0,3,0,1,1,0,10,600,1,1,1 BHK Apartment ,4,Bund Garden,7000000,11666
0,3,1,1,1,1,10,1600,1,2,2 BHK Apartment ,2,Bund Garden,8500000,5312
0,3,0,1,1,0,10,980,1,2,2 BHK Apartment ,2,Bund Garden,7500000,7653
0,3,0,1,1,0,10,550,1,1,1 BHK Apartment ,3,Kalyani Nagar,5500000,10000
0,3,2,1,1,1,10,630,1,1,1 BHK Apartment ,1,Boat Club Road,8800000,13968
0,3,1,1,1,1,21,600,1,1,1 BHK Apartment ,3,Shastri Nagar,5500000,9166
0,3,1,1,1,1,10,650,1,1,1 BHK Apartment ,2,Shastri Nagar,5800000,8923
0,3,0,1,1,0,10,830,3,2,2 BHK Apartment ,3,Koregaon Park,7000000,8433
0,3,0,1,1,0,10,510,1,1,1 BHK Apartment ,4,Koregaon Park,7300000,14313
0,3,0,1,1,0,10,800,1,2,2 BHK Apartment ,2,Koregaon Park,8000000,10000
0,3,0,1,1,0,10,1258,2,2,2 BHK Apartment ,6,Wadgaon Sheri,9000000,7154
0,3,1,1,1,1,10,1200,1,2,2 BHK Apartment ,5,Shastri Nagar,7500000,6250
0,3,1,1,1,1,10,1108,1,2,2 BHK Apartment ,1,Shastri Nagar,8500000,7671
0,3,1,1,1,1,10,1050,1,2,2 BHK Apartment ,5,Shastri Nagar,9500000,9047
0,3,0,1,1,0,10,974,2,2,2 BHK Apartment ,4,Wagholi,5500000,5646
0,3,2,1,1,1,5,1250,2,2,2 BHK Apartment ,12,Wagholi,7000000,5600
0,3,0,1,1,0,10,1244,1,2,2 BHK Apartment ,1,Wagholi,7500000,6028
0,3,0,1,1,0,10,1350,2,3,3 BHK Apartment ,9,Wagholi,8000000,5925
0,3,1,1,1,1,10,585,1,1,1 BHK Apartment ,1,Koregaon Park,6500000,11111
0,3,1,1,1,1,10,550,1,1,1 BHK Apartment ,4,Koregaon Park,6900000,12545
0,3,1,1,1,1,10,900,1,2,2 BHK Apartment ,4,Koregaon Park,7500000,8333
0,3,1,1,1,1,10,1150,2,2,2 BHK Apartment ,6,Koregaon Park,8000000,6956
0,3,1,1,1,1,10,1150,1,2,2 BHK Apartment ,3,Koregaon Park,8500000,7391
0,3,1,1,1,1,10,900,1,2,2 BHK Apartment ,4,Koregaon Park,9000000,10000
0,3,1,1,1,1,10,1200,2,2,2 BHK Apartment ,2,Koregaon Park,9500000,7916
0,3,1,1,1,1,10,640,1,2,1 BHK Apartment ,1,Viman Nagar,5500000,8593
0,3,0,1,1,0,10,600,2,2,1 BHK Apartment ,2,Viman Nagar,6000000,10000
0,3,0,1,1,0,10,1100,2,2,2 BHK Apartment ,2,Viman Nagar,7000000,6363
0,3,0,1,1,0,10,900,1,2,2 BHK Apartment ,2,Viman Nagar,7200000,8000
0,3,0,1,1,0,10,1010,1,2,2 BHK Apartment ,5,Shastri Nagar,8000000,7920
0,3,0,1,1,0,10,1108,2,2,2 BHK Apartment ,1,Shastri Nagar,8500000,7671
0,3,1,1,1,1,10,1550,1,3,3 BHK Apartment ,7,Koregaon Park,9500000,6129
0,3,0,1,1,0,10,550,1,1,1 BHK Apartment ,2,Koregaon Park,5500000,10000
1,3,3,1,1,0,2,2000,2,3,3 BHK Apartment ,2,Viman Nagar,21000000,10500
0,3,2,1,1,0,6,1690,2,4,3 BHK Apartment ,5,Viman Nagar,16000000,9467
1,3,3,1,1,0,2,2700,3,3,3 BHK Apartment ,2,Viman Nagar,18500000,6851
0,3,0,1,1,0,10,885,1,2,2 BHK Apartment ,8,Wagholi,5000000,5649
0,3,0,1,1,0,10,2100,1,3,3 BHK Villa ,0,Wagholi,7500000,3571
0,3,1,1,1,1,10,1801,1,3,3 BHK Villa ,0,Wagholi,9000000,4997
0,3,1,1,1,1,10,1038,2,2,2 BHK Apartment ,3,Kharadi,6300000,6069
0,3,0,1,1,0,10,1300,2,2,2 BHK Apartment ,2,Kharadi,9000000,6923
0,3,0,1,1,0,10,950,2,2,2 BHK Apartment ,2,Kharadi,5500000,5789
0,3,2,1,1,1,10,590,1,1,1 BHK Apartment ,5,Kalyani Nagar,6500000,11016
0,3,1,1,1,1,10,550,1,1,1 BHK Apartment ,4,Kalyani Nagar,7000000,12727
0,3,0,1,1,0,10,1175,1,2,2 BHK Apartment ,3,Kalyani Nagar,8400000,7148
0,3,1,1,1,1,10,1000,1,2,2 BHK Apartment ,5,Kalyani Nagar,9000000,9000
0,3,0,1,1,0,10,600,1,1,1 BHK Apartment ,1,Viman Nagar,5500000,9166
0,3,1,1,1,1,10,535,1,1,1 BHK Apartment ,4,Viman Nagar,6000000,11214
0,2,1,1,1,0,4,680,1,1,1 BHK Apartment ,6,Bavdhan,5500000,8088
0,3,0,1,1,0,6,500,1,1,1 BHK Apartment ,5,Kalyani Nagar,5600000,11200
0,3,0,1,1,0,10,4300,2,5,5 BHK Apartment ,9,Koregaon Park,43200000,10046
0,3,0,1,1,0,3,1250,1,2,2 BHK Apartment ,2,Kharadi,5000000,4000
0,3,0,1,1,0,1,8246,3,6,5 BHK Apartment ,32,Kharadi,67800000,8222
0,3,1,1,1,1,3,600,1,1,1 BHK Apartment ,3,Boat Club Road,6500000,10833
0,3,0,1,1,0,3,941,1,2,2 BHK Apartment ,4,Viman Nagar,6600000,7013
0,3,2,1,1,1,12,600,1,1,1 BHK Apartment ,4,Yerawada,5200000,8666
0,3,0,1,1,0,2,2595,3,3,4 BHK Apartment ,4,Kharadi,17300000,6666
0,3,0,1,1,0,3,3585,1,3,3 BHK Apartment ,12,Kharadi,21200000,5913
0,3,0,1,1,0,4,5100,1,4,4 BHK Apartment ,18,Kharadi,34600000,6784
0,3,0,1,1,0,12,1680,2,3,3 BHK Apartment ,4,Viman Nagar,14200000,8452
0,3,0,1,1,0,5,1585,2,3,3 BHK Apartment ,1,Kharadi,9100000,5741
0,3,0,1,1,0,11,1625,1,4,3 BHK Apartment ,4,Kalyani Nagar,22000000,13538
0,3,0,1,1,0,10,870,1,2,2 BHK Apartment ,3,Viman Nagar,5600000,6436
0,3,0,1,1,0,8,2200,2,3,3 BHK Apartment ,1,Viman Nagar,11100000,5045
0,3,0,1,1,0,5,1016,2,2,2 BHK Apartment ,3,Viman Nagar,5200000,5118
0,3,0,1,1,0,1,4865,2,5,4 BHK Apartment ,9,Kharadi,24100000,4953
0,3,0,0,1,0,4,828,2,2,2 BHK Apartment ,5,Wagholi,3600000,4347
0,3,0,1,1,0,8,520,2,1,1 BHK Apartment ,1,Kalyani Nagar,5300000,10192
0,2,2,1,1,0,6,1500,2,3,3 BHK Apartment ,6,Wadgaon Sheri,11500000,7666
0,3,0,1,1,0,11,2400,2,3,3 BHK Apartment ,4,Viman Nagar,19000000,7916
0,3,0,1,1,0,11,1685,2,3,3 BHK Apartment ,3,Viman Nagar,12500000,7418
0,3,2,1,1,0,16,2500,2,5,4 BHK Villa ,0,Viman Nagar,25000000,10000
0,3,0,1,1,0,6,930,2,2,2 BHK Apartment ,3,Kharadi,6000000,6451
1,3,3,1,1,0,11,1010,2,2,2 BHK Apartment ,3,Yerawada,8200000,8118
1,3,3,1,1,0,6,1500,2,3,3 BHK Apartment ,4,Viman Nagar,11100000,7400
1,3,3,1,1,0,0,2245,1,3,3 BHK Apartment ,5,Koregaon Park,32500000,14476
0,3,2,1,1,1,11,6300,3,5,5 BHK Apartment ,7,Kalyani Nagar,79000000,12539
0,3,1,1,1,1,2,2036,2,3,3 BHK Apartment ,4,Kharadi,15000000,7367
1,3,3,1,1,0,1,950,1,2,2 BHK Apartment ,5,Wagholi,4250000,4473
0,3,0,1,1,0,8,850,1,2,2 BHK Apartment ,3,Wagholi,3800000,4470
0,3,0,1,1,0,2,1979,2,3,3 BHK Apartment ,7,Kharadi,15000000,7579
0,3,0,1,1,0,11,1600,1,3,3 BHK Apartment ,11,Kalyani Nagar,13500000,8437
1,3,3,1,1,0,1,810,1,2,2 BHK Apartment ,5,Wagholi,3700000,4567
0,3,0,1,1,0,19,1495,2,3,3 BHK Apartment ,1,Bund Garden,18000000,12040
0,3,0,1,1,1,0,1050,1,2,2 BHK Apartment ,7,Lohegaon,5300000,5047
0,3,0,1,1,0,11,1450,2,2,2 BHK Apartment ,5,Viman Nagar,10700000,7379
0,3,0,1,1,0,11,2700,2,3,3 BHK Apartment ,5,Viman Nagar,12100000,4481
0,3,0,1,1,0,16,1490,2,3,3 BHK Apartment ,2,Viman Nagar,10500000,7047
0,3,2,1,1,0,2,1700,2,4,3 BHK Apartment ,3,Viman Nagar,16000000,9412
0,3,0,1,1,0,6,1245,2,2,2 BHK Apartment ,8,Wadgaon Sheri,7900000,6345
0,3,2,1,1,0,6,1500,2,3,3 BHK Apartment ,7,Viman Nagar,9500000,6333
0,3,0,1,1,0,11,1350,2,3,3 BHK Apartment ,4,Kalyani Nagar,10200000,7556
0,3,0,1,1,0,2,1500,2,2,2 BHK Apartment ,6,Viman Nagar,9500000,6333
0,3,0,1,1,0,11,1850,2,4,4 BHK Apartment ,3,Viman Nagar,12500000,6757
0,3,0,1,1,0,11,2300,2,3,3 BHK Apartment ,1,Koregaon Park,23100000,10043
0,3,2,1,1,0,11,1760,2,3,3 BHK Apartment ,6,Viman Nagar,20000000,11363
0,3,2,0,1,0,16,2500,2,4,4 BHK Villa ,0,Viman Nagar,25000000,10000
0,3,0,1,1,0,11,1530,2,3,3 BHK Apartment ,5,Viman Nagar,11500000,7516
0,3,2,1,1,0,11,4400,2,4,4 BHK Apartment ,9,Kalyani Nagar,55000000,12500
0,3,0,1,1,0,16,1325,2,2,2 BHK Apartment ,3,Kalyani Nagar,12000000,9056
0,3,0,1,1,0,11,1365,2,3,3 BHK Apartment ,4,Kalyani Nagar,14000000,10256
0,3,0,1,1,0,3,881,2,2,2 BHK Apartment ,8,Wagholi,5500000,6242
0,3,0,1,1,0,6,1400,2,2,2 BHK Apartment ,3,Kalyani Nagar,12000000,8571
0,3,0,1,1,0,6,988,2,2,2 BHK Apartment ,3,Kharadi,6900000,6983
1,3,3,1,1,0,11,1000,2,2,2 BHK Apartment ,3,Yerawada,8500000,8500
0,3,0,1,1,0,6,1136,2,2,2 BHK Apartment ,3,Kharadi,8000000,7042
0,3,0,1,1,0,6,1147,2,2,2 BHK Apartment ,5,Kharadi,6100000,5318
0,3,0,1,1,0,16,2400,2,3,3 BHK Villa ,0,Viman Nagar,13500000,5625
0,3,2,0,1,0,2,3200,2,3,3 BHK Villa ,0,Wagholi,14000000,4375
0,3,2,1,1,0,11,3000,2,4,4 BHK Villa ,0,Koregaon Park,35000000,11666
0,3,0,0,1,0,11,2000,2,3,3 BHK Villa ,0,Viman Nagar,18000000,9000
1,3,3,0,1,0,6,1737,2,3,3 BHK Villa ,0,Wagholi,9000000,5181
1,3,3,0,1,0,6,1737,2,2,2 BHK Villa ,0,Wagholi,9000000,5181
0,3,2,1,1,0,21,1485,2,3,3 BHK Villa ,0,Yerawada,25000000,16835
1,3,3,1,1,0,1,623,2,1,1 BHK Apartment ,5,Wagholi,2616600,4200
1,3,3,1,1,0,1,1315,2,2,2 BHK Apartment ,5,Wagholi,5391500,4100
1,3,3,1,1,0,1,940,2,2,2 BHK Apartment ,4,Wagholi,3854000,4100
0,3,1,1,1,0,6,566,2,1,1 BHK Apartment ,4,Kharadi,3800000,6713
0,3,0,1,1,0,6,1683,2,3,3 BHK Apartment ,7,Viman Nagar,12000000,7130
1,3,3,1,1,0,6,1177,2,2,2 BHK Apartment ,3,Wagholi,5100000,4333
0,3,0,1,1,0,11,4058,2,4,4 BHK Apartment ,4,Kalyani Nagar,45000000,11089
0,3,0,1,1,0,6,1380,2,3,3 BHK Apartment ,2,Kalyani Nagar,13000000,9420
0,3,0,1,1,0,6,1015,2,2,2 BHK Apartment ,4,Kharadi,7200000,7093
0,0,0,1,1,1,5,1125,2,3,2 BHK Apartment ,5,Dhanori,6500000,5777
0,2,1,1,1,1,10,680,2,1,1 BHK Apartment ,0,Tingre Nagar,4700000,6911
0,3,1,1,1,0,12,1190,2,2,2 BHK Apartment ,1,Viman Nagar,8000000,6722
0,3,0,1,1,0,2,900,2,2,2 BHK Apartment ,2,Viman Nagar,7100000,7888
0,3,0,1,1,0,3,2350,2,3,3 BHK Apartment ,3,Viman Nagar,13500000,5744
0,2,0,1,1,0,11,1855,2,3,3 BHK Apartment ,7,Kharadi,13500000,7277
1,3,3,1,1,0,0,960,2,2,2 BHK Apartment ,9,Mundhwa,6500000,6770
0,3,0,1,1,0,1,500,3,1,1 BHK Apartment ,3,Wadgaon Sheri,5000000,10000
1,3,3,1,1,0,1,1603,2,3,3 BHK Apartment ,9,Wakad,12500000,7797
0,3,0,1,1,0,10,1500,3,3,3 BHK Apartment ,1,Koregaon Park,14500000,9666
0,3,1,1,1,0,10,550,1,1,1 BHK Apartment ,4,Koregaon Park,6900000,12545
0,2,1,0,0,0,10,674,1,2,2 BHK Apartment ,2,Viman Nagar,7000000,10385
0,3,0,0,0,0,10,1050,1,2,2 BHK Apartment ,2,Shastri Nagar,8000000,7619
0,2,1,0,0,0,10,1010,1,2,2 BHK Apartment ,8,Shastri Nagar,11000000,10891
0,2,0,1,1,1,3,1155,2,2,2 BHK Apartment ,4,Lohegaon,4800000,4155
0,2,1,1,1,0,10,650,1,1,1 BHK Apartment ,2,Wanowrie,3800000,5846
1,3,3,1,1,0,0,1002,2,2,2 BHK Apartment ,2,Pimple Saudagar,7500000,7485
0,3,1,1,1,0,2,1150,2,2,2 BHK Apartment ,1,Wakad,6800000,5913
0,3,1,1,1,0,7,1001,2,2,2 BHK Apartment ,2,Rahatani,5600000,5594
0,2,0,0,0,0,10,1380,1,3,3 BHK Apartment ,3,Kalyani Nagar,14000000,10144
0,3,0,0,1,0,10,2100,3,4,4 BHK Apartment ,3,Kalyani Nagar,19000000,9047
0,3,2,0,0,0,10,850,2,2,2 BHK Apartment ,2,Bund Garden,8500000,10000
0,2,2,0,0,0,15,1010,1,2,2 BHK Apartment ,3,Shastri Nagar,8150000,8069
0,2,0,0,0,0,10,1010,2,2,2 BHK Apartment ,2,Shastri Nagar,8400000,8316
0,3,1,0,0,0,10,1285,1,3,3 BHK Apartment ,3,Shastri Nagar,13000000,10116
0,2,0,0,0,0,10,1380,1,3,3 BHK Apartment ,3,Kalyani Nagar,14000000,10144
0,3,2,0,0,0,10,1850,2,4,3 BHK Apartment ,3,Koregaon Park,24300000,13135
0,3,2,0,0,0,10,850,2,2,2 BHK Apartment ,2,Bund Garden,8500000,10000
0,3,2,0,0,0,10,1400,1,3,3 BHK Apartment ,2,Kalyani Nagar,12500000,8928
0,0,1,0,0,0,7,2000,1,2,2 BHK Apartment ,3,Kalyani Nagar,20000000,10000
0,3,1,0,0,0,5,1735,2,3,3 BHK Apartment ,1,Kalyani Nagar,19000000,10951
0,3,1,0,0,0,10,2900,3,3,3 BHK Apartment ,10,Kalyani Nagar,35000000,12068
0,3,2,0,0,0,8,1850,2,4,3 BHK Apartment ,3,Koregaon Park,24300000,13135
1,3,3,0,1,0,0,1019,2,2,2 BHK Apartment ,9,Baner,6000000,5888
1,3,3,0,1,0,3,930,2,2,2 BHK Apartment ,5,Wagholi,3800000,4086
0,3,2,0,0,0,12,1400,2,2,2 BHK Apartment ,5,Kalyani Nagar,14000000,10000
0,2,2,0,0,0,15,4500,3,4,4 BHK Apartment ,11,Koregaon Park,38500000,8555
0,2,0,0,0,0,10,1010,2,2,2 BHK Apartment ,5,Shastri Nagar,8350000,8267
0,3,0,0,0,0,1,1674,2,2,3 BHK Apartment ,7,Shastri Nagar,16200000,9677
0,2,2,0,0,0,10,1010,1,2,2 BHK Apartment ,1,Shastri Nagar,7500000,7425
0,2,2,0,0,0,10,1010,1,2,2 BHK Apartment ,1,Shastri Nagar,7500000,7425
0,3,0,0,0,0,1,1674,2,2,3 BHK Apartment ,7,Shastri Nagar,16200000,9677
0,3,2,0,0,0,10,1850,2,4,3 BHK Apartment ,3,Koregaon Park,24300000,13135
0,3,0,0,0,0,5,1330,1,2,2 BHK Apartment ,3,Koregaon Park,15000000,11278
0,3,0,0,1,0,16,1650,2,3,3 BHK Apartment ,4,Kalyani Nagar,10500000,6363
0,3,0,0,1,0,16,3400,2,3,3 BHK Apartment ,3,Kalyani Nagar,25000000,7352
0,3,1,1,0,0,16,1175,2,2,2 BHK Apartment ,5,Kalyani Nagar,15500000,13191
0,3,0,0,1,0,11,1700,2,3,3 BHK Apartment ,6,Kalyani Nagar,18500000,10882
0,3,0,0,1,0,16,1100,2,2,2 BHK Villa ,0,Viman Nagar,10000000,9090
0,2,0,0,1,0,11,950,2,3,2 BHK Villa ,0,Viman Nagar,10000000,10526
1,3,3,1,1,0,3,1270,2,3,3 BHK Apartment ,4,Wagholi,6800000,5354
0,3,0,1,1,0,6,1255,2,3,3 BHK Apartment ,1,Kharadi,10000000,7968
0,3,0,1,1,0,7,690,1,1,1 BHK Apartment ,4,Viman Nagar,6100000,8840
0,3,0,1,1,0,12,1600,2,3,3 BHK Apartment ,1,Kalyani Nagar,12500000,7812
0,3,0,1,1,0,11,1167,2,2,2 BHK Apartment ,6,Viman Nagar,10500000,8997
0,3,0,1,1,0,2,3883,2,4,4 BHK Apartment ,0,Koregaon Park,57000000,14679
0,3,0,1,1,0,6,1370,2,3,3 BHK Apartment ,3,Kalyani Nagar,11500000,8394
0,3,0,1,1,0,3,1485,2,3,3 BHK Apartment ,4,Wadgaon Sheri,11500000,7744
0,3,0,1,1,0,6,1200,2,2,2 BHK Apartment ,4,Kharadi,8500000,7083
0,3,0,1,1,0,11,1600,2,3,3 BHK Apartment ,3,Koregaon Park,11500000,7187
0,3,0,1,1,0,6,1200,2,2,2 BHK Apartment ,2,Kharadi,7800000,6500
0,3,0,1,1,0,6,780,2,2,2 BHK Apartment ,2,Kharadi,4900000,6282
0,3,0,1,1,0,11,1105,2,2,2 BHK Apartment ,1,Kharadi,7300000,6606
0,3,0,1,1,0,6,2288,2,4,4 BHK Apartment ,4,Viman Nagar,15000000,6555
0,3,0,1,1,0,6,2950,2,4,4 BHK Apartment ,3,Kharadi,26000000,8813
0,3,0,1,1,0,6,2400,2,3,3 BHK Apartment ,3,Viman Nagar,20000000,8333
0,3,1,1,1,0,2,790,2,2,2 BHK Apartment ,8,Wagholi,4200000,5316
0,3,1,1,1,0,6,1183,2,2,2 BHK Apartment ,3,Kharadi,6512000,5504
0,3,0,1,1,0,3,793,2,2,2 BHK Apartment ,5,Wagholi,3580000,4514
0,3,0,1,1,0,0,1000,2,2,2 BHK Apartment ,5,Wagholi,4300000,4300
0,3,0,1,1,0,3,825,2,1,1 BHK Apartment ,6,Viman Nagar,6600000,8000
0,3,2,1,1,0,6,1105,2,2,2 BHK Apartment ,1,Kharadi,7499635,6787
0,3,0,1,1,0,2,1500,2,3,3 BHK Apartment ,1,Viman Nagar,14500000,9666
0,3,0,1,1,0,11,1650,2,3,3 BHK Apartment ,7,Kharadi,11500000,6969
0,3,1,1,1,0,2,1820,2,3,3 BHK Apartment ,5,Kharadi,13500000,7417
0,3,0,1,1,0,2,1820,2,3,3 BHK Apartment ,6,Kharadi,12300000,6758
0,3,0,1,1,0,11,1600,2,3,4 BHK Apartment ,6,Kalyani Nagar,13000000,8125
0,3,1,1,1,0,11,2400,2,4,4 BHK Villa ,0,Viman Nagar,15000000,6250
0,3,0,1,1,0,11,957,2,2,2 BHK Apartment ,2,Wagholi,4300000,4493
0,3,2,1,1,0,11,1760,2,3,3 BHK Apartment ,6,Viman Nagar,20000000,11363
0,3,0,1,1,0,16,2800,2,3,3 BHK Apartment ,4,Koregaon Park,36500000,13035
0,3,1,1,1,0,11,900,2,2,2 BHK Apartment ,5,Kharadi,6500000,7222
0,3,0,1,1,0,11,1250,2,2,2 BHK Apartment ,3,Kalyani Nagar,10000000,8000
0,3,1,1,1,0,11,1565,2,4,3 BHK Apartment ,10,Kalyani Nagar,13300000,8498
0,3,1,1,1,0,11,786,2,2,2 BHK Apartment ,3,Kharadi,4600000,5852
0,3,2,1,1,0,2,1690,2,4,4 BHK Apartment ,8,Viman Nagar,18000000,10650
0,3,2,1,1,0,6,1760,2,3,3 BHK Apartment ,6,Viman Nagar,20000000,11363
0,3,0,1,1,0,11,1600,2,3,4 BHK Apartment ,6,Kalyani Nagar,12500000,7812
0,3,2,1,1,0,11,1300,2,2,2 BHK Apartment ,6,Kalyani Nagar,17500000,13461
0,3,0,1,1,0,6,1283,2,2,2 BHK Apartment ,3,Kharadi,7056000,5499
0,3,0,1,1,0,6,4100,2,4,4 BHK Apartment ,5,Sangamvadi,65000000,15853
0,3,0,1,1,0,6,1820,2,3,3 BHK Apartment ,4,Kharadi,12300000,6758
0,3,0,1,1,0,8,2201,3,3,3 BHK Apartment ,4,Koregaon Park,25000000,11358
0,3,0,1,1,0,5,1535,2,3,3 BHK Apartment ,7,Viman Nagar,13500000,8794
0,3,0,1,1,0,10,1460,2,3,3 BHK Apartment ,1,Viman Nagar,12500000,8561
0,3,2,1,1,0,11,1650,2,3,3 BHK Apartment ,5,Viman Nagar,15500000,9393
0,3,0,1,1,0,6,1044,2,2,2 BHK Apartment ,4,Kharadi,6200000,5938
0,3,1,0,1,0,11,2300,2,3,3 BHK Villa ,0,Viman Nagar,16000000,6956
0,2,0,0,1,0,10,1350,3,3,3 BHK Apartment ,1,Kalyani Nagar,20000000,14814
0,3,1,1,1,0,7,1000,2,4,2 BHK Apartment ,6,Koregaon Park,12000000,12000
0,2,1,1,1,0,10,600,2,1,1 BHK Apartment ,4,Koregaon Park,7200000,12000
0,3,2,1,1,0,10,2100,2,3,3 BHK Apartment ,2,Koregaon Park,17500000,8333
0,3,0,1,1,0,11,1400,2,3,3 BHK Apartment ,4,Viman Nagar,20000000,14285
0,3,0,0,0,0,7,1360,2,3,3 BHK Apartment ,4,Koregaon Park,17000000,12500
0,2,0,0,1,0,6,1100,1,2,2 BHK Apartment ,4,Koregaon Park,12000000,10909
0,3,0,1,1,0,10,1500,3,3,3 BHK Apartment ,1,Koregaon Park,14500000,9666
0,2,2,0,0,0,10,1100,1,2,2 BHK Apartment ,2,Koregaon Park,11000000,10000
1,2,3,1,1,0,2,1113,2,2,2 BHK Apartment ,6,Wagholi,5600000,5031
1,3,3,1,1,0,0,3915,2,4,4 BHK Apartment ,6,Koregaon Park,60000000,15325
0,3,0,0,0,0,10,1360,2,3,3 BHK Apartment ,4,Koregaon Park,17000000,12500
0,3,0,0,1,0,5,2078,2,4,4 BHK Apartment ,6,Viman Nagar,15800000,7603
0,3,1,0,0,1,14,1000,1,2,2 BHK Villa ,1,Viman Nagar,9800000,9800
0,3,0,0,0,0,2,732,1,1,1 BHK Apartment ,4,Wagholi,2800000,3825
0,3,2,1,1,0,2,1004,1,2,2 BHK Apartment ,4,Wagholi,4500000,4482
1,3,3,1,1,1,0,270,2,1,1 BHK Apartment ,5,Hinjewadi,1475000,5462
0,3,0,0,1,0,8,1400,1,2,2 BHK Apartment ,2,Kalyani Nagar,13000000,9285
0,3,0,0,1,0,12,3450,3,3,4 BHK Apartment ,2,Kalyani Nagar,17500000,5072
0,2,2,0,0,0,10,2050,2,3,3 BHK Apartment ,10,Kalyani Nagar,31000000,15121
0,3,2,1,1,0,7,2000,2,3,3 BHK Apartment ,5,Koregaon Park,24500000,12250
0,3,1,1,1,0,8,535,2,1,1 BHK Apartment ,4,Viman Nagar,6000000,11214
0,2,2,0,0,0,10,2050,2,3,3 BHK Apartment ,10,Kalyani Nagar,31000000,15121
0,3,0,1,1,0,11,1488,2,3,3 BHK Apartment ,1,Viman Nagar,11500000,7728
0,3,0,0,1,0,6,2200,2,3,3 BHK Villa ,0,Koregaon Park,14000000,6363
0,3,0,1,1,0,2,2100,2,4,4 BHK Apartment ,7,Koregaon Park,23000000,10952
0,3,0,1,1,0,2,1775,2,3,3 BHK Apartment ,5,Kharadi,10600000,5971
0,3,0,0,1,0,2,2500,2,3,3 BHK Villa ,0,Viman Nagar,25000000,10000
0,3,0,0,0,0,11,3338,2,4,4 BHK Villa ,0,Kalyani Nagar,62500000,18723
0,3,0,0,1,0,16,1000,2,2,2 BHK Villa ,0,Viman Nagar,4500000,4500
0,2,1,1,1,0,16,1760,2,4,4 BHK Apartment ,3,Yerawada,16000000,9090
0,3,2,1,1,0,16,1400,2,3,3 BHK Apartment ,1,Yerawada,7499800,5357
0,3,0,1,1,0,6,1700,2,3,3 BHK Apartment ,2,Viman Nagar,10500000,6176
0,3,0,1,1,0,11,1840,2,3,3 BHK Apartment ,1,Viman Nagar,12000000,6521
1,3,3,0,1,0,2,2189,2,3,3 BHK Apartment ,0,Wagholi,7442600,3400
0,3,0,1,1,0,6,2700,2,3,3 BHK Apartment ,5,Viman Nagar,16000000,5925
0,3,0,1,1,0,6,1650,2,3,3 BHK Apartment ,4,Viman Nagar,13000000,7878
0,3,1,1,1,0,11,1850,2,3,3 BHK Apartment ,6,Koregaon Park,20000000,10810
0,3,2,1,1,0,11,1150,2,2,2 BHK Apartment ,1,Koregaon Park,11000000,9565
0,3,0,1,1,0,2,1400,2,2,2 BHK Apartment ,1,Viman Nagar,11700000,8357
0,3,0,1,1,0,2,1650,2,3,3 BHK Apartment ,5,Kharadi,11500000,6969
0,3,1,0,0,1,8,1260,1,2,2 BHK Apartment ,4,Boat Club Road,21000000,16666
0,3,0,1,1,0,6,2140,2,4,4 BHK Apartment ,4,Kharadi,15500000,7242
0,3,0,1,1,0,2,4655,2,5,5 BHK Apartment ,7,Hadapsar,32000000,6874
1,3,3,1,1,0,6,1250,2,2,2 BHK Apartment ,4,Kalyani Nagar,10500000,8400
0,3,0,1,1,0,6,1105,2,2,2 BHK Apartment ,3,Kharadi,7300000,6606
0,3,0,1,1,0,3,1300,2,3,3 BHK Apartment ,1,Kharadi,7500000,5769
0,3,0,1,1,0,2,1800,2,3,3 BHK Apartment ,2,Kharadi,12500000,6944
0,3,0,1,1,0,6,1105,2,2,2 BHK Apartment ,3,Kharadi,7300000,6606
0,3,0,1,1,0,11,1300,2,3,3 BHK Apartment ,4,Kharadi,7200000,5538
0,3,2,1,1,0,6,2300,2,4,4 BHK Apartment ,3,Koregaon Park,22500000,9782
0,3,1,1,1,0,6,1550,2,2,2 BHK Apartment ,4,Viman Nagar,14000000,9032
1,3,3,1,1,0,11,565,2,1,1 BHK Apartment ,0,Kharadi,5000000,8849
0,3,0,1,1,0,6,980,2,2,2 BHK Apartment ,2,Kharadi,6500000,6632
1,3,3,1,1,0,11,1255,2,2,2 BHK Apartment ,4,Viman Nagar,9000000,7171
0,3,0,1,1,0,6,1150,2,2,2 BHK Apartment ,1,Wagholi,5400000,4695
0,3,0,1,1,0,6,1100,2,2,2 BHK Apartment ,7,Koregaon Park,8500000,7727
1,3,3,0,1,0,11,1300,2,3,2 BHK Apartment ,4,Kharadi,9000000,6923
0,2,1,1,1,0,11,1495,2,3,3 BHK Apartment ,1,Kalyani Nagar,17000000,11371
1,3,3,1,1,0,6,690,2,2,2 BHK Apartment ,1,Wagholi,3300000,4782
0,3,0,1,1,0,11,1150,2,2,2 BHK Apartment ,6,Wadgaon Sheri,8000000,6956
0,3,0,1,1,0,6,1175,2,2,2 BHK Apartment ,4,Kharadi,6350000,5404
0,3,1,1,0,0,6,1350,2,2,2 BHK Apartment ,12,Mundhwa,12000000,8888
0,3,0,1,1,0,11,610,2,1,1 BHK Apartment ,6,Yerawada,6000000,9836
0,2,0,1,0,0,10,525,2,1,1 BHK Apartment ,3,Wadgaon Sheri,2500000,4761
1,3,3,1,1,0,0,687,1,1,1 BHK Apartment ,4,NIBM Annex Mohammadwadi,3560742,5183
1,3,3,1,1,0,6,3200,2,3,3 BHK Villa ,0,Wagholi,14000000,4375
0,3,0,0,1,0,2,4285,2,4,4 BHK Villa ,0,Wagholi,14900000,3477
1,3,3,1,1,0,6,1608,2,3,3 BHK Apartment ,5,Wadgaon Sheri,12500000,7773
0,3,0,0,0,0,10,500,1,1,1 BHK Apartment ,0,Bund Garden,6000000,12000
0,3,2,1,1,1,10,2000,3,3,3 BHK Villa ,0,Wagholi,8500000,4250
1,3,3,1,1,0,1,943,1,2,2 BHK Apartment ,3,Lohegaon,4900000,5196
0,3,1,1,1,0,5,1700,1,3,3 BHK Apartment ,4,Hadapsar,11000000,6470
0,3,0,1,1,0,9,600,1,1,1 BHK Apartment ,5,Kalyani Nagar,6100000,10166
0,3,0,1,1,0,3,1200,1,1,2 BHK Apartment ,1,Bund Garden,11000000,9166
0,3,1,1,1,0,5,1325,2,2,3 BHK Apartment ,3,Kharadi,8000000,6037
0,3,0,0,1,0,5,2400,2,3,3 BHK Apartment ,1,Kalyani Nagar,22500000,9375
1,3,3,0,1,0,0,850,1,2,2 BHK Apartment ,3,Wagholi,4800000,5647
0,3,0,1,1,0,5,2840,2,5,4 BHK Apartment ,3,Kharadi,16400000,5774
0,3,0,1,1,0,3,5265,2,5,4 BHK Apartment ,7,Kharadi,49300000,9363
0,3,0,1,1,0,6,1100,2,2,2 BHK Apartment ,2,Viman Nagar,7000000,6363
0,3,0,1,1,0,6,1600,2,3,3 BHK Apartment ,2,Viman Nagar,10000000,6250
0,3,0,1,1,0,3,2920,1,4,4 BHK Apartment ,8,Kharadi,18200000,6232
0,3,0,1,1,0,6,2350,2,3,3 BHK Apartment ,8,Kalyani Nagar,36000000,15319
0,3,0,1,1,0,6,1750,2,3,3 BHK Apartment ,7,Kalyani Nagar,24000000,13714
0,3,0,1,1,0,6,1700,2,3,3 BHK Apartment ,6,Kalyani Nagar,26000000,15294
0,3,0,1,1,0,11,1600,2,3,3 BHK Apartment ,1,Koregaon Park,19000000,11875
0,3,0,1,1,0,6,1850,2,4,3 BHK Apartment ,3,Koregaon Park,24300000,13135
0,3,0,1,1,0,11,1880,1,4,3 BHK Apartment ,2,Boat Club Road,26500000,14095
0,3,0,1,1,0,6,1600,2,3,3 BHK Apartment ,2,Boat Club Road,20000000,12500
0,3,0,1,1,0,6,911,2,2,2 BHK Apartment ,8,Kharadi,5999846,6586
0,3,0,1,1,0,6,760,2,2,2 BHK Apartment ,3,Wagholi,4200000,5526
0,2,0,1,1,0,6,2603,2,3,3 BHK Apartment ,1,Viman Nagar,18000000,6915
0,3,0,1,1,0,11,1500,2,3,3 BHK Apartment ,4,Kalyani Nagar,15000000,10000
0,3,1,0,1,0,11,2200,2,2,2 BHK Villa ,0,Shastri Nagar,13000000,5909
0,3,0,1,1,0,4,960,1,2,2 BHK Apartment ,4,Wagholi,4000000,4166
0,3,0,1,1,0,8,1173,1,2,2 BHK Apartment ,2,Kharadi,6000000,5115
0,3,2,1,1,1,4,3400,2,4,4 BHK Villa ,1,Kharadi,30000000,8823
0,3,0,1,1,1,5,500,2,1,1 BHK Apartment ,2,Hadapsar,4000000,8000
0,2,0,1,1,0,19,875,2,2,2 BHK Apartment ,1,Pashan,7600000,8685
0,3,1,1,1,0,5,1062,2,2,2 BHK Apartment ,11,Wakad,6400000,6026
1,3,3,1,1,0,1,600,1,1,1 BHK Apartment ,4,Wakad,4289000,7148
0,2,1,0,0,0,0,3100,2,4,4 BHK Apartment ,7,Koregaon Park,30000000,9677
0,3,0,1,1,1,3,960,2,2,2 BHK Apartment ,2,Lohegaon,4700000,4895
1,3,3,0,0,0,1,1464,2,3,3 BHK Apartment ,5,Baner,9000000,6147
0,3,0,1,1,1,4,800,2,1,1 BHK Apartment ,3,Lohegaon,4000000,5000
1,3,3,1,1,0,0,1793,3,3,3 BHK Apartment ,10,Kharadi,12032418,6710
0,3,0,0,0,0,1,2540,1,3,3 BHK Apartment ,1,Viman Nagar,19200000,7559
0,3,0,1,1,0,1,4319,1,6,4 BHK Apartment ,16,Kharadi,28600000,6621
0,3,0,1,1,0,1,5976,3,6,4 BHK Apartment ,7,Kharadi,32200000,5388
0,3,0,1,1,0,1,4356,1,6,4 BHK Apartment ,32,Kharadi,38200000,8769
0,3,0,1,1,0,1,6318,3,5,5 BHK Apartment ,27,Kharadi,49200000,7787
0,3,0,1,1,0,1,8246,3,6,5 BHK Apartment ,34,Kharadi,66500000,8064
0,2,0,1,1,0,6,1000,2,2,2 BHK Apartment ,2,Wadgaon Sheri,6500000,6500
0,3,0,1,1,1,1,1100,2,2,2 BHK Apartment ,3,Bavdhan,7000000,6363
0,3,0,1,1,0,0,1100,1,2,2 BHK Apartment ,2,Viman Nagar,6000000,5454
0,3,0,0,1,0,1,941,1,2,2 BHK Apartment ,4,Viman Nagar,6500000,6907
0,3,0,0,1,0,1,1800,3,3,3 BHK Apartment ,5,Viman Nagar,15800000,8777
1,3,3,1,1,0,0,1385,2,2,2 BHK Apartment ,6,Viman Nagar,11500000,8303
1,3,3,1,1,0,11,4100,2,4,4 BHK Apartment ,5,Sangamvadi,61500000,15000
0,3,0,1,1,0,3,1656,2,2,3 BHK Apartment ,0,Viman Nagar,12500000,7548
0,3,0,1,1,0,11,1510,2,3,3 BHK Apartment ,9,Kharadi,10500000,6953
0,3,0,1,1,0,6,750,2,1,1 BHK Apartment ,4,Viman Nagar,5299500,7066
0,3,0,1,1,0,6,1483,2,3,3 BHK Apartment ,8,Viman Nagar,11500000,7754
0,3,0,1,1,0,6,1181,2,2,2 BHK Apartment ,2,Kharadi,6510853,5513
0,3,0,1,1,0,11,760,2,2,2 BHK Apartment ,2,Wagholi,3400000,4473
1,3,3,1,1,0,6,1415,2,3,3 BHK Apartment ,4,Viman Nagar,11500000,8127
1,3,3,1,1,0,11,1050,2,3,2 BHK Apartment ,2,Viman Nagar,8500000,8095
0,3,1,1,1,0,2,2750,2,5,4 BHK Apartment ,8,Kharadi,17498250,6363
0,3,0,1,1,0,11,650,2,2,2 BHK Apartment ,2,Wagholi,3500000,5384
0,3,0,1,1,0,2,1153,2,2,2 BHK Apartment ,3,Viman Nagar,9500000,8239
0,3,1,1,1,1,1,1900,2,3,3 BHK Apartment ,1,Boat Club Road,26000000,13684
0,3,0,1,1,0,0,1105,1,2,2 BHK Apartment ,6,Kharadi,8000000,7239
0,3,0,1,1,0,3,1660,2,4,4 BHK Apartment ,6,Viman Nagar,12500000,7530
0,3,0,1,1,0,2,1500,2,3,3 BHK Apartment ,2,Viman Nagar,10000000,6666
0,3,0,1,1,0,16,1740,2,3,3 BHK Apartment ,2,Kalyani Nagar,12000000,6896
0,3,0,1,1,0,6,2924,2,2,4 BHK Apartment ,9,Kharadi,15500000,5300
0,3,0,1,1,0,11,1850,2,3,3 BHK Apartment ,1,Kalyani Nagar,18000000,9729
0,3,2,1,1,0,11,1760,2,3,3 BHK Apartment ,6,Viman Nagar,20000000,11363
0,3,0,1,1,0,11,1530,2,2,3 BHK Apartment ,5,Viman Nagar,11500000,7516
0,3,0,1,1,0,6,1080,2,2,2 BHK Apartment ,4,Viman Nagar,5800000,5370
0,3,2,1,1,0,6,1760,2,3,3 BHK Apartment ,6,Viman Nagar,20000000,11363
0,3,2,1,1,0,11,2750,2,4,4 BHK Apartment ,7,Mundhwa,12500000,4545
0,3,0,1,1,0,11,2000,2,3,3 BHK Apartment ,2,Koregaon Park,20000000,10000
0,3,0,1,1,0,11,1610,2,2,2 BHK Apartment ,5,Kalyani Nagar,12500000,7763
0,3,2,0,1,0,11,3800,2,5,5 BHK Villa ,0,Viman Nagar,40000000,10526
0,3,0,1,1,0,6,800,2,2,2 BHK Apartment ,1,Wagholi,3500000,4375
0,3,0,1,1,0,6,922,2,2,2 BHK Apartment ,3,Wagholi,4200000,4555
0,3,0,1,1,0,6,1581,2,3,3 BHK Apartment ,5,Viman Nagar,13300000,8412
0,3,2,1,1,0,11,1755,2,3,3 BHK Apartment ,3,Kalyani Nagar,24000000,13675
0,2,0,1,1,0,2,1540,2,2,2 BHK Apartment ,1,Kharadi,10500000,6818
0,3,0,1,1,0,11,1650,2,3,3 BHK Apartment ,7,Viman Nagar,13000000,7878
0,2,0,1,1,0,10,950,2,2,2 BHK Apartment ,5,Vishrantwadi,4200000,4421
1,3,3,1,1,0,0,1500,1,3,3 BHK Apartment ,9,Kharadi,10500000,7000
0,3,0,1,1,0,6,1250,2,2,2 BHK Apartment ,3,Mundhwa,11000000,8800
0,3,0,1,1,0,5,990,2,2,2 BHK Apartment ,5,Wagholi,4500000,4545
0,3,0,1,1,0,5,1063,3,2,2 BHK Apartment ,6,Kharadi,7000000,6585
1,3,3,1,1,1,0,1184,2,2,2 BHK Apartment ,7,Kharadi,7850000,6630
0,3,2,1,1,1,9,3350,2,5,4 BHK Apartment ,3,Kalyani Nagar,50000000,14925
0,3,0,1,1,0,6,1600,2,3,3 BHK Apartment ,4,Kharadi,9000000,5625
0,3,2,1,1,1,5,1800,3,3,3 BHK Apartment ,1,Viman Nagar,12000000,6666
0,3,0,1,1,0,10,1250,1,2,2 BHK Apartment ,3,Koregaon Park,12500000,10000
0,3,2,1,1,1,13,975,1,2,2 BHK Apartment ,3,Koregaon Park,9000000,9230
0,3,0,1,1,0,10,1086,2,2,2 BHK Apartment ,7,Wadgaon Sheri,8500000,7826
1,3,3,1,1,0,2,4595,2,5,5 BHK Apartment ,5,Sangamvadi,94200000,20500
0,3,2,1,1,0,11,1450,2,3,3 BHK Apartment ,4,Koregaon Park,21000000,14482
0,3,0,0,1,0,6,960,2,2,2 BHK Apartment ,1,Wagholi,4800000,5000
0,3,0,1,1,0,2,1298,2,3,3 BHK Apartment ,1,Viman Nagar,10000000,7704
0,3,2,1,1,1,5,3725,2,5,4 BHK Apartment ,3,Viman Nagar,29900000,8026
1,3,3,1,1,0,0,1033,2,2,2 BHK Apartment ,6,Wagholi,4110000,3978
1,3,3,1,1,1,0,760,1,1,1 BHK Apartment ,9,Wagholi,3400000,4473
0,3,0,1,1,0,2,1400,2,3,3 BHK Apartment ,6,Kharadi,11100000,7928
1,3,3,1,1,1,0,1219,2,2,2 BHK Apartment ,1,Kharadi,8100000,6644
1,3,3,1,1,1,0,1240,2,2,2 BHK Apartment ,8,Kharadi,8270000,6669
0,3,0,1,1,0,14,1036,1,2,2 BHK Apartment ,6,Viman Nagar,7000000,6756
0,3,0,1,1,0,5,1620,3,3,3 BHK Apartment ,11,Koregaon Park,13800000,8518
1,2,3,1,1,0,5,4665,3,6,4 BHK Apartment ,10,Hadapsar,31000000,6645
0,2,1,1,1,0,10,1485,1,3,3 BHK Apartment ,4,Viman Nagar,11500000,7744
0,3,0,1,1,0,5,1750,2,3,3 BHK Apartment ,1,Wadgaon Sheri,19000000,10857
0,3,1,1,1,0,5,2370,2,4,4 BHK Apartment ,5,Kalyani Nagar,36000000,15189
0,3,1,1,1,0,5,2600,3,4,4 BHK Apartment ,2,Kalyani Nagar,36300000,13961
0,3,0,1,1,0,5,2400,3,4,4 BHK Apartment ,11,Kalyani Nagar,31800000,13250
0,3,1,1,1,0,6,561,2,1,1 BHK Apartment ,5,Wagholi,2700000,4812
0,3,0,0,1,0,1,2100,2,3,3 BHK Apartment ,4,Kalyani Nagar,16000000,7619
1,3,3,1,1,0,1,855,2,2,2 BHK Apartment ,6,Wagholi,4600000,5380
0,3,0,1,1,0,6,1100,2,2,2 BHK Apartment ,4,Viman Nagar,7800000,7090
0,3,0,1,1,0,12,650,2,1,1 BHK Apartment ,2,Yerawada,5000000,7692
0,3,2,1,1,0,9,930,2,2,2 BHK Apartment ,2,Viman Nagar,7700000,8279
0,3,2,1,1,1,9,1120,2,2,2 BHK Apartment ,3,Viman Nagar,8100000,7232
0,3,0,1,1,0,10,1085,2,2,2 BHK Apartment ,4,Wadgaon Sheri,7600000,7004
0,3,2,1,1,1,10,1250,2,2,2 BHK Apartment ,5,Wadgaon Sheri,9000000,7200
0,3,2,1,1,1,10,1438,1,3,2 BHK Apartment ,3,Koregaon Park,23000000,15994
0,3,0,1,1,0,10,1100,1,2,2 BHK Apartment ,4,Kharadi,7000000,6363
1,3,3,1,1,1,0,1164,2,2,2 BHK Apartment ,4,Kharadi,7750000,6658
1,2,3,1,1,0,0,1055,2,2,2 BHK Apartment ,3,Sus,5400000,5118
0,3,1,1,1,0,10,1050,2,2,2 BHK Apartment ,3,Yerawada,8200000,7809
0,3,0,1,1,0,4,1300,1,2,3 BHK Apartment ,5,Kalyani Nagar,8700000,6692
0,3,0,1,1,0,12,1400,3,2,2 BHK Apartment ,2,Bund Garden,15000000,10714
0,3,0,1,1,0,1,893,1,2,2 BHK Apartment ,1,Wagholi,4200000,4703
0,3,0,1,1,0,3,2635,2,4,4 BHK Apartment ,4,Kharadi,15100000,5730
0,3,1,1,1,1,5,2501,1,4,3 BHK Apartment ,4,Viman Nagar,18300000,7317
0,3,0,1,1,0,8,4125,3,4,4 BHK Apartment ,9,Koregaon Park,42000000,10181
0,3,0,1,1,0,1,1800,1,3,3 BHK Apartment ,5,Viman Nagar,10100000,5611
0,3,0,1,1,0,6,1740,2,3,3 BHK Apartment ,5,Hadapsar,12100000,6954
0,3,0,1,1,0,7,1350,2,2,2 BHK Apartment ,4,Viman Nagar,7700000,5703
0,3,0,1,1,0,3,2050,1,4,3 BHK Apartment ,13,Kharadi,14200000,6926
0,3,0,1,1,0,10,2640,3,3,3 BHK Apartment ,5,Viman Nagar,16700000,6325
0,3,0,1,1,0,2,640,1,1,1 BHK Apartment ,7,Hadapsar,4300000,6718
1,3,3,1,1,1,0,1246,1,2,2 BHK Apartment ,5,Bavdhan,6500000,5216
0,3,1,1,1,0,10,1200,2,3,3 BHK Apartment ,4,Kothrud,15000000,12500
0,3,0,1,1,1,0,1113,2,2,2 BHK Apartment ,5,Sus,6700000,6019
0,2,1,0,1,0,5,1300,3,3,3 BHK Apartment ,1,Balewadi,9000000,6923
0,3,1,1,1,0,11,1300,2,2,2 BHK Apartment ,2,Mundhwa,11000000,8461
0,3,0,1,1,0,11,1650,2,3,3 BHK Apartment ,5,Kalyani Nagar,13000000,7878
0,3,0,1,1,0,6,1750,2,3,3 BHK Apartment ,3,Kalyani Nagar,19000000,10857
0,3,0,1,1,0,6,800,2,2,2 BHK Apartment ,2,Kharadi,5000000,6250
0,3,0,1,1,0,11,1650,2,3,3 BHK Apartment ,3,Kalyani Nagar,13000000,7878
0,3,2,1,1,0,6,1480,2,3,3 BHK Apartment ,5,Viman Nagar,14000000,9459
0,3,0,1,1,0,6,1500,2,3,3 BHK Apartment ,1,Viman Nagar,12500000,8333
0,3,0,1,1,0,3,1750,2,3,3 BHK Apartment ,4,Mundhwa,13000000,7428
0,3,0,1,1,0,6,573,2,1,1 BHK Apartment ,3,Viman Nagar,4300000,7504
0,3,0,1,1,0,6,1000,2,2,2 BHK Apartment ,3,Kharadi,6700000,6700
0,3,0,1,1,0,3,1100,2,2,2 BHK Apartment ,2,Koregaon Park,8500000,7727
1,3,3,1,1,0,0,1093,2,2,2 BHK Apartment ,2,Baner,6011000,5499
0,2,0,1,1,0,11,1680,2,3,3 BHK Apartment ,4,Wadgaon Sheri,12500000,7440
1,3,3,1,1,1,0,1310,2,3,3 BHK Apartment ,4,Bavdhan,8300000,6335
0,3,0,1,1,0,25,1225,2,3,3 BHK Apartment ,2,Bund Garden,19000000,15510
0,3,0,0,1,0,3,2800,2,4,4 BHK Villa ,0,Wagholi,11800000,4214
0,3,0,1,1,0,11,978,2,2,2 BHK Apartment ,4,Wagholi,4600000,4703
0,3,0,1,1,0,6,1015,2,2,2 BHK Apartment ,3,Kalyani Nagar,8000000,7881
0,3,0,1,1,0,6,2600,2,4,4 BHK Apartment ,3,Mundhwa,21000000,8076
0,3,2,1,1,0,11,1486,2,3,3 BHK Apartment ,7,Kharadi,10000000,6729
0,3,0,1,1,0,6,1200,2,2,2 BHK Apartment ,2,Kharadi,8300000,6916
0,3,0,1,1,0,5,1850,3,3,3 BHK Apartment ,4,Viman Nagar,22500000,12162
0,3,2,0,1,1,6,1010,2,2,2 BHK Apartment ,2,Hadapsar,5500000,5445
0,3,0,1,1,0,3,558,2,1,1 BHK Apartment ,6,Wagholi,2999808,5376
0,3,1,1,1,0,11,2200,2,5,5 BHK Villa ,0,Kalyani Nagar,27500000,12500
0,3,0,1,1,0,3,1000,2,2,2 BHK Apartment ,3,Vishrantwadi,8900000,8900
0,3,0,1,1,0,3,1935,2,3,3 BHK Apartment ,4,Kharadi,13500000,6976
0,3,2,1,1,0,11,1600,2,3,3 BHK Apartment ,2,Koregaon Park,23000000,14375
0,3,0,1,1,0,6,1768,2,3,3 BHK Apartment ,5,Hadapsar,14500000,8201
0,3,0,1,1,0,2,1655,2,3,3 BHK Apartment ,4,Hadapsar,10000000,6042
1,3,3,1,1,0,3,561,2,1,1 BHK Apartment ,6,Wagholi,2800000,4991
0,2,0,0,0,0,10,457,2,1,1 BHK Apartment ,1,Kothrud,5950000,13019
0,2,0,0,0,0,10,1010,2,2,2 BHK Apartment ,5,Shastri Nagar,8350000,8267
0,2,2,0,0,0,10,1010,1,2,2 BHK Apartment ,1,Shastri Nagar,7500000,7425
0,3,0,0,0,0,1,1674,2,2,3 BHK Apartment ,7,Shastri Nagar,16200000,9677
0,3,0,1,1,1,5,1482,2,3,3 BHK Apartment ,6,Baner,11000000,7422
0,3,1,1,1,0,1,930,2,2,2 BHK Apartment ,2,Pimple Saudagar,6300000,6774
0,3,1,1,1,1,5,1020,2,2,2 BHK Apartment ,4,Pimple Saudagar,6500000,6372
1,3,3,1,1,0,1,1021,2,2,2 BHK Apartment ,1,Pimple Saudagar,6100000,5974
0,2,0,1,1,1,4,610,2,1,1 BHK Apartment ,5,Lohegaon,3700000,6065
0,3,1,1,1,0,12,1180,2,2,2 BHK Apartment ,4,Aundh,7500000,6355
0,2,2,1,1,0,10,2600,2,5,4 BHK Apartment ,8,Koregaon Park,45000000,17307
0,3,1,0,0,0,10,3186,3,4,4 BHK Apartment ,2,Koregaon Park,36000000,11299
0,2,2,0,0,0,10,1650,2,3,3 BHK Apartment ,10,Koregaon Park,20000000,12121
0,2,0,0,0,0,10,1620,2,3,3 BHK Apartment ,7,Koregaon Park,13600000,8395
0,3,1,0,0,0,10,2800,2,5,4 BHK Apartment ,4,Koregaon Park,31500000,11250
0,3,0,0,0,0,10,2180,1,3,3 BHK Apartment ,8,Koregaon Park,23500000,10779
0,3,1,0,1,0,2,1800,2,3,3 BHK Villa ,0,Viman Nagar,12500000,6944
0,3,0,1,1,0,10,1800,2,3,3 BHK Apartment ,5,Koregaon Park,27500000,15277
0,3,1,1,1,0,5,1150,1,2,2 BHK Apartment ,2,Pimple Saudagar,6800000,5913
0,3,0,1,1,0,6,1160,2,2,2 BHK Apartment ,4,Kalyani Nagar,10500000,9051
0,3,0,0,1,0,3,730,2,2,2 BHK Apartment ,1,Viman Nagar,6500000,8904
0,2,1,1,1,0,11,1850,2,3,3 BHK Apartment ,5,Koregaon Park,23000000,12432
0,3,0,1,1,0,11,1800,2,3,3 BHK Apartment ,4,Viman Nagar,11400000,6333
0,3,0,1,1,0,6,1790,2,3,3 BHK Apartment ,4,Wadgaon Sheri,12500000,6983
0,3,0,1,1,0,6,1635,2,3,3 BHK Apartment ,5,Kharadi,11500000,7033
0,3,0,1,1,0,11,1265,2,2,2 BHK Apartment ,3,Viman Nagar,11000000,8695
0,3,0,1,1,0,11,1500,2,3,3 BHK Apartment ,0,Wadgaon Sheri,13000000,8666
0,3,0,1,1,0,11,1265,2,2,2 BHK Apartment ,2,Koregaon Park,12500000,9881
0,3,0,1,1,0,2,1650,2,3,3 BHK Apartment ,4,Kharadi,10000000,6060
1,3,3,1,1,0,11,1850,2,3,3 BHK Apartment ,4,Viman Nagar,10500000,5675
0,3,0,1,1,0,6,2200,2,3,3 BHK Apartment ,1,Koregaon Park,14000000,6363
0,3,0,1,1,0,11,1630,2,3,3 BHK Apartment ,3,Wadgaon Sheri,11000000,6748
0,3,1,1,1,0,2,1635,2,3,3 BHK Apartment ,5,Kharadi,12000000,7339
1,3,3,1,1,0,2,1648,2,3,3 BHK Apartment ,3,Kharadi,9558400,5800
0,3,0,1,1,0,6,1126,2,2,2 BHK Apartment ,2,Viman Nagar,10000000,8880
1,3,3,1,1,0,1,770,2,2,2 BHK Apartment ,2,Wagholi,3500000,4545
0,3,0,1,1,0,2,1340,2,3,3 BHK Villa ,0,Viman Nagar,20000000,14925
0,3,0,0,1,0,2,2200,2,3,3 BHK Villa ,0,Wagholi,10000000,4545
0,3,0,1,1,0,6,1700,2,3,3 BHK Apartment ,0,Viman Nagar,20000000,11764
0,3,0,1,1,0,11,2300,2,4,4 BHK Apartment ,0,Kharadi,16000000,6956
0,3,0,1,1,0,6,4100,2,4,4 BHK Apartment ,1,Sangamvadi,65000000,15853
0,3,0,1,1,0,11,2800,2,4,4 BHK Apartment ,0,Bund Garden,40000000,14285
0,3,0,1,1,0,2,1200,2,2,2 BHK Apartment ,0,Shastri Nagar,10500000,8750
0,3,0,1,1,0,6,1100,2,2,2 BHK Apartment ,1,Viman Nagar,10000000,9090
0,3,0,1,1,0,6,1610,2,3,3 BHK Apartment ,0,Wadgaon Sheri,11100000,6894
0,3,0,1,1,0,11,1000,2,2,2 BHK Apartment ,0,Wagholi,7000000,7000
0,3,0,1,1,0,6,1905,2,3,3 BHK Apartment ,1,Sangamvadi,28000000,14698
0,3,0,1,1,0,6,2800,2,4,4 BHK Apartment ,1,Sangamvadi,44800000,16000
0,3,0,1,1,0,11,2800,2,4,4 BHK Apartment ,0,Bund Garden,40000000,14285
0,2,0,0,1,0,1,1470,1,3,3 BHK Apartment ,8,Viman Nagar,12000000,8163
0,2,0,1,1,0,0,1600,2,3,3 BHK Apartment ,5,Viman Nagar,14000000,8750
0,2,0,0,1,0,1,2240,3,4,3 BHK Apartment ,4,Viman Nagar,20000000,8928
0,3,0,1,1,0,5,1690,1,4,3 BHK Apartment ,6,Viman Nagar,21000000,12426
0,3,0,1,1,0,3,3200,2,3,3 BHK Villa ,0,Wagholi,13700000,4281
0,3,0,0,1,0,6,2200,2,3,3 BHK Villa ,0,Wagholi,13000000,5909
0,3,2,1,1,1,9,750,1,1,1 BHK Apartment ,9,Wadgaon Sheri,6550000,8733
0,3,1,1,1,0,0,2800,2,5,4 BHK Apartment ,4,Mundhwa,31500000,11250
0,3,0,1,1,0,10,1570,2,2,2 BHK Apartment ,7,Viman Nagar,11000000,7006
1,3,3,1,1,1,0,1426,2,3,3 BHK Apartment ,2,Sus,10000000,7012
0,3,0,0,1,0,2,1050,2,2,2 BHK Apartment ,6,Wakad,6500000,6190
0,3,0,1,1,0,5,1700,2,4,3 BHK Apartment ,7,Viman Nagar,27000000,15882
1,3,3,1,1,0,0,3725,2,4,4 BHK Apartment ,2,Viman Nagar,30100000,8080
0,3,1,1,1,1,1,3400,3,4,4 BHK Apartment ,6,Viman Nagar,25600000,7529
0,3,0,1,1,0,0,1235,1,2,2 BHK Apartment ,1,Viman Nagar,8500000,6882
0,3,0,0,1,0,1,1360,2,3,3 BHK Apartment ,6,Viman Nagar,9000000,6617
0,3,0,0,1,0,1,1100,2,2,2 BHK Apartment ,6,Viman Nagar,9500000,8636
0,3,0,1,1,0,6,573,2,1,1 BHK Apartment ,3,Wagholi,3600000,6282
1,3,3,1,1,0,11,1100,2,2,2 BHK Apartment ,2,Kalyani Nagar,11000000,10000
0,3,0,1,1,0,11,2140,2,3,4 BHK Apartment ,9,Kharadi,15500000,7242
0,2,1,1,1,0,2,1002,2,2,2 BHK Apartment ,10,Wagholi,5600000,5588
1,2,3,1,1,0,1,878,2,2,2 BHK Apartment ,6,Wagholi,3250000,3701
0,3,2,1,1,1,7,1600,1,3,3 BHK Apartment ,12,Balewadi,13000000,8125
0,3,0,1,1,0,6,1100,2,2,2 BHK Apartment ,4,Viman Nagar,11000000,10000
0,3,0,1,1,0,6,1280,2,2,2 BHK Apartment ,2,Viman Nagar,8200000,6406
1,3,3,1,1,1,0,897,2,2,2 BHK Apartment ,7,Bavdhan,6000000,6688
0,2,2,0,1,0,5,3345,3,5,4 BHK Apartment ,6,Koregaon Park,52500000,15695
0,3,2,1,1,0,10,2000,2,3,3 BHK Villa ,5,Koregaon Park,24500000,12250
0,3,1,0,1,0,5,2800,2,5,4 BHK Apartment ,5,Koregaon Park,31000000,11071
0,3,0,1,1,0,5,2275,2,4,4 BHK Villa ,3,Viman Nagar,20000000,8791
0,3,0,0,1,0,5,2078,2,4,4 BHK Apartment ,6,Viman Nagar,15800000,7603
0,2,2,0,1,0,15,650,1,1,1 BHK Apartment ,4,Kalyani Nagar,6000000,9230
0,3,0,1,1,0,5,888,2,2,2 BHK Apartment ,3,Wagholi,5500000,6193
0,3,0,1,1,0,7,510,2,1,1 BHK Apartment ,4,Koregaon Park,7300000,14313
0,3,0,1,1,0,2,1800,2,3,3 BHK Apartment ,5,Koregaon Park,26000000,14444
0,3,2,1,1,1,5,1355,2,3,3 BHK Apartment ,4,Pimple Saudagar,9000000,6642
0,3,0,1,1,1,0,1285,2,3,3 BHK Apartment ,2,Wagholi,6000000,4669
0,0,2,1,1,0,7,2250,2,3,3 BHK Apartment ,1,Koregaon Park,30000000,13333
0,3,1,1,1,0,9,1100,1,2,2 BHK Apartment ,5,Viman Nagar,7200000,6545
0,3,2,0,1,0,3,4300,2,3,3 BHK Apartment ,11,Viman Nagar,27500000,6395
0,3,0,1,1,0,5,2650,2,3,3 BHK Apartment ,2,Kalyani Nagar,36000000,13584
0,3,0,1,1,0,4,1800,2,2,2 BHK Apartment ,3,Koregaon Park,17500000,9722
0,3,0,1,1,0,5,800,2,2,2 BHK Apartment ,2,Koregaon Park,8000000,10000
0,3,2,1,1,1,14,1155,1,2,2 BHK Apartment ,1,Viman Nagar,9800000,8484
0,3,0,0,1,0,12,580,1,2,2 BHK Apartment ,2,Kharadi,3600000,6206
0,3,0,1,1,0,6,1100,2,2,2 BHK Apartment ,2,Kalyani Nagar,9500000,8636
1,3,3,1,1,0,1,675,2,1,1 BHK Apartment ,2,Wagholi,2900000,4296
1,3,3,1,1,0,1,550,1,1,1 BHK Apartment ,5,Wagholi,2800000,5090
0,3,0,1,1,0,4,855,1,2,2 BHK Apartment ,5,Wagholi,3700000,4327
0,3,0,1,1,0,1,5345,2,7,5 BHK Apartment ,1,Boat Club Road,95000000,17773
0,3,0,1,1,0,11,2800,2,4,4 BHK Apartment ,2,Sangamvadi,45000000,16071
0,3,0,1,1,0,6,1350,2,2,3 BHK Apartment ,4,Koregaon Park,22500000,16666
0,3,0,1,1,0,6,1415,2,2,2 BHK Apartment ,8,Kharadi,8199925,5795
0,3,0,0,1,0,16,610,2,1,1 BHK Villa ,0,Shastri Nagar,5000000,8196
0,3,0,0,1,0,16,2400,2,4,4 BHK Villa ,0,Viman Nagar,14000000,5833
0,3,0,1,1,0,3,937,2,2,2 BHK Apartment ,11,Wagholi,5400000,5763
0,3,0,1,1,0,3,1576,2,3,3 BHK Apartment ,1,Wadgaon Sheri,11500000,7296
0,3,0,1,1,0,11,1450,2,2,2 BHK Apartment ,5,Mundhwa,10000000,6896
0,3,0,1,1,0,11,1600,2,3,3 BHK Apartment ,0,Kharadi,9000000,5625
1,3,3,1,1,0,11,950,2,2,2 BHK Apartment ,7,Kharadi,5500000,5789
0,3,0,1,1,0,11,2340,2,3,3 BHK Apartment ,5,Kharadi,14100000,6025
0,3,0,1,1,0,16,1850,2,3,3 BHK Apartment ,4,Viman Nagar,14500000,7837
0,3,0,1,1,0,11,2100,2,4,4 BHK Apartment ,7,Koregaon Park,23000000,10952
0,3,0,1,1,0,6,1635,2,3,3 BHK Apartment ,5,Kharadi,11500000,7033
0,3,1,1,1,0,2,4355,2,5,5 BHK Apartment ,10,Kharadi,31000000,7118
0,3,1,1,1,0,6,682,2,1,1 BHK Apartment ,8,Kharadi,4800000,7038
0,3,0,1,1,0,3,2010,2,3,3 BHK Apartment ,11,Kharadi,13500000,6716
0,3,0,0,1,0,2,2000,2,2,2 BHK Villa ,0,Wagholi,9500000,4750
0,3,0,0,1,0,2,4285,2,4,4 BHK Villa ,0,Wagholi,24000000,5600
0,3,1,0,1,0,2,2570,2,3,3 BHK Villa ,0,Wagholi,12000000,4669
0,3,0,1,1,0,6,1080,2,2,2 BHK Apartment ,5,Yerawada,8500000,7870
0,3,0,1,1,0,11,1125,2,2,2 BHK Apartment ,1,Yerawada,9500000,8444
0,3,0,1,1,0,6,1807,2,3,3 BHK Apartment ,3,Koregaon Park,27500000,15218
0,3,0,1,1,0,1,8300,2,5,5 BHK Apartment ,20,Koregaon Park,142800000,17204
0,3,2,1,1,0,3,1500,2,3,3 BHK Apartment ,1,Koregaon Park,6500000,4333
1,3,3,1,1,0,2,2600,2,3,3 BHK Apartment ,5,Kalyani Nagar,31200000,12000
0,3,0,1,1,0,11,2800,2,3,3 BHK Apartment ,6,Viman Nagar,11000000,3928
0,3,0,1,1,0,11,2070,2,3,3 BHK Apartment ,5,Koregaon Park,20000000,9661
0,3,2,1,1,1,10,1300,2,2,2 BHK Apartment ,7,Kalyani Nagar,16000000,12307
0,3,1,1,1,0,9,1175,1,2,2 BHK Apartment ,1,Kalyani Nagar,12500000,10638
0,3,0,1,1,0,6,836,2,2,2 BHK Apartment ,3,Lohegaon,3900000,4665
0,2,0,1,1,0,2,3050,2,4,4 BHK Apartment ,4,Kalyani Nagar,38700000,12688
0,3,2,1,1,0,6,1550,2,3,3 BHK Apartment ,2,Viman Nagar,12000000,7741
0,3,1,1,1,0,6,1700,2,3,3 BHK Apartment ,8,Kalyani Nagar,17000000,10000
0,3,2,1,1,0,11,1200,2,2,2 BHK Apartment ,0,Kalyani Nagar,12000000,10000
0,3,0,1,1,0,6,1185,2,2,2 BHK Apartment ,4,Shastri Nagar,8500000,7172
0,3,1,1,1,0,21,2800,2,4,4 BHK Apartment ,0,Kalyani Nagar,45000000,16071
0,2,0,1,1,0,2,600,2,1,1 BHK Apartment ,7,Yerawada,4600000,7666
0,3,0,1,1,0,6,1537,2,3,3 BHK Apartment ,4,Kharadi,9500000,6180
0,3,1,1,1,0,11,1250,2,2,2 BHK Apartment ,6,Kalyani Nagar,8500000,6800
0,2,0,0,1,0,11,3400,2,4,4 BHK Apartment ,8,Kalyani Nagar,50000000,14705
0,3,0,1,1,0,11,5505,2,5,5 BHK Apartment ,0,Kalyani Nagar,60000000,10899
0,2,0,0,1,0,16,1800,2,3,3 BHK Apartment ,1,Koregaon Park,20000000,11111
0,3,0,1,1,0,3,4850,2,4,4 BHK Apartment ,6,Hadapsar,34500000,7113
0,3,0,1,1,0,6,2720,2,3,3 BHK Apartment ,2,Viman Nagar,18500000,6801
1,3,3,1,1,0,16,3300,2,5,5 BHK Apartment ,6,Koregaon Park,60000000,18181
0,3,0,1,1,0,11,3400,2,4,4 BHK Apartment ,10,Kalyani Nagar,49500000,14558
0,3,0,1,1,0,1,3300,2,3,3 BHK Apartment ,12,Koregaon Park,48600000,14727
0,3,1,1,1,0,6,2100,2,3,3 BHK Apartment ,4,Kalyani Nagar,32400000,15428
0,3,0,1,1,0,6,2350,2,4,4 BHK Apartment ,5,Koregaon Park,27500000,11702
0,3,0,1,1,0,3,2010,2,3,3 BHK Apartment ,11,Kharadi,13500000,6716
0,2,0,1,1,0,11,1600,2,2,2 BHK Apartment ,4,Koregaon Park,15000000,9375
0,3,1,1,1,0,0,1950,2,3,3 BHK Apartment ,3,Koregaon Park,30800000,15794
0,1,0,1,1,0,11,2500,2,3,3 BHK Apartment ,3,Sangamvadi,40000000,16000
0,3,0,1,1,0,11,2000,2,3,3 BHK Apartment ,9,Sangamvadi,30000000,15000
0,3,0,1,1,0,6,655,2,1,1 BHK Apartment ,0,Kharadi,4500000,6870
0,3,0,1,1,0,11,1859,2,3,3 BHK Apartment ,0,Koregaon Park,22500000,12103
0,3,0,1,1,0,2,784,2,2,2 BHK Apartment ,2,Wagholi,4000000,5102
0,3,0,1,1,0,0,1945,2,3,3 BHK Apartment ,4,Koregaon Park,30000000,15424
0,3,0,1,1,0,6,2000,2,3,3 BHK Apartment ,0,Wagholi,10300000,5150
0,3,0,1,1,0,11,3200,2,5,5 BHK Apartment ,2,Koregaon Park,37000000,11562
0,3,0,1,1,0,11,3341,2,4,4 BHK Apartment ,6,Koregaon Park,60000000,17958
0,3,1,1,1,0,11,1616,2,3,3 BHK Apartment ,1,Viman Nagar,13500000,8353
0,3,0,1,1,0,11,550,2,1,1 BHK Apartment ,4,Kalyani Nagar,4800000,8727
0,3,0,1,1,0,6,2584,2,4,4 BHK Apartment ,4,Kharadi,23000000,8900
0,3,0,1,1,0,11,1430,2,3,3 BHK Apartment ,6,Viman Nagar,16500000,11538
0,3,0,1,1,0,0,3150,2,3,3 BHK Apartment ,6,Sangamvadi,60000000,19047
0,3,0,1,1,0,6,1185,2,2,2 BHK Apartment ,4,Yerawada,8500000,7172
0,3,1,1,1,0,11,3300,2,4,4 BHK Apartment ,4,Wagholi,15000000,4545
0,3,0,1,1,0,2,3600,2,3,3 BHK Apartment ,3,Viman Nagar,45000000,12500
0,3,0,1,1,0,6,1100,2,2,2 BHK Apartment ,4,Sangamvadi,19000000,17272
0,3,0,1,1,0,6,538,2,1,1 BHK Apartment ,1,Kharadi,3500000,6505
0,3,0,1,1,0,6,961,2,2,2 BHK Apartment ,4,Wagholi,4900000,5098
0,3,0,1,1,0,6,1064,2,2,2 BHK Apartment ,8,Kharadi,7300000,6860
0,3,0,0,1,0,6,2800,2,3,3 BHK Villa ,0,Kalyani Nagar,25000000,8928
0,3,0,0,1,0,16,1800,2,3,3 BHK Villa ,0,Viman Nagar,14000000,7777
0,3,0,1,1,0,11,600,2,1,1 BHK Apartment ,2,Viman Nagar,4900000,8166
0,3,0,0,1,0,6,2200,2,3,3 BHK Villa ,0,Wagholi,10500000,4772
0,3,0,0,1,0,2,2385,2,3,3 BHK Villa ,0,Kharadi,11000000,4612
0,3,1,1,1,0,2,1962,2,3,3 BHK Apartment ,11,Kharadi,10500000,5351
0,3,1,1,1,0,11,1300,2,2,2 BHK Apartment ,4,Kalyani Nagar,14500000,11153
0,3,0,1,1,0,11,1600,2,3,3 BHK Apartment ,4,Kalyani Nagar,14000000,8750
0,3,0,1,1,0,11,1500,2,3,3 BHK Apartment ,3,Viman Nagar,12000000,8000
0,3,0,1,1,0,11,1650,2,3,3 BHK Apartment ,9,Mundhwa,14000000,8484
0,3,1,1,1,0,6,2350,2,3,4 BHK Apartment ,5,Kharadi,13500000,5744
0,3,1,1,1,0,2,2000,2,3,3 BHK Apartment ,11,Wagholi,10000000,5000
0,3,0,1,1,0,6,1635,2,3,3 BHK Apartment ,5,Kharadi,11500000,7033
0,3,0,1,1,0,11,1710,2,3,3 BHK Apartment ,1,Koregaon Park,18000000,10526
0,3,0,1,1,0,11,1885,2,3,3 BHK Apartment ,9,Kharadi,12500000,6631
0,3,0,1,1,0,10,3900,2,5,4 BHK Apartment ,7,Koregaon Park,68000000,17435
0,3,0,1,1,0,10,4200,2,4,4 BHK Apartment ,9,Kalyani Nagar,65000000,15476
0,3,0,1,1,0,10,1050,2,2,2 BHK Apartment ,1,Viman Nagar,6500000,6190
0,3,0,1,1,0,6,1650,2,3,3 BHK Apartment ,6,Viman Nagar,11000000,6666
0,3,0,1,1,0,6,2015,2,3,3 BHK Apartment ,7,Kharadi,14000000,6947
0,3,0,1,1,0,2,1855,2,3,3 BHK Apartment ,6,Kharadi,13200000,7115
0,3,0,1,1,0,2,2740,2,4,5 BHK Apartment ,6,Kharadi,18000000,6569
0,3,0,1,1,0,6,1650,2,3,3 BHK Apartment ,4,Viman Nagar,13000000,7878
0,3,0,1,1,0,6,1375,2,3,3 BHK Apartment ,5,Kharadi,13200000,9600
0,3,0,1,1,0,20,1210,2,2,2 BHK Apartment ,3,Koregaon Park,15100000,12479
0,3,0,1,1,0,2,1400,2,2,2 BHK Apartment ,1,Viman Nagar,12100000,8642
0,3,0,1,1,0,11,1520,2,3,3 BHK Apartment ,4,Viman Nagar,11500000,7565
0,3,0,1,1,0,6,2700,2,3,3 BHK Apartment ,5,Viman Nagar,11500000,4259
0,3,0,1,1,0,6,1565,2,3,3 BHK Apartment ,2,Kalyani Nagar,11500000,7348
0,3,0,1,1,0,11,1925,2,3,3 BHK Apartment ,9,Kalyani Nagar,20999825,10909
0,3,0,1,1,0,11,1350,2,3,3 BHK Apartment ,3,Viman Nagar,10500000,7777
0,3,1,1,1,0,11,1810,2,3,3 BHK Apartment ,5,Wadgaon Sheri,13000000,7182
0,3,1,1,1,0,6,2100,2,3,3 BHK Apartment ,4,Kalyani Nagar,32400000,15428
0,2,0,0,1,0,11,1150,2,2,2 BHK Apartment ,5,Wadgaon Sheri,8500000,7391
0,1,0,1,1,0,11,4100,2,4,4 BHK Apartment ,3,Sangamvadi,55500000,13536
0,3,0,1,1,0,2,6000,2,5,5 BHK Apartment ,10,Kalyani Nagar,150000000,25000
0,3,1,1,1,0,6,1445,2,2,2 BHK Apartment ,9,Hadapsar,10200000,7058
0,3,0,1,1,0,2,1250,2,2,2 BHK Apartment ,5,Kalyani Nagar,11000000,8800
0,2,2,1,1,0,2,2050,2,3,3 BHK Apartment ,3,Sangamvadi,30800000,15024
0,3,1,1,0,0,7,1750,2,3,3 BHK Apartment ,5,Boat Club Road,25000000,14285
0,3,1,1,0,0,3,950,1,2,2 BHK Apartment ,2,Boat Club Road,14000000,14736
0,3,0,1,0,0,7,1306,1,2,2 BHK Apartment ,8,Boat Club Road,26000000,19908
0,3,0,1,0,0,13,2000,2,3,3 BHK Apartment ,11,Boat Club Road,35000000,17500
0,2,0,1,0,0,13,2400,3,4,3 BHK Apartment ,2,Boat Club Road,36000000,15000
0,3,0,1,1,0,11,3887,2,4,4 BHK Apartment ,11,Koregaon Park,48000000,12348
0,3,1,1,1,1,6,1600,2,3,3 BHK Apartment ,8,Kharadi,9200000,5750
1,3,3,1,1,1,1,1188,2,2,2 BHK Apartment ,2,Hinjewadi,5726000,4819
0,2,0,0,1,0,1,1350,2,2,2 BHK Apartment ,2,Viman Nagar,10000000,7407
0,3,2,1,1,1,8,2600,3,4,4 BHK Apartment ,3,Mundhwa,29500000,11346
0,3,0,1,1,0,5,500,2,1,1 BHK Apartment ,1,Viman Nagar,5500000,11000
1,2,3,1,1,1,0,4300,2,4,4 BHK Apartment ,10,Kothrud,65300000,15186
0,3,0,1,1,0,6,850,2,2,2 BHK Apartment ,2,Kharadi,4500000,5294
0,3,0,1,1,0,2,880,2,2,2 BHK Apartment ,2,Wagholi,4000000,4545
0,3,0,1,1,0,11,808,2,2,2 BHK Apartment ,4,Kharadi,4999904,6188
0,3,0,1,1,0,11,1400,2,2,2 BHK Apartment ,3,Kharadi,7200000,5142
0,3,2,1,1,0,6,1600,2,3,3 BHK Apartment ,3,Kharadi,9000000,5625
0,3,0,1,1,0,9,3000,2,3,3 BHK Apartment ,7,Viman Nagar,27500000,9166
0,3,0,1,1,0,6,750,2,1,1 BHK Apartment ,1,Viman Nagar,4000000,5333
0,3,2,1,1,0,20,1250,2,2,2 BHK Apartment ,3,Wadgaon Sheri,9500000,7600
0,3,0,1,1,0,6,1500,2,3,3 BHK Apartment ,1,Kalyani Nagar,15000000,10000
1,3,3,1,1,0,3,1120,2,2,2 BHK Apartment ,5,Wagholi,5400000,4821
0,3,1,1,1,0,6,1200,2,2,2 BHK Apartment ,2,Kharadi,7200000,6000
0,3,1,0,0,1,10,2941,2,5,4 BHK Villa ,0,Kharadi,19000000,6460
0,3,1,0,0,1,10,3000,2,5,4 BHK Villa ,0,Koregaon Park,45000000,15000
0,3,2,0,0,1,10,4500,2,5,4 BHK Villa ,0,Koregaon Park,50000000,11111
0,3,0,1,1,0,10,1000,2,2,2 BHK Apartment ,3,Kharadi,5700000,5700
0,3,1,0,0,1,10,3040,2,3,3 BHK Apartment ,7,Kalyani Nagar,46800000,15394
0,3,2,0,0,1,10,2200,3,4,3 BHK Villa ,0,Viman Nagar,15000000,6818
0,3,1,0,0,1,10,2000,2,3,3 BHK Villa ,0,Viman Nagar,17500000,8750
0,3,1,1,1,0,1,2300,2,5,4 BHK Apartment ,5,Koregaon Park,34500000,15000
0,3,0,1,1,0,11,600,2,1,1 BHK Apartment ,2,Kharadi,4500000,7500
0,3,0,0,1,0,2,1732,2,2,2 BHK Apartment ,5,Kharadi,10300000,5946
1,3,3,1,1,0,6,2987,2,5,5 BHK Apartment ,4,Hadapsar,32500000,10880
0,3,0,1,1,0,11,1075,2,2,2 BHK Apartment ,5,Kharadi,7050000,6558
0,3,0,1,1,0,11,1683,2,3,3 BHK Apartment ,7,Viman Nagar,12000000,7130
0,3,2,1,1,0,6,1880,2,3,3 BHK Apartment ,2,Hadapsar,17500000,9308
0,3,2,0,0,1,10,4600,2,4,4 BHK Apartment ,9,Koregaon Park,43000000,9347
0,3,2,0,0,1,10,1150,1,3,2 BHK Villa ,0,Kharadi,8500000,7391
1,3,3,1,1,0,0,1000,1,2,2 BHK Apartment ,8,Kharadi,8900000,8900
0,3,1,1,1,1,4,1031,1,2,2 BHK Apartment ,4,Wagholi,5000000,4849
1,3,3,1,1,0,1,600,1,1,1 BHK Apartment ,4,Wagholi,3000000,5000
1,3,3,1,1,0,3,1000,1,2,2 BHK Apartment ,11,Kharadi,8000000,8000
1,3,3,1,1,0,1,916,1,2,2 BHK Apartment ,6,Wagholi,3600000,3930
0,3,0,1,1,0,3,640,1,2,2 BHK Apartment ,4,Wagholi,3300000,5156
0,3,1,1,1,1,6,1750,1,3,3 BHK Apartment ,3,Kalyani Nagar,17000000,9714
0,3,1,1,1,1,11,1544,1,3,3 BHK Apartment ,2,Kharadi,11700000,7577
0,3,0,0,1,0,2,621,1,1,1 BHK Apartment ,3,Kalyani Nagar,5000000,8051
0,3,0,1,1,0,19,1495,2,3,3 BHK Apartment ,1,Bund Garden,18000000,12040
1,3,3,1,1,0,0,904,2,2,2 BHK Apartment ,5,Kharadi,7073890,7825
1,3,3,1,1,0,0,1616,3,3,3 BHK Apartment ,11,Kharadi,10946965,6774
1,3,3,1,1,0,11,1130,2,2,2 BHK Apartment ,4,Kalyani Nagar,9300000,8230
0,3,0,1,1,0,6,945,2,2,2 BHK Apartment ,6,Kharadi,6600000,6984
0,3,0,1,1,0,6,575,2,1,1 BHK Apartment ,2,Kalyani Nagar,5099675,8869
1,3,3,1,1,0,11,1715,2,2,3 BHK Apartment ,4,Viman Nagar,11200000,6530
1,3,3,1,1,0,11,1336,2,3,3 BHK Apartment ,4,Kharadi,7800000,5838
0,3,1,1,1,0,6,1078,2,2,2 BHK Apartment ,3,Kharadi,7899584,7328
1,3,3,1,1,0,6,1145,2,2,2 BHK Apartment ,3,Hadapsar,9900000,8646
1,3,3,1,1,0,11,1250,2,4,3 BHK Apartment ,3,Kharadi,10500000,8400
0,3,1,1,1,0,1,1725,2,3,3 BHK Apartment ,1,Vishrantwadi,11900000,6898
0,3,2,1,1,0,6,1069,2,2,2 BHK Apartment ,2,Kharadi,7500000,7015
0,3,0,1,1,0,6,905,2,2,2 BHK Apartment ,3,Wagholi,5900000,6519
0,3,2,1,1,0,11,2250,2,4,4 BHK Villa ,0,Viman Nagar,20000000,8888
0,2,0,1,1,0,2,776,2,2,2 BHK Apartment ,5,Wagholi,2790000,3595
0,2,0,1,1,0,2,2100,2,3,3 BHK Villa ,0,Wagholi,10000000,4761
0,3,2,1,1,0,6,2051,2,3,3 BHK Villa ,0,Wagholi,11000000,5363
0,3,0,1,1,0,11,3500,2,4,4 BHK Villa ,0,Kalyani Nagar,35000000,10000
1,3,3,1,1,0,3,1100,2,2,2 BHK Apartment ,3,Yerawada,8500000,7727
0,3,0,1,1,0,6,1400,2,3,3 BHK Apartment ,7,Koregaon Park,13000000,9285
0,3,0,1,1,0,6,1083,2,2,2 BHK Apartment ,7,Baner,8500000,7848
0,3,0,1,1,1,8,1500,2,3,3 BHK Apartment ,2,Hadapsar,11700000,7800
0,3,2,1,1,1,6,1690,2,4,3 BHK Apartment ,4,Viman Nagar,17500000,10355
0,3,0,1,1,0,6,1500,2,3,3 BHK Apartment ,4,Kharadi,8700000,5800
0,3,0,1,1,0,10,915,2,2,2 BHK Apartment ,2,Kothrud,7000000,7650
0,3,0,1,1,0,11,1737,2,3,3 BHK Villa ,0,Wagholi,8200000,4720
0,3,2,1,1,0,11,2700,2,3,3 BHK Villa ,0,Wagholi,9500000,3518
0,3,0,1,1,0,10,1968,1,3,3 BHK Apartment ,2,Kalyani Nagar,23500000,11941
0,2,2,1,1,0,10,1750,2,3,3 BHK Apartment ,1,Kalyani Nagar,17500000,10000
0,3,1,1,1,0,10,1450,1,3,3 BHK Apartment ,5,Kalyani Nagar,14300000,9862
0,3,0,1,1,0,5,506,1,1,1 BHK Apartment ,1,Kalyani Nagar,7000000,13833
0,3,1,1,1,0,5,2900,2,3,3 BHK Apartment ,10,Hadapsar,21000000,7241
0,3,2,1,1,0,2,2979,1,4,4 BHK Apartment ,4,Kharadi,26000000,8727
0,3,0,1,1,0,10,2615,2,4,4 BHK Apartment ,4,Koregaon Park,40000000,15296
0,2,1,1,1,0,3,1450,2,3,3 BHK Apartment ,7,Bavdhan,9700000,6689
0,3,1,1,1,1,10,3200,3,3,3 BHK Apartment ,0,Wagholi,14500000,4531
0,3,0,1,1,0,10,2200,1,3,3 BHK Villa ,0,Viman Nagar,30000000,13636
0,3,2,1,1,1,10,2265,1,4,3 BHK Apartment ,10,Viman Nagar,25800000,11390
0,3,0,1,1,0,10,1040,1,2,2 BHK Apartment ,6,Viman Nagar,8000000,7692
0,3,1,1,1,1,10,4095,2,5,5 BHK Apartment ,8,Kharadi,36000000,8791
1,3,3,1,1,1,1,740,1,2,2 BHK Apartment ,3,Wagholi,3500000,4729
0,3,0,1,1,0,5,1450,1,2,2 BHK Villa ,4,Wagholi,7000000,4827
0,3,1,0,0,0,5,2500,2,3,3 BHK Villa ,1,Wagholi,17800000,7120
0,2,0,1,1,0,10,1010,2,2,2 BHK Apartment ,2,Shastri Nagar,8000000,7920
0,3,0,1,1,0,5,4665,2,4,4 BHK Apartment ,3,Hadapsar,27000000,5787
0,3,0,1,1,0,10,1085,2,2,2 BHK Apartment ,7,Koregaon Park,8000000,7373
0,3,0,1,1,0,5,900,2,2,2 BHK Apartment ,1,Koregaon Park,8500000,9444
0,3,0,1,1,0,6,1300,1,2,3 BHK Apartment ,1,Viman Nagar,10100000,7769
0,3,0,1,1,0,3,2048,2,4,3 BHK Apartment ,11,Kharadi,12200000,5957
0,3,0,1,1,0,1,3700,3,4,4 BHK Apartment ,1,Koregaon Park,57400000,15513
0,3,0,1,1,0,1,6000,3,6,4 BHK Apartment ,6,Kharadi,27200000,4533
0,3,0,1,1,0,3,4000,2,5,4 BHK Apartment ,9,Kharadi,34400000,8600
0,3,0,1,1,0,3,4355,2,4,4 BHK Apartment ,7,Kharadi,35200000,8082
0,3,0,1,1,0,1,6318,3,6,5 BHK Apartment ,15,Kharadi,45200000,7154
0,3,0,1,1,0,1,5265,3,6,5 BHK Apartment ,10,Kharadi,46200000,8774
0,3,0,1,1,0,0,2600,3,3,3 BHK Apartment ,5,Viman Nagar,17500000,6730
1,3,3,1,1,0,1,1060,1,2,2 BHK Apartment ,7,Wagholi,5200000,4905
0,3,2,1,1,1,11,4125,3,4,4 BHK Apartment ,9,Koregaon Park,42000000,10181
0,3,2,1,1,0,6,2400,2,4,4 BHK Apartment ,8,Kalyani Nagar,31000000,12917
0,3,0,1,1,0,11,550,2,1,1 BHK Apartment ,5,Viman Nagar,4200000,7636
0,3,0,1,1,0,11,1490,2,3,3 BHK Apartment ,6,Viman Nagar,8000000,5369
0,3,0,1,1,0,2,1450,2,3,3 BHK Apartment ,6,Viman Nagar,9500000,6552
0,3,2,1,1,0,11,3300,2,4,4 BHK Apartment ,6,Kalyani Nagar,42000000,12727
0,3,2,1,1,0,6,1500,2,3,3 BHK Apartment ,2,Viman Nagar,9500000,6333
0,3,2,1,1,0,3,2300,2,3,4 BHK Apartment ,4,Kalyani Nagar,37500000,16304
0,3,1,1,1,0,6,1257,2,2,2 BHK Apartment ,6,Kharadi,5800000,4614
0,3,0,1,1,0,3,1280,2,2,3 BHK Apartment ,6,Kharadi,6300000,4922
0,3,0,1,1,0,2,1255,2,2,2 BHK Apartment ,0,Viman Nagar,9000000,7171
0,3,0,1,1,0,6,1200,2,2,2 BHK Apartment ,0,Yerawada,7500000,6250
0,3,1,1,1,0,3,1535,2,3,3 BHK Apartment ,1,Viman Nagar,11500000,7491
0,3,2,1,1,0,2,1760,2,4,3 BHK Apartment ,6,Viman Nagar,20000000,11363
0,3,0,1,1,0,11,1060,2,2,2 BHK Apartment ,6,Wadgaon Sheri,7300000,6886
0,3,0,1,1,0,11,1535,2,3,3 BHK Apartment ,3,Kalyani Nagar,15000000,9771
0,3,0,1,1,0,11,610,2,1,1 BHK Apartment ,4,Yerawada,5500000,9016
0,3,0,0,0,0,6,1850,3,3,3 BHK Apartment ,9,Viman Nagar,13200000,7135
0,3,2,1,1,0,11,1930,2,3,3 BHK Apartment ,4,Kalyani Nagar,22500000,11658
0,3,0,1,1,0,11,1850,2,3,3 BHK Apartment ,10,Kalyani Nagar,20000000,10811
0,3,0,1,1,0,3,1750,2,3,3 BHK Apartment ,3,Kalyani Nagar,18500000,10571
0,3,0,1,1,0,11,1280,2,2,2 BHK Apartment ,4,Mundhwa,10500000,8203
0,3,0,1,1,0,3,2300,2,4,3 BHK Apartment ,2,Kharadi,11500000,5000
0,3,0,1,1,0,3,1200,2,2,2 BHK Apartment ,4,Kalyani Nagar,10200000,8500
0,3,1,1,1,0,11,3944,2,3,3 BHK Apartment ,4,Koregaon Park,20000000,5071
0,3,0,1,1,0,2,2560,2,3,3 BHK Apartment ,6,Hadapsar,18000000,7031
0,3,0,1,1,0,11,1200,2,2,2 BHK Apartment ,5,Wadgaon Sheri,7200000,6000
0,3,2,1,1,0,6,1400,2,3,3 BHK Apartment ,1,Kalyani Nagar,8000000,5714
0,3,0,1,1,0,6,1350,2,3,3 BHK Apartment ,4,Kalyani Nagar,10500000,7778
0,3,0,1,1,0,6,1090,2,2,2 BHK Apartment ,5,Kharadi,6000000,5504
0,3,0,1,1,0,2,765,2,2,2 BHK Apartment ,1,Wagholi,3500000,4575
0,3,0,1,1,0,6,1125,2,2,2 BHK Apartment ,3,Kharadi,7400000,6577
0,3,1,1,1,0,2,876,2,2,2 BHK Apartment ,6,Wagholi,3550000,4052
0,3,0,1,1,0,11,5700,2,5,5 BHK Apartment ,6,Viman Nagar,57000000,10000
1,3,3,1,1,0,6,773,2,2,2 BHK Apartment ,3,Kharadi,4800000,6209
0,3,0,1,1,0,11,2500,2,3,3 BHK Apartment ,0,Sangamvadi,32500000,13000
0,3,0,1,1,0,11,1850,2,4,4 BHK Apartment ,4,Viman Nagar,15000000,8108
0,3,0,1,1,0,2,1976,2,3,3 BHK Apartment ,6,Kharadi,12500000,6325
0,3,0,1,1,0,6,1180,2,2,2 BHK Apartment ,6,Wagholi,6000000,5084
0,3,1,1,1,0,6,2300,2,4,4 BHK Apartment ,3,Koregaon Park,28000000,12173
1,3,3,1,1,0,11,1050,2,3,3 BHK Apartment ,5,Viman Nagar,7500000,7142
1,3,3,1,1,0,6,1600,2,3,3 BHK Apartment ,10,Kharadi,9000000,5625
1,3,3,1,1,0,6,1550,2,3,3 BHK Apartment ,3,Wagholi,9000000,5806
0,3,0,1,1,0,3,890,2,2,2 BHK Apartment ,4,Wagholi,3500000,3932
0,3,0,1,1,0,3,1585,2,3,3 BHK Apartment ,1,Wagholi,7199070,4542
0,3,2,1,1,0,11,1100,2,2,2 BHK Apartment ,3,Kalyani Nagar,12000000,10909
0,3,0,1,1,0,11,1100,2,2,2 BHK Apartment ,6,Kharadi,6500000,5909
0,3,0,1,1,0,11,2000,2,3,3 BHK Apartment ,2,Koregaon Park,20000000,10000
0,3,0,1,1,0,11,1090,2,2,2 BHK Apartment ,3,Viman Nagar,7000000,6422
0,3,0,1,1,0,11,2075,2,5,4 BHK Apartment ,6,Kalyani Nagar,32000000,15421
0,3,0,1,1,0,11,1335,2,2,2 BHK Apartment ,2,Viman Nagar,7700000,5767
0,3,0,1,1,0,11,2400,2,4,4 BHK Apartment ,2,Koregaon Park,22500000,9375
0,3,0,1,1,0,6,4100,2,4,4 BHK Apartment ,5,Sangamvadi,65000000,15853
0,3,0,1,1,0,11,925,2,2,2 BHK Apartment ,4,Kharadi,6500000,7027
0,3,1,1,1,0,11,1200,2,2,2 BHK Apartment ,10,Mundhwa,13000000,10833
0,3,0,1,1,0,11,561,2,1,1 BHK Apartment ,6,Kharadi,3700000,6595
0,3,0,1,1,0,11,1045,2,2,2 BHK Apartment ,4,Kharadi,6300000,6028
0,3,0,1,1,0,11,1747,2,3,3 BHK Apartment ,3,Wadgaon Sheri,13500000,7727
0,3,1,1,1,0,2,1650,2,2,2 BHK Apartment ,8,Kharadi,11000000,6666
0,3,1,1,1,0,0,2810,2,3,3 BHK Apartment ,3,Sangamvadi,53400000,19003
0,3,0,1,1,0,6,2167,2,3,3 BHK Apartment ,10,Kharadi,9750000,4499
0,3,1,1,1,0,3,1384,2,3,3 BHK Apartment ,2,Viman Nagar,12000000,8670
0,3,0,1,1,0,3,1136,2,2,2 BHK Apartment ,1,Kharadi,5800000,5105
0,3,0,1,1,0,6,800,2,2,2 BHK Apartment ,1,Kharadi,7000000,8750
1,3,3,1,1,0,11,1000,2,2,3 BHK Apartment ,3,Yerawada,8500000,8500
0,3,1,1,1,0,2,1907,2,3,3 BHK Apartment ,9,Kharadi,10900000,5715
0,3,2,1,1,0,11,1500,2,3,3 BHK Apartment ,6,Kalyani Nagar,19000000,12666
0,3,0,1,1,0,11,1030,2,2,2 BHK Apartment ,2,Koregaon Park,9000000,8737
0,3,0,1,1,0,6,1611,2,3,3 BHK Apartment ,6,Kharadi,8800000,5462
0,3,0,1,1,0,6,1585,2,3,3 BHK Apartment ,3,Wagholi,7500000,4731
0,3,2,1,1,0,11,1785,2,3,3 BHK Apartment ,2,Koregaon Park,21000000,11764
0,3,2,1,1,0,6,1760,2,4,3 BHK Apartment ,4,Kalyani Nagar,16500000,9375
0,3,0,1,1,0,11,1480,2,3,3 BHK Apartment ,7,Viman Nagar,12500000,8445
0,3,0,1,1,0,11,800,2,2,2 BHK Apartment ,4,Kharadi,5400000,6750
0,3,0,1,1,0,11,2110,2,3,3 BHK Apartment ,3,Kharadi,12500000,5924
0,3,2,1,1,0,11,1750,2,3,3 BHK Apartment ,5,Kalyani Nagar,15000000,8571
0,3,0,1,1,0,11,2400,2,4,4 BHK Apartment ,3,Wadgaon Sheri,20500000,8541
0,3,0,1,1,0,11,1481,2,3,3 BHK Apartment ,3,Kharadi,9100000,6144
0,3,2,1,1,0,11,1600,2,3,3 BHK Apartment ,3,Sangamvadi,22500000,14062
0,3,0,1,1,0,11,1565,2,4,3 BHK Apartment ,7,Kalyani Nagar,13000000,8306
0,3,2,1,1,0,6,2400,2,4,4 BHK Apartment ,5,Kalyani Nagar,35500000,14791
0,3,0,1,1,0,11,2700,2,3,3 BHK Apartment ,10,Kalyani Nagar,27000000,10000
0,3,1,1,1,0,11,1100,2,2,2 BHK Apartment ,2,Viman Nagar,6500000,5909
0,3,0,1,1,0,16,525,2,1,1 BHK Apartment ,4,Viman Nagar,3500000,6666
1,3,3,0,1,0,2,1720,2,3,3 BHK Villa ,0,Wagholi,6536000,3800
0,3,0,1,1,0,11,2270,2,3,3 BHK Apartment ,3,Kalyani Nagar,30000000,13215
0,3,0,1,1,0,11,2400,2,4,4 BHK Apartment ,3,Wadgaon Sheri,20500000,8541
0,3,2,1,1,0,11,1340,2,2,2 BHK Apartment ,4,Kalyani Nagar,12000000,8955
0,3,1,1,1,0,11,1650,2,2,2 BHK Apartment ,4,Mundhwa,14500000,8787
0,3,2,1,1,0,11,1010,2,2,2 BHK Apartment ,2,Yerawada,7500000,7425
0,3,2,1,1,0,11,1550,2,3,3 BHK Apartment ,6,Viman Nagar,11500000,7419
0,3,0,1,1,0,11,945,2,2,2 BHK Apartment ,5,Kharadi,6500000,6878
0,3,2,1,1,0,11,1750,2,3,3 BHK Apartment ,5,Kalyani Nagar,15000000,8571
0,3,0,1,1,0,11,1563,2,3,3 BHK Apartment ,10,Kalyani Nagar,12000000,7677
0,3,1,1,1,0,11,1500,2,3,3 BHK Apartment ,9,Mundhwa,15000000,10000
0,3,2,1,1,0,11,2950,2,4,4 BHK Apartment ,0,Viman Nagar,16000000,5423
0,3,0,1,1,0,6,1535,2,3,3 BHK Apartment ,4,Kalyani Nagar,15000000,9771
0,3,0,1,1,0,11,1580,2,3,3 BHK Apartment ,9,Mundhwa,12800000,8101
0,3,0,1,1,0,11,3200,2,4,5 BHK Apartment ,9,Kalyani Nagar,39800000,12437
0,3,0,1,1,0,2,1270,2,2,2 BHK Apartment ,6,Kharadi,6500000,5118
0,3,1,1,1,0,11,975,2,2,2 BHK Apartment ,2,Koregaon Park,8000000,8205
0,3,0,0,1,0,11,2451,2,3,3 BHK Villa ,0,Viman Nagar,22000000,8975
0,3,2,0,0,1,10,4200,3,5,5 BHK Apartment ,0,Kharadi,22500000,5357
0,3,1,0,0,1,10,2900,2,5,4 BHK Villa ,0,Kharadi,19000000,6551
0,3,2,0,0,1,10,580,2,1,1 BHK Apartment ,1,Kalyani Nagar,6000000,10344
0,3,1,0,0,1,10,2015,2,4,3 BHK Apartment ,12,Kharadi,15000000,7444
0,3,2,0,0,1,10,1935,2,4,3 BHK Apartment ,8,Kalyani Nagar,23000000,11886
0,3,0,1,1,1,6,814,2,2,2 BHK Apartment ,9,Baner,8400000,10319
0,2,1,1,1,0,9,1067,1,2,2 BHK Apartment ,3,Viman Nagar,5200000,4873
0,3,2,0,0,0,10,1000,1,2,2 BHK Apartment ,2,Koregaon Park,13000000,13000
0,3,0,1,1,0,5,1015,2,2,2 BHK Apartment ,5,Kalyani Nagar,7500000,7389
0,2,1,1,1,0,8,2100,2,4,4 BHK Apartment ,5,Koregaon Park,21500000,10238
0,3,1,0,0,0,7,900,1,2,2 BHK Apartment ,4,Koregaon Park,9800000,10888
0,3,0,0,1,0,5,535,1,1,1 BHK Apartment ,4,Koregaon Park,5200000,9719
0,3,2,0,0,0,5,2600,2,4,4 BHK Apartment ,3,Koregaon Park,35200000,13538
0,2,1,0,0,0,15,1600,2,3,3 BHK Apartment ,1,Koregaon Park,14500000,9062
0,2,2,0,1,0,5,3345,3,5,4 BHK Apartment ,6,Koregaon Park,52500000,15695
0,3,0,0,1,0,5,3341,3,4,4 BHK Apartment ,4,Koregaon Park,54600000,16342
0,3,0,1,1,0,6,865,1,2,2 BHK Apartment ,1,Wagholi,3200000,3699
0,3,0,1,0,0,3,1700,2,3,3 BHK Apartment ,10,Koregaon Park,24000000,14117
0,3,0,1,1,1,2,1256,2,2,2 BHK Apartment ,4,Balewadi,11000000,8757
0,3,0,1,1,1,6,1408,2,3,3 BHK Apartment ,6,Baner,15000000,10653
0,3,0,1,1,1,6,1600,2,3,3 BHK Apartment ,2,Baner,16000000,10000
0,3,0,1,1,0,6,1300,2,3,3 BHK Apartment ,2,Kharadi,5300000,4076
0,3,1,0,1,0,11,2800,2,4,4 BHK Villa ,0,Koregaon Park,30000000,10714
0,3,0,1,1,0,11,2000,2,3,3 BHK Apartment ,2,Koregaon Park,20000000,10000
0,3,0,0,1,0,6,3670,2,4,4 BHK Villa ,0,Kalyani Nagar,45000000,12261
0,3,0,1,0,0,6,1030,2,2,2 BHK Apartment ,4,Shastri Nagar,8500000,8252
0,3,0,1,1,0,3,1716,2,3,3 BHK Apartment ,8,Kalyani Nagar,22500000,13111
0,3,0,1,1,0,6,1300,2,2,2 BHK Apartment ,4,Wakad,8500000,6538
0,3,1,0,0,1,10,715,1,2,2 BHK Apartment ,6,Shastri Nagar,6500000,9090
0,3,2,0,0,1,10,1045,1,2,3 BHK Apartment ,0,Shastri Nagar,7000000,6698
0,3,2,1,1,1,2,1070,2,2,2 BHK Apartment ,1,Bavdhan,8000000,7476
0,3,0,1,1,0,9,1000,1,2,2 BHK Apartment ,2,Pimple Saudagar,7000000,7000
0,3,0,1,1,0,1,935,1,2,2 BHK Apartment ,6,Pimple Saudagar,6900000,7379
0,3,0,1,1,1,2,1580,2,3,3 BHK Apartment ,7,Balewadi,11000000,6962
0,3,2,0,0,1,10,2450,2,4,3 BHK Apartment ,10,Kalyani Nagar,31000000,12653
0,3,2,0,0,1,10,2284,1,4,4 BHK Apartment ,4,Kalyani Nagar,35000000,15323
0,3,2,0,0,1,10,2500,2,4,4 BHK Villa ,0,Kalyani Nagar,26500000,10600
0,3,1,0,0,1,10,4250,3,5,5 BHK Villa ,0,Kalyani Nagar,72500000,17058
0,3,1,0,0,1,10,2293,2,4,3 BHK Apartment ,10,Kharadi,19000000,8286
0,3,1,0,0,1,10,2293,2,4,3 BHK Apartment ,19,Kharadi,20000000,8722
0,3,1,0,0,1,10,4355,3,4,4 BHK Apartment ,8,Kharadi,24000000,5510
0,3,1,0,0,1,10,4500,3,4,4 BHK Apartment ,2,Kharadi,32700000,7266
0,3,1,0,0,1,10,4088,2,4,4 BHK Apartment ,9,Kharadi,35000000,8561
0,3,1,0,0,1,10,6565,2,7,5 BHK Villa ,0,Kharadi,60700000,9246
0,3,1,0,0,1,10,3005,2,3,3 BHK Apartment ,6,Kalyani Nagar,49500000,16472
0,3,1,0,0,1,10,3795,2,4,4 BHK Apartment ,15,Kalyani Nagar,60000000,15810
0,3,1,0,0,1,10,4105,3,5,4 BHK Apartment ,12,Kalyani Nagar,65000000,15834
0,3,1,0,0,1,10,4105,2,4,4 BHK Apartment ,6,Kalyani Nagar,67700000,16492
0,3,1,0,0,1,10,3795,3,3,3 BHK Apartment ,7,Kalyani Nagar,80000000,21080
0,3,2,0,0,1,10,590,1,1,1 BHK Apartment ,2,Kalyani Nagar,5500000,9322
0,3,2,0,0,1,10,750,1,1,1 BHK Apartment ,5,Kalyani Nagar,6500000,8666
0,3,2,0,0,1,10,900,1,2,2 BHK Apartment ,2,Kalyani Nagar,7000000,7777
0,3,1,0,0,1,10,2850,2,4,4 BHK Apartment ,5,Kalyani Nagar,41500000,14561
0,3,1,0,0,1,10,3040,3,4,3 BHK Apartment ,18,Kalyani Nagar,45100000,14835
0,3,2,0,0,1,10,770,2,1,1 BHK Apartment ,4,Koregaon Park,8400000,10909
0,3,2,0,0,1,10,1255,2,3,3 BHK Apartment ,5,Koregaon Park,10000000,7968
0,3,2,0,0,1,10,1100,1,2,2 BHK Apartment ,2,Koregaon Park,11000000,10000
0,3,2,0,0,1,10,3300,2,4,4 BHK Apartment ,6,Koregaon Park,50000000,15151
0,3,2,0,0,1,10,1600,2,3,3 BHK Apartment ,5,Koregaon Park,16000000,10000
0,3,2,0,0,1,10,1800,3,4,3 BHK Apartment ,5,Koregaon Park,21000000,11666
0,3,2,0,0,1,10,840,1,2,2 BHK Apartment ,2,Bund Garden,8500000,10119
0,3,1,0,0,1,10,1350,2,2,2 BHK Apartment ,1,Bund Garden,14000000,10370
0,3,1,0,0,1,10,1500,1,2,3 BHK Apartment ,3,Bund Garden,18000000,12000
0,3,2,0,0,1,10,2015,2,3,3 BHK Apartment ,11,Kharadi,14000000,6947
0,3,2,1,1,1,9,770,2,1,1 BHK Apartment ,4,Koregaon Park,8400000,10909
0,3,1,0,0,1,10,4000,1,5,4 BHK Apartment ,8,Kalyani Nagar,60000000,15000
0,3,1,0,0,1,10,4095,3,5,5 BHK Apartment ,10,Kalyani Nagar,75000000,18315
0,3,1,0,0,1,10,4000,2,5,4 BHK Apartment ,10,Kalyani Nagar,52500000,13125
0,3,1,0,0,1,10,2500,1,3,3 BHK Villa ,0,Kharadi,27500000,11000
0,3,1,0,0,1,10,4595,3,6,5 BHK Apartment ,4,Boat Club Road,95600000,20805
0,3,2,0,0,0,10,1250,1,2,2 BHK Apartment ,5,Kharadi,6500000,5200
0,3,2,0,0,1,10,1075,2,2,2 BHK Apartment ,9,Kharadi,8000000,7441
0,3,1,0,0,1,10,4095,2,5,5 BHK Apartment ,8,Kharadi,36000000,8791
0,3,2,0,0,1,10,3000,2,5,4 BHK Apartment ,4,Kalyani Nagar,40000000,13333
0,3,2,0,0,1,10,1700,3,4,3 BHK Apartment ,9,Kalyani Nagar,17000000,10000
0,3,1,0,0,1,10,1100,2,2,2 BHK Apartment ,3,Kalyani Nagar,9000000,8181
0,3,1,0,0,1,10,1100,2,2,2 BHK Apartment ,6,Kalyani Nagar,11000000,10000
0,3,1,0,0,1,10,1400,1,3,3 BHK Apartment ,6,Kalyani Nagar,14000000,10000
0,3,1,0,0,1,10,2685,2,4,4 BHK Apartment ,4,Kalyani Nagar,25500000,9497
0,3,1,0,0,1,10,2430,3,4,4 BHK Apartment ,1,Kalyani Nagar,27000000,11111
0,3,1,0,0,1,10,4000,3,5,4 BHK Villa ,0,Viman Nagar,45000000,11250
0,3,2,0,0,1,10,5500,2,6,4 BHK Villa ,0,Viman Nagar,55000000,10000
0,3,2,0,0,1,10,1300,1,2,2 BHK Apartment ,2,Viman Nagar,11500000,8846
0,3,1,0,0,1,10,1010,1,2,2 BHK Apartment ,0,Shastri Nagar,11000000,10891
0,3,2,0,0,1,10,2750,2,5,5 BHK Villa ,0,Viman Nagar,22500000,8181
0,3,1,0,0,1,10,2500,2,3,3 BHK Apartment ,4,Viman Nagar,21500000,8600
0,3,1,0,0,1,10,2845,2,4,3 BHK Apartment ,3,Viman Nagar,23000000,8084
0,3,1,0,0,1,10,2845,2,3,3 BHK Apartment ,2,Viman Nagar,23000000,8084
0,3,2,0,0,1,10,3000,2,3,3 BHK Apartment ,7,Viman Nagar,25000000,8333
0,3,1,0,0,1,10,3725,3,4,4 BHK Apartment ,2,Viman Nagar,30100000,8080
0,3,1,0,0,1,10,5615,3,4,4 BHK Apartment ,2,Viman Nagar,45400000,8085
0,3,1,0,0,1,10,2500,2,3,3 BHK Apartment ,4,Viman Nagar,21500000,8600
0,3,1,0,0,1,10,1100,2,2,2 BHK Apartment ,4,Viman Nagar,9500000,8636
0,3,2,0,0,1,10,1500,1,3,3 BHK Apartment ,4,Viman Nagar,14000000,9333
0,3,2,0,0,1,10,600,1,1,1 BHK Apartment ,3,Koregaon Park,6000000,10000
0,3,2,0,0,1,10,1200,1,2,2 BHK Apartment ,0,Koregaon Park,14000000,11666
0,3,1,0,0,1,10,1010,2,2,2 BHK Apartment ,3,Shastri Nagar,8000000,7920
0,3,2,0,0,0,10,1150,2,2,2 BHK Apartment ,1,Kalyani Nagar,11000000,9565
0,3,1,1,1,0,7,1500,2,3,3 BHK Apartment ,10,Kothrud,20000000,13333
0,2,1,0,0,0,10,1010,1,2,2 BHK Apartment ,5,Shastri Nagar,11500000,11386
0,3,1,1,1,0,11,1750,2,3,3 BHK Apartment ,4,Kalyani Nagar,16500000,9428
0,3,0,1,1,0,2,2845,2,4,3 BHK Apartment ,3,Viman Nagar,22800000,8014
0,3,0,1,1,0,6,2200,1,3,3 BHK Apartment ,1,Koregaon Park,21000000,9545
0,3,0,1,1,0,10,840,2,2,2 BHK Apartment ,2,Bund Garden,9000000,10714
0,3,1,1,1,1,10,960,1,2,2 BHK Apartment ,3,Wakad,6300000,6562
0,3,2,1,1,0,11,1760,2,3,3 BHK Apartment ,7,Kalyani Nagar,15500000,8807
0,3,1,1,1,0,16,1315,2,3,3 BHK Apartment ,7,Koregaon Park,8800000,6692
0,3,0,1,1,0,11,1100,2,2,2 BHK Apartment ,4,Kharadi,6500000,5909
0,3,0,1,1,0,11,1118,2,2,2 BHK Apartment ,4,Kharadi,5200000,4651
0,3,1,1,1,0,11,950,2,2,2 BHK Apartment ,4,Kharadi,5800000,6105
0,3,0,1,1,0,11,1221,2,2,2 BHK Apartment ,0,Kharadi,4300000,3521
0,3,0,1,1,0,11,650,2,1,1 BHK Apartment ,3,Shastri Nagar,5300000,8153
0,3,0,1,1,0,11,1210,2,3,3 BHK Apartment ,5,Kharadi,7000000,5785
0,3,1,1,1,0,11,1000,2,2,2 BHK Apartment ,2,Koregaon Park,12500000,12500
0,3,2,1,1,0,11,1214,2,2,2 BHK Apartment ,4,Viman Nagar,9000000,7413
0,3,0,1,1,0,11,2288,2,4,4 BHK Apartment ,3,Viman Nagar,14000000,6118
0,3,1,1,1,0,11,570,2,1,1 BHK Apartment ,3,Kharadi,3500000,6140
0,3,2,0,1,0,11,2600,2,4,2 BHK Apartment ,0,Koregaon Park,45000000,17307
0,3,0,1,1,0,11,1456,2,3,3 BHK Apartment ,6,Kharadi,7800000,5357
0,3,0,1,1,0,11,1140,2,2,2 BHK Apartment ,4,Viman Nagar,8500000,7456
0,3,1,1,1,0,11,1554,2,3,3 BHK Apartment ,3,Kalyani Nagar,14000000,9009
0,3,0,1,1,0,11,1122,2,2,2 BHK Apartment ,2,Kharadi,5750000,5124
0,3,2,1,1,0,11,2825,2,3,3 BHK Apartment ,3,Kalyani Nagar,30000000,10619
0,3,0,0,1,0,11,3000,2,5,5 BHK Villa ,5,Viman Nagar,16000000,5333
0,3,2,1,1,0,16,1300,2,2,2 BHK Apartment ,3,Koregaon Park,15000000,11538
0,3,1,1,1,0,6,1050,2,2,2 BHK Apartment ,3,Kharadi,6500000,6190
0,3,0,1,1,0,11,640,2,1,1 BHK Apartment ,5,Yerawada,5000000,7812
0,3,1,1,1,0,11,650,2,1,1 BHK Apartment ,2,Yerawada,4900000,7538
0,3,1,1,1,0,11,850,2,2,2 BHK Apartment ,4,Kharadi,5300000,6235
0,3,1,1,1,0,11,1434,2,2,2 BHK Apartment ,5,Kharadi,7800000,5439
0,3,0,1,1,0,11,1611,2,3,3 BHK Apartment ,3,Kharadi,8500000,5276
0,3,0,1,1,0,11,620,2,1,1 BHK Apartment ,4,Yerawada,5300000,8548
0,3,2,1,1,0,11,2330,2,4,4 BHK Apartment ,6,Kalyani Nagar,30000000,12875
0,3,2,1,1,0,11,4800,2,4,4 BHK Apartment ,4,Hadapsar,38400000,8000
0,3,0,1,1,0,11,1365,2,2,2 BHK Apartment ,3,Kalyani Nagar,12500000,9157
0,3,0,1,1,0,11,1900,2,3,3 BHK Apartment ,10,Koregaon Park,22500000,11842
0,3,0,1,1,0,11,1441,2,2,3 BHK Apartment ,3,Viman Nagar,10000000,6939
0,3,0,1,1,0,11,1630,2,3,3 BHK Apartment ,5,Viman Nagar,11500000,7055
0,3,0,1,1,0,11,1500,2,2,2 BHK Apartment ,6,Viman Nagar,9000000,6000
0,3,0,1,1,0,3,2140,2,4,4 BHK Apartment ,5,Kharadi,14000000,6542
0,3,0,1,1,0,11,1050,2,2,2 BHK Apartment ,5,Kharadi,6200000,5905
0,3,0,1,1,0,6,990,2,2,2 BHK Apartment ,4,Wagholi,5000000,5050
0,3,0,1,1,0,6,1250,2,2,2 BHK Apartment ,3,Wagholi,6400000,5120
0,3,0,1,1,0,3,1078,2,2,2 BHK Apartment ,0,Kharadi,6500000,6029
0,3,2,1,1,0,6,1410,2,3,3 BHK Apartment ,1,Kharadi,10500000,7446
0,3,0,1,1,0,6,1107,2,2,2 BHK Apartment ,4,Kharadi,7000000,6323
1,3,3,1,1,0,3,1217,2,2,2 BHK Apartment ,4,Kalyani Nagar,9000000,7395
1,3,3,1,1,0,11,804,2,2,2 BHK Apartment ,3,Kharadi,5000000,6218
0,3,0,1,1,0,11,1500,2,3,3 BHK Apartment ,3,Kharadi,10000000,6666
0,3,0,1,1,0,11,800,2,2,2 BHK Apartment ,3,Kharadi,5000000,6250
0,3,0,1,1,0,11,1150,2,2,2 BHK Apartment ,4,Wagholi,5500000,4782
0,3,0,1,1,0,11,1069,2,2,2 BHK Apartment ,3,Kharadi,5500000,5144
0,3,0,1,1,0,11,975,2,2,2 BHK Apartment ,1,Viman Nagar,7400000,7590
0,3,1,1,1,0,11,2050,2,3,3 BHK Apartment ,3,Wadgaon Sheri,18000000,8780
0,3,1,1,1,0,11,1615,2,3,3 BHK Apartment ,6,Viman Nagar,9700000,6006
0,3,2,1,1,0,6,1280,2,2,2 BHK Apartment ,6,Wadgaon Sheri,7500000,5859
0,3,2,1,1,0,11,1550,2,3,3 BHK Apartment ,6,Viman Nagar,11500000,7419
0,3,0,1,1,0,11,1410,2,2,2 BHK Apartment ,4,Kharadi,6500000,4610
0,3,2,1,1,0,11,900,2,2,2 BHK Apartment ,4,Kharadi,5500000,6111
0,3,0,1,1,0,11,1150,2,2,2 BHK Apartment ,6,Viman Nagar,8000000,6957
0,3,2,1,1,0,11,1540,2,3,3 BHK Apartment ,4,Viman Nagar,12500000,8117
0,3,0,1,1,0,11,1025,2,2,2 BHK Apartment ,7,Wadgaon Sheri,6800000,6634
0,3,0,1,1,0,11,1265,2,2,2 BHK Apartment ,4,Viman Nagar,8800000,6957
0,3,0,1,1,0,11,1000,2,2,2 BHK Apartment ,8,Kalyani Nagar,8100000,8100
0,3,2,1,1,0,11,1281,2,2,2 BHK Apartment ,7,Wadgaon Sheri,8200000,6401
0,3,0,1,1,0,11,1085,2,2,2 BHK Apartment ,5,Mundhwa,7000000,6452
0,3,0,1,1,0,11,1050,2,2,2 BHK Apartment ,1,Viman Nagar,6500000,6190
0,3,0,1,1,0,11,1060,2,2,2 BHK Apartment ,2,Mundhwa,7000000,6604
0,3,2,1,1,0,11,1100,2,2,2 BHK Apartment ,3,Viman Nagar,7700000,7000
0,3,0,1,1,0,11,900,2,2,2 BHK Apartment ,2,Viman Nagar,5600000,6222
0,3,0,1,1,0,2,1870,2,2,2 BHK Apartment ,1,Wadgaon Sheri,16400000,8770
0,3,0,1,1,0,2,833,2,2,2 BHK Apartment ,8,Wagholi,3800000,4561
0,3,0,1,1,0,6,970,2,2,2 BHK Apartment ,2,Viman Nagar,6700000,6907
0,3,0,1,1,0,3,1575,2,3,3 BHK Apartment ,5,Viman Nagar,9500000,6032
0,3,0,1,1,0,11,2665,2,3,3 BHK Apartment ,7,Kalyani Nagar,27000000,10131
0,3,0,1,1,0,11,1800,2,3,3 BHK Apartment ,3,Wadgaon Sheri,12500000,6944
0,3,0,1,1,0,11,1230,2,2,2 BHK Apartment ,7,Viman Nagar,8000000,6504
0,3,0,1,1,0,2,1450,2,3,3 BHK Apartment ,1,Viman Nagar,7900000,5448
0,3,2,1,1,0,11,1070,2,2,2 BHK Apartment ,5,Kharadi,5500000,5140
0,3,0,1,1,0,16,650,2,1,1 BHK Apartment ,3,Kalyani Nagar,4800000,7385
0,3,1,1,1,0,11,1100,2,2,2 BHK Apartment ,5,Kharadi,6200000,5636
0,3,1,1,1,0,11,2050,2,3,3 BHK Apartment ,3,Wadgaon Sheri,18000000,8780
0,3,0,1,1,0,11,1700,2,2,2 BHK Apartment ,2,Kalyani Nagar,13600000,8000
0,3,0,1,1,0,4,1040,2,2,2 BHK Apartment ,10,Kalyani Nagar,8200000,7884
0,2,0,0,1,0,10,2359,2,3,3 BHK Apartment ,1,Viman Nagar,16000000,6782
0,3,0,1,1,0,11,2000,1,3,3 BHK Apartment ,3,Boat Club Road,25000000,12500
0,2,1,1,1,0,12,1028,1,2,2 BHK Apartment ,4,Kothrud,9000000,8754
0,3,0,0,0,0,7,900,1,1,1 BHK Apartment ,2,Kondhwa,2800000,3111
0,3,0,1,1,0,6,2800,2,4,4 BHK Apartment ,4,Kalyani Nagar,50000000,17857
0,3,0,1,1,0,10,2409,3,3,3 BHK Apartment ,10,Kalyani Nagar,30000000,12453
0,3,0,1,1,0,6,2300,1,3,3 BHK Apartment ,1,Koregaon Park,21000000,9130
0,3,0,1,1,0,10,2600,3,5,4 BHK Apartment ,4,Koregaon Park,35000000,13461
0,3,0,1,1,0,2,2250,2,3,3 BHK Apartment ,2,Koregaon Park,18000000,8000
0,3,0,1,1,0,10,1063,2,2,2 BHK Apartment ,5,Kharadi,8000000,7525
0,3,0,1,1,0,10,1070,1,2,2 BHK Apartment ,2,Viman Nagar,8200000,7663
0,3,0,1,1,0,6,690,1,1,1 BHK Apartment ,4,Viman Nagar,6100000,8840
0,3,0,1,1,0,6,1100,1,2,2 BHK Apartment ,5,Viman Nagar,7200000,6545
0,3,0,1,1,0,11,1300,1,2,2 BHK Apartment ,2,Viman Nagar,8000000,6153
0,3,0,1,1,0,11,1335,1,2,2 BHK Apartment ,3,Viman Nagar,9000000,6741
0,3,0,1,1,0,8,1624,2,3,3 BHK Apartment ,8,Viman Nagar,16000000,9852
0,3,0,1,1,0,6,938,1,2,2 BHK Apartment ,8,Viman Nagar,7000000,7462
0,3,0,1,1,0,1,2610,3,4,4 BHK Apartment ,10,Kharadi,14200000,5440
0,3,0,1,1,0,1,3010,2,4,3 BHK Apartment ,9,Kharadi,22500000,7475
0,3,0,1,1,0,7,1100,2,2,2 BHK Apartment ,8,Kharadi,6900000,6272
0,3,2,1,1,1,9,1759,2,2,2 BHK Apartment ,0,Kharadi,8800000,5002
1,3,3,1,1,0,3,2800,2,3,3 BHK Apartment ,3,Kalyani Nagar,30800000,11000
0,3,0,1,1,0,8,1140,1,2,2 BHK Apartment ,2,Viman Nagar,6600000,5789
0,3,0,1,1,0,3,5976,3,5,5 BHK Apartment ,6,Kharadi,46400000,7764
0,3,0,1,1,0,6,750,2,2,2 BHK Apartment ,3,Wagholi,3500000,4666
0,3,2,1,1,0,3,1690,2,3,3 BHK Apartment ,0,Viman Nagar,19000000,11242
0,3,0,1,1,0,2,1300,2,3,3 BHK Apartment ,0,Viman Nagar,10000000,7692
0,3,1,1,1,0,6,1460,2,2,2 BHK Apartment ,7,Viman Nagar,9000000,6164
0,3,0,1,1,0,11,1000,2,2,2 BHK Apartment ,4,Sangamvadi,7000000,7000
0,3,2,1,1,0,11,2800,2,5,5 BHK Apartment ,3,Sangamvadi,42500000,15178
0,3,2,1,1,0,6,1500,2,3,3 BHK Apartment ,7,Tingre Nagar,9000000,6000
0,3,0,1,1,0,11,1112,2,2,2 BHK Apartment ,2,Kharadi,5500000,4946
0,3,0,1,0,0,11,1335,2,2,2 BHK Apartment ,3,Viman Nagar,7700000,5767
0,3,2,1,1,0,6,4500,2,4,4 BHK Apartment ,10,Kalyani Nagar,55000000,12222
0,3,0,1,1,0,11,1560,2,3,3 BHK Apartment ,3,Kalyani Nagar,11000000,7051
0,3,0,1,1,0,11,1050,2,2,2 BHK Apartment ,6,Kharadi,6000000,5714
0,3,1,1,1,0,11,1600,2,4,4 BHK Apartment ,1,Viman Nagar,16000000,10000
0,3,0,1,1,0,11,2356,2,3,3 BHK Apartment ,2,Kalyani Nagar,22000000,9337
1,3,3,1,1,0,2,1360,2,2,2 BHK Apartment ,6,Mundhwa,10472000,7700
1,3,3,1,1,0,2,1350,2,2,2 BHK Apartment ,9,Mundhwa,10395000,7700
0,3,0,1,1,0,6,978,2,2,2 BHK Apartment ,4,Wagholi,2800000,2862
0,3,0,1,1,0,2,950,2,2,2 BHK Apartment ,1,Wagholi,5400000,5684
0,3,0,1,1,0,6,680,2,2,2 BHK Apartment ,1,Wagholi,5000000,7352
1,3,3,1,1,0,6,885,2,2,2 BHK Apartment ,10,Wagholi,4599345,5197
0,3,0,1,1,0,11,1800,2,2,2 BHK Apartment ,0,Kalyani Nagar,12500000,6944
0,3,0,1,1,0,11,1065,2,2,2 BHK Apartment ,3,Viman Nagar,7500000,7042
0,3,0,1,1,0,6,885,2,2,2 BHK Apartment ,2,Wagholi,5000000,5649
0,3,0,1,1,0,6,1325,2,2,2 BHK Apartment ,2,Viman Nagar,10000000,7547
0,3,0,1,1,0,11,2700,2,3,3 BHK Apartment ,4,Kalyani Nagar,32500000,12037
0,3,0,1,1,0,3,686,2,1,1 BHK Apartment ,3,Wagholi,3800000,5539
0,3,0,1,1,0,6,1140,2,2,2 BHK Apartment ,3,Wagholi,6000000,5263
0,2,0,1,1,0,4,1536,2,3,3 BHK Apartment ,6,Baner,12800000,8333
1,3,3,1,1,1,1,784,2,2,2 BHK Apartment ,9,Lohegaon,5100000,6505
0,3,0,1,1,0,11,1100,2,2,3 BHK Villa ,0,Kharadi,8300000,7545
0,3,0,1,1,0,2,1562,2,3,3 BHK Apartment ,3,Kalyani Nagar,10500000,6722
0,3,2,1,1,0,11,1800,2,3,3 BHK Apartment ,1,Kalyani Nagar,13000000,7222
0,3,2,1,1,0,6,1100,2,2,2 BHK Apartment ,4,Viman Nagar,7700000,7000
0,3,0,1,1,0,6,1470,2,3,3 BHK Apartment ,4,Kharadi,7500000,5102
0,3,0,1,1,0,11,2000,2,3,3 BHK Apartment ,7,Viman Nagar,13000000,6500
0,3,0,1,1,0,11,1300,2,3,3 BHK Apartment ,2,Viman Nagar,7000000,5385
0,3,0,1,1,0,11,1150,2,2,2 BHK Apartment ,6,Viman Nagar,8000000,6957
0,3,0,1,1,0,11,1100,2,2,2 BHK Apartment ,8,Wadgaon Sheri,7000000,6364
0,3,1,1,1,0,11,1415,2,3,3 BHK Apartment ,6,Kharadi,7500000,5300
0,3,1,0,0,0,10,610,2,2,1 BHK Apartment ,6,Shastri Nagar,5300000,8688
0,3,0,1,1,0,2,635,2,2,2 BHK Apartment ,0,Wagholi,3000000,4724
0,3,0,0,0,0,10,1460,2,3,3 BHK Villa ,1,Shastri Nagar,20500000,14041
0,2,2,1,1,0,20,585,1,1,1 BHK Apartment ,2,Koregaon Park,6000000,10256
0,2,2,0,0,0,15,3500,3,4,4 BHK Apartment ,9,Koregaon Park,33000000,9428
0,3,0,0,0,0,15,475,2,1,1 BHK Apartment ,4,Koregaon Park,5500000,11578
0,3,0,0,1,0,16,2750,2,4,4 BHK Villa ,0,Viman Nagar,19500000,7090
0,2,1,0,0,1,5,1553,3,3,3 BHK Apartment ,7,Pimple Saudagar,9500000,6117
0,3,1,0,0,0,1,1021,2,2,2 BHK Apartment ,6,Pimple Saudagar,7650000,7492
0,3,0,0,1,0,5,1200,1,2,2 BHK Apartment ,2,Balewadi,6500000,5416
0,3,0,1,1,1,16,610,1,1,1 BHK Apartment ,4,Bibwewadi,4700000,7704
0,2,0,1,1,0,0,814,1,2,2 BHK Apartment ,1,Viman Nagar,5700000,7002
0,3,0,0,1,0,1,3400,2,4,4 BHK Apartment ,6,Viman Nagar,25000000,7352
0,3,0,1,1,0,1,695,1,1,1 BHK Apartment ,1,Viman Nagar,5500000,7913
0,2,0,1,1,0,7,2535,3,4,4 BHK Apartment ,2,Wagholi,10000000,3944
0,3,0,1,1,0,5,600,1,1,1 BHK Apartment ,4,Boat Club Road,8000000,13333
0,3,1,1,1,0,4,920,2,2,2 BHK Apartment ,10,Wagholi,4900000,5326
0,3,0,1,1,1,2,1173,2,2,2 BHK Apartment ,3,Baner,9500000,8098
0,2,1,0,0,0,13,2400,2,3,3 BHK Apartment ,3,Koregaon Park,18500000,7708
0,3,0,1,1,0,10,1850,1,4,4 BHK Apartment ,1,Koregaon Park,18000000,9729
0,3,1,1,1,1,2,1061,2,2,2 BHK Apartment ,4,Bavdhan,7000000,6597
0,3,0,1,1,0,6,1650,3,3,3 BHK Apartment ,9,Pimple Saudagar,13000000,7878
0,3,0,0,1,0,6,1250,2,2,2 BHK Apartment ,1,Rahatani,8200000,6560
1,3,3,1,1,0,0,2174,3,4,4 BHK Apartment ,13,Kothrud,31000000,14259
0,3,1,0,0,0,15,1050,1,2,2 BHK Apartment ,1,Shastri Nagar,7700000,7333
0,2,1,0,0,0,10,2400,2,3,3 BHK Apartment ,3,Koregaon Park,18500000,7708
0,3,1,0,0,0,10,1150,2,2,2 BHK Apartment ,1,Kalyani Nagar,11000000,9565
0,3,2,1,1,1,7,985,1,2,2 BHK Apartment ,2,Kharadi,6200000,6294
0,3,0,1,1,0,2,815,2,2,2 BHK Apartment ,2,Wagholi,3800000,4662
0,3,0,1,1,0,11,1470,2,3,3 BHK Apartment ,4,Viman Nagar,10500000,7142
0,3,0,1,1,0,11,2400,2,4,4 BHK Apartment ,3,Wadgaon Sheri,20500000,8541
1,3,3,1,1,0,1,1005,2,2,2 BHK Apartment ,4,Wagholi,4120500,4100
0,3,0,1,1,0,11,2700,2,4,4 BHK Apartment ,4,Kalyani Nagar,40000000,14814
0,3,0,1,1,0,6,644,2,2,1 BHK Apartment ,3,Wagholi,3500000,5434
0,3,0,1,1,0,11,2850,2,4,4 BHK Villa ,0,Koregaon Park,27500000,9649
0,3,0,1,1,0,6,1045,2,2,2 BHK Apartment ,1,Kharadi,7000000,6698
0,3,0,1,1,0,3,1375,1,3,3 BHK Apartment ,3,Tingre Nagar,11400000,8290
0,3,2,1,1,0,2,2000,2,3,3 BHK Apartment ,1,Viman Nagar,14400000,7200
0,3,0,1,1,0,2,1901,2,3,3 BHK Apartment ,6,Kharadi,10000000,5263
0,3,0,1,1,0,6,1630,2,3,3 BHK Apartment ,3,Kharadi,9500000,5828
0,3,0,0,1,0,11,3500,2,5,5 BHK Villa ,0,Viman Nagar,45000000,12857
0,0,0,0,1,0,6,1000,2,2,2 BHK Apartment ,2,Kalyani Nagar,11500000,11500
0,2,1,0,0,1,7,1700,2,3,3 BHK Apartment ,7,Kalyani Nagar,14500000,8529
0,3,1,0,0,0,18,550,1,1,1 BHK Apartment ,1,Bund Garden,5800000,10545
0,3,2,0,0,1,8,580,2,1,1 BHK Apartment ,1,Kalyani Nagar,6000000,10344
0,2,2,0,0,1,8,1450,2,3,3 BHK Apartment ,2,Kalyani Nagar,12500000,8620
0,3,0,0,0,0,8,2200,2,3,3 BHK Apartment ,10,Boat Club Road,31000000,14090
0,2,1,1,1,1,2,1300,2,3,3 BHK Apartment ,5,Kalyani Nagar,8700000,6692
0,3,1,1,1,1,7,1050,2,1,2 BHK Apartment ,12,Kalyani Nagar,9200000,8761
0,2,2,0,0,1,3,4500,1,4,4 BHK Apartment ,8,Boat Club Road,67000000,14888
0,2,1,0,0,1,2,4595,1,4,4 BHK Apartment ,3,Boat Club Road,94800000,20631
0,3,0,1,1,0,9,770,1,1,1 BHK Apartment ,4,Koregaon Park,8500000,11038
0,3,1,1,1,0,3,4100,2,4,4 BHK Apartment ,6,Sangamvadi,57500000,14024
1,3,3,1,1,0,2,1620,2,3,3 BHK Apartment ,3,Mundhwa,12474000,7700
0,3,0,1,1,0,6,1100,2,2,2 BHK Apartment ,2,Kalyani Nagar,11500000,10454
0,3,0,1,1,0,6,2000,2,2,2 BHK Apartment ,0,Yerawada,16500000,8250
0,3,0,1,1,0,11,2800,2,5,5 BHK Apartment ,5,Mundhwa,31000000,11071
0,3,0,1,1,0,11,1575,2,3,3 BHK Apartment ,0,Kharadi,9000000,5714
0,3,0,1,0,0,6,2600,2,4,4 BHK Apartment ,4,Mundhwa,22000000,8461
0,3,0,1,1,0,6,550,2,1,1 BHK Apartment ,5,Wagholi,2700000,4909
0,3,0,1,0,0,16,650,2,2,1 BHK Apartment ,3,Shastri Nagar,6100000,9384
0,3,0,1,1,0,11,677,2,1,1 BHK Apartment ,2,Wagholi,2507000,3703
1,3,3,1,1,0,11,1550,2,3,3 BHK Apartment ,9,Wadgaon Sheri,12500000,8064
0,3,0,1,1,0,11,1620,2,3,3 BHK Apartment ,3,Kharadi,8500000,5247
0,3,0,1,1,0,11,1200,2,2,2 BHK Apartment ,5,Viman Nagar,8350000,6958
0,3,0,1,1,0,11,1250,2,2,2 BHK Apartment ,4,Mundhwa,8000000,6400
0,3,0,1,1,0,6,1325,2,3,3 BHK Apartment ,6,Viman Nagar,9900000,7471
0,3,2,1,1,0,16,2200,2,4,4 BHK Apartment ,1,Mundhwa,25000000,11363
0,3,0,1,1,0,6,1600,2,3,3 BHK Apartment ,10,Kharadi,9900000,6187
0,3,0,1,1,0,11,1400,2,3,3 BHK Apartment ,7,Viman Nagar,9000000,6428
0,3,0,1,1,0,6,1625,2,3,3 BHK Apartment ,12,Mundhwa,13000000,8000
0,3,2,1,1,0,6,4400,2,4,4 BHK Apartment ,10,Kalyani Nagar,60000000,13636
0,3,2,1,1,0,11,1000,2,2,3 BHK Apartment ,3,Yerawada,8500000,8500
0,3,0,1,1,0,2,1050,2,2,2 BHK Apartment ,7,Wadgaon Sheri,6600000,6286
0,3,0,1,1,0,6,2155,2,4,3 BHK Apartment ,3,Hadapsar,15000000,6961
0,3,0,1,1,0,6,1000,2,2,2 BHK Apartment ,4,Kharadi,5100000,5100
0,3,0,1,1,0,11,950,2,2,2 BHK Apartment ,1,Viman Nagar,6000000,6316
0,3,0,1,1,0,11,1200,2,2,2 BHK Apartment ,3,Viman Nagar,8000000,6667
0,3,0,1,1,0,3,750,2,2,2 BHK Apartment ,2,Viman Nagar,5500000,7333
0,3,0,1,1,0,2,715,2,1,1 BHK Apartment ,3,Viman Nagar,5500000,7692
0,3,0,1,1,0,11,1250,2,2,2 BHK Apartment ,2,Wadgaon Sheri,8300000,6640
0,3,0,1,1,0,6,1610,2,3,3 BHK Apartment ,6,Kharadi,7500000,4658
0,3,0,1,1,0,6,1122,2,2,2 BHK Apartment ,4,Kharadi,6300000,5615
0,3,0,1,1,0,11,1230,2,3,3 BHK Apartment ,2,Viman Nagar,8500000,6911
0,3,0,1,1,0,11,1160,2,2,2 BHK Apartment ,3,Viman Nagar,8000000,6897
0,3,0,1,1,0,6,1170,2,2,2 BHK Apartment ,3,Kharadi,4500000,3846
0,3,1,1,1,0,6,1130,2,2,2 BHK Apartment ,8,Yerawada,6800000,6018
0,3,0,1,1,0,11,1620,2,3,3 BHK Apartment ,4,Kharadi,9000000,5556
0,3,0,1,1,0,11,1280,2,2,2 BHK Apartment ,5,Kharadi,6300000,4922
0,3,0,1,1,0,2,1600,2,3,3 BHK Apartment ,5,Kalyani Nagar,10500000,6563
0,3,0,1,1,0,3,1450,2,2,2 BHK Apartment ,5,Mundhwa,10000000,6897
1,3,3,1,1,0,1,735,1,2,2 BHK Apartment ,2,Wagholi,3500000,4761
0,3,0,1,1,0,0,875,1,2,2 BHK Apartment ,1,Wagholi,6000000,6857
0,3,1,1,1,1,4,980,1,2,2 BHK Apartment ,1,Wagholi,5200000,5306
0,3,0,1,1,0,11,750,2,2,2 BHK Apartment ,5,Viman Nagar,5000000,6667
0,3,0,1,1,0,2,1700,2,3,3 BHK Apartment ,0,Viman Nagar,11200000,6588
0,3,2,1,1,0,11,3000,2,5,5 BHK Apartment ,7,Kalyani Nagar,28500000,9500
0,3,0,1,1,0,11,1335,2,2,2 BHK Apartment ,10,Mundhwa,11000000,8240
0,3,2,1,1,0,6,2500,2,4,4 BHK Apartment ,6,Kalyani Nagar,31000000,12400
0,3,1,1,1,0,6,1500,2,3,3 BHK Apartment ,1,Wadgaon Sheri,11800000,7867
0,3,0,1,1,0,6,1450,2,2,2 BHK Apartment ,12,Wagholi,7400000,5103
0,3,0,1,1,0,0,803,2,2,2 BHK Apartment ,6,Wagholi,4499209,5603
0,3,0,1,1,0,2,800,2,2,2 BHK Apartment ,6,Wagholi,4500000,5625
0,3,0,1,1,0,3,1650,2,3,3 BHK Apartment ,2,Viman Nagar,12500000,7575
0,3,0,1,1,0,0,1607,2,3,3 BHK Apartment ,6,Kharadi,9880000,6148
1,3,3,0,1,0,6,1900,2,3,3 BHK Villa ,0,Wagholi,10500000,5526
0,3,0,0,1,0,1,2350,2,3,3 BHK Apartment ,1,Kharadi,14100000,6000
0,3,0,1,1,0,2,1298,2,2,2 BHK Apartment ,1,Viman Nagar,10000000,7704
0,3,0,1,1,0,3,1600,1,3,3 BHK Apartment ,5,Wagholi,7500000,4687
1,3,3,1,1,0,0,1140,1,3,3 BHK Apartment ,7,Wagholi,6500000,5701
0,3,0,1,1,0,5,1167,1,2,2 BHK Apartment ,2,Kharadi,7000000,5998
0,3,1,1,1,1,9,965,1,2,2 BHK Apartment ,5,Wagholi,4800000,4974
1,3,3,0,1,0,1,1250,1,2,2 BHK Apartment ,6,Wagholi,6500000,5200
0,3,2,1,1,0,11,6000,2,4,4 BHK Villa ,0,Mundhwa,120000000,20000
0,3,0,0,1,0,6,1289,2,2,2 BHK Villa ,0,Viman Nagar,11000000,8533
0,3,0,1,1,0,6,3000,2,4,4 BHK Villa ,0,Kharadi,35000000,11666
0,3,0,1,1,0,6,1400,2,3,3 BHK Apartment ,5,Koregaon Park,12499200,8928
0,3,1,1,1,0,6,1360,2,2,2 BHK Apartment ,12,Mundhwa,11000000,8088
0,3,1,1,1,0,2,1620,2,3,3 BHK Apartment ,1,Mundhwa,14000000,8641
0,3,0,1,1,0,2,3858,2,4,4 BHK Apartment ,8,Hadapsar,43200000,11197
0,3,1,1,1,0,6,2100,2,3,3 BHK Apartment ,3,Kharadi,11600000,5523
0,3,2,1,1,0,2,4600,2,4,4 BHK Apartment ,19,Hadapsar,46000000,10000
0,3,0,1,1,0,0,3915,2,4,4 BHK Apartment ,5,Koregaon Park,60700000,15504
0,3,0,1,1,0,11,950,2,2,2 BHK Apartment ,1,Kharadi,6200000,6526
0,3,0,1,1,0,6,847,2,2,2 BHK Apartment ,1,Wagholi,4599210,5430
1,3,3,1,1,0,6,1618,2,3,3 BHK Apartment ,1,Kharadi,12500000,7725
0,2,0,1,1,0,16,1540,2,3,3 BHK Apartment ,2,Kalyani Nagar,15000000,9740
0,3,0,1,1,0,6,1200,2,2,2 BHK Apartment ,9,Wagholi,5100000,4250
0,3,0,1,1,0,6,3000,2,3,3 BHK Apartment ,4,Wagholi,11000000,3666
0,3,0,1,1,0,1,833,2,2,2 BHK Apartment ,7,Wagholi,3800000,4561
0,3,2,0,1,0,11,2850,2,4,4 BHK Villa ,0,Koregaon Park,27500000,9649
0,3,0,0,1,0,2,4285,2,4,4 BHK Villa ,0,Wagholi,15000000,3500
0,3,2,1,1,0,11,2800,2,4,4 BHK Villa ,0,Viman Nagar,18000000,6429
0,3,2,1,1,0,6,1760,2,3,3 BHK Villa ,0,Wagholi,9500000,5397
0,3,2,1,1,0,16,2850,2,5,4 BHK Villa ,0,Koregaon Park,32500000,11403
0,3,0,0,1,0,6,3475,2,4,4 BHK Villa ,0,Wagholi,17700000,5093
0,3,0,1,1,0,1,800,2,2,2 BHK Apartment ,7,Wagholi,3700000,4625
1,3,3,1,1,0,11,1750,2,3,3 BHK Apartment ,1,Kalyani Nagar,19000000,10857
0,3,0,1,1,0,0,660,2,1,1 BHK Apartment ,1,Wagholi,4000000,6060
0,3,0,1,1,0,11,1300,2,3,3 BHK Apartment ,1,Koregaon Park,15400000,11846
0,3,0,1,0,0,12,550,2,1,1 BHK Apartment ,3,Koregaon Park,5500000,10000
0,3,2,1,1,0,10,650,2,1,1 BHK Apartment ,6,Viman Nagar,5400000,8307
0,3,2,1,1,1,7,1180,2,2,2 BHK Apartment ,1,Kharadi,6500000,5508
0,3,0,1,1,0,6,1294,2,3,3 BHK Apartment ,2,Viman Nagar,8500000,6568
0,3,1,1,1,0,11,2400,2,3,3 BHK Apartment ,7,Kalyani Nagar,25000000,10416
0,3,0,1,1,0,2,2584,2,4,4 BHK Apartment ,3,Kharadi,21500000,8320
0,3,0,1,1,0,2,1270,2,2,2 BHK Apartment ,6,Kharadi,6500000,5118
0,3,1,1,1,0,11,1450,2,2,2 BHK Apartment ,6,Kalyani Nagar,14500000,10000
0,3,2,1,1,0,11,1780,2,3,3 BHK Apartment ,7,Kalyani Nagar,15000000,8426
0,3,1,1,1,0,2,1039,2,2,2 BHK Apartment ,10,Kharadi,7200000,6929
0,3,0,1,1,0,11,2015,2,3,3 BHK Apartment ,3,Kharadi,13500000,6699
0,3,0,1,1,0,11,575,2,1,1 BHK Apartment ,3,Viman Nagar,4400000,7652
1,3,3,1,0,0,6,1275,2,3,3 BHK Apartment ,4,Kharadi,7500000,5882
0,3,0,1,1,0,6,1170,2,2,2 BHK Apartment ,0,Yerawada,12200000,10427
0,3,0,1,1,0,6,851,2,2,2 BHK Apartment ,5,Wagholi,4500000,5287
0,3,0,1,1,0,6,1200,2,2,2 BHK Apartment ,2,Kharadi,7200000,6000
0,3,0,1,1,0,6,610,2,1,1 BHK Apartment ,2,Wagholi,2800000,4590
1,3,3,1,1,0,11,1250,2,2,2 BHK Apartment ,6,Koregaon Park,12800000,10240
1,3,3,1,1,0,6,1241,2,2,2 BHK Apartment ,6,Wagholi,6600000,5318
0,3,0,1,1,0,6,2015,2,3,4 BHK Apartment ,6,Kharadi,12800000,6352
0,3,2,1,1,0,11,2170,2,3,3 BHK Apartment ,3,Viman Nagar,13100000,6036
0,3,1,1,1,0,6,1600,2,3,3 BHK Apartment ,5,Wadgaon Sheri,11500000,7187
0,3,0,1,1,0,3,2015,2,3,3 BHK Apartment ,7,Kharadi,13500000,6699
0,3,0,1,1,0,3,2560,2,4,4 BHK Apartment ,10,Kharadi,17000000,6640
0,3,0,1,1,0,11,1540,2,3,3 BHK Apartment ,3,Viman Nagar,20500000,13311
0,3,0,1,1,0,6,793,2,2,2 BHK Apartment ,7,Wagholi,3450000,4350
0,3,0,1,1,0,0,583,2,2,1 BHK Apartment ,3,Wagholi,3884000,6662
0,3,0,1,1,0,6,1300,2,3,3 BHK Apartment ,3,Wagholi,6800000,5230
1,3,3,1,1,0,1,833,2,2,2 BHK Apartment ,8,Wagholi,3800000,4561
0,3,0,1,1,0,11,650,2,1,1 BHK Apartment ,5,Wagholi,3199950,4923
0,3,1,1,1,0,3,900,2,2,2 BHK Apartment ,3,Kharadi,6200000,6888
0,3,2,1,1,0,11,1500,2,3,3 BHK Apartment ,5,Viman Nagar,15000000,10000
0,3,0,1,1,0,2,2015,2,3,3 BHK Apartment ,6,Kharadi,13500000,6699
0,3,0,1,1,0,11,1071,2,2,2 BHK Apartment ,4,Viman Nagar,7200000,6722
0,3,0,1,1,0,2,1850,2,4,4 BHK Apartment ,4,Kharadi,14000000,7567
0,3,0,1,1,0,6,1611,2,3,3 BHK Apartment ,7,Kharadi,8500000,5276
0,3,1,1,1,0,11,1500,2,3,3 BHK Apartment ,3,Kalyani Nagar,14500000,9666
0,3,2,1,1,0,11,1240,2,2,2 BHK Apartment ,3,Kalyani Nagar,11000000,8870
0,3,0,1,1,0,11,1150,2,2,2 BHK Apartment ,2,Viman Nagar,6800000,5913
0,3,2,1,1,0,11,1341,2,2,2 BHK Apartment ,5,Kalyani Nagar,12000000,8948
0,3,0,1,1,0,11,1650,2,2,2 BHK Apartment ,2,Kalyani Nagar,13000000,7878
0,3,0,1,1,0,2,1625,2,3,3 BHK Apartment ,6,Kharadi,10000000,6153
0,3,0,1,1,0,11,1000,2,2,2 BHK Apartment ,5,Viman Nagar,10000000,10000
0,3,0,1,1,0,6,1197,2,2,2 BHK Apartment ,4,Kalyani Nagar,15000000,12531
0,3,0,1,1,0,11,1200,2,2,2 BHK Apartment ,3,Kharadi,6000000,5000
0,3,0,1,1,0,11,848,2,2,2 BHK Apartment ,3,Wagholi,3800000,4481
0,3,0,1,1,0,11,1150,2,2,2 BHK Apartment ,6,Viman Nagar,8000000,6956
0,3,1,1,1,0,11,3350,2,3,3 BHK Apartment ,7,Kharadi,11500000,3432
0,3,2,1,1,0,16,910,2,2,2 BHK Apartment ,3,Viman Nagar,6800000,7472
0,3,2,1,1,0,6,975,2,2,2 BHK Apartment ,5,Hadapsar,6500000,6666
0,3,0,0,1,0,11,3000,2,5,5 BHK Villa ,0,Kalyani Nagar,16000000,5333
0,3,0,1,1,0,11,750,2,1,1 BHK Apartment ,3,Kalyani Nagar,6000000,8000
0,3,0,1,1,0,11,1400,2,3,3 BHK Apartment ,6,Wadgaon Sheri,8500000,6071
0,3,2,1,1,0,11,2825,2,3,3 BHK Apartment ,3,Kalyani Nagar,30000000,10619
0,3,2,1,1,0,11,1365,2,2,2 BHK Apartment ,3,Kalyani Nagar,12500000,9157
0,3,2,1,1,0,6,2950,2,4,4 BHK Apartment ,0,Viman Nagar,16000000,5423
0,0,1,1,1,0,11,1501,2,3,3 BHK Apartment ,2,Kalyani Nagar,14000000,9327
0,3,1,1,1,0,2,1700,2,2,3 BHK Apartment ,5,Viman Nagar,13500000,7941
0,3,2,1,1,0,11,1750,2,3,3 BHK Apartment ,6,Kalyani Nagar,18000000,10285
0,3,2,1,1,0,11,1540,2,3,3 BHK Apartment ,4,Viman Nagar,12500000,8116
0,3,2,1,1,0,11,3300,2,4,4 BHK Apartment ,6,Kalyani Nagar,42000000,12727
0,3,0,1,1,0,11,1750,2,3,3 BHK Apartment ,4,Yerawada,14000000,8000
0,3,2,1,1,0,6,1735,2,3,3 BHK Apartment ,7,Kalyani Nagar,15000000,8646
0,3,0,1,1,0,11,1312,2,2,2 BHK Apartment ,7,Koregaon Park,8200000,6250
0,3,0,1,1,0,11,1660,2,3,4 BHK Apartment ,7,Viman Nagar,12500000,7530
0,3,0,1,1,0,6,1467,2,3,3 BHK Apartment ,2,Kharadi,7500000,5112
0,3,0,1,1,0,11,2800,2,5,4 BHK Apartment ,3,Koregaon Park,35000000,12500
0,3,0,1,1,0,16,1010,2,2,2 BHK Apartment ,2,Viman Nagar,6500000,6435
0,3,2,1,1,0,11,1350,2,3,3 BHK Apartment ,4,Viman Nagar,8000000,5925
0,3,0,1,1,0,11,1535,2,3,3 BHK Apartment ,3,Viman Nagar,11000000,7166
0,3,0,1,1,0,4,800,3,1,1 BHK Apartment ,1,Lohegaon,4000000,5000
0,3,0,0,0,0,10,1495,3,3,3 BHK Apartment ,1,Bund Garden,20100000,13444
0,3,2,0,1,0,2,1800,3,3,3 BHK Villa ,0,Wakad,15000000,8333
0,3,0,0,1,0,5,3341,3,4,4 BHK Apartment ,4,Koregaon Park,54600000,16342
0,3,1,1,1,0,11,1495,2,2,3 BHK Apartment ,2,Viman Nagar,11000000,7358
0,3,2,1,1,0,11,1085,2,2,2 BHK Apartment ,6,Wadgaon Sheri,6800000,6267
0,3,0,1,1,0,11,1550,2,3,3 BHK Apartment ,4,Wagholi,7500000,4838
0,3,2,1,1,0,11,2710,2,2,4 BHK Apartment ,8,Koregaon Park,25800000,9520
0,3,2,1,1,0,11,1750,2,3,3 BHK Apartment ,5,Kalyani Nagar,15000000,8571
0,3,2,1,1,0,11,690,2,1,1 BHK Apartment ,6,Viman Nagar,5500000,7971
0,3,0,1,1,0,5,814,1,2,2 BHK Apartment ,1,Viman Nagar,5700000,7002
0,3,0,1,1,0,10,1485,2,3,3 BHK Apartment ,1,Viman Nagar,15000000,10101
0,3,0,1,1,0,11,2509,1,3,3 BHK Apartment ,10,Kalyani Nagar,29000000,11558
0,3,0,1,1,0,10,2635,3,3,3 BHK Apartment ,5,Viman Nagar,21000000,7969
0,3,0,0,0,0,1,4142,2,4,4 BHK Apartment ,9,Koregaon Park,66500000,16055
0,3,0,0,0,0,1,4930,1,5,4 BHK Apartment ,5,Koregaon Park,80000000,16227
0,3,0,1,1,0,6,600,1,1,1 BHK Apartment ,5,Koregaon Park,6000000,10000
0,3,0,0,0,0,1,3933,2,4,4 BHK Apartment ,5,Koregaon Park,62800200,15967
0,3,0,1,1,0,11,1240,2,3,3 BHK Apartment ,2,Viman Nagar,7500000,6048
0,3,0,1,1,0,6,1043,2,2,2 BHK Apartment ,6,Kharadi,5000000,4794
0,3,2,1,1,0,2,1690,2,3,4 BHK Apartment ,8,Viman Nagar,18000000,10651
0,3,1,1,1,0,11,2110,2,3,3 BHK Apartment ,9,Kharadi,12500000,5924
0,3,1,1,1,0,11,1565,2,4,3 BHK Apartment ,10,Kalyani Nagar,13300000,8498
0,3,2,1,1,0,11,3300,2,4,4 BHK Apartment ,6,Kalyani Nagar,42000000,12727
0,3,1,1,1,0,2,2345,2,3,3 BHK Apartment ,4,Kharadi,15000000,6396
0,3,2,1,1,0,11,3000,2,5,5 BHK Apartment ,7,Kalyani Nagar,28500000,9500
0,3,0,1,1,0,6,4100,2,4,4 BHK Apartment ,5,Sangamvadi,65000000,15853
0,3,0,1,1,0,11,2070,2,3,3 BHK Apartment ,3,Koregaon Park,20000000,9661
0,3,0,1,1,0,11,2800,2,4,4 BHK Apartment ,3,Koregaon Park,35000000,12500
0,3,0,1,1,0,11,1480,2,3,3 BHK Apartment ,7,Viman Nagar,11500000,7770
0,3,1,1,1,0,11,1363,2,3,3 BHK Apartment ,4,Kharadi,10500000,7703
0,3,0,1,1,0,6,793,2,2,2 BHK Apartment ,8,Wagholi,4400000,5548
0,3,0,1,1,0,3,890,2,2,2 BHK Apartment ,4,Wagholi,3500000,3932
0,3,0,1,1,0,3,787,2,2,2 BHK Apartment ,9,Wagholi,3900000,4955
0,3,2,1,1,0,11,1550,2,3,3 BHK Apartment ,6,Wagholi,8500000,5483
0,3,0,1,1,0,11,1650,2,2,2 BHK Apartment ,7,Yerawada,10000000,6060
0,3,1,1,1,0,11,625,2,1,1 BHK Apartment ,4,Viman Nagar,4200000,6720
0,3,0,1,1,0,11,1650,2,3,3 BHK Apartment ,2,Mundhwa,14000000,8484
0,3,0,1,1,0,11,1205,2,2,2 BHK Apartment ,6,Kharadi,7800000,6473
0,3,0,1,1,0,11,1800,2,3,3 BHK Apartment ,2,Koregaon Park,21600000,12000
0,3,2,1,1,0,2,3200,2,4,4 BHK Apartment ,4,Sangamvadi,12000000,3750
0,3,0,1,1,0,11,2075,2,5,4 BHK Apartment ,6,Kalyani Nagar,32000000,15421
0,3,0,1,1,0,6,4100,2,4,4 BHK Apartment ,5,Sangamvadi,65000000,15853
0,3,0,1,1,0,11,1800,2,3,3 BHK Apartment ,2,Koregaon Park,21600000,12000
0,3,2,1,1,0,11,2710,2,4,4 BHK Apartment ,8,Koregaon Park,25800000,9520
0,3,0,1,1,0,11,2300,2,3,3 BHK Apartment ,1,Koregaon Park,23100000,10043
0,3,0,1,1,0,11,925,2,2,2 BHK Apartment ,4,Kharadi,6500000,7027
0,3,0,1,1,0,16,2800,2,3,3 BHK Apartment ,4,Koregaon Park,36500000,13035
0,3,0,1,1,0,2,1225,2,2,3 BHK Apartment ,3,Kalyani Nagar,9000000,7346
0,3,0,1,1,0,2,4440,2,4,4 BHK Apartment ,6,Kharadi,30100000,6779
0,3,1,1,1,0,11,1501,2,3,3 BHK Apartment ,2,Kalyani Nagar,14000000,9327
0,3,2,1,1,0,11,2710,2,4,4 BHK Apartment ,8,Koregaon Park,25800000,9520
0,3,0,1,1,0,11,1680,2,3,3 BHK Apartment ,5,Sangamvadi,28000000,16666
0,3,0,1,1,0,11,2400,2,4,4 BHK Apartment ,8,Mundhwa,30000000,12500
0,3,0,1,1,0,11,1489,2,3,3 BHK Apartment ,4,Koregaon Park,15000000,10073
0,3,1,1,1,0,11,900,2,2,2 BHK Apartment ,5,Kharadi,6500000,7222
0,3,1,1,1,0,11,1250,2,2,2 BHK Apartment ,8,Kalyani Nagar,11000000,8800
0,3,0,1,1,0,11,1120,2,2,2 BHK Apartment ,5,Wagholi,5500000,4910
0,3,0,1,1,0,6,1234,2,2,2 BHK Apartment ,3,Viman Nagar,9000000,7293
0,3,1,1,1,0,11,1219,2,2,2 BHK Apartment ,4,Kharadi,8500000,6972
0,3,1,1,1,0,11,842,2,2,2 BHK Apartment ,4,Kharadi,5300000,6294
0,3,2,1,1,0,11,1800,2,4,4 BHK Apartment ,2,Koregaon Park,11000000,6111
0,3,2,1,1,0,11,850,2,2,2 BHK Apartment ,2,Kharadi,4800000,5647
0,3,0,1,1,0,11,1100,2,2,2 BHK Apartment ,2,Kharadi,4000000,3636
0,3,0,1,1,0,11,1390,2,3,3 BHK Apartment ,5,Kharadi,6800000,4892
0,3,1,1,1,0,6,1255,2,3,3 BHK Apartment ,1,Kharadi,10000000,7968
0,3,0,1,1,0,6,1100,2,2,2 BHK Apartment ,6,Kharadi,6499900,5909
0,3,0,1,1,0,6,1050,2,2,2 BHK Apartment ,5,Kharadi,7000000,6666
0,3,0,1,1,0,3,1008,2,2,2 BHK Apartment ,8,Wagholi,6200000,6150
1,3,3,1,1,0,6,855,2,2,2 BHK Apartment ,4,Wagholi,4500000,5263
0,3,0,1,1,0,6,6700,2,3,3 BHK Apartment ,4,Koregaon Park,65000000,9701
0,3,2,1,1,0,11,1100,2,2,2 BHK Apartment ,7,Koregaon Park,14200000,12909
0,3,0,1,1,0,11,1490,2,3,3 BHK Apartment ,6,Viman Nagar,11500000,7718
0,3,2,1,1,0,16,1100,2,2,2 BHK Apartment ,0,Koregaon Park,20000000,18181
0,3,0,1,1,0,11,1189,2,2,2 BHK Apartment ,4,Kharadi,6500000,5466
0,3,1,1,1,0,6,570,2,1,1 BHK Apartment ,3,Kharadi,3700000,6491
0,3,0,1,1,0,2,1250,2,2,2 BHK Villa ,0,Viman Nagar,12000000,9600
0,3,0,1,1,0,11,1055,2,2,2 BHK Apartment ,10,Kharadi,5600000,5308
0,3,1,1,1,0,11,1875,2,3,3 BHK Apartment ,4,Kalyani Nagar,18500000,9867
0,3,0,1,1,0,11,1150,2,2,2 BHK Apartment ,7,Kharadi,6200000,5391
0,3,0,1,1,0,11,1625,2,3,3 BHK Apartment ,10,Mundhwa,12500000,7692
0,3,0,1,1,0,11,1000,2,2,2 BHK Apartment ,7,Viman Nagar,10000000,10000
0,3,0,1,1,0,11,1150,2,2,2 BHK Apartment ,7,Kharadi,6200000,5391
0,3,0,1,1,0,11,800,2,2,2 BHK Apartment ,1,Viman Nagar,5500000,6875
0,3,1,1,1,0,11,1080,2,2,2 BHK Apartment ,8,Kharadi,5700000,5278
0,3,2,1,1,0,11,1610,2,3,3 BHK Apartment ,9,Kharadi,7000000,4348
0,3,0,1,1,0,11,2155,2,3,3 BHK Apartment ,5,Hadapsar,15000000,6961
0,3,0,1,1,0,11,1615,2,3,3 BHK Apartment ,3,Kalyani Nagar,13000000,8050
0,3,0,1,1,0,11,1440,2,3,3 BHK Apartment ,4,Kalyani Nagar,10000000,6944
0,3,1,1,1,0,11,850,2,2,2 BHK Apartment ,2,Viman Nagar,6700000,7882
0,3,0,1,1,0,11,950,2,2,2 BHK Apartment ,8,Kharadi,4800000,5053
0,3,0,1,1,0,11,1620,2,3,3 BHK Apartment ,2,Wadgaon Sheri,9900000,6111
0,3,0,1,1,0,6,1045,2,2,2 BHK Apartment ,4,Viman Nagar,6500000,6220
0,3,0,1,1,0,11,1360,2,2,3 BHK Apartment ,4,Kalyani Nagar,11000000,8088
0,3,0,1,1,0,16,1240,2,2,2 BHK Apartment ,4,Kalyani Nagar,11800000,9516
0,3,2,1,1,0,11,1150,2,2,2 BHK Apartment ,3,Viman Nagar,8500000,7391
0,3,2,1,1,0,11,850,2,2,2 BHK Apartment ,2,Kharadi,4800000,5647
0,3,1,1,1,0,11,1080,2,2,2 BHK Apartment ,8,Kharadi,5700000,5278
0,3,0,1,1,0,11,1570,2,3,3 BHK Apartment ,0,Viman Nagar,10500000,6688
0,3,1,1,1,0,10,2055,2,3,3 BHK Apartment ,3,Sangamvadi,28000000,13625
0,2,1,0,0,0,15,3100,2,4,4 BHK Apartment ,7,Koregaon Park,30000000,9677
0,3,0,1,1,0,10,1850,1,4,4 BHK Apartment ,1,Koregaon Park,18000000,9729
0,2,1,1,1,0,10,2000,2,4,3 BHK Apartment ,2,Sangamvadi,16600000,8300
0,3,0,0,0,0,10,1250,1,1,2 BHK Apartment ,3,Koregaon Park,13000000,10400
0,3,1,0,0,0,10,830,1,1,2 BHK Apartment ,3,Koregaon Park,7200000,8674
0,3,0,0,0,0,10,780,2,2,2 BHK Apartment ,5,Koregaon Park,6500000,8333
0,3,0,0,1,0,10,3341,2,5,4 BHK Apartment ,2,Koregaon Park,49000000,14666
0,3,0,0,0,1,5,2000,2,3,3 BHK Villa ,1,Kalyani Nagar,24000000,12000
1,3,3,1,1,0,1,1236,2,3,2 BHK Apartment ,7,Bavdhan,7000000,5663
0,3,1,0,0,0,10,640,1,1,1 BHK Apartment ,2,Shastri Nagar,5800000,9062
0,3,0,0,1,0,10,1200,2,2,2 BHK Villa ,2,Viman Nagar,8000000,6666
0,3,0,1,0,0,10,1500,2,3,2 BHK Villa ,1,Viman Nagar,10500000,7000
0,2,0,1,1,0,10,650,2,1,1 BHK Apartment ,4,Vishrantwadi,4000000,6153
0,3,0,1,1,0,6,1445,2,2,2 BHK Villa ,0,Baner,10000000,6920
0,3,0,1,1,1,3,545,1,1,1 BHK Apartment ,1,Baner,4600000,8440
0,3,0,1,1,0,5,629,1,1,1 BHK Apartment ,4,Balewadi,4500000,7154
0,3,0,1,1,1,1,506,1,1,1 BHK Apartment ,4,Baner,470000,928
0,3,0,0,1,0,12,1800,2,3,3 BHK Apartment ,6,Kalyani Nagar,16000000,8888
1,3,3,1,1,0,0,915,2,2,2 BHK Apartment ,2,Wakad,5860000,6404
0,3,0,1,1,1,3,1142,2,2,2 BHK Apartment ,6,Balewadi,11000000,9632
1,3,3,1,1,0,1,898,2,2,2 BHK Apartment ,3,Wagholi,4650000,5178
1,3,3,1,1,0,2,3575,1,4,4 BHK Apartment ,2,Baner,39999000,11188
0,3,0,0,0,0,10,980,2,2,2 BHK Apartment ,2,Bund Garden,9000000,9183
0,3,0,0,0,0,10,980,2,2,2 BHK Apartment ,2,Bund Garden,9000000,9183
0,3,2,0,0,0,10,1402,1,2,3 BHK Apartment ,3,Kalyani Nagar,12700000,9058
0,2,1,0,0,0,10,674,1,2,2 BHK Apartment ,2,Viman Nagar,7000000,10385
0,2,0,0,0,0,15,1010,1,2,2 BHK Apartment ,5,Shastri Nagar,11000000,10891
0,2,1,1,1,1,5,924,2,2,2 BHK Apartment ,3,Rahatani,6600000,7142
1,2,3,1,1,0,2,2150,1,3,3 BHK Apartment ,2,Wakad,16000000,7441
0,2,0,1,1,0,7,1176,1,2,2 BHK Apartment ,9,Rahatani,7500000,6377
0,3,0,0,1,0,10,1047,2,2,2 BHK Apartment ,4,Baner,9350000,8930
1,3,3,1,1,1,1,880,2,2,2 BHK Apartment ,8,Wagholi,5200000,5909
0,3,2,1,1,1,10,1300,2,2,2 BHK Apartment ,7,Kalyani Nagar,16000000,12307
0,3,1,1,1,0,4,1450,1,2,2 BHK Apartment ,2,Hadapsar,12000000,8275
0,3,2,1,1,1,19,959,2,2,2 BHK Apartment ,1,Boat Club Road,15000000,15641
0,3,0,1,1,0,6,836,2,2,2 BHK Apartment ,3,Lohegaon,3900000,4665
0,3,0,1,1,0,11,1210,2,3,3 BHK Apartment ,2,Koregaon Park,8200000,6777
0,3,0,1,1,0,11,2300,2,3,3 BHK Apartment ,1,Koregaon Park,23100000,10043
0,3,1,1,1,0,16,1085,2,2,2 BHK Apartment ,5,Mundhwa,7000000,6452
0,3,0,1,1,0,11,1750,2,3,3 BHK Apartment ,9,Kalyani Nagar,19800000,11314
0,3,2,1,1,0,11,4400,2,4,4 BHK Apartment ,9,Kalyani Nagar,55000000,12500
0,3,0,1,1,0,11,1565,2,3,3 BHK Apartment ,7,Kalyani Nagar,13000000,8306
0,3,1,1,1,0,11,1781,2,3,3 BHK Apartment ,9,Wadgaon Sheri,13500000,7580
0,3,0,1,1,0,11,615,2,1,1 BHK Apartment ,2,Viman Nagar,3700000,6016
0,3,1,1,1,0,11,1565,2,4,3 BHK Apartment ,10,Kalyani Nagar,13300000,8498
0,3,1,1,1,0,11,2700,2,3,3 BHK Apartment ,5,Viman Nagar,12400000,4592
0,3,1,1,1,0,11,2110,2,3,3 BHK Apartment ,9,Kharadi,12500000,5924
0,3,0,1,1,0,11,1190,2,2,1 BHK Apartment ,3,Kharadi,6500000,5462
0,3,2,1,1,0,11,1179,2,2,2 BHK Apartment ,3,Kharadi,6800000,5767
0,3,0,1,1,0,11,1118,2,2,2 BHK Apartment ,5,Kharadi,4700000,4203
0,3,1,1,1,0,11,1530,2,3,3 BHK Apartment ,2,Viman Nagar,12000000,7843
0,3,0,1,1,0,6,1500,2,3,3 BHK Apartment ,3,Viman Nagar,11000000,7333
0,3,0,1,1,0,11,1800,2,3,3 BHK Apartment ,6,Koregaon Park,25000000,13888
0,3,1,1,1,0,11,1615,2,3,3 BHK Apartment ,3,Mundhwa,13000000,8049
0,3,2,1,1,0,11,1140,2,2,2 BHK Apartment ,7,Kharadi,7000000,6140
0,3,2,1,1,0,11,1680,2,3,4 BHK Apartment ,4,Viman Nagar,16000000,9523
0,3,1,1,1,0,11,1200,2,2,2 BHK Apartment ,9,Kharadi,6600000,5500
0,3,2,1,1,0,2,1690,2,3,4 BHK Apartment ,8,Viman Nagar,18000000,10650
0,3,1,1,1,0,11,1695,2,3,3 BHK Apartment ,4,Kalyani Nagar,18000000,10619
0,3,0,1,1,0,16,2800,2,3,3 BHK Apartment ,4,Koregaon Park,36500000,13035
0,3,2,1,1,0,6,2000,2,3,3 BHK Apartment ,7,Kalyani Nagar,24000000,12000
0,3,0,1,1,0,6,1760,2,3,4 BHK Apartment ,7,Kalyani Nagar,20000000,11363
0,3,1,1,1,0,11,1150,2,2,2 BHK Apartment ,7,Kharadi,6500000,5652
0,3,2,1,1,0,11,1000,2,2,2 BHK Apartment ,7,Koregaon Park,12000000,12000
0,3,2,1,1,0,11,1760,2,3,3 BHK Apartment ,6,Kalyani Nagar,15500000,8806
0,3,0,1,1,0,11,1300,2,3,3 BHK Apartment ,3,Kalyani Nagar,11000000,8461
0,3,0,1,1,0,11,1625,2,3,3 BHK Apartment ,10,Mundhwa,12500000,7692
0,3,1,1,1,0,11,1180,2,2,2 BHK Apartment ,2,Viman Nagar,7800000,6610
0,3,0,1,1,0,11,1070,2,2,2 BHK Apartment ,2,Viman Nagar,7000000,6542
0,3,0,1,1,0,11,1660,2,3,3 BHK Apartment ,5,Viman Nagar,12500000,7530
0,3,0,1,1,0,11,1620,2,3,3 BHK Apartment ,4,Kharadi,9000000,5556
0,3,0,1,1,0,11,1370,2,3,3 BHK Apartment ,8,Kharadi,7000000,5109
0,3,0,1,1,0,6,1780,2,3,3 BHK Apartment ,5,Kalyani Nagar,13500000,7584
0,3,0,1,1,0,11,1100,2,2,2 BHK Apartment ,8,Wadgaon Sheri,7200000,6545
0,3,0,1,1,0,6,1190,2,2,2 BHK Apartment ,2,Kharadi,6500000,5462
0,3,0,1,1,0,6,1570,2,3,3 BHK Apartment ,6,Wadgaon Sheri,12500000,7961
0,3,2,1,1,0,6,1100,2,2,2 BHK Apartment ,7,Viman Nagar,8000000,7272
1,3,3,1,1,0,3,1500,2,3,3 BHK Apartment ,3,Wagholi,7200000,4800
0,3,0,1,1,0,3,1585,2,3,3 BHK Apartment ,5,Wagholi,7500000,4731
0,3,0,1,1,0,6,1250,2,2,2 BHK Apartment ,4,Kharadi,8000000,6400
0,3,0,1,1,0,3,1216,2,2,2 BHK Apartment ,3,Kharadi,7500000,6167
1,3,3,1,1,0,6,790,2,2,2 BHK Apartment ,3,Wagholi,3800000,4810
0,3,0,1,1,0,2,1800,2,3,3 BHK Apartment ,4,Viman Nagar,11600000,6444
0,3,0,1,1,0,11,530,2,1,1 BHK Apartment ,4,Viman Nagar,4900000,9245
0,3,2,1,1,0,11,1480,2,3,3 BHK Apartment ,3,Kharadi,9300000,6283
0,3,0,1,1,0,11,1481,2,3,3 BHK Apartment ,3,Kharadi,8100000,5469
0,3,0,1,1,0,11,1550,2,3,3 BHK Apartment ,6,Kalyani Nagar,11000000,7096
0,3,0,1,1,0,11,1705,2,3,3 BHK Apartment ,6,Koregaon Park,20000000,11730
0,3,1,1,1,0,11,560,2,1,1 BHK Apartment ,4,Kharadi,3600000,6428
0,3,1,1,1,0,11,1230,2,2,2 BHK Apartment ,6,Kharadi,7000000,5691
0,3,0,1,1,0,11,1500,2,3,3 BHK Apartment ,3,Kharadi,6500000,4333
0,3,0,1,1,0,11,1065,2,2,2 BHK Apartment ,3,Viman Nagar,7000000,6573
0,3,0,1,1,0,11,1245,2,2,2 BHK Apartment ,7,Viman Nagar,11000000,8835
0,3,0,1,1,0,11,1255,2,2,2 BHK Apartment ,4,Viman Nagar,7200000,5737
0,3,2,1,1,0,11,1106,2,2,2 BHK Apartment ,3,Viman Nagar,8000000,7233
0,3,1,1,1,0,11,1200,2,2,2 BHK Apartment ,9,Mundhwa,10500000,8750
0,3,1,1,1,0,11,1075,2,2,2 BHK Apartment ,5,Kharadi,6500000,6047
0,3,0,1,1,0,11,1250,2,2,2 BHK Apartment ,2,Viman Nagar,9000000,7200
0,3,0,1,1,0,11,1300,2,2,2 BHK Apartment ,4,Kalyani Nagar,9000000,6923
0,3,0,1,1,0,11,1490,2,3,3 BHK Apartment ,7,Kalyani Nagar,10000000,6711
0,3,2,1,1,0,11,650,2,1,1 BHK Apartment ,6,Yerawada,4600000,7077
0,3,0,0,1,0,16,1050,2,2,2 BHK Villa ,0,Viman Nagar,7500000,7143
0,3,0,1,1,0,11,1050,2,2,2 BHK Apartment ,7,Kalyani Nagar,7500000,7143
0,3,0,1,1,0,6,1455,2,3,3 BHK Apartment ,7,Kharadi,6400000,4399
0,3,0,1,1,0,11,1570,2,3,3 BHK Apartment ,0,Viman Nagar,10500000,6688
0,3,0,1,1,0,11,1132,2,2,3 BHK Apartment ,3,Viman Nagar,7200000,6360
0,3,1,1,1,0,11,1495,2,3,3 BHK Apartment ,2,Viman Nagar,11000000,7358
0,2,2,1,1,1,2,2020,2,2,2 BHK Apartment ,12,Wagholi,9500000,4702
0,3,0,1,1,0,12,1450,2,3,3 BHK Apartment ,6,Kothrud,22500000,15517
0,3,2,1,1,0,11,1930,2,3,3 BHK Apartment ,4,Kalyani Nagar,22500000,11658
0,3,0,1,1,0,11,2300,2,3,3 BHK Apartment ,1,Koregaon Park,23100000,10043
0,3,0,1,1,0,11,1225,2,2,2 BHK Apartment ,4,Kalyani Nagar,9000000,7346
0,3,1,1,1,0,11,1340,2,2,2 BHK Apartment ,3,Viman Nagar,7700000,5746
0,3,0,1,1,0,11,1250,2,2,2 BHK Apartment ,3,Kalyani Nagar,10000000,8000
0,3,0,1,1,0,11,1015,2,2,2 BHK Apartment ,9,Kalyani Nagar,8000000,7881
0,3,1,1,1,0,11,786,2,2,2 BHK Apartment ,3,Kharadi,4600000,5852
0,3,0,1,1,0,11,3944,2,3,3 BHK Apartment ,5,Koregaon Park,20000000,5070
0,3,2,1,1,0,11,1300,2,2,2 BHK Apartment ,6,Kalyani Nagar,17500000,13461
0,3,1,1,1,0,11,1565,2,4,3 BHK Apartment ,10,Kalyani Nagar,13300000,8498
0,3,2,1,1,0,2,1690,2,4,4 BHK Apartment ,8,Viman Nagar,18000000,10650
0,3,2,1,1,0,6,1760,2,3,3 BHK Apartment ,6,Viman Nagar,20000000,11363
0,3,0,1,1,0,11,1600,2,3,4 BHK Apartment ,6,Kalyani Nagar,12500000,7812
0,3,0,1,1,0,11,1550,2,3,3 BHK Apartment ,6,Viman Nagar,10300000,6645
1,3,3,1,1,1,0,1283,2,2,2 BHK Apartment ,10,Kharadi,8890000,6929
0,3,0,1,1,0,6,924,2,2,2 BHK Apartment ,3,Rahatani,6800000,7359
0,2,2,1,1,0,17,2200,3,3,3 BHK Apartment ,0,Kondhwa,11000000,5000
0,3,0,1,1,0,2,1616,2,3,3 BHK Apartment ,10,Wagholi,8500000,5259
0,3,0,1,1,0,11,1100,2,2,2 BHK Apartment ,4,Wadgaon Sheri,8000000,7272
0,3,0,1,1,0,6,1250,2,2,2 BHK Apartment ,3,Kharadi,6500000,5200
0,3,0,1,1,0,2,586,1,1,1 BHK Apartment ,3,Lohegaon,3700000,6313
0,3,1,1,1,0,3,625,1,2,1 BHK Apartment ,1,Wagholi,3500000,5600
0,3,0,1,1,1,3,1054,1,2,2 BHK Apartment ,6,Baner,8000000,7590
0,3,1,1,1,1,6,1600,2,3,3 BHK Apartment ,8,Kharadi,9200000,5750
1,3,3,1,1,1,1,1188,2,2,2 BHK Apartment ,2,Hinjewadi,5726000,4819
0,3,1,1,1,0,11,840,2,2,2 BHK Apartment ,3,Viman Nagar,4500000,5357
1,2,3,1,1,1,0,4300,2,4,4 BHK Apartment ,10,Kothrud,65300000,15186
0,3,2,1,1,1,8,1850,2,3,3 BHK Apartment ,4,Koregaon Park,22000000,11891
0,3,0,1,1,0,11,1610,2,3,3 BHK Apartment ,8,Kharadi,7000000,4348
0,3,0,1,1,0,11,1175,2,2,2 BHK Apartment ,2,Viman Nagar,9000000,7659
0,3,1,1,1,0,11,1500,2,3,3 BHK Apartment ,2,Kharadi,7500000,5000
0,3,0,1,1,0,6,1500,2,3,3 BHK Apartment ,3,Mundhwa,10000000,6667
0,3,2,1,1,0,11,1750,2,3,3 BHK Apartment ,6,Kalyani Nagar,18000000,10285
0,3,0,1,1,0,11,1170,2,2,2 BHK Apartment ,2,Kalyani Nagar,13500000,11538
0,3,0,1,1,0,11,2070,2,3,3 BHK Apartment ,6,Koregaon Park,20000000,9661
0,3,2,1,1,0,11,1800,2,2,2 BHK Apartment ,1,Kalyani Nagar,13000000,7222
0,3,0,1,1,0,11,1875,2,2,2 BHK Apartment ,2,Kalyani Nagar,12500000,6666
0,3,0,1,1,0,11,1950,2,3,3 BHK Apartment ,3,Koregaon Park,20000000,10256
0,3,0,1,1,0,11,2450,2,4,5 BHK Apartment ,9,Koregaon Park,25000000,10204
0,3,0,1,1,0,2,1282,2,2,2 BHK Apartment ,9,Wagholi,5800000,4524
0,3,0,1,1,0,2,2850,2,5,4 BHK Apartment ,3,Sangamvadi,30000000,10526
0,3,0,1,1,0,11,1090,2,2,2 BHK Apartment ,3,Viman Nagar,7000000,6422
0,3,0,1,1,0,2,2300,2,3,3 BHK Apartment ,0,Viman Nagar,16500000,7173
0,3,0,1,1,0,6,1250,2,2,2 BHK Apartment ,3,Wagholi,6400000,5120
0,3,0,1,1,0,3,1078,2,2,2 BHK Apartment ,1,Kharadi,6500000,6029
0,3,0,1,1,0,3,675,2,1,1 BHK Apartment ,4,Wagholi,3500000,5185
0,3,0,1,1,0,6,620,2,1,1 BHK Apartment ,7,Wagholi,2800000,4516
0,3,0,1,1,0,6,955,2,2,2 BHK Apartment ,3,Kharadi,6500000,6806
0,3,0,1,1,0,6,625,2,1,1 BHK Apartment ,2,Viman Nagar,3700000,5920
0,3,0,1,1,0,6,856,2,1,1 BHK Apartment ,3,Wagholi,3800000,4439
1,3,3,1,1,0,11,1400,2,3,3 BHK Apartment ,5,Viman Nagar,10000000,7142
1,3,3,1,1,0,11,1300,2,2,2 BHK Apartment ,3,Koregaon Park,20000000,15384
0,3,1,1,1,0,6,1340,2,3,3 BHK Apartment ,6,Viman Nagar,11000000,8208
1,3,3,1,1,0,11,1550,2,3,3 BHK Apartment ,2,Kharadi,9500000,6129
0,3,0,1,1,0,2,1850,2,3,4 BHK Apartment ,4,Kharadi,14000000,7567
0,3,2,1,1,0,11,1250,2,2,2 BHK Apartment ,2,Koregaon Park,9500000,7600
0,3,1,1,1,0,16,808,2,2,2 BHK Apartment ,4,Kharadi,4900000,6064
0,3,0,1,1,0,11,2000,2,3,3 BHK Apartment ,3,Koregaon Park,22000000,11000
0,3,0,1,1,0,6,1645,2,3,3 BHK Apartment ,3,Wagholi,7000000,4255
0,3,0,1,1,0,11,2947,2,3,3 BHK Apartment ,0,Kharadi,19000000,6447
0,3,0,1,1,0,16,1034,2,2,2 BHK Apartment ,6,Viman Nagar,7500000,7253
0,3,0,1,1,0,11,1855,2,3,3 BHK Apartment ,7,Kharadi,13200000,7115
0,3,2,1,1,0,2,1600,2,3,3 BHK Apartment ,0,Koregaon Park,17100000,10687
0,3,0,1,1,0,2,1315,2,2,2 BHK Apartment ,9,Kharadi,9200000,6996
0,3,0,1,1,0,2,2735,2,2,4 BHK Apartment ,7,Kharadi,19000000,6946
0,3,2,1,1,0,21,1250,2,2,2 BHK Apartment ,2,Koregaon Park,9500000,7600
0,3,0,1,1,0,2,1720,2,3,3 BHK Apartment ,6,Wagholi,7300000,4244
0,3,0,1,1,0,2,1855,2,4,3 BHK Apartment ,10,Kharadi,12900000,6954
0,3,1,1,1,0,11,1450,2,2,2 BHK Apartment ,6,Kalyani Nagar,14500000,10000
0,3,0,1,1,0,11,1050,2,2,2 BHK Apartment ,2,Viman Nagar,6200000,5904
0,3,0,1,1,0,11,580,2,1,1 BHK Apartment ,4,Kharadi,3500000,6034
0,3,2,1,1,0,11,1050,2,2,2 BHK Apartment ,6,Koregaon Park,10000000,9523
0,3,0,1,1,0,6,1144,2,2,2 BHK Apartment ,2,Wagholi,4500000,3933
0,3,0,1,1,0,11,1054,2,2,2 BHK Apartment ,3,Wadgaon Sheri,7900000,7495
0,3,0,1,1,0,2,862,2,2,2 BHK Apartment ,4,Wagholi,4500000,5220
0,3,0,1,1,0,11,851,2,2,2 BHK Apartment ,2,Wagholi,4400000,5170
0,3,2,1,1,0,11,1400,2,3,3 BHK Apartment ,6,Kharadi,7000000,5000
0,3,0,1,1,0,2,865,2,2,2 BHK Apartment ,4,Wagholi,4000000,4624
0,3,0,1,1,0,11,1122,2,2,2 BHK Apartment ,3,Kharadi,5750000,5124
0,3,2,1,1,0,11,2420,2,4,4 BHK Apartment ,2,Kalyani Nagar,35100000,14504
0,3,2,1,1,0,6,1100,2,2,2 BHK Apartment ,7,Viman Nagar,8500000,7727
0,3,0,1,1,0,2,635,2,1,1 BHK Apartment ,2,Wagholi,3200000,5039
0,3,0,1,1,0,6,532,2,1,1 BHK Apartment ,4,Kharadi,3500000,6578
0,3,0,1,1,0,6,860,2,2,2 BHK Apartment ,5,Wagholi,4499520,5232
0,3,2,1,1,0,11,2400,2,4,4 BHK Apartment ,6,Kalyani Nagar,30000000,12500
0,3,2,1,1,0,11,530,2,1,1 BHK Apartment ,4,Viman Nagar,5500000,10377
0,3,0,1,1,0,11,1340,2,3,3 BHK Apartment ,4,Viman Nagar,10500000,7835
0,3,2,1,1,0,11,3641,2,4,4 BHK Apartment ,3,Kalyani Nagar,60000000,16478
0,3,1,1,1,0,6,1302,2,3,3 BHK Apartment ,2,Wagholi,5700000,4377
0,3,0,1,1,0,11,800,2,2,2 BHK Apartment ,3,Kharadi,5000000,6250
1,3,3,1,1,0,11,1536,2,3,3 BHK Apartment ,2,Kalyani Nagar,13500000,8789
0,3,2,1,1,0,11,1100,2,2,2 BHK Apartment ,4,Wadgaon Sheri,8000000,7272
0,3,1,1,1,0,6,1180,2,4,2 BHK Apartment ,4,Wagholi,6000000,5084
0,3,0,1,1,0,6,1234,2,3,3 BHK Apartment ,3,Viman Nagar,9000000,7293
0,3,0,1,1,0,6,2700,2,4,4 BHK Apartment ,4,Kalyani Nagar,40000000,14814
0,3,0,1,1,0,11,1535,2,3,3 BHK Apartment ,3,Viman Nagar,13000000,8469
0,3,0,1,1,0,11,1525,2,3,3 BHK Apartment ,9,Kalyani Nagar,13500000,8852
0,3,0,1,1,0,11,1095,2,2,2 BHK Apartment ,3,Kharadi,4700000,4292
0,3,2,1,1,0,11,1470,2,3,3 BHK Apartment ,6,Kharadi,6500000,4422
0,3,1,1,1,0,11,1340,2,3,3 BHK Apartment ,3,Koregaon Park,8000000,5970
0,3,1,1,1,0,11,1050,2,2,2 BHK Apartment ,8,Wadgaon Sheri,6500000,6190
0,3,0,1,1,0,11,1350,2,2,2 BHK Apartment ,4,Viman Nagar,6000000,4444
0,3,0,1,1,0,11,1020,2,2,2 BHK Apartment ,7,Kharadi,3700000,3627
0,3,0,1,1,0,2,1270,2,3,3 BHK Apartment ,2,Viman Nagar,8500000,6693
0,3,0,1,1,0,11,1410,2,3,3 BHK Apartment ,8,Kalyani Nagar,7500000,5319
0,3,1,1,1,0,11,1300,2,3,3 BHK Apartment ,2,Koregaon Park,10000000,7692
0,3,0,1,1,0,11,1660,2,3,3 BHK Apartment ,6,Viman Nagar,12500000,7530
0,3,0,1,1,0,11,1530,2,3,3 BHK Apartment ,1,Viman Nagar,11500000,7516
0,3,1,1,1,0,11,1360,2,3,3 BHK Apartment ,7,Kharadi,6750000,4963
0,3,0,1,1,0,11,1410,2,3,3 BHK Apartment ,8,Kharadi,7500000,5319
0,3,0,1,1,0,11,950,2,2,2 BHK Apartment ,7,Kharadi,6000000,6316
0,3,2,1,1,0,6,1140,2,2,2 BHK Apartment ,8,Kharadi,7000000,6140
0,3,2,1,1,0,11,1200,2,2,2 BHK Apartment ,4,Wadgaon Sheri,8500000,7083
0,3,0,1,1,0,11,2700,2,3,3 BHK Apartment ,6,Viman Nagar,12400000,4593
0,3,0,1,1,0,11,1470,2,3,3 BHK Apartment ,4,Viman Nagar,10500000,7143
0,3,0,1,1,0,11,2356,2,3,3 BHK Apartment ,2,Kalyani Nagar,22000000,9338
0,3,0,1,1,0,11,2800,2,5,4 BHK Apartment ,3,Koregaon Park,35000000,12500
0,3,0,1,1,0,6,908,2,2,2 BHK Apartment ,3,Wagholi,4000000,4405
0,3,2,1,1,0,11,2200,2,3,3 BHK Apartment ,1,Koregaon Park,22000000,10000
0,3,2,1,1,0,11,1300,2,3,3 BHK Apartment ,6,Koregaon Park,10400000,8000
0,3,1,1,1,0,11,1450,2,3,3 BHK Apartment ,3,Kalyani Nagar,14500000,10000
0,3,2,1,1,0,11,830,2,2,2 BHK Apartment ,3,Viman Nagar,7000000,8433
0,3,0,1,1,0,2,1255,2,2,2 BHK Apartment ,4,Kharadi,8500000,6772
0,3,0,1,1,0,16,1050,2,2,2 BHK Apartment ,0,Viman Nagar,10000000,9523
0,3,1,1,1,0,2,980,2,2,2 BHK Apartment ,3,Wagholi,4300000,4387
0,3,0,1,1,0,11,1565,2,3,3 BHK Apartment ,7,Kalyani Nagar,13000000,8306
0,3,0,0,1,0,16,2600,2,4,4 BHK Villa ,0,Kalyani Nagar,22500000,8653
0,3,2,1,1,0,2,560,2,1,1 BHK Apartment ,3,Wagholi,3000000,5357
0,3,2,1,1,0,11,1750,2,3,3 BHK Apartment ,6,Kalyani Nagar,18000000,10285
0,3,0,1,1,0,5,1650,2,3,3 BHK Apartment ,7,Kharadi,10000000,6060
0,3,0,1,1,0,10,900,2,2,2 BHK Apartment ,2,Koregaon Park,9700000,10777
0,3,0,1,1,0,6,1256,2,2,2 BHK Apartment ,6,Wadgaon Sheri,8799536,7006
0,3,0,1,1,0,6,1585,2,3,3 BHK Apartment ,3,Wagholi,7000000,4416
1,3,3,1,1,0,6,885,2,2,2 BHK Apartment ,10,Wagholi,4600000,5197
0,3,2,1,1,0,11,1530,2,3,3 BHK Apartment ,5,Wadgaon Sheri,16500000,10784
0,3,0,1,1,0,6,1250,2,2,2 BHK Apartment ,6,Kharadi,7500000,6000
0,3,0,0,1,0,6,2909,2,3,3 BHK Villa ,0,Kharadi,17000000,5843
0,3,0,1,1,0,11,810,2,2,2 BHK Apartment ,3,Kharadi,5500000,6790
0,3,0,1,1,0,6,830,2,2,2 BHK Apartment ,2,Kharadi,4899490,5903
0,3,0,1,1,0,11,1365,2,3,3 BHK Apartment ,4,Viman Nagar,11000000,8058
0,3,0,1,1,0,6,1800,2,3,3 BHK Apartment ,3,Wagholi,7800000,4333
0,3,0,1,1,0,11,1250,2,2,3 BHK Apartment ,2,Kharadi,6500000,5200
0,3,0,1,1,0,11,630,2,1,1 BHK Apartment ,5,Viman Nagar,4500000,7143
0,3,0,0,1,0,21,1800,2,3,3 BHK Villa ,0,Viman Nagar,9500000,5278
0,3,0,1,1,0,6,1565,2,4,3 BHK Apartment ,11,Kalyani Nagar,13000000,8306
0,3,2,1,1,0,6,1525,2,3,3 BHK Apartment ,10,Kalyani Nagar,13500000,8852
0,3,0,1,1,0,11,1450,2,3,3 BHK Apartment ,8,Kharadi,8000000,5517
0,3,2,1,0,0,11,1100,2,2,2 BHK Apartment ,3,Kalyani Nagar,11500000,10454
0,3,2,1,1,0,11,2400,2,4,4 BHK Apartment ,4,Koregaon Park,35000000,14583
0,3,0,1,1,0,6,560,2,1,1 BHK Apartment ,4,Kharadi,3700000,6607
0,3,0,1,0,0,11,1118,2,2,2 BHK Apartment ,5,Kharadi,5200000,4651
0,3,0,1,1,0,16,1975,2,3,3 BHK Apartment ,2,Sangamvadi,20000000,10126
0,3,1,1,1,0,11,1200,2,2,2 BHK Apartment ,10,Mundhwa,15000000,12500
0,3,0,0,1,0,11,850,2,2,2 BHK Apartment ,2,Kharadi,3800000,4470
1,3,3,1,0,0,3,1100,2,2,2 BHK Apartment ,4,Kharadi,5500000,5000
0,2,1,0,1,0,15,750,1,1,2 BHK Apartment ,2,Kothrud,7200000,9600
0,3,0,1,1,0,3,1560,2,3,3 BHK Apartment ,1,Wakad,9850000,6314
0,3,0,1,0,0,4,545,2,1,1 BHK Apartment ,6,Rahatani,4000000,7339
0,3,2,1,1,0,11,2400,2,5,4 BHK Apartment ,4,Koregaon Park,35000000,14583
0,3,0,1,1,0,11,1900,2,3,3 BHK Apartment ,10,Koregaon Park,22500000,11842
0,3,1,1,1,0,11,650,2,1,1 BHK Apartment ,2,Yerawada,4800000,7384
0,3,1,1,1,0,11,2200,2,3,3 BHK Apartment ,5,Koregaon Park,15000000,6818
0,3,2,1,1,0,11,1550,2,3,3 BHK Apartment ,3,Viman Nagar,11000000,7097
0,3,0,1,1,0,11,945,2,2,2 BHK Apartment ,4,Kharadi,5000000,5291
0,3,0,1,1,0,11,1000,2,2,2 BHK Apartment ,5,Viman Nagar,10000000,10000
0,3,0,1,1,0,21,1800,2,3,3 BHK Apartment ,2,Sangamvadi,20000000,11111
0,3,0,1,1,0,11,1600,2,3,3 BHK Apartment ,5,Viman Nagar,12000000,7500
0,3,0,1,1,0,6,1080,2,2,2 BHK Apartment ,4,Wadgaon Sheri,7500000,6944
0,3,0,1,1,0,10,1230,1,2,2 BHK Apartment ,6,Viman Nagar,9000000,7317
0,3,0,1,1,0,2,1072,1,2,2 BHK Apartment ,11,Kharadi,6900000,6436
0,3,0,1,1,0,13,700,1,1,1 BHK Apartment ,1,Koregaon Park,6000000,8571
0,3,2,1,1,1,3,1150,1,2,2 BHK Apartment ,1,Tingre Nagar,8700000,7565
0,3,0,0,1,0,10,1515,1,3,3 BHK Apartment ,2,Koregaon Park,16700000,11023
0,3,0,0,1,0,5,740,1,2,2 BHK Apartment ,6,Wagholi,2500000,3378
0,2,0,1,1,1,7,583,2,1,1 BHK Apartment ,6,Lohegaon,2750000,4716
0,3,0,1,1,1,8,830,2,2,2 BHK Apartment ,5,Dhanori,5000000,6024
1,3,3,0,1,0,0,898,1,2,2 BHK Apartment ,5,Sinhgad Road,5000000,5567
0,3,0,1,1,0,6,4697,3,4,4 BHK Apartment ,11,Koregaon Park,75000000,15967
0,3,0,1,1,0,11,600,1,1,1 BHK Apartment ,4,Boat Club Road,8000000,13333
0,3,0,1,1,0,11,1200,2,2,2 BHK Apartment ,2,Kalyani Nagar,8300000,6916
0,3,0,1,1,0,11,3200,2,4,4 BHK Apartment ,5,Boat Club Road,47500000,14843
0,3,0,1,1,0,11,2850,3,5,4 BHK Apartment ,3,Boat Club Road,45000000,15789
0,3,0,0,1,0,21,2340,2,4,4 BHK Villa ,0,Viman Nagar,18500000,7905
0,3,0,1,1,0,1,1085,2,2,2 BHK Apartment ,5,Wagholi,6000000,5529
0,3,0,0,0,0,3,1293,1,2,3 BHK Apartment ,1,Viman Nagar,9800000,7579
0,3,0,1,1,0,6,4355,2,5,4 BHK Apartment ,3,Kharadi,27500000,6314
0,3,0,1,1,0,10,550,1,1,1 BHK Apartment ,1,Koregaon Park,8000000,14545
0,3,0,1,1,0,11,1700,2,3,3 BHK Apartment ,5,Viman Nagar,16000000,9411
0,3,0,1,1,0,6,2800,2,3,3 BHK Apartment ,7,Kharadi,14000000,5000
0,3,0,1,1,0,6,1550,2,3,3 BHK Apartment ,3,Wagholi,7200000,4645
0,3,0,1,1,0,2,880,2,2,2 BHK Apartment ,2,Wagholi,4000000,4545
0,3,0,1,1,0,2,1269,2,2,2 BHK Apartment ,0,Kharadi,6170000,4862
0,3,1,1,1,0,6,896,2,2,2 BHK Apartment ,3,Kharadi,7150000,7979
0,3,0,1,1,0,2,1610,2,3,3 BHK Apartment ,7,Wagholi,7700000,4782
0,3,0,1,1,0,11,2800,2,3,3 BHK Apartment ,11,Kalyani Nagar,40500000,14464
0,3,0,1,1,0,6,1150,2,2,2 BHK Apartment ,3,Koregaon Park,8700000,7565
0,3,0,1,1,0,6,1900,2,4,4 BHK Apartment ,4,Kalyani Nagar,20000000,10526
0,3,1,1,1,0,11,1300,2,2,2 BHK Apartment ,4,Kalyani Nagar,14500000,11153
0,3,0,1,1,0,6,880,2,2,2 BHK Apartment ,3,Wagholi,4000000,4545
0,3,0,1,1,0,0,2245,2,3,3 BHK Apartment ,3,Koregaon Park,41500000,18485
0,3,0,1,1,0,2,2100,2,2,2 BHK Apartment ,1,Viman Nagar,26200000,12476
0,3,1,1,1,0,2,1750,2,3,3 BHK Apartment ,2,Kharadi,12000000,6857
0,3,0,1,1,0,2,2245,2,3,3 BHK Apartment ,1,Koregaon Park,35000000,15590
0,3,0,1,1,0,0,2810,2,3,3 BHK Apartment ,1,Sangamvadi,53400000,19003
0,3,1,1,1,0,3,2281,2,4,4 BHK Apartment ,1,Kalyani Nagar,26000000,11398
0,3,1,1,1,0,0,2245,2,3,3 BHK Apartment ,7,Koregaon Park,40000000,17817
0,3,0,1,1,0,6,1686,2,3,3 BHK Apartment ,2,Kharadi,11500000,6820
0,3,0,1,1,0,6,1465,2,3,3 BHK Apartment ,8,Viman Nagar,12000000,8191
0,3,0,1,1,0,6,1180,2,2,2 BHK Apartment ,3,Koregaon Park,12500000,10593
0,3,1,1,1,0,6,645,2,1,1 BHK Apartment ,4,Viman Nagar,4500000,6976
0,3,0,1,1,0,2,4500,2,4,4 BHK Apartment ,17,Hadapsar,65000000,14444
0,3,0,1,1,0,2,8440,2,5,5 BHK Apartment ,2,Sangamvadi,160300000,18992
0,3,1,1,1,0,1,2610,2,3,3 BHK Apartment ,11,Kharadi,18700000,7164
0,3,0,1,1,0,0,7815,2,5,5 BHK Apartment ,13,Sangamvadi,180000000,23032
0,3,1,1,1,0,2,5245,2,4,4 BHK Apartment ,1,Koregaon Park,100000000,19065
0,3,1,1,1,0,2,4600,2,4,4 BHK Apartment ,4,Hadapsar,50200000,10913
0,3,0,1,1,0,6,3500,2,4,4 BHK Apartment ,18,Hadapsar,36700000,10485
0,3,0,1,1,0,6,4625,2,4,4 BHK Apartment ,10,Hadapsar,41800000,9037
0,3,0,1,1,0,3,728,2,1,2 BHK Apartment ,3,Wagholi,3500000,4807
0,3,0,1,1,0,2,2150,2,3,3 BHK Apartment ,10,Kharadi,11400000,5302
1,3,3,1,1,0,6,1625,2,3,3 BHK Apartment ,6,Viman Nagar,13000000,8000
0,3,0,1,1,0,6,2206,2,4,4 BHK Apartment ,2,Wadgaon Sheri,16000000,7252
0,3,0,1,1,0,11,1800,2,3,3 BHK Apartment ,4,Kalyani Nagar,22500000,12500
1,3,3,1,1,0,6,1550,2,3,3 BHK Apartment ,6,Kalyani Nagar,12000000,7741
0,3,0,1,1,0,3,980,2,2,2 BHK Apartment ,2,Wagholi,4500000,4591
0,3,0,1,1,0,6,1150,2,3,3 BHK Apartment ,3,Koregaon Park,22500000,19565
0,2,0,1,1,0,6,1250,2,2,2 BHK Apartment ,9,Kalyani Nagar,12500000,10000
0,3,0,1,1,0,6,2015,2,3,3 BHK Apartment ,6,Kharadi,13000000,6451
0,3,0,1,1,0,11,2300,2,4,4 BHK Apartment ,3,Koregaon Park,28000000,12173
0,3,0,1,1,0,6,1500,2,3,3 BHK Apartment ,3,Viman Nagar,11100000,7400
0,3,2,1,1,0,6,3200,2,3,3 BHK Apartment ,6,Yerawada,19000000,5937
0,3,2,1,1,0,11,1400,2,2,2 BHK Apartment ,2,Kalyani Nagar,15000000,10714
0,3,2,1,1,0,11,1530,2,3,3 BHK Apartment ,5,Wadgaon Sheri,16500000,10784
0,3,0,1,1,0,6,2100,2,4,4 BHK Apartment ,4,Koregaon Park,22500000,10714
0,3,0,1,1,0,3,2345,2,4,3 BHK Apartment ,5,Kharadi,13600000,5799
1,3,3,1,1,0,11,1450,2,2,2 BHK Apartment ,4,Mundhwa,10000000,6896
0,3,0,1,1,0,6,1500,2,3,3 BHK Apartment ,1,Kalyani Nagar,13500000,9000
0,3,0,1,1,0,11,1150,2,2,2 BHK Apartment ,1,Kalyani Nagar,11500000,10000
0,3,0,1,1,0,6,1040,2,2,2 BHK Apartment ,3,Viman Nagar,6800000,6538
0,3,0,1,1,0,11,1150,2,2,2 BHK Apartment ,1,Koregaon Park,13000000,11304
0,3,2,1,1,0,11,1650,2,3,3 BHK Apartment ,3,Viman Nagar,19000000,11515
1,3,3,1,1,0,11,1300,2,3,3 BHK Apartment ,1,Viman Nagar,11000000,8461
0,3,2,1,1,0,11,3600,2,4,4 BHK Apartment ,8,Sangamvadi,55000000,15277
0,3,0,1,1,0,6,2615,2,4,4 BHK Apartment ,3,Koregaon Park,36000000,13766
1,3,3,1,1,0,11,815,2,2,2 BHK Apartment ,3,Koregaon Park,8000000,9815
0,3,0,1,1,0,11,1600,2,3,3 BHK Apartment ,3,Sangamvadi,26000000,16250
1,3,3,1,1,0,11,1600,2,3,3 BHK Apartment ,3,Bund Garden,22000000,13750
0,3,0,1,1,0,6,1460,2,3,3 BHK Apartment ,1,Viman Nagar,11500000,7876
0,3,2,1,1,0,11,3150,2,4,4 BHK Apartment ,7,Kalyani Nagar,36500000,11587
0,3,0,1,1,0,6,1450,2,3,3 BHK Apartment ,3,Wadgaon Sheri,15000000,10344
0,2,0,1,1,0,11,3000,2,3,3 BHK Apartment ,10,Kharadi,15900000,5300
0,3,0,1,1,0,11,890,2,2,2 BHK Apartment ,2,Wagholi,5700000,6404
0,3,0,1,1,0,11,650,2,1,1 BHK Apartment ,4,Yerawada,5200000,8000
0,3,0,1,1,0,11,1455,2,2,3 BHK Apartment ,6,Kharadi,8100000,5567
0,3,0,1,1,0,3,615,2,1,1 BHK Apartment ,3,Wagholi,2800000,4552
0,3,0,1,1,0,6,1250,2,3,3 BHK Apartment ,7,Viman Nagar,13000000,10400
0,3,0,1,1,0,11,1600,2,3,3 BHK Apartment ,9,Kharadi,9500000,5937
0,3,0,1,1,0,11,1380,2,2,2 BHK Apartment ,7,Kharadi,9000000,6521
0,3,2,1,1,0,11,2900,2,4,4 BHK Villa ,0,Kalyani Nagar,45000000,15517
0,3,0,1,1,0,11,2015,2,4,4 BHK Apartment ,11,Kharadi,12000000,5955
0,3,1,1,1,0,2,2100,2,3,3 BHK Apartment ,4,Kharadi,12700000,6047
0,3,0,1,1,0,6,1257,2,2,2 BHK Apartment ,3,Kharadi,8500000,6762
0,3,0,1,1,0,2,1687,2,3,3 BHK Apartment ,4,Kharadi,10800000,6401
0,3,0,1,1,0,6,1337,2,3,3 BHK Apartment ,3,Viman Nagar,9200000,6881
0,3,0,1,1,0,11,1485,2,3,3 BHK Apartment ,5,Wadgaon Sheri,11000000,7407
1,3,3,1,1,0,6,610,2,1,1 BHK Apartment ,3,Yerawada,5500000,9016
0,3,0,1,1,0,11,900,2,2,2 BHK Apartment ,5,Viman Nagar,6000000,6666
0,3,0,1,1,0,6,1430,2,3,3 BHK Apartment ,7,Viman Nagar,11500000,8041
0,3,0,1,1,0,16,1100,2,2,2 BHK Apartment ,1,Kharadi,5500000,5000
0,3,0,1,1,0,6,1485,2,3,3 BHK Apartment ,3,Wadgaon Sheri,11500000,7744
0,3,2,1,1,0,11,1100,2,2,2 BHK Apartment ,7,Koregaon Park,14200000,12909
1,3,3,1,1,0,6,1255,2,2,2 BHK Apartment ,4,Kharadi,9000000,7171
0,3,0,1,1,0,6,1140,2,2,2 BHK Apartment ,2,Wagholi,5500000,4824
0,3,1,1,1,0,6,1200,2,2,2 BHK Apartment ,11,Kalyani Nagar,8000000,6666
0,3,0,1,1,0,6,965,2,2,2 BHK Apartment ,3,Wagholi,5000000,5181
0,3,0,1,1,0,3,1000,2,2,2 BHK Apartment ,3,Wagholi,5200000,5200
0,3,0,1,1,0,11,1550,2,3,3 BHK Apartment ,3,Vishrantwadi,10500000,6774
0,3,0,1,1,0,6,550,2,1,1 BHK Apartment ,3,Yerawada,5300000,9636
0,3,0,0,1,0,6,1000,2,2,2 BHK Apartment ,4,Kharadi,6600000,6600
1,3,3,1,1,0,11,1000,2,2,2 BHK Apartment ,3,Koregaon Park,10000000,10000
0,3,0,1,1,0,3,2200,2,3,3 BHK Apartment ,4,Kharadi,12700000,5772
1,3,3,1,1,0,6,862,2,2,2 BHK Apartment ,4,Wagholi,4700000,5452
0,3,0,1,1,0,6,800,2,2,2 BHK Apartment ,3,Koregaon Park,11000000,13750
0,3,1,1,1,0,11,1380,2,3,3 BHK Apartment ,6,Kharadi,7300000,5289
0,3,0,1,1,0,11,1134,2,2,2 BHK Apartment ,6,Kharadi,6300000,5555
0,3,0,1,1,0,11,1600,2,3,3 BHK Apartment ,5,Kharadi,9200000,5750
0,3,0,1,1,0,11,1060,2,2,2 BHK Apartment ,0,Wagholi,4600000,4339
0,3,0,1,1,0,11,1300,2,2,2 BHK Apartment ,2,Koregaon Park,9000000,6923
0,3,1,1,1,0,11,1200,2,2,2 BHK Apartment ,3,Koregaon Park,11000000,9166
0,3,1,1,1,0,11,1200,2,2,2 BHK Apartment ,3,Viman Nagar,8200000,6833
0,3,0,1,1,0,11,3450,2,4,4 BHK Apartment ,0,Yerawada,22500000,6521
0,3,0,1,1,0,11,1150,2,2,2 BHK Apartment ,7,Viman Nagar,8500000,7391
0,3,2,1,1,0,6,1345,2,3,3 BHK Apartment ,7,Kharadi,7550000,5613
0,3,2,1,1,0,6,1300,2,2,2 BHK Apartment ,2,Kalyani Nagar,13000000,10000
0,3,0,1,1,0,6,920,2,2,2 BHK Apartment ,1,Viman Nagar,6950000,7554
0,3,1,1,1,0,6,1428,2,2,2 BHK Apartment ,2,Kalyani Nagar,9300000,6512
0,3,0,1,1,0,6,1800,2,3,3 BHK Apartment ,6,Koregaon Park,27300000,15166
0,3,1,1,1,0,6,1030,2,2,2 BHK Apartment ,4,Kalyani Nagar,10400000,10097
0,3,0,1,1,0,6,2345,2,3,3 BHK Apartment ,10,Kharadi,14100000,6012
0,3,1,1,1,0,6,1142,2,2,2 BHK Apartment ,2,Kharadi,6000000,5253
0,3,0,1,1,0,11,1975,2,3,3 BHK Apartment ,3,Koregaon Park,32000000,16202
0,3,0,1,1,0,6,1200,2,2,2 BHK Apartment ,5,Kharadi,6199200,5166
0,3,0,1,1,0,6,4000,2,4,4 BHK Apartment ,9,Kalyani Nagar,40000000,10000
0,3,1,1,1,0,6,1185,2,2,2 BHK Apartment ,3,Kharadi,7500000,6329
0,3,0,1,1,0,11,600,2,1,1 BHK Apartment ,11,Wagholi,3400000,5666
0,3,0,1,1,0,11,750,2,2,2 BHK Apartment ,2,Kharadi,6650000,8866
0,3,0,1,1,0,2,875,2,2,2 BHK Apartment ,4,Kharadi,5500000,6285
0,3,0,1,1,0,6,1050,2,2,2 BHK Apartment ,3,Kharadi,6300000,6000
0,3,1,1,1,0,6,3707,2,4,4 BHK Villa ,0,Kharadi,40000000,10790
0,3,0,1,1,0,2,1114,2,2,2 BHK Apartment ,0,Kharadi,6130000,5502
0,3,0,1,1,0,2,1620,2,3,3 BHK Apartment ,11,Wagholi,6900000,4259
0,3,0,1,1,0,2,1610,2,3,3 BHK Apartment ,7,Wagholi,7900000,4906
0,3,0,1,1,0,2,1164,2,2,2 BHK Apartment ,0,Kharadi,6400000,5498
0,3,2,1,1,0,2,1850,2,3,3 BHK Apartment ,0,Wagholi,8500000,4594
0,3,1,1,1,0,2,1650,2,2,2 BHK Apartment ,5,Kharadi,11000000,6666
0,3,0,1,1,0,2,585,2,1,1 BHK Apartment ,1,Viman Nagar,3900000,6666
0,3,0,1,1,0,10,900,2,2,2 BHK Apartment ,2,Koregaon Park,9700000,10777
0,3,0,1,1,0,2,1500,2,2,2 BHK Apartment ,0,Viman Nagar,14000000,9333
0,3,0,1,1,0,2,1467,2,2,2 BHK Apartment ,6,Kharadi,10000000,6816
0,3,0,1,1,0,2,1394,2,2,2 BHK Apartment ,15,Kharadi,11000000,7890
0,3,0,1,1,0,2,1394,2,2,2 BHK Apartment ,6,Kharadi,11000000,7890
0,3,0,1,1,0,2,1153,2,2,2 BHK Apartment ,9,Kharadi,9000000,7805
0,3,0,1,1,0,2,860,2,2,2 BHK Apartment ,0,Kharadi,4560000,5302
0,3,0,1,1,0,2,1248,2,2,2 BHK Apartment ,0,Kharadi,6860000,5496
0,3,0,1,1,0,2,1650,2,2,2 BHK Apartment ,9,Kharadi,12000000,7272
0,3,1,1,1,0,2,1104,2,2,2 BHK Apartment ,7,Kharadi,7350000,6657
0,3,1,1,1,0,2,1817,2,3,3 BHK Apartment ,6,Kharadi,11000000,6053
0,3,0,1,1,0,2,1184,2,2,2 BHK Apartment ,0,Kharadi,6510000,5498
0,3,0,1,1,0,2,1680,2,3,3 BHK Apartment ,0,Viman Nagar,13000000,7738
0,3,0,1,1,0,2,930,2,2,2 BHK Apartment ,0,Viman Nagar,7500000,8064
0,3,0,1,1,0,2,2400,2,3,3 BHK Apartment ,2,Viman Nagar,18000000,7500
0,3,0,1,1,0,2,1080,2,2,2 BHK Apartment ,0,Viman Nagar,8500000,7870
0,3,0,1,1,0,2,686,2,1,1 BHK Apartment ,6,Kharadi,3700000,5393
0,3,0,1,1,0,2,1228,2,3,3 BHK Apartment ,4,Kharadi,6754000,5500
0,3,0,1,1,0,2,1175,2,2,2 BHK Apartment ,5,Kharadi,6300000,5361
0,3,1,1,1,0,11,1350,2,3,3 BHK Apartment ,6,Viman Nagar,9500000,7037
0,3,0,1,1,0,11,2070,2,3,3 BHK Apartment ,6,Koregaon Park,20000000,9661
0,3,0,1,1,0,6,800,2,2,2 BHK Apartment ,3,Wagholi,4000000,5000
0,3,0,1,1,0,11,1844,2,3,3 BHK Apartment ,2,Kalyani Nagar,16000000,8676
0,3,0,1,1,0,2,1302,2,3,3 BHK Apartment ,2,Wagholi,7000000,5376
0,3,0,1,1,0,11,4100,2,4,4 BHK Apartment ,3,Sangamvadi,67500000,16463
0,3,0,1,1,0,11,1189,2,2,2 BHK Apartment ,3,Viman Nagar,7000000,5887
0,3,0,1,1,0,11,1400,2,3,3 BHK Apartment ,6,Wadgaon Sheri,8500000,6071
0,3,0,1,1,0,11,4100,2,4,4 BHK Apartment ,5,Sangamvadi,57500000,14024
0,3,0,1,1,0,2,1350,2,2,2 BHK Apartment ,4,Kharadi,8700000,6444
0,3,0,1,1,0,2,895,2,2,2 BHK Apartment ,3,Kharadi,5500000,6145
0,3,0,1,1,0,2,1293,2,2,2 BHK Apartment ,2,Viman Nagar,9200000,7115
0,3,0,1,1,0,2,1087,2,2,2 BHK Apartment ,3,Kharadi,6500000,5979
0,3,0,1,1,0,6,525,2,1,1 BHK Apartment ,4,Koregaon Park,6500000,12380
0,3,0,1,1,0,2,965,2,2,2 BHK Apartment ,4,Wagholi,4500000,4663
0,3,0,1,1,0,11,1611,2,3,3 BHK Apartment ,4,Kharadi,8200000,5090
0,3,0,1,1,0,11,1610,2,3,3 BHK Apartment ,3,Kharadi,8000000,4968
0,3,0,1,1,0,11,1250,2,2,2 BHK Apartment ,3,Kharadi,6200000,4960
0,3,0,1,1,0,6,1500,2,3,3 BHK Apartment ,4,Koregaon Park,14500000,9666
0,3,2,1,1,0,11,1425,2,2,2 BHK Apartment ,2,Viman Nagar,15000000,10526
0,3,2,1,1,0,11,2400,2,4,4 BHK Apartment ,8,Koregaon Park,33000000,13750
0,3,0,1,1,0,11,1630,2,3,3 BHK Apartment ,5,Wadgaon Sheri,10500000,6441
0,3,0,1,1,0,2,1616,2,3,3 BHK Apartment ,5,Wagholi,6700000,4146
0,3,0,1,1,0,11,645,2,1,1 BHK Apartment ,5,Kharadi,3700000,5736
0,3,0,1,1,0,11,595,2,1,1 BHK Apartment ,6,Wagholi,3200000,5378
0,3,0,1,1,0,11,1190,2,2,2 BHK Apartment ,4,Koregaon Park,9300000,7815
0,3,0,1,1,0,2,1255,2,2,2 BHK Apartment ,3,Kharadi,8500000,6772
0,3,2,1,1,0,11,1425,2,3,3 BHK Apartment ,2,Kalyani Nagar,19000000,13333
0,3,1,1,1,0,11,1409,2,3,3 BHK Apartment ,6,Kharadi,9000000,6387
0,3,0,1,1,0,11,1189,2,2,2 BHK Apartment ,4,Viman Nagar,7371000,6199
0,3,0,1,1,0,11,1535,2,3,3 BHK Apartment ,3,Viman Nagar,11000000,7166
0,3,2,1,1,0,11,3300,2,4,4 BHK Apartment ,4,Kalyani Nagar,42000000,12727
0,3,2,1,1,0,11,4453,2,4,4 BHK Apartment ,8,Koregaon Park,36600000,8219
0,3,0,1,1,0,11,1200,2,2,2 BHK Apartment ,8,Kharadi,6500000,5416
0,3,0,1,1,0,2,1282,2,2,2 BHK Apartment ,9,Wagholi,5800000,4524
0,3,2,1,1,0,11,1250,2,2,2 BHK Apartment ,1,Viman Nagar,7500000,6000
0,3,0,1,1,0,6,1265,2,2,2 BHK Apartment ,1,Viman Nagar,10000000,7905
0,3,0,1,1,0,11,2015,2,4,4 BHK Apartment ,4,Kharadi,12000000,5955
0,3,1,1,1,0,2,2055,2,3,3 BHK Apartment ,7,Kharadi,12400000,6034
0,3,0,1,1,0,2,1760,2,3,3 BHK Apartment ,6,Kharadi,13000000,7386
0,3,0,1,1,0,11,1071,2,2,2 BHK Apartment ,4,Viman Nagar,7200000,6722
0,3,0,1,1,0,11,2000,2,3,3 BHK Apartment ,8,Kharadi,12500000,6250
0,3,0,1,1,0,6,1550,2,3,3 BHK Apartment ,2,Viman Nagar,11000000,7096
0,2,0,0,1,0,6,2200,2,3,3 BHK Villa ,0,Kalyani Nagar,30000000,13636
0,3,2,1,1,0,11,1925,2,3,3 BHK Apartment ,10,Koregaon Park,26000000,13506
0,3,0,1,1,0,11,2700,2,3,3 BHK Apartment ,3,Viman Nagar,12000000,4444
0,3,0,1,1,0,11,1500,2,3,3 BHK Apartment ,5,Viman Nagar,12500000,8333
0,3,0,1,1,0,11,1250,2,2,2 BHK Apartment ,3,Kharadi,6200000,4960
0,3,0,1,1,0,2,1421,2,2,2 BHK Apartment ,5,Wagholi,6300000,4433
0,3,0,1,1,0,6,1500,2,3,3 BHK Apartment ,9,Kharadi,12000000,8000
0,3,0,1,1,0,11,750,2,1,1 BHK Apartment ,5,Wagholi,6500000,8666
0,3,0,1,1,0,2,1255,2,2,2 BHK Apartment ,3,Kharadi,8500000,6772
0,3,0,1,1,0,6,525,2,1,1 BHK Apartment ,4,Koregaon Park,6500000,12380
0,3,0,1,1,0,11,1360,2,3,3 BHK Apartment ,1,Viman Nagar,11500000,8455
0,3,0,1,1,0,11,2167,2,3,3 BHK Apartment ,3,Kharadi,12400000,5722
0,3,0,1,1,0,2,4000,2,4,4 BHK Apartment ,12,Koregaon Park,64700000,16175
0,3,0,1,1,0,6,1515,2,2,2 BHK Apartment ,4,Viman Nagar,13000000,8580
0,3,0,1,1,0,6,1920,2,3,3 BHK Apartment ,2,Kalyani Nagar,22000000,11458
0,3,2,1,1,0,11,1050,2,2,2 BHK Apartment ,2,Kalyani Nagar,10000000,9523
0,2,0,1,1,0,11,1390,2,3,3 BHK Apartment ,7,Viman Nagar,10000000,7194
0,3,0,1,1,0,6,1500,2,3,3 BHK Apartment ,1,Viman Nagar,12000000,8000
0,2,0,1,1,0,2,4455,2,4,4 BHK Apartment ,8,Kharadi,27500000,6172
0,3,0,1,1,0,6,1575,2,3,3 BHK Apartment ,3,Viman Nagar,12500000,7936
0,3,0,1,1,0,6,1530,2,3,3 BHK Apartment ,7,Kharadi,10000000,6535
0,3,2,1,1,0,11,1800,2,3,3 BHK Apartment ,9,Kalyani Nagar,18000000,10000
0,3,0,1,1,0,6,1845,2,3,3 BHK Apartment ,10,Kharadi,12500000,6775
0,3,0,1,1,0,2,1650,2,3,3 BHK Apartment ,3,Kalyani Nagar,14500000,8787
0,3,0,1,1,0,6,1107,2,2,2 BHK Apartment ,5,Yerawada,8499546,7678
0,3,2,1,1,0,2,1625,2,3,3 BHK Apartment ,10,Kharadi,13000000,8000
0,3,2,1,1,0,11,1580,2,3,3 BHK Apartment ,6,Viman Nagar,12499380,7911
0,3,0,1,1,0,6,1215,2,2,2 BHK Apartment ,2,Koregaon Park,11000000,9053
0,3,0,1,1,0,6,1486,2,3,3 BHK Apartment ,9,Kharadi,10498590,7065
0,3,0,1,1,0,2,1720,2,3,3 BHK Apartment ,6,Kharadi,11000000,6395
0,3,1,0,1,0,6,2200,2,3,3 BHK Villa ,0,Koregaon Park,21500000,9772
0,2,0,1,1,0,11,1250,2,2,2 BHK Apartment ,6,Viman Nagar,10000000,8000
0,3,0,1,1,0,6,1360,2,2,2 BHK Apartment ,1,Viman Nagar,11500000,8455
0,3,0,1,1,0,6,1600,2,3,3 BHK Apartment ,3,Kharadi,11500000,7187
0,3,0,1,1,0,11,1650,2,3,3 BHK Apartment ,7,Kharadi,11500000,6969
0,3,0,1,1,0,11,1365,2,3,3 BHK Apartment ,1,Viman Nagar,11500000,8424
0,3,0,1,1,0,11,2800,2,3,3 BHK Apartment ,6,Viman Nagar,11000000,3928
0,3,0,1,1,0,11,1885,2,3,3 BHK Apartment ,8,Kharadi,12500000,6631
0,3,2,1,1,0,6,3000,2,4,4 BHK Apartment ,4,Kalyani Nagar,40000000,13333
0,3,2,1,1,0,11,1600,2,3,3 BHK Apartment ,4,Mundhwa,17000000,10625
0,3,1,1,1,0,2,2285,2,5,4 BHK Apartment ,9,Kharadi,15000000,6564
0,3,1,1,1,0,2,1750,2,3,3 BHK Apartment ,7,Kalyani Nagar,19000000,10857
0,3,0,1,1,0,11,1550,2,3,3 BHK Apartment ,5,Viman Nagar,12000000,7741
0,3,1,1,1,0,11,1850,2,5,5 BHK Apartment ,1,Kharadi,14615000,7900
1,3,3,1,1,0,6,5570,2,5,5 BHK Apartment ,5,Sangamvadi,135000000,24236
1,3,3,1,1,0,3,920,2,2,2 BHK Apartment ,9,Wagholi,5500000,5978
0,3,0,1,1,0,11,1340,2,3,3 BHK Apartment ,6,Viman Nagar,8700000,6492
0,3,0,1,1,0,11,5700,2,5,5 BHK Apartment ,5,Viman Nagar,57000000,10000
0,3,0,1,1,1,0,1372,1,2,3 BHK Apartment ,5,Wagholi,6300000,4591
0,3,0,1,1,0,4,2820,3,4,4 BHK Apartment ,3,Boat Club Road,42500000,15070
1,3,3,1,1,1,2,750,1,1,1 BHK Apartment ,19,Hinjewadi,3800000,5066
0,2,0,1,1,0,3,600,1,1,1 BHK Apartment ,3,Kharadi,3700000,6166
0,2,0,0,0,0,20,600,2,1,1 BHK Apartment ,4,Shastri Nagar,5500000,9166
0,2,1,0,0,0,5,900,2,2,2 BHK Apartment ,2,Koregaon Park,9700000,10777
0,3,0,1,1,1,1,1026,2,2,2 BHK Apartment ,5,Baner,6500000,6335
0,3,0,1,1,1,4,1485,2,2,2 BHK Apartment ,6,Baner,12000000,8080
0,3,2,1,1,0,2,2250,2,3,3 BHK Apartment ,1,Koregaon Park,30000000,13333
0,3,0,0,0,0,10,975,2,2,2 BHK Apartment ,5,Shastri Nagar,12000000,12307
0,3,0,0,0,0,10,975,2,2,2 BHK Apartment ,5,Shastri Nagar,12000000,12307
0,2,0,0,0,0,10,600,2,1,1 BHK Apartment ,4,Shastri Nagar,5200000,8666
0,3,0,0,1,0,11,2000,2,2,2 BHK Apartment ,2,Kalyani Nagar,16000000,8000
0,2,0,0,1,0,11,1550,2,3,3 BHK Apartment ,1,Kalyani Nagar,13500000,8709
0,3,0,1,1,1,6,1121,2,2,2 BHK Apartment ,4,Baner,12100000,10793
1,3,3,1,1,0,3,1350,2,3,3 BHK Apartment ,4,Kothrud,11000000,8148
0,3,0,1,0,0,6,900,2,2,2 BHK Apartment ,4,Kharadi,4500000,5000
0,3,1,1,1,0,2,1183,2,2,2 BHK Apartment ,4,Kharadi,7000000,5917
0,3,0,1,1,0,2,1725,2,3,3 BHK Apartment ,1,Vishrantwadi,11900000,6898
0,3,2,1,1,0,10,1300,2,2,2 BHK Apartment ,1,Kondhwa,7000000,5384
0,3,0,1,1,0,4,759,2,1,1 BHK Apartment ,1,Wagholi,3300000,4347
1,3,3,1,1,1,0,1097,2,2,2 BHK Apartment ,10,Mundhwa,5375300,4900
1,3,3,1,1,0,0,799,1,2,2 BHK Apartment ,1,Sus,6100000,7634
0,3,1,1,1,1,5,1250,2,2,3 BHK Apartment ,4,Pimple Saudagar,7000000,5600
0,3,0,1,1,0,11,1050,2,2,2 BHK Apartment ,3,Viman Nagar,5500000,5238
0,3,0,1,1,0,11,530,2,1,1 BHK Apartment ,4,Viman Nagar,3500000,6604
0,3,0,1,1,0,16,1085,2,2,2 BHK Apartment ,2,Koregaon Park,11000000,10138
0,3,0,1,0,0,11,849,2,2,2 BHK Apartment ,3,Wagholi,4100000,4829
0,3,0,1,1,0,16,1000,2,2,2 BHK Apartment ,2,Kalyani Nagar,7500000,7500
0,3,0,1,1,0,11,550,2,1,1 BHK Apartment ,2,Viman Nagar,3800000,6909
0,3,0,1,1,0,11,650,2,1,1 BHK Apartment ,3,Koregaon Park,5000000,7692
0,3,0,1,1,0,6,1850,2,3,3 BHK Apartment ,7,Kharadi,14000000,7567
0,3,2,0,1,1,6,1230,1,2,2 BHK Apartment ,2,Koregaon Park,13000000,10569
0,3,1,1,1,1,8,743,1,1,1 BHK Apartment ,6,Pimple Saudagar,4600000,6191
0,3,0,0,1,0,16,2000,2,2,2 BHK Apartment ,0,Kalyani Nagar,16000000,8000
0,3,0,1,1,0,5,605,2,1,1 BHK Apartment ,0,Wagholi,2600000,4297
0,3,0,1,1,0,11,1705,2,3,3 BHK Apartment ,6,Koregaon Park,20000000,11730
0,3,2,0,0,0,11,485,2,1,1 BHK Apartment ,3,Viman Nagar,3500000,7216
0,3,0,0,1,0,16,1289,2,2,2 BHK Apartment ,0,Viman Nagar,12500000,9697
0,3,2,1,0,0,7,825,1,1,2 BHK Apartment ,3,Hadapsar,2700000,3272
1,3,3,1,1,0,6,5580,2,5,5 BHK Apartment ,6,Sangamvadi,99000000,17741
1,3,3,1,1,0,11,4500,2,4,4 BHK Apartment ,3,Sangamvadi,85000000,18888
1,3,3,1,1,0,11,5420,2,4,4 BHK Apartment ,1,Sangamvadi,92100000,16992
1,3,3,1,1,0,11,4550,2,4,4 BHK Apartment ,1,Sangamvadi,86400000,18989
0,3,1,1,1,0,2,1600,2,3,3 BHK Apartment ,4,Kharadi,12000000,7500
0,3,1,1,1,0,2,650,2,1,1 BHK Apartment ,2,Viman Nagar,6300000,9692
0,3,0,1,1,0,2,1114,2,2,2 BHK Apartment ,0,Kharadi,6130000,5502
0,3,0,1,1,0,2,1090,2,2,2 BHK Apartment ,0,Kharadi,6000000,5504
0,3,0,1,1,0,2,1385,2,2,2 BHK Apartment ,6,Kharadi,8100000,5848
0,3,0,1,1,0,2,1164,2,2,2 BHK Apartment ,0,Kharadi,6400000,5498
0,3,0,1,1,0,11,1100,2,2,2 BHK Apartment ,5,Wadgaon Sheri,9000000,8181
0,3,0,1,1,0,2,530,2,1,1 BHK Apartment ,2,Koregaon Park,5500000,10377
0,3,0,1,1,0,11,550,2,1,1 BHK Apartment ,2,Kalyani Nagar,5500000,10000
0,3,0,1,1,0,11,552,2,1,1 BHK Apartment ,5,Kalyani Nagar,5200000,9420
0,3,0,1,1,0,2,1600,2,3,3 BHK Apartment ,6,Kharadi,12500000,7812
0,3,0,1,1,0,2,1550,2,3,3 BHK Apartment ,3,Viman Nagar,13000000,8387
1,3,3,1,1,0,11,1520,2,3,3 BHK Apartment ,4,Kharadi,8910000,5861
1,3,3,1,1,0,6,2100,2,3,3 BHK Apartment ,3,Yerawada,17000000,8095
1,3,3,1,1,0,6,1225,2,2,2 BHK Apartment ,1,Yerawada,11500000,9387
1,3,3,1,1,0,11,5976,2,5,5 BHK Apartment ,8,Kharadi,51000000,8534
1,3,3,1,1,0,11,2200,2,3,3 BHK Apartment ,3,Yerawada,13800000,6272
1,3,3,1,1,0,6,4500,2,5,5 BHK Apartment ,4,Sangamvadi,120000000,26666
0,3,0,1,1,0,0,5700,2,4,4 BHK Apartment ,3,Sangamvadi,110000000,19298
0,3,0,1,1,0,6,1300,2,3,3 BHK Apartment ,4,Kharadi,9500000,7307
1,3,3,1,1,0,11,4355,2,4,4 BHK Apartment ,10,Kharadi,28100000,6452
1,3,3,1,1,0,11,1645,2,3,3 BHK Apartment ,2,Kharadi,10000000,6079
1,3,3,1,1,0,11,2870,2,3,3 BHK Apartment ,3,Kharadi,26500000,9233
0,3,1,1,1,0,6,1500,2,4,3 BHK Apartment ,2,Kharadi,11250000,7500
0,3,0,1,1,0,1,3580,2,3,3 BHK Apartment ,12,Kharadi,25000000,6983
1,3,3,1,1,0,11,1900,2,3,3 BHK Apartment ,2,Sangamvadi,24500000,12894
1,3,3,1,1,0,11,4100,2,4,4 BHK Apartment ,3,Sangamvadi,51200000,12487
1,3,3,1,1,0,11,5420,2,4,4 BHK Apartment ,1,Sangamvadi,95000000,17527
1,3,3,1,1,0,6,6630,2,4,4 BHK Apartment ,2,Sangamvadi,125900000,18989
1,3,3,1,1,0,6,4100,2,5,5 BHK Apartment ,3,Sangamvadi,63000000,15365
1,3,3,1,1,0,16,2200,2,4,4 BHK Apartment ,4,Sangamvadi,20000000,9090
1,3,3,1,1,0,11,1166,2,2,2 BHK Apartment ,6,Viman Nagar,8600000,7375
0,3,0,1,1,0,6,1211,2,2,2 BHK Apartment ,2,Kharadi,6900000,5697
0,3,2,1,1,0,3,1735,2,3,3 BHK Apartment ,8,Kalyani Nagar,18000000,10374
0,3,0,1,1,0,6,1600,2,3,3 BHK Apartment ,7,Viman Nagar,16000000,10000
0,3,0,1,1,0,6,1250,2,2,2 BHK Apartment ,10,Kharadi,7500000,6000
0,3,0,1,1,0,11,1050,2,2,2 BHK Apartment ,6,Kharadi,6700000,6380
0,3,0,1,1,0,6,1250,2,2,2 BHK Apartment ,2,Kharadi,7300000,5840
0,3,0,1,1,0,6,700,2,1,1 BHK Apartment ,2,Kharadi,4000000,5714
0,3,0,1,1,0,2,1090,2,2,2 BHK Apartment ,8,Kharadi,6000000,5504
0,3,0,1,1,0,2,1090,2,2,2 BHK Apartment ,0,Kharadi,6000000,5504
0,3,0,1,1,0,2,1269,2,2,2 BHK Apartment ,0,Kharadi,6980000,5500
0,3,2,1,1,0,6,1385,2,2,2 BHK Apartment ,6,Viman Nagar,11000000,7942
0,3,0,1,1,0,3,3200,2,3,3 BHK Apartment ,0,Wagholi,13500000,4218
1,3,3,1,1,0,16,6065,2,4,4 BHK Apartment ,6,Hadapsar,52000000,8573
0,3,1,1,1,0,3,2810,2,3,3 BHK Apartment ,3,Sangamvadi,53300000,18967
1,3,3,1,1,0,3,2796,2,4,4 BHK Apartment ,3,Sangamvadi,38000000,13590
1,3,3,1,1,0,11,2796,2,5,5 BHK Apartment ,0,Sangamvadi,38000000,13590
1,3,3,1,1,0,11,1167,2,2,2 BHK Apartment ,5,Kharadi,7000000,5998
1,3,3,1,1,0,16,1225,2,2,2 BHK Apartment ,1,Sangamvadi,20000000,16326
1,3,3,1,1,0,6,2055,2,3,3 BHK Apartment ,10,Kharadi,13500000,6569
0,3,1,1,1,0,1,4100,2,4,4 BHK Apartment ,7,Koregaon Park,65000000,15853
1,3,3,1,1,0,6,5300,2,4,4 BHK Apartment ,3,Yerawada,63600000,12000
1,3,3,1,1,0,6,1950,2,4,4 BHK Apartment ,0,Yerawada,22500000,11538
1,3,3,1,1,0,11,4750,2,4,4 BHK Apartment ,2,Kharadi,60300000,12694
1,3,3,1,1,0,1,1017,1,2,2 BHK Apartment ,2,Wagholi,3872630,3807
0,3,0,1,1,0,6,1064,2,2,2 BHK Apartment ,4,Wagholi,5199768,4887
0,3,0,1,1,0,2,900,2,2,1 BHK Apartment ,2,Viman Nagar,6900000,7666
0,3,0,1,1,0,11,1850,2,3,3 BHK Apartment ,7,Koregaon Park,22500000,12162
0,3,2,1,1,0,11,1950,2,4,4 BHK Apartment ,1,Viman Nagar,22000000,11282
0,3,0,0,0,0,5,840,1,2,2 BHK Apartment ,3,Wadgaon Sheri,3500000,4166
1,3,3,1,1,0,0,979,2,2,2 BHK Apartment ,4,Wakad,5900000,6026
0,3,0,1,1,0,11,840,2,2,2 BHK Apartment ,2,Kharadi,3900000,4643
0,3,0,1,1,0,11,1900,2,3,3 BHK Villa ,0,Viman Nagar,10000000,5263
0,3,0,1,1,0,11,750,2,2,2 BHK Apartment ,5,Viman Nagar,4500000,6000
0,3,0,1,1,0,11,1575,2,3,3 BHK Apartment ,1,Kalyani Nagar,13000000,8254
0,3,0,1,1,0,11,950,2,2,2 BHK Apartment ,8,Kharadi,4800000,5053
0,3,2,1,1,0,2,1690,2,3,3 BHK Apartment ,6,Viman Nagar,15500000,9172
0,3,0,1,1,0,11,890,2,2,2 BHK Apartment ,1,Kharadi,4400000,4944
0,3,0,1,1,0,11,870,2,2,2 BHK Apartment ,3,Viman Nagar,5000000,5747
0,3,0,1,1,0,6,1125,2,2,2 BHK Apartment ,5,Kharadi,7500000,6666
0,3,0,1,1,0,4,1150,2,2,2 BHK Apartment ,0,Wagholi,5200000,4521
1,3,3,1,1,0,0,1040,2,3,3 BHK Apartment ,4,Wakad,6500000,6250
0,3,1,1,1,0,6,1050,2,2,2 BHK Apartment ,2,Pimple Saudagar,6500000,6190
0,3,1,1,1,0,2,1020,2,2,2 BHK Apartment ,5,Rahatani,5100000,5000
0,3,0,1,0,0,10,500,3,1,1 BHK Apartment ,1,Koregaon Park,5800000,11600
0,3,0,1,1,0,11,1880,2,3,3 BHK Apartment ,5,Hadapsar,13000000,6915
0,3,2,1,1,0,11,1000,2,3,3 BHK Apartment ,3,Yerawada,7500000,7500
0,3,0,1,1,0,11,1170,2,2,2 BHK Apartment ,6,Kalyani Nagar,8500000,7265
0,3,1,1,1,0,11,975,2,2,2 BHK Apartment ,2,Koregaon Park,8000000,8205
0,3,0,1,1,0,6,1535,2,3,3 BHK Apartment ,3,Kalyani Nagar,12000000,7817
0,3,0,1,1,0,11,1650,2,3,3 BHK Apartment ,6,Koregaon Park,16000000,9696
0,3,0,1,1,0,2,1180,2,2,2 BHK Apartment ,5,Kharadi,7800000,6610
0,3,0,1,1,0,2,853,2,2,2 BHK Apartment ,1,Kharadi,5140000,6025
0,3,0,1,1,0,2,631,2,1,1 BHK Apartment ,4,Kharadi,3710000,5879
0,3,0,1,1,0,2,646,2,1,1 BHK Apartment ,5,Kharadi,3800000,5882
0,3,0,1,1,0,3,1346,2,2,2 BHK Apartment ,2,Kharadi,7200000,5349
0,3,1,1,0,0,3,605,2,1,1 BHK Apartment ,4,Viman Nagar,6500000,10743
0,3,0,1,1,0,6,1209,2,2,2 BHK Apartment ,3,Kalyani Nagar,13000000,10752
0,3,0,1,0,0,11,1585,2,3,3 BHK Apartment ,1,Wagholi,7500000,4731
0,3,2,0,0,0,11,4100,2,4,4 BHK Villa ,0,Kalyani Nagar,45000000,10975
1,3,3,1,0,0,3,595,2,1,1 BHK Apartment ,2,Viman Nagar,4100000,6890
1,3,3,1,1,0,6,965,2,2,2 BHK Apartment ,4,Wagholi,4300000,4455
1,3,3,1,0,0,11,625,2,1,1 BHK Apartment ,5,Viman Nagar,5500000,8800
0,3,0,1,1,0,11,1547,2,5,5 BHK Apartment ,6,Kharadi,8500000,5494
0,3,0,0,1,0,11,800,2,1,1 BHK Apartment ,2,Viman Nagar,4000000,5000
0,3,0,1,1,0,11,1080,2,2,2 BHK Apartment ,2,Kharadi,6800000,6296
0,3,1,1,1,0,11,1165,2,2,2 BHK Apartment ,8,Yerawada,9300000,7983
0,3,1,1,1,0,11,1120,2,2,2 BHK Apartment ,9,Yerawada,8500000,7589
0,3,1,0,1,0,16,925,2,2,2 BHK Apartment ,2,Sangamvadi,9700000,10486
0,3,0,1,0,0,11,486,2,1,1 BHK Apartment ,2,Viman Nagar,3500000,7201
0,3,2,1,1,0,2,1950,2,3,3 BHK Apartment ,3,Koregaon Park,21799050,11179
0,3,2,1,0,0,11,4500,2,4,4 BHK Apartment ,9,Kalyani Nagar,55000000,12222
0,3,2,1,0,0,11,4500,2,4,4 BHK Apartment ,9,Kalyani Nagar,55000000,12222
0,3,0,1,1,0,6,1765,2,3,3 BHK Apartment ,2,Kalyani Nagar,20000000,11331
0,3,2,1,1,0,11,1140,2,2,2 BHK Apartment ,2,Viman Nagar,6800000,5965
0,3,1,1,1,0,11,1260,2,2,2 BHK Apartment ,3,Kalyani Nagar,11000000,8730
0,3,0,1,1,0,2,1426,2,3,3 BHK Apartment ,7,Sus,8900000,6241
0,3,2,1,1,1,6,1484,2,3,3 BHK Apartment ,5,Baner,15000000,10107
0,2,1,1,1,0,3,1089,2,2,2 BHK Apartment ,3,Wakad,5480000,5032
0,3,0,0,1,0,3,2051,2,4,3 BHK Villa ,0,Wagholi,10500000,5119
1,3,3,1,1,0,6,2120,2,3,3 BHK Villa ,0,Kharadi,18500000,8726
1,3,3,0,1,0,11,2600,2,3,3 BHK Villa ,0,Koregaon Park,35000000,13461
1,3,3,1,1,0,11,6000,2,5,5 BHK Villa ,0,Kalyani Nagar,70000000,11666
1,3,3,0,1,0,11,1284,2,2,2 BHK Villa ,0,Viman Nagar,10000000,7788
1,3,3,1,1,0,6,5265,2,5,5 BHK Villa ,0,Kharadi,44700000,8490
1,3,3,1,1,0,6,5000,2,5,5 BHK Villa ,0,Shastri Nagar,40500000,8100
0,3,0,1,1,0,6,2450,2,3,3 BHK Apartment ,5,Mundhwa,18900000,7714
0,3,1,1,1,0,6,1100,2,2,2 BHK Apartment ,1,Kharadi,6600000,6000
0,3,0,1,1,0,6,1250,2,3,3 BHK Apartment ,6,Wagholi,6500000,5200
0,3,0,1,1,0,6,1305,2,3,3 BHK Apartment ,4,Wagholi,6500000,4980
0,3,1,1,1,0,2,1200,2,2,2 BHK Apartment ,4,Kalyani Nagar,20000000,16666
0,3,0,1,1,0,2,2005,2,3,3 BHK Apartment ,8,Kharadi,15500000,7730
0,3,1,1,1,0,6,950,2,2,2 BHK Apartment ,1,Wagholi,4800000,5052
0,3,0,1,1,0,6,600,2,1,1 BHK Apartment ,5,Wagholi,2700000,4500
0,3,0,1,1,0,6,850,2,2,2 BHK Apartment ,1,Wagholi,4000000,4705
0,3,1,1,1,0,6,1080,2,2,2 BHK Apartment ,5,Wagholi,5600000,5185
0,3,0,1,1,0,6,1072,2,2,2 BHK Apartment ,10,Kharadi,8000000,7462
0,3,0,1,1,0,2,6094,2,5,5 BHK Apartment ,11,Kalyani Nagar,160900000,26403
0,3,0,1,1,0,6,2850,2,4,4 BHK Apartment ,9,Kalyani Nagar,46000000,16140
0,3,0,1,1,0,11,4100,2,4,4 BHK Apartment ,4,Sangamvadi,52500000,12804
0,3,0,1,1,0,6,1880,2,3,3 BHK Apartment ,3,Sangamvadi,26000000,13829
0,3,2,1,1,0,6,5876,2,4,4 BHK Apartment ,0,Kalyani Nagar,55000000,9360
0,3,1,1,1,0,11,3050,2,4,4 BHK Apartment ,10,Kalyani Nagar,38100000,12491
1,3,3,1,1,0,2,7900,2,5,5 BHK Apartment ,4,Sangamvadi,139000000,17594
0,3,0,1,1,0,2,3330,2,4,4 BHK Apartment ,3,Hadapsar,38000000,11411
0,3,0,1,1,0,2,3402,2,4,4 BHK Apartment ,2,Viman Nagar,24800000,7289
0,3,1,1,1,0,6,1397,2,2,3 BHK Apartment ,4,Viman Nagar,10000000,7158
0,3,1,1,1,0,11,3350,2,4,4 BHK Apartment ,5,Koregaon Park,53000000,15820
0,3,0,1,1,0,11,4000,2,5,5 BHK Apartment ,7,Sangamvadi,70500000,17625
0,3,1,1,1,0,6,2584,2,4,4 BHK Apartment ,1,Kharadi,23500000,9094
0,3,0,1,1,0,2,6094,2,5,5 BHK Apartment ,6,Kalyani Nagar,150000005,24614
0,3,0,1,1,0,6,6298,2,4,4 BHK Apartment ,13,Kalyani Nagar,160000000,25404
0,3,1,1,1,0,11,1780,2,3,3 BHK Apartment ,4,Viman Nagar,14500000,8146
0,3,0,1,1,0,11,880,2,2,2 BHK Apartment ,6,Viman Nagar,6500000,7386
0,3,0,1,1,0,6,630,2,1,1 BHK Apartment ,7,Kharadi,4600000,7301
0,3,0,1,1,0,6,911,2,2,2 BHK Apartment ,8,Kharadi,6000000,6586
0,3,0,1,1,0,6,547,2,1,1 BHK Apartment ,5,Wagholi,2699992,4936
0,3,1,1,1,0,2,2400,2,3,3 BHK Villa ,0,Wagholi,13000000,5416
0,3,2,1,1,0,11,4000,2,5,5 BHK Villa ,0,Kalyani Nagar,40000000,10000
0,3,2,1,1,0,2,2100,2,3,3 BHK Villa ,0,Wagholi,15000000,7142
0,3,1,0,1,0,6,2150,2,3,3 BHK Villa ,0,Wagholi,11825000,5500
0,3,1,1,1,0,2,2650,2,4,4 BHK Villa ,0,Wadgaon Sheri,16500000,6226
0,3,0,1,1,0,11,2500,2,3,3 BHK Villa ,0,Koregaon Park,55000000,22000
0,3,0,1,1,0,11,3700,2,5,4 BHK Villa ,0,Kharadi,36000000,9729
1,3,3,1,1,0,6,580,2,1,1 BHK Apartment ,6,Wagholi,2999760,5172
0,2,2,1,1,0,11,4200,2,4,4 BHK Apartment ,9,Koregaon Park,40000000,9523
1,3,3,0,1,0,11,2701,2,4,4 BHK Villa ,0,Viman Nagar,16000000,5923
0,3,1,1,1,0,11,3600,2,4,4 BHK Villa ,0,Kalyani Nagar,55000000,15277
0,3,0,0,1,0,11,2100,2,4,3 BHK Villa ,0,Wagholi,8900000,4238
0,3,0,1,1,0,2,1250,2,2,2 BHK Villa ,0,Viman Nagar,12000000,9600
0,3,0,0,1,0,11,3200,2,3,3 BHK Villa ,0,Wagholi,11500000,3593
0,3,2,0,1,0,11,3300,2,4,4 BHK Villa ,0,Sangamvadi,45000000,13636
0,3,0,0,1,0,11,3680,2,4,4 BHK Villa ,0,Wagholi,8050000,2187
0,3,0,1,1,0,11,2100,2,2,2 BHK Villa ,0,Kharadi,15000000,7142
1,3,3,0,1,0,11,1800,2,3,3 BHK Villa ,0,Viman Nagar,15000000,8333
0,3,0,1,1,0,0,669,2,1,1 BHK Apartment ,3,Wagholi,3600000,5381
1,3,3,1,1,0,1,1028,1,2,2 BHK Apartment ,4,Wagholi,3909920,3803
0,3,2,1,1,0,16,2850,2,5,4 BHK Villa ,0,Koregaon Park,32500000,11403
0,3,2,0,1,0,11,3300,2,4,4 BHK Villa ,0,Sangamvadi,45000000,13636
0,3,1,0,1,0,2,2571,2,3,3 BHK Villa ,0,Wagholi,12500000,4861
0,3,2,0,1,0,11,3705,2,5,5 BHK Villa ,0,Kharadi,30000000,8097
0,3,2,1,1,0,16,2300,2,3,4 BHK Villa ,0,Viman Nagar,20000000,8696
0,3,0,1,1,0,11,1200,2,2,2 BHK Villa ,0,Koregaon Park,11000000,9167
0,3,0,1,1,0,11,3300,2,4,4 BHK Villa ,0,Sangamvadi,45000000,13636
0,3,0,0,1,0,6,4000,2,5,5 BHK Villa ,0,Koregaon Park,62500000,15625
0,3,1,0,1,0,2,2290,2,3,3 BHK Villa ,0,Wagholi,9500000,4148
0,3,0,1,1,0,11,1500,2,3,3 BHK Villa ,5,Kharadi,8200000,5466
0,3,0,1,1,0,5,845,1,2,2 BHK Apartment ,6,Kondhwa,5500000,6508
1,3,3,0,1,0,1,1041,1,2,2 BHK Apartment ,6,Wagholi,3953990,3798
1,3,3,1,1,0,1,1046,2,2,2 BHK Apartment ,8,Wagholi,3970940,3796
1,3,3,1,1,0,1,1056,2,2,2 BHK Apartment ,11,Wagholi,4004840,3792
1,3,3,1,0,0,2,1250,2,2,2 BHK Apartment ,5,Mundhwa,9625000,7700
0,3,0,1,1,1,4,2010,2,3,3 BHK Apartment ,4,Baner,18000000,8955
0,3,0,1,1,0,7,1010,2,2,2 BHK Apartment ,2,Baner,8500000,8415
0,3,0,1,1,1,7,1340,2,3,3 BHK Apartment ,8,Baner,9200000,6865
0,3,1,1,1,0,11,1260,2,2,2 BHK Apartment ,3,Kalyani Nagar,11000000,8730
0,3,2,1,1,0,11,1218,2,3,2 BHK Apartment ,6,Wadgaon Sheri,9000000,7389
0,3,0,1,1,0,11,1491,2,3,3 BHK Apartment ,4,Kharadi,8500000,5701
0,3,1,1,1,0,11,1150,2,2,2 BHK Apartment ,7,Kharadi,6000000,5217
0,3,0,1,1,0,6,1470,2,2,3 BHK Apartment ,4,Kharadi,7500000,5102
0,3,2,1,1,0,11,2420,2,4,4 BHK Apartment ,2,Kalyani Nagar,35100000,14504
0,3,1,1,1,0,11,1565,2,4,4 BHK Apartment ,10,Kalyani Nagar,14000000,8946
0,3,0,1,1,0,11,1875,2,2,2 BHK Apartment ,3,Kalyani Nagar,12500000,6666
0,3,2,1,1,0,11,1600,2,3,3 BHK Apartment ,2,Kalyani Nagar,13000000,8125
0,3,0,1,1,0,11,1050,2,2,2 BHK Apartment ,3,Kharadi,5500000,5238
0,3,0,1,0,0,6,1255,2,2,2 BHK Apartment ,6,Viman Nagar,9000000,7171
0,3,0,1,1,0,6,1550,2,3,3 BHK Apartment ,4,Wadgaon Sheri,11000000,7096
0,3,0,1,1,0,6,1200,2,2,2 BHK Apartment ,2,Kalyani Nagar,12000000,10000
0,3,0,1,1,0,6,1920,2,3,3 BHK Apartment ,2,Kalyani Nagar,22000000,11458
0,3,1,1,1,0,2,1650,2,3,3 BHK Apartment ,5,Kharadi,11200000,6787
0,3,0,1,1,0,11,1500,2,3,3 BHK Apartment ,7,Wadgaon Sheri,11500000,7666
0,3,0,1,1,0,11,1980,2,3,3 BHK Apartment ,11,Kalyani Nagar,25000000,12626
0,3,0,1,1,0,11,5100,2,4,4 BHK Apartment ,8,Viman Nagar,63800000,12509
0,3,2,1,1,0,11,1490,2,3,3 BHK Apartment ,5,Viman Nagar,14000000,9395
0,2,2,1,1,0,16,1800,2,3,3 BHK Apartment ,3,Koregaon Park,26500000,14722
0,3,2,1,1,0,11,1300,2,3,3 BHK Apartment ,6,Koregaon Park,10400000,8000
0,3,1,1,1,0,11,1050,2,2,2 BHK Apartment ,4,Kalyani Nagar,7700000,7333
0,3,0,1,1,0,11,640,2,1,1 BHK Apartment ,5,Yerawada,5000000,7812
0,3,0,1,1,0,11,1029,2,2,2 BHK Apartment ,5,Wadgaon Sheri,7500000,7288
0,3,1,1,1,0,11,825,2,2,2 BHK Apartment ,3,Kharadi,5100000,6181
0,3,0,1,1,0,11,970,2,2,2 BHK Apartment ,5,Yerawada,7000000,7216
0,3,2,1,1,0,11,2200,2,3,3 BHK Apartment ,1,Mundhwa,22000000,10000
0,3,0,1,1,0,11,1975,2,3,3 BHK Apartment ,3,Sangamvadi,20000000,10126
0,3,0,1,1,0,2,950,2,2,2 BHK Apartment ,2,Viman Nagar,7000000,7368
0,3,1,1,1,0,11,1300,2,3,3 BHK Apartment ,4,Kharadi,8000000,6153
0,3,0,1,1,0,11,1900,2,3,3 BHK Apartment ,9,Koregaon Park,22500000,11842
0,3,0,1,1,0,11,1650,2,2,2 BHK Apartment ,2,Kalyani Nagar,13000000,7878
0,3,2,1,1,0,11,2200,2,3,3 BHK Apartment ,1,Mundhwa,22000000,10000
0,3,0,1,1,0,11,2175,2,3,3 BHK Apartment ,6,Koregaon Park,17400000,8000
0,3,2,1,1,0,11,1341,2,2,2 BHK Apartment ,5,Kalyani Nagar,12000000,8949
0,3,0,1,1,0,2,1495,2,3,3 BHK Apartment ,4,Viman Nagar,11000000,7358
0,3,0,1,1,0,2,4655,2,4,5 BHK Apartment ,7,Hadapsar,30000000,6445
0,3,0,1,1,0,11,1183,2,2,2 BHK Apartment ,5,Viman Nagar,7500000,6340
0,3,1,0,1,0,11,2800,2,4,4 BHK Villa ,0,Koregaon Park,30000000,10714
0,3,0,1,1,0,6,1640,2,3,3 BHK Apartment ,4,Kharadi,9500000,5792
0,3,2,1,1,0,11,4000,2,5,5 BHK Apartment ,3,Koregaon Park,42000000,10500
0,3,1,0,1,0,11,1250,2,3,3 BHK Apartment ,0,Koregaon Park,12500000,10000
0,3,2,1,1,0,11,2700,2,3,3 BHK Apartment ,3,Viman Nagar,17000000,6296
0,3,1,0,0,0,11,1000,2,2,2 BHK Apartment ,3,Viman Nagar,7500000,7500
1,2,3,1,1,0,2,615,1,1,1 BHK Apartment ,11,Kondhwa,3500000,5691
0,3,0,0,1,0,10,3050,1,4,3 BHK Villa ,0,NIBM Annex Mohammadwadi,22000000,7213
0,3,1,1,1,0,11,900,2,2,2 BHK Apartment ,3,Viman Nagar,6000000,6667
0,3,0,0,1,0,21,1850,2,4,4 BHK Villa ,0,Viman Nagar,12000000,6486
0,3,1,0,0,0,20,1225,2,3,3 BHK Apartment ,2,Bund Garden,19000000,15510
0,3,0,0,0,0,17,1210,2,2,2 BHK Apartment ,3,Koregaon Park,15100000,12479
0,2,1,0,0,0,5,900,2,2,2 BHK Apartment ,2,Koregaon Park,9700000,10777
0,3,2,1,1,1,10,2800,2,5,4 BHK Apartment ,3,Koregaon Park,31500000,11250
0,2,1,1,1,1,6,1250,2,2,2 BHK Apartment ,10,Rahatani,10500000,8400
0,3,2,1,1,0,14,1250,1,3,3 BHK Apartment ,6,Aundh,10800000,8640
0,2,0,1,0,0,8,800,1,2,2 BHK Apartment ,3,Pimple Saudagar,5400000,6750
0,3,0,1,1,1,7,650,2,1,1 BHK Apartment ,6,Balewadi,4000000,6153
0,3,1,1,1,1,4,1060,2,2,2 BHK Apartment ,9,Bavdhan,7300000,6886
0,3,0,1,1,0,5,315,1,1,1 BHK Apartment ,5,Hinjewadi,2000000,6349
0,3,0,1,0,0,11,800,2,2,2 BHK Apartment ,2,Kharadi,5000000,6250
0,3,1,1,1,1,4,1070,1,2,3 BHK Apartment ,6,Hadapsar,8125000,7593
0,3,1,0,0,1,10,1300,2,2,2 BHK Apartment ,3,Koregaon Park,13000000,10000
0,3,0,1,1,0,2,1668,2,3,3 BHK Apartment ,1,Wakad,8500000,5095
0,3,0,0,1,0,11,1740,2,3,3 BHK Apartment ,3,Kalyani Nagar,13000000,7471
0,3,0,0,1,0,11,550,2,1,1 BHK Apartment ,1,Yerawada,3600000,6545
1,3,3,1,1,0,2,906,2,2,2 BHK Apartment ,3,Wagholi,3216300,3550
1,3,3,1,1,0,2,938,2,2,2 BHK Apartment ,5,Wagholi,3142300,3350
1,3,3,1,1,0,2,977,2,2,2 BHK Apartment ,3,Wagholi,3272950,3350
0,0,2,1,1,0,11,2400,2,5,4 BHK Apartment ,4,Koregaon Park,35000000,14583
0,3,0,1,0,0,11,4800,2,4,4 BHK Villa ,0,Kalyani Nagar,32000000,6666
0,3,0,1,1,0,6,1550,2,3,3 BHK Apartment ,10,Mundhwa,15000000,9677
0,3,0,1,1,0,2,1250,2,3,3 BHK Apartment ,4,Kalyani Nagar,23000000,18400
0,3,0,1,1,0,11,1300,2,3,3 BHK Apartment ,4,Koregaon Park,16998800,13076
0,3,0,1,1,0,11,2300,2,3,3 BHK Apartment ,6,Viman Nagar,16000000,6956
0,3,0,1,1,0,11,1300,2,3,3 BHK Apartment ,3,Kharadi,9700000,7461
0,3,2,1,1,1,10,1300,2,2,2 BHK Apartment ,7,Kalyani Nagar,16000000,12307
0,3,1,1,1,0,4,1450,1,2,2 BHK Apartment ,2,Hadapsar,12000000,8275
0,3,2,1,1,1,19,959,2,2,2 BHK Apartment ,1,Boat Club Road,15000000,15641
0,3,0,1,1,0,6,836,2,2,2 BHK Apartment ,3,Lohegaon,3900000,4665
0,3,1,1,1,0,11,1335,2,2,2 BHK Apartment ,5,Wadgaon Sheri,8500000,6367
0,3,0,1,1,0,1,1725,2,3,3 BHK Apartment ,2,Vishrantwadi,11900000,6898
0,3,0,1,1,0,3,1628,2,3,3 BHK Apartment ,8,Kharadi,9300000,5712
0,3,0,1,1,0,11,1683,2,3,3 BHK Apartment ,7,Viman Nagar,12000000,7130
0,3,2,0,0,1,10,4500,2,5,4 BHK Villa ,0,Koregaon Park,50000000,11111
0,3,0,1,1,0,10,1000,2,2,2 BHK Apartment ,3,Kharadi,5700000,5700
0,3,1,0,0,1,10,3040,2,3,3 BHK Apartment ,7,Kalyani Nagar,46800000,15394
0,3,2,0,0,1,10,2200,3,4,3 BHK Villa ,0,Viman Nagar,15000000,6818
0,3,1,0,0,1,10,2000,2,3,3 BHK Villa ,0,Viman Nagar,17500000,8750
0,3,2,0,0,1,10,2750,2,5,5 BHK Villa ,0,Viman Nagar,22500000,8181
0,3,1,0,0,1,10,2500,2,3,3 BHK Apartment ,4,Viman Nagar,21500000,8600
0,3,1,0,0,1,10,2845,2,4,3 BHK Apartment ,3,Viman Nagar,23000000,8084
0,3,1,0,0,1,10,2845,2,3,3 BHK Apartment ,2,Viman Nagar,23000000,8084
0,3,2,1,1,0,6,1880,2,3,3 BHK Apartment ,2,Hadapsar,17500000,9308
0,3,2,0,0,1,10,4600,2,4,4 BHK Apartment ,9,Koregaon Park,43000000,9347
0,3,2,0,0,1,10,1150,1,3,2 BHK Villa ,0,Kharadi,8500000,7391
0,3,1,0,0,1,10,2941,2,5,4 BHK Villa ,0,Kharadi,19000000,6460
0,3,1,0,0,1,10,3000,2,5,4 BHK Villa ,0,Koregaon Park,45000000,15000
0,2,0,1,1,0,6,3800,2,4,4 BHK Apartment ,8,Hadapsar,41000000,10789
0,3,0,1,1,0,1,800,2,2,2 BHK Apartment ,10,Vishrantwadi,6700000,8375
0,2,0,1,1,0,3,1611,2,3,3 BHK Apartment ,7,Kharadi,8000000,4965
0,3,0,1,1,0,1,3300,2,3,3 BHK Apartment ,12,Koregaon Park,48600000,14727
0,3,1,1,1,0,1,2300,2,5,4 BHK Apartment ,5,Koregaon Park,34500000,15000
0,3,0,1,1,0,11,600,2,1,1 BHK Apartment ,2,Kharadi,4500000,7500
0,3,0,0,1,0,2,1732,2,2,2 BHK Apartment ,5,Kharadi,10300000,5946
1,3,3,1,1,0,6,2987,2,5,5 BHK Apartment ,4,Hadapsar,32500000,10880
0,3,0,1,1,0,11,1075,2,2,2 BHK Apartment ,5,Kharadi,7050000,6558
1,3,3,1,1,0,6,1480,2,3,3 BHK Apartment ,4,Kharadi,9000000,6081
0,3,0,1,1,0,2,2200,2,3,3 BHK Apartment ,4,Kharadi,14000000,6363
0,3,0,1,1,0,6,1022,2,2,2 BHK Apartment ,2,Kharadi,6000000,5870
1,3,3,1,1,0,11,1135,2,2,2 BHK Apartment ,2,Kharadi,6200000,5462
0,3,0,1,1,0,6,1175,2,2,2 BHK Apartment ,3,Wagholi,5800000,4936
0,3,0,1,1,0,6,1100,2,2,2 BHK Apartment ,4,Wadgaon Sheri,9499600,8636
0,3,0,1,1,0,6,1550,2,3,3 BHK Apartment ,5,Kalyani Nagar,13200000,8516
0,3,0,1,1,0,6,1650,2,3,3 BHK Apartment ,3,Kalyani Nagar,13500000,8181
0,3,1,1,1,0,6,2370,2,4,4 BHK Apartment ,5,Kalyani Nagar,33500000,14135
0,3,0,1,1,0,6,3400,2,4,4 BHK Apartment ,6,Viman Nagar,26600000,7823
0,3,1,1,1,0,1,3800,2,4,4 BHK Apartment ,9,Koregaon Park,60800000,16000
1,3,3,1,1,0,6,550,2,1,1 BHK Apartment ,2,Hadapsar,4500000,8181
0,3,1,1,1,0,6,1200,2,2,2 BHK Apartment ,2,Kharadi,7200000,6000
0,3,0,1,1,0,2,1771,2,3,3 BHK Apartment ,1,Viman Nagar,18700000,10559
0,2,0,1,1,0,3,1390,2,3,3 BHK Apartment ,3,Vishrantwadi,9300000,6690
0,3,0,1,1,0,6,2700,2,3,3 BHK Apartment ,2,Viman Nagar,18500000,6851
1,2,3,1,1,0,16,1150,2,2,2 BHK Apartment ,6,Yerawada,7800000,6782
0,3,0,1,1,0,3,3400,2,4,4 BHK Apartment ,6,Viman Nagar,28000000,8235
0,3,0,1,1,0,11,1600,2,3,3 BHK Apartment ,7,Kharadi,7600000,4750
0,3,0,1,1,0,6,750,2,1,1 BHK Apartment ,10,Wagholi,3099750,4133
0,3,0,1,1,0,6,1610,2,3,3 BHK Apartment ,10,Wagholi,8099910,5031
0,3,0,1,1,0,6,1250,2,2,2 BHK Apartment ,2,Wagholi,5200000,4160
0,3,0,1,1,0,6,1750,2,3,3 BHK Apartment ,5,Kalyani Nagar,19000000,10857
0,3,0,1,1,0,6,1148,2,2,2 BHK Apartment ,3,Kharadi,7300000,6358
0,3,0,1,1,0,16,2500,2,4,4 BHK Apartment ,5,Koregaon Park,25200000,10080
0,3,1,1,1,0,6,1065,2,2,2 BHK Apartment ,2,Viman Nagar,7800000,7323
0,3,2,1,1,0,6,1100,2,2,2 BHK Apartment ,7,Viman Nagar,8500000,7727
0,3,0,1,1,0,11,1800,2,3,2 BHK Apartment ,6,Koregaon Park,25000000,13888
0,3,0,1,1,0,2,1248,2,2,2 BHK Apartment ,0,Kharadi,6860000,5496
0,3,2,1,1,0,6,1070,2,2,2 BHK Apartment ,7,Wagholi,6499180,6074
0,3,0,1,1,0,11,1100,2,2,2 BHK Apartment ,1,Boat Club Road,14500000,13181
0,3,0,1,0,0,11,715,1,1,1 BHK Apartment ,4,Kalyani Nagar,5800000,8111
0,3,0,1,0,0,11,650,2,1,1 BHK Apartment ,1,Kalyani Nagar,7500000,11538
0,3,0,1,1,0,2,1901,2,3,3 BHK Apartment ,3,Kharadi,14500000,7627
0,3,2,1,1,0,2,2036,2,3,3 BHK Apartment ,1,Kharadi,12400000,6090
0,3,2,1,1,0,11,1735,2,3,3 BHK Apartment ,8,Kalyani Nagar,16500000,9510
0,3,0,1,1,0,6,6500,2,5,5 BHK Apartment ,4,Hadapsar,56000000,8615
0,3,0,0,0,0,6,1800,2,3,3 BHK Apartment ,3,Koregaon Park,22000000,12222
0,3,2,0,0,0,6,1133,2,2,2 BHK Apartment ,3,Koregaon Park,7400000,6531
0,3,0,1,1,0,11,1350,2,3,3 BHK Apartment ,5,Viman Nagar,10000000,7407
0,3,0,1,1,0,6,3346,2,4,4 BHK Apartment ,3,Hadapsar,35500000,10609
0,3,0,1,1,0,16,1010,2,2,2 BHK Apartment ,5,Yerawada,7400000,7326
0,3,0,1,1,0,2,1594,2,3,3 BHK Apartment ,2,Wagholi,7000000,4391
0,3,1,1,1,1,6,1600,2,3,3 BHK Apartment ,8,Kharadi,9200000,5750
1,3,3,1,1,1,1,1188,2,2,2 BHK Apartment ,2,Hinjewadi,5726000,4819
0,3,0,1,1,0,11,671,2,1,1 BHK Apartment ,5,Kharadi,3600000,5365
0,3,1,1,1,0,11,1540,2,2,2 BHK Apartment ,3,Kharadi,9200000,5974
0,3,1,1,1,0,6,1655,2,3,3 BHK Apartment ,2,Kalyani Nagar,11500000,6948
1,2,3,1,1,1,0,4300,2,4,4 BHK Apartment ,10,Kothrud,65300000,15186
0,3,2,1,1,1,10,1300,2,2,2 BHK Apartment ,7,Kalyani Nagar,16000000,12307
0,3,1,1,1,0,4,1450,1,2,2 BHK Apartment ,2,Hadapsar,12000000,8275
0,3,0,1,1,0,11,800,2,2,2 BHK Apartment ,2,Viman Nagar,5500000,6875
0,3,0,1,1,0,11,2360,2,4,4 BHK Apartment ,5,Kalyani Nagar,26000000,11017
0,3,0,1,1,0,11,1900,2,4,4 BHK Apartment ,4,Mundhwa,10500000,5526
0,3,0,1,1,0,11,1450,2,3,3 BHK Apartment ,0,Viman Nagar,8500000,5862
0,3,0,1,1,0,6,1500,2,3,3 BHK Apartment ,4,Koregaon Park,14500000,9666
0,3,1,1,1,0,11,1350,2,3,3 BHK Apartment ,6,Viman Nagar,9500000,7037
0,3,1,1,1,0,11,1353,2,3,3 BHK Apartment ,3,Kharadi,7000000,5173
0,3,0,1,1,0,6,1177,2,2,2 BHK Apartment ,3,Wagholi,3900000,3313
0,3,0,1,1,0,2,1090,2,2,2 BHK Apartment ,8,Kharadi,6000000,5504
0,3,0,1,1,0,11,500,2,1,1 BHK Apartment ,3,Viman Nagar,3500000,7000
0,3,0,1,1,0,11,1380,2,3,3 BHK Apartment ,6,Kalyani Nagar,10500000,7608
0,3,2,1,1,0,2,1600,2,3,3 BHK Apartment ,0,Koregaon Park,17100000,10687
0,3,0,1,1,0,2,1315,2,2,2 BHK Apartment ,9,Kharadi,9200000,6996
0,3,0,1,1,0,2,2735,2,2,4 BHK Apartment ,7,Kharadi,19000000,6946
0,3,0,1,1,0,0,3195,2,4,4 BHK Apartment ,3,Wagholi,13700000,4287
0,3,0,1,1,0,3,1660,2,3,3 BHK Apartment ,5,Wagholi,9200000,5542
0,3,2,1,1,1,1,1750,3,3,3 BHK Apartment ,5,Wagholi,10000000,5714
0,3,0,1,1,0,5,2535,3,5,4 BHK Apartment ,2,Wagholi,12000000,4733
0,3,2,1,1,1,3,4355,3,5,4 BHK Apartment ,8,Kharadi,30000000,6888
0,3,1,1,1,1,3,4355,3,4,4 BHK Apartment ,2,Kharadi,27500000,6314
0,3,2,1,1,1,3,2360,2,4,3 BHK Apartment ,12,Kharadi,29000000,12288
0,3,1,1,1,1,3,4455,3,4,5 BHK Apartment ,1,Kharadi,32000000,7182
0,3,0,1,1,0,2,4088,2,4,4 BHK Apartment ,9,Kharadi,35000000,8561
0,3,1,1,1,0,3,4355,3,4,4 BHK Apartment ,10,Kharadi,36500000,8381
0,3,1,1,1,1,10,2860,2,3,3 BHK Apartment ,3,Koregaon Park,42500000,14860
1,3,3,1,1,1,1,4000,2,4,4 BHK Apartment ,8,Koregaon Park,65100000,16275
0,3,0,1,1,0,3,830,2,2,1 BHK Apartment ,5,Kharadi,5500000,6626
0,3,0,1,1,0,8,1073,2,2,2 BHK Apartment ,4,Kharadi,6000000,5591
0,3,0,1,1,0,11,1050,2,2,2 BHK Apartment ,4,Kharadi,7000000,6666
0,3,2,1,1,1,10,1100,2,3,2 BHK Apartment ,3,Bund Garden,15000000,13636
0,3,2,1,1,1,10,1780,1,3,3 BHK Apartment ,1,Bund Garden,28000000,15730
0,3,2,0,1,1,2,1850,2,3,3 BHK Apartment ,1,Viman Nagar,16500000,8918
0,3,0,1,1,0,19,2108,3,3,3 BHK Apartment ,5,Viman Nagar,17500000,8301
0,3,0,1,1,0,5,1690,1,3,3 BHK Apartment ,2,Viman Nagar,16000000,9467
0,3,0,0,1,1,2,2604,2,3,3 BHK Apartment ,2,Viman Nagar,19000000,7296
0,3,0,1,1,0,5,1690,1,4,3 BHK Apartment ,8,Viman Nagar,20000000,11834
0,3,0,0,1,0,2,2100,1,3,3 BHK Apartment ,2,Viman Nagar,22500000,10714
0,3,0,1,1,0,9,3000,2,3,3 BHK Apartment ,7,Viman Nagar,25000000,8333
0,3,2,1,1,1,5,1690,1,3,3 BHK Apartment ,6,Viman Nagar,20500000,12130
0,3,0,1,1,0,0,1080,1,2,2 BHK Apartment ,11,Kharadi,9000000,8333
0,3,0,1,1,0,0,1050,2,2,2 BHK Apartment ,11,Kharadi,9000000,8571
0,3,0,1,1,0,0,1243,2,2,2 BHK Apartment ,5,Kharadi,7000000,5631
0,3,0,1,1,0,8,1178,1,2,2 BHK Apartment ,4,Kharadi,7500000,6366
0,3,0,1,1,0,10,1350,1,2,2 BHK Apartment ,14,Kharadi,10000000,7407
0,3,0,1,1,0,0,620,1,1,1 BHK Apartment ,3,Kharadi,4500000,7258
0,3,0,0,1,0,2,986,1,1,1 BHK Apartment ,5,Viman Nagar,7100000,7200
0,3,0,1,1,0,0,900,1,2,2 BHK Apartment ,3,Viman Nagar,5800000,6444
0,3,0,0,1,0,13,2000,1,3,3 BHK Apartment ,6,Viman Nagar,14500000,7250
0,3,0,1,1,0,6,1750,1,3,3 BHK Apartment ,6,Kalyani Nagar,16900000,9657
0,3,0,1,1,0,0,980,1,2,2 BHK Apartment ,2,Wadgaon Sheri,6000000,6122
0,3,2,1,1,0,21,1250,2,2,2 BHK Apartment ,2,Koregaon Park,9500000,7600
0,3,0,1,1,0,2,1720,2,3,3 BHK Apartment ,6,Wagholi,7300000,4244
0,3,1,1,1,0,2,650,2,1,1 BHK Apartment ,2,Viman Nagar,6300000,9692
0,3,0,1,1,0,2,1114,2,2,2 BHK Apartment ,0,Kharadi,6130000,5502
0,3,0,1,1,0,2,1090,2,2,2 BHK Apartment ,0,Kharadi,6000000,5504
0,3,0,1,1,0,2,1385,2,2,2 BHK Apartment ,6,Kharadi,8100000,5848
0,3,0,1,1,0,2,1164,2,2,2 BHK Apartment ,0,Kharadi,6400000,5498
0,3,0,1,1,0,11,1100,2,2,2 BHK Apartment ,5,Wadgaon Sheri,9000000,8181
0,3,0,1,1,0,2,530,2,1,1 BHK Apartment ,2,Koregaon Park,5500000,10377
0,3,0,1,1,0,11,550,2,1,1 BHK Apartment ,2,Kalyani Nagar,5500000,10000
0,3,0,1,1,0,11,552,2,1,1 BHK Apartment ,5,Kalyani Nagar,5200000,9420
0,3,0,1,1,0,2,1550,2,3,3 BHK Apartment ,3,Viman Nagar,13000000,8387
0,3,0,1,1,0,2,1600,2,3,3 BHK Apartment ,6,Kharadi,12500000,7812
0,3,0,1,1,0,2,1184,2,2,2 BHK Apartment ,0,Kharadi,6510000,5498
0,3,0,1,1,0,2,1269,2,2,2 BHK Apartment ,0,Kharadi,6170000,4862
0,3,0,1,1,0,11,1844,2,3,3 BHK Apartment ,2,Kalyani Nagar,16000000,8676
0,3,2,1,1,0,11,1000,2,2,2 BHK Apartment ,4,Kharadi,5200000,5200
0,3,2,1,1,0,11,1780,2,3,3 BHK Apartment ,7,Kalyani Nagar,15000000,8426
0,3,0,1,1,0,11,1500,2,3,3 BHK Apartment ,2,Viman Nagar,11000000,7333
0,3,1,1,1,0,11,1501,2,3,3 BHK Apartment ,2,Kalyani Nagar,14000000,9327
0,3,1,1,1,0,11,1433,2,3,3 BHK Apartment ,6,Kharadi,6800000,4745
0,3,1,1,1,0,11,1200,2,2,2 BHK Apartment ,9,Kharadi,6400000,5333
0,3,1,1,1,0,11,750,2,2,2 BHK Apartment ,1,Viman Nagar,4600000,6133
0,3,1,1,1,0,11,1118,2,2,2 BHK Apartment ,5,Kharadi,5200000,4651
0,3,0,1,1,0,11,1844,2,3,3 BHK Apartment ,2,Kalyani Nagar,16000000,8677
0,3,1,1,1,0,11,2500,2,3,3 BHK Apartment ,6,Kharadi,9500000,3800
0,3,0,1,1,0,11,1302,2,2,2 BHK Apartment ,6,Kalyani Nagar,9000000,6912
0,3,0,1,1,0,11,1305,2,2,2 BHK Apartment ,3,Viman Nagar,8500000,6513
0,3,0,1,1,0,6,1050,2,2,2 BHK Apartment ,2,Viman Nagar,7350000,7000
0,3,1,1,1,0,11,900,2,2,2 BHK Apartment ,3,Viman Nagar,6500000,7222
0,3,0,1,1,0,11,2560,2,3,3 BHK Apartment ,10,Kharadi,17500000,6835
0,3,0,1,1,0,11,1336,2,3,3 BHK Apartment ,3,Kharadi,7500000,5613
0,3,2,1,1,0,11,2330,2,4,4 BHK Apartment ,6,Kalyani Nagar,30000000,12875
0,3,0,1,1,0,11,2910,2,4,5 BHK Apartment ,3,Kalyani Nagar,30000000,10309
0,3,0,1,1,0,11,3200,2,4,5 BHK Apartment ,9,Kalyani Nagar,39800000,12437
0,3,1,1,1,0,11,540,2,1,1 BHK Apartment ,2,Yerawada,3600000,6666
0,3,0,1,1,0,11,1300,2,3,3 BHK Apartment ,3,Koregaon Park,10000000,7692
0,3,0,1,1,0,11,1950,2,3,3 BHK Apartment ,3,Koregaon Park,20000000,10256
0,3,2,1,1,0,11,1075,2,2,2 BHK Apartment ,6,Viman Nagar,8000000,7441
0,3,0,1,1,0,11,1170,2,2,2 BHK Apartment ,2,Kalyani Nagar,13500000,11538
0,3,0,1,1,0,11,2070,2,3,3 BHK Apartment ,6,Koregaon Park,20000000,9661
0,3,2,1,1,0,11,1800,2,2,2 BHK Apartment ,1,Kalyani Nagar,13000000,7222
0,3,0,1,1,0,11,1875,2,2,2 BHK Apartment ,2,Kalyani Nagar,12500000,6666
0,3,0,1,1,0,11,1950,2,3,3 BHK Apartment ,3,Koregaon Park,20000000,10256
0,3,0,1,1,0,11,2450,2,4,5 BHK Apartment ,9,Koregaon Park,25000000,10204
0,3,0,1,1,0,2,1282,2,2,2 BHK Apartment ,9,Wagholi,5800000,4524
0,3,0,1,1,0,2,2850,2,5,4 BHK Apartment ,3,Sangamvadi,30000000,10526
0,3,0,1,1,0,11,1090,2,2,2 BHK Apartment ,3,Viman Nagar,7000000,6422
0,3,0,1,1,0,2,2300,2,3,3 BHK Apartment ,0,Viman Nagar,16500000,7173
0,3,0,1,1,0,2,1090,2,2,2 BHK Apartment ,0,Kharadi,6000000,5504
0,3,0,1,1,0,2,1269,2,2,2 BHK Apartment ,0,Kharadi,6980000,5500
0,3,0,1,1,0,3,847,2,2,2 BHK Apartment ,5,Wagholi,4500000,5312
0,3,0,1,1,0,11,1112,2,2,2 BHK Apartment ,3,Viman Nagar,6800000,6115
0,3,1,1,1,0,11,1611,2,3,3 BHK Apartment ,3,Kharadi,8300000,5152
0,3,0,1,1,0,11,965,2,3,2 BHK Apartment ,3,Wagholi,4250000,4404
0,3,2,1,1,0,11,2802,2,5,5 BHK Apartment ,3,Sangamvadi,42500000,15167
0,3,2,1,1,0,11,894,2,2,2 BHK Apartment ,10,Kharadi,5500000,6152
0,3,0,1,1,0,11,1611,2,3,3 BHK Apartment ,4,Kharadi,8200000,5090
0,3,1,1,1,0,11,1308,2,2,2 BHK Apartment ,2,Kharadi,7000000,5351
0,3,1,1,1,0,11,1540,2,2,2 BHK Apartment ,3,Kharadi,9200000,5974
0,3,0,1,1,0,11,2065,2,4,3 BHK Villa ,0,Wagholi,9000000,4358
0,3,0,1,1,0,2,895,2,2,2 BHK Apartment ,3,Kharadi,5100000,5698
0,3,0,1,1,0,6,1500,2,3,3 BHK Apartment ,4,Koregaon Park,14500000,9666
0,3,2,1,1,0,11,1318,2,3,3 BHK Apartment ,2,Kharadi,8500000,6449
0,3,2,1,1,0,11,2650,2,4,4 BHK Apartment ,2,Koregaon Park,36000000,13584
0,3,1,1,1,0,6,1000,2,2,2 BHK Apartment ,2,Wagholi,5400000,5400
0,3,0,1,1,0,2,2600,2,3,4 BHK Apartment ,3,Kalyani Nagar,26000000,10000
0,3,0,1,1,0,2,2580,2,3,3 BHK Apartment ,7,Kharadi,17000000,6589
0,3,2,1,1,0,11,4400,2,4,4 BHK Apartment ,9,Kalyani Nagar,55000000,12500
0,3,0,1,1,0,11,4100,2,4,4 BHK Apartment ,5,Sangamvadi,57500000,14024
0,3,2,1,1,0,11,1750,2,3,3 BHK Apartment ,4,Kalyani Nagar,16500000,9428
0,3,2,1,1,0,6,1690,2,3,3 BHK Apartment ,4,Viman Nagar,16000000,9467
0,3,0,1,1,0,2,2600,2,2,2 BHK Apartment ,2,Kalyani Nagar,27300000,10500
0,3,0,1,1,0,11,4100,2,4,4 BHK Apartment ,5,Sangamvadi,57500000,14024
0,3,1,1,1,0,11,625,2,1,1 BHK Apartment ,4,Viman Nagar,4200000,6720
0,3,0,1,1,0,11,951,2,2,2 BHK Apartment ,4,Viman Nagar,6500000,6834
0,3,1,1,1,0,11,830,2,2,2 BHK Apartment ,0,Kharadi,5400000,6506
0,3,0,1,1,0,2,1129,2,2,2 BHK Apartment ,3,Viman Nagar,8000000,7085
0,3,0,1,1,0,11,1060,2,2,2 BHK Apartment ,4,Yerawada,7000000,6603
0,3,0,1,1,0,2,550,2,1,1 BHK Apartment ,3,Wagholi,2700000,4909
0,3,1,1,1,0,11,1536,2,3,3 BHK Apartment ,2,Kalyani Nagar,13500000,8789
0,3,2,1,1,0,6,2420,2,4,4 BHK Apartment ,1,Kalyani Nagar,35100000,14504
0,3,0,1,1,0,11,1000,2,2,2 BHK Apartment ,8,Wagholi,5000000,5000
0,3,0,1,1,0,11,4100,2,4,4 BHK Apartment ,4,Sangamvadi,57500000,14024
0,3,1,0,1,0,11,3000,2,4,4 BHK Villa ,0,Sangamvadi,35000000,11666
0,3,2,1,1,0,11,3900,2,4,4 BHK Apartment ,9,Mundhwa,55000000,14102
0,3,2,1,1,0,11,2400,2,4,4 BHK Villa ,0,Koregaon Park,25000000,10416
0,3,1,1,1,0,11,1011,2,2,2 BHK Apartment ,2,Kharadi,4500000,4451
0,3,0,1,1,0,11,1950,2,3,3 BHK Apartment ,3,Koregaon Park,20000000,10256
0,3,1,0,1,0,11,3000,2,4,4 BHK Villa ,0,Sangamvadi,35000000,11666
0,3,2,1,1,0,11,610,2,1,1 BHK Apartment ,5,Yerawada,5500000,9016
0,3,1,1,1,0,11,5700,2,5,4 BHK Apartment ,8,Mundhwa,62500000,10964
0,3,2,1,1,0,6,2420,2,4,4 BHK Apartment ,1,Kalyani Nagar,35100000,14504
0,3,0,1,1,0,2,1480,2,3,3 BHK Apartment ,5,Viman Nagar,10400000,7027
0,3,2,1,1,0,11,4400,2,4,4 BHK Apartment ,9,Kalyani Nagar,55000000,12500
0,3,0,1,1,0,11,1844,2,3,3 BHK Apartment ,2,Kalyani Nagar,16000000,8676
0,3,0,1,1,0,11,2070,2,3,3 BHK Apartment ,6,Koregaon Park,20000000,9661
0,3,0,1,1,0,6,800,2,2,2 BHK Apartment ,3,Wagholi,4000000,5000
0,3,0,1,1,0,11,1844,2,3,3 BHK Apartment ,2,Kalyani Nagar,16000000,8676
0,3,0,1,1,0,2,1302,2,3,3 BHK Apartment ,2,Wagholi,7000000,5376
0,3,0,1,1,0,11,4100,2,4,4 BHK Apartment ,3,Sangamvadi,67500000,16463
0,3,0,1,1,0,11,1189,2,2,2 BHK Apartment ,3,Viman Nagar,7000000,5887
0,3,0,1,1,0,11,1400,2,3,3 BHK Apartment ,6,Wadgaon Sheri,8500000,6071
0,3,0,1,1,0,11,4100,2,4,4 BHK Apartment ,5,Sangamvadi,57500000,14024
0,3,0,1,1,0,2,895,2,2,2 BHK Apartment ,3,Kharadi,5500000,6145
0,3,0,1,1,0,2,1350,2,2,2 BHK Apartment ,4,Kharadi,8700000,6444
0,3,0,1,1,0,2,1293,2,2,2 BHK Apartment ,2,Viman Nagar,9200000,7115
0,3,0,1,1,0,3,920,2,2,2 BHK Apartment ,3,Wagholi,4600000,5000
0,3,1,1,1,0,3,1335,2,2,2 BHK Apartment ,5,Kharadi,9500000,7116
0,3,2,1,1,0,2,1625,2,3,3 BHK Apartment ,10,Kharadi,13000000,8000
0,3,0,1,1,0,6,1550,2,3,3 BHK Apartment ,2,Viman Nagar,11000000,7096
0,3,2,1,1,0,11,1580,2,3,3 BHK Apartment ,6,Viman Nagar,12499380,7911
0,2,0,0,1,0,6,2200,2,3,3 BHK Villa ,0,Kalyani Nagar,30000000,13636
0,3,2,1,1,0,11,1425,2,2,2 BHK Apartment ,2,Viman Nagar,15000000,10526
0,3,2,1,1,0,11,2400,2,4,4 BHK Apartment ,8,Koregaon Park,33000000,13750
0,3,0,1,1,0,11,1630,2,3,3 BHK Apartment ,5,Wadgaon Sheri,10500000,6441
0,3,0,1,1,0,2,1616,2,3,3 BHK Apartment ,5,Wagholi,6700000,4146
0,3,0,1,1,0,11,645,2,1,1 BHK Apartment ,5,Kharadi,3700000,5736
0,3,0,1,1,0,11,595,2,1,1 BHK Apartment ,6,Wagholi,3200000,5378
0,3,0,1,1,0,11,1190,2,2,2 BHK Apartment ,4,Koregaon Park,9300000,7815
0,3,0,1,1,0,2,1255,2,2,2 BHK Apartment ,3,Kharadi,8500000,6772
0,3,2,1,1,0,11,1425,2,3,3 BHK Apartment ,2,Kalyani Nagar,19000000,13333
0,3,1,1,1,0,11,1409,2,3,3 BHK Apartment ,6,Kharadi,9000000,6387
0,3,0,1,1,0,11,1189,2,2,2 BHK Apartment ,4,Viman Nagar,7371000,6199
0,3,0,1,1,0,11,1535,2,3,3 BHK Apartment ,3,Viman Nagar,11000000,7166
0,3,2,1,1,0,11,3300,2,4,4 BHK Apartment ,4,Kalyani Nagar,42000000,12727
0,3,2,1,1,0,11,4453,2,4,4 BHK Apartment ,8,Koregaon Park,36600000,8219
0,3,0,1,1,0,11,1200,2,2,2 BHK Apartment ,8,Kharadi,6500000,5416
0,3,0,1,1,0,2,1282,2,2,2 BHK Apartment ,9,Wagholi,5800000,4524
0,3,2,1,1,0,11,1250,2,2,2 BHK Apartment ,1,Viman Nagar,7500000,6000
0,3,0,1,1,0,2,880,2,2,2 BHK Apartment ,2,Wagholi,4000000,4545
0,3,0,1,1,0,11,1400,2,3,3 BHK Apartment ,3,Viman Nagar,8100000,5786
0,0,0,1,1,0,11,1410,2,3,3 BHK Apartment ,4,Kharadi,7000000,4965
0,3,1,1,1,0,11,1315,2,3,3 BHK Apartment ,7,Koregaon Park,8500000,6464
0,3,2,1,1,0,11,1400,2,2,2 BHK Apartment ,3,Kalyani Nagar,11500000,8214
0,3,2,1,1,0,6,1335,2,3,3 BHK Apartment ,5,Viman Nagar,11000000,8239
0,3,0,1,1,0,11,1170,2,3,2 BHK Apartment ,6,Kalyani Nagar,8500000,7265
0,3,1,1,1,0,11,1410,2,3,3 BHK Apartment ,1,Wadgaon Sheri,15000000,10638
0,3,1,1,1,0,11,1615,2,3,3 BHK Apartment ,6,Viman Nagar,9700000,6006
0,3,0,1,1,0,11,1300,2,2,2 BHK Apartment ,11,Viman Nagar,8000000,6154
0,3,0,1,1,0,2,1500,2,3,3 BHK Apartment ,8,Kalyani Nagar,9800000,6533
0,3,0,1,1,0,11,1360,2,2,2 BHK Apartment ,3,Viman Nagar,7200000,5294
0,3,1,1,1,0,11,1490,2,3,3 BHK Apartment ,8,Viman Nagar,9500000,6376
0,3,0,1,1,0,11,2900,2,3,4 BHK Apartment ,1,Kharadi,16500000,5690
0,3,0,1,1,0,11,1610,2,3,3 BHK Apartment ,3,Kharadi,6500000,4037
0,3,0,1,1,0,11,1650,2,3,3 BHK Apartment ,2,Mundhwa,14000000,8485
0,3,0,1,1,0,11,1835,2,3,3 BHK Apartment ,8,Kharadi,10500000,5722
0,3,2,1,1,0,16,1010,2,2,3 BHK Apartment ,3,Yerawada,7000000,6931
0,3,0,1,1,0,11,1200,2,2,2 BHK Apartment ,2,Koregaon Park,7000000,5833
0,3,2,1,1,0,11,850,2,2,2 BHK Apartment ,4,Viman Nagar,5600000,6588
0,3,0,0,1,0,11,975,2,2,2 BHK Apartment ,3,Koregaon Park,7500000,7692
0,3,2,1,1,0,11,625,2,1,1 BHK Apartment ,3,Yerawada,4100000,6560
0,3,0,1,1,0,11,1000,2,2,2 BHK Apartment ,7,Kharadi,5000000,5000
0,3,0,1,1,0,11,980,2,2,2 BHK Apartment ,4,Viman Nagar,6000000,6122
0,3,0,1,1,0,11,2100,2,3,4 BHK Apartment ,5,Kalyani Nagar,18000000,8571
0,3,2,1,1,0,11,2400,2,4,4 BHK Apartment ,4,Kalyani Nagar,20000000,8333
0,3,0,1,1,0,16,2100,2,2,2 BHK Apartment ,4,Kalyani Nagar,14500000,6905
0,3,0,1,1,0,3,2338,2,4,4 BHK Apartment ,4,Koregaon Park,17500000,7485
0,3,0,1,1,0,11,1550,2,3,3 BHK Apartment ,2,Kalyani Nagar,12000000,7742
0,3,0,1,1,0,11,1900,2,3,3 BHK Apartment ,5,Koregaon Park,19000000,10000
0,3,0,1,1,0,11,1610,2,3,3 BHK Apartment ,6,Kharadi,7500000,4658
0,3,0,1,1,0,11,1625,2,3,3 BHK Apartment ,11,Mundhwa,12500000,7692
0,3,0,1,1,0,11,530,2,1,1 BHK Apartment ,3,Viman Nagar,4000000,7547
0,3,0,1,1,0,11,1279,2,2,2 BHK Apartment ,2,Viman Nagar,7500000,5864
0,3,0,1,1,0,11,1200,2,2,2 BHK Apartment ,5,Viman Nagar,7500000,6250
0,3,1,1,1,0,11,1550,2,3,3 BHK Apartment ,5,Viman Nagar,9000000,5806
0,3,2,1,1,0,11,625,2,1,1 BHK Apartment ,2,Viman Nagar,5000000,8000
0,3,0,1,1,0,11,1300,2,3,3 BHK Apartment ,3,Koregaon Park,10000000,7692
0,3,0,1,1,0,11,1050,2,2,2 BHK Apartment ,7,Kalyani Nagar,8100000,7714
0,3,2,1,1,0,11,3400,2,4,4 BHK Apartment ,9,Sangamvadi,47500000,13971
0,3,0,1,1,0,6,2000,2,3,3 BHK Apartment ,7,Viman Nagar,14000000,7000
0,3,0,1,1,0,11,1000,2,2,2 BHK Apartment ,8,Kalyani Nagar,8100000,8100
0,3,0,1,1,0,11,770,2,2,2 BHK Apartment ,3,Kharadi,3700000,4805
0,3,0,1,1,0,11,1170,2,2,2 BHK Apartment ,4,Kharadi,4200000,3590
0,3,1,1,1,0,11,900,2,2,2 BHK Apartment ,6,Kharadi,4000000,4444
0,3,1,1,1,0,11,1350,2,2,3 BHK Apartment ,4,Viman Nagar,10500000,7778
1,3,3,1,1,0,1,740,2,1,1 BHK Apartment ,0,Wagholi,2812000,3800
0,3,1,1,1,0,11,1410,2,3,3 BHK Apartment ,4,Kharadi,7200000,5106
0,3,1,1,1,0,11,1300,2,2,2 BHK Apartment ,1,Kharadi,7300000,5615
1,3,3,1,1,0,11,1200,2,3,3 BHK Apartment ,2,Kharadi,7000000,5833
1,3,3,1,1,0,11,1260,2,2,2 BHK Apartment ,6,Kharadi,8900000,7063
0,3,0,1,1,0,11,1279,2,2,2 BHK Apartment ,6,Kharadi,7910000,6184
1,3,3,1,1,0,11,1315,2,2,2 BHK Apartment ,2,Kharadi,8800000,6692
0,3,0,1,1,0,11,885,2,2,2 BHK Apartment ,10,Wagholi,4700000,5310
0,3,0,1,1,0,11,1500,2,3,3 BHK Apartment ,6,Kharadi,10300000,6866
0,3,0,1,1,0,11,905,2,2,2 BHK Apartment ,7,Wagholi,4400000,4861
1,3,3,1,1,0,11,1201,2,2,2 BHK Apartment ,3,Kharadi,8100000,6744
0,3,0,1,0,0,6,940,1,2,2 BHK Apartment ,1,Viman Nagar,7200000,7659
0,3,0,1,1,0,6,852,2,2,2 BHK Apartment ,7,Viman Nagar,7200000,8450
0,3,0,1,1,0,10,900,2,2,2 BHK Apartment ,2,Koregaon Park,9700000,10777
0,3,0,1,1,0,2,1050,2,2,2 BHK Apartment ,9,Kharadi,4400000,4190
0,3,0,1,1,0,11,1100,2,2,2 BHK Apartment ,2,Yerawada,7000000,6364
0,3,0,1,1,0,11,1070,2,2,2 BHK Apartment ,2,Wadgaon Sheri,6000000,5607
0,3,1,1,1,1,10,1260,1,2,2 BHK Apartment ,4,Boat Club Road,21000000,16666
0,3,1,1,1,1,0,4595,1,3,4 BHK Apartment ,8,Boat Club Road,86700000,18868
0,3,0,1,1,0,2,750,1,1,1 BHK Apartment ,2,Viman Nagar,5500000,7333
0,3,0,1,1,0,5,710,1,1,1 BHK Apartment ,3,Koregaon Park,5500000,7746
0,3,0,1,1,0,5,600,1,1,1 BHK Apartment ,1,Koregaon Park,6000000,10000
0,3,0,1,0,0,11,1750,2,3,3 BHK Apartment ,5,Koregaon Park,15000000,8571
0,3,2,0,1,1,10,1050,2,2,2 BHK Apartment ,1,Viman Nagar,8000000,7619
0,3,0,1,1,0,2,1000,2,2,2 BHK Apartment ,4,Wagholi,5200000,5200
0,3,0,1,1,0,2,1304,1,2,2 BHK Apartment ,1,Hinjewadi,6550000,5023
0,3,0,1,1,0,12,928,2,2,2 BHK Apartment ,4,Aundh,7000000,7543
0,3,0,1,1,0,11,2000,2,3,3 BHK Apartment ,9,Sangamvadi,30000000,15000
0,3,0,1,1,0,3,1160,2,2,2 BHK Apartment ,2,Koregaon Park,12700000,10948
0,3,0,1,1,0,2,1065,2,2,2 BHK Apartment ,4,Kharadi,6600000,6197
1,3,3,1,1,1,0,1248,2,2,2 BHK Apartment ,6,Kharadi,8299000,6649
1,3,3,1,1,1,0,1114,2,2,2 BHK Apartment ,3,Kharadi,7700000,6912
0,3,0,1,1,0,8,1280,1,2,3 BHK Apartment ,5,Pimple Saudagar,8200000,6406
0,3,0,1,1,1,9,1500,2,3,3 BHK Apartment ,2,Pimple Saudagar,11000000,7333
0,3,1,1,1,1,6,1065,2,2,2 BHK Apartment ,5,Pimple Saudagar,7200000,6760
0,3,0,0,0,0,16,650,2,1,1 BHK Apartment ,2,Bund Garden,5600000,8615
0,3,0,1,0,0,6,2490,2,3,3 BHK Apartment ,5,Kalyani Nagar,18500000,7429
0,3,0,0,1,0,21,2000,2,2,2 BHK Apartment ,0,Viman Nagar,8500000,4250
0,3,1,1,0,0,11,550,2,1,1 BHK Apartment ,2,Viman Nagar,4300000,7818
0,3,1,1,0,0,11,595,2,1,1 BHK Apartment ,3,Viman Nagar,3700000,6218
0,3,0,1,0,0,11,890,2,2,2 BHK Apartment ,2,Viman Nagar,4500000,5056
0,3,2,0,1,0,16,830,2,1,2 BHK Apartment ,1,Viman Nagar,4500000,5422
0,3,0,1,1,0,11,2000,2,3,3 BHK Apartment ,1,Mundhwa,13000000,6500
0,3,1,1,0,0,16,1400,2,2,2 BHK Apartment ,6,Viman Nagar,7000000,5000
0,3,0,0,0,0,11,1600,2,4,4 BHK Villa ,0,Viman Nagar,17500000,10937
0,3,1,0,1,0,16,2200,2,4,4 BHK Villa ,0,Koregaon Park,27000000,12272
0,3,0,1,1,0,11,1095,2,2,2 BHK Apartment ,0,Bund Garden,15000000,13698
0,3,0,0,1,0,16,1085,2,2,2 BHK Apartment ,2,Koregaon Park,11000000,10138
0,3,0,0,1,0,11,2700,2,3,3 BHK Apartment ,3,Viman Nagar,16000000,5925
0,3,1,1,1,0,7,1460,1,3,3 BHK Apartment ,1,Rahatani,9800000,6712
0,3,0,1,1,0,0,1005,3,2,2 BHK Apartment ,6,Wakad,6800000,6766
0,2,2,0,1,0,3,902,2,2,2 BHK Apartment ,2,Dhanori,4235000,4695
0,3,0,1,1,0,8,1180,2,2,2 BHK Apartment ,6,Wakad,7000000,5932
0,3,2,1,1,0,2,1015,2,2,2 BHK Apartment ,7,Kalyani Nagar,8000000,7881
0,2,0,1,1,1,4,1609,2,3,3 BHK Apartment ,6,Wagholi,7900000,4909
0,2,1,1,1,1,2,1173,2,2,2 BHK Apartment ,4,Baner,8500000,7246
0,2,2,1,1,0,9,1010,1,2,2 BHK Apartment ,7,Dhanori,5700000,5643
0,3,1,1,1,1,1,1030,3,2,2 BHK Apartment ,1,Sus,6350000,6165
0,3,0,1,0,0,10,550,1,1,1 BHK Apartment ,4,Kondhwa,3800000,6909
0,3,0,1,1,0,2,1600,2,3,3 BHK Apartment ,3,Viman Nagar,10000000,6250
0,3,0,1,1,0,11,3944,2,3,3 BHK Apartment ,5,Koregaon Park,20000000,5070
0,3,1,1,1,0,11,1600,2,3,3 BHK Apartment ,5,Mundhwa,11600000,7250
0,3,0,1,0,0,2,989,2,2,2 BHK Apartment ,8,Viman Nagar,3810000,3852
0,3,0,1,1,0,2,1160,2,2,2 BHK Apartment ,7,Wagholi,5450000,4698
1,3,3,1,1,0,6,840,2,2,2 BHK Apartment ,3,Kharadi,4700000,5595
0,3,1,1,1,0,2,600,2,1,1 BHK Apartment ,1,Yerawada,5000000,8333
0,2,0,1,1,0,1,630,1,1,1 BHK Apartment ,4,Wagholi,2600000,4126
0,3,0,1,1,0,5,1500,2,3,3 BHK Apartment ,5,Undri,7500000,5000
0,3,0,1,1,0,2,1585,2,3,3 BHK Apartment ,1,Wagholi,6650000,4195
0,3,1,0,1,0,2,986,1,1,1 BHK Apartment ,5,Viman Nagar,7100000,7200
0,3,1,1,1,0,15,900,1,2,2 BHK Apartment ,3,Viman Nagar,5800000,6444
0,3,2,1,1,1,15,420,1,1,1 BHK Apartment ,3,Koregaon Park,7500000,17857
0,3,0,1,1,0,10,565,1,1,1 BHK Apartment ,3,Viman Nagar,4200000,7433
0,3,0,1,1,0,2,700,1,1,1 BHK Apartment ,1,Viman Nagar,5500000,7857
0,3,0,1,1,0,10,750,1,1,1 BHK Apartment ,3,Kalyani Nagar,6800000,9066
0,3,0,1,0,0,16,1275,2,2,2 BHK Apartment ,4,Kalyani Nagar,8500000,6667
0,3,0,1,0,0,16,1180,2,2,3 BHK Apartment ,2,Kalyani Nagar,8000000,6780
0,3,1,0,1,0,21,1400,2,3,3 BHK Apartment ,1,Viman Nagar,10000000,7142
0,3,1,1,1,0,2,1935,2,3,3 BHK Apartment ,11,Kharadi,12000000,6201
0,3,0,1,1,0,6,1455,2,3,3 BHK Apartment ,6,Viman Nagar,12500000,8591
0,3,0,1,1,0,3,1000,2,2,2 BHK Apartment ,5,Wagholi,5000000,5000
0,3,0,1,1,0,2,1660,2,3,3 BHK Apartment ,11,Kharadi,11200000,6746
0,3,2,1,0,0,16,1300,2,2,2 BHK Apartment ,3,Koregaon Park,20000000,15384
0,3,1,1,1,0,2,1935,2,3,3 BHK Apartment ,11,Kharadi,12000000,6201
1,3,3,1,1,0,2,1285,2,2,2 BHK Apartment ,2,Kharadi,8300000,6459
0,3,0,1,1,0,11,800,2,2,2 BHK Apartment ,2,Wagholi,3500000,4375
0,2,1,0,0,0,14,500,1,1,1 BHK Apartment ,0,Dhanori,3600000,7200
0,3,0,0,0,0,2,525,2,1,1 BHK Apartment ,0,Viman Nagar,3850000,7333
0,3,1,1,1,1,10,1050,2,2,2 BHK Apartment ,6,Kalyani Nagar,11000000,10476
0,3,0,1,1,1,7,1500,1,3,3 BHK Apartment ,1,Viman Nagar,12000000,8000
0,3,0,1,1,1,8,880,1,2,2 BHK Apartment ,6,Viman Nagar,6500000,7386
0,3,0,1,1,1,5,1400,1,2,2 BHK Apartment ,2,Boat Club Road,15000000,10714
0,3,1,1,1,1,5,4200,1,4,4 BHK Apartment ,2,Boat Club Road,65000000,15476
0,3,2,1,1,1,5,4100,2,4,4 BHK Apartment ,9,Boat Club Road,67500000,16463
0,3,1,1,1,1,3,4100,1,4,4 BHK Apartment ,9,Boat Club Road,70000000,17073
0,3,0,1,1,1,5,600,1,1,1 BHK Apartment ,1,Boat Club Road,7500000,12500
0,3,0,1,1,1,0,987,2,2,2 BHK Apartment ,2,Bavdhan,6300000,6382
1,3,3,1,1,0,0,3100,1,4,4 BHK Apartment ,12,Baner,28000000,9032
0,3,0,0,1,0,16,1045,2,2,2 BHK Apartment ,1,Viman Nagar,5000000,4785
0,3,2,1,1,0,7,585,2,1,1 BHK Apartment ,5,Koregaon Park,6500000,11111
0,3,1,1,1,1,3,2450,2,3,3 BHK Apartment ,8,Kharadi,14000000,5714
0,3,1,1,1,1,4,2600,3,4,4 BHK Apartment ,9,Kharadi,17500000,6730
0,3,2,1,1,1,5,2250,3,3,3 BHK Apartment ,3,Kharadi,16500000,7333
0,3,0,1,1,0,1,2740,2,4,4 BHK Apartment ,7,Kharadi,20000000,7299
0,3,1,1,1,1,2,2400,2,4,4 BHK Apartment ,8,Kharadi,22500000,9375
0,3,0,1,1,0,1,2740,2,4,4 BHK Apartment ,10,Kharadi,21000000,7664
0,3,0,1,1,0,2,2900,2,5,4 BHK Apartment ,3,Kharadi,24000000,8275
0,3,1,1,1,1,13,1260,1,2,2 BHK Apartment ,4,Sangamvadi,21000000,16666
0,3,0,1,1,1,5,1281,1,2,2 BHK Apartment ,4,Boat Club Road,18000000,14051
0,2,1,1,1,1,5,1801,1,3,3 BHK Apartment ,7,Boat Club Road,29000000,16102
0,2,0,1,1,1,5,3150,2,4,4 BHK Apartment ,1,Boat Club Road,36000000,11428
0,3,1,1,1,1,5,3150,2,4,4 BHK Apartment ,1,Boat Club Road,40000000,12698
0,3,2,1,1,1,5,3640,2,4,4 BHK Apartment ,4,Boat Club Road,45000000,12362
0,3,2,1,1,1,5,3150,3,5,4 BHK Apartment ,4,Boat Club Road,46000000,14603
0,3,1,1,1,1,5,4000,1,4,5 BHK Apartment ,8,Boat Club Road,60000000,15000
0,3,0,1,1,0,6,1045,1,2,2 BHK Apartment ,6,Kharadi,6500000,6220
0,3,0,1,1,0,3,1062,1,2,2 BHK Apartment ,7,Kharadi,8000000,7532
0,3,0,1,1,0,3,1315,2,2,2 BHK Apartment ,4,Kharadi,9000000,6844
0,3,0,1,1,0,10,650,1,1,1 BHK Apartment ,4,Kalyani Nagar,6400000,9846
0,3,1,1,1,1,10,5480,1,4,4 BHK Apartment ,7,Boat Club Road,70000000,12773
0,3,1,1,1,1,10,1800,1,3,3 BHK Apartment ,1,Boat Club Road,50000000,27777
0,3,1,1,1,1,10,4595,3,4,4 BHK Apartment ,8,Boat Club Road,86600000,18846
0,3,1,1,1,1,10,4575,3,4,4 BHK Apartment ,7,Boat Club Road,92900000,20306
0,3,1,1,1,1,10,4595,3,5,4 BHK Apartment ,10,Boat Club Road,95200000,20718
0,3,2,1,1,1,10,610,1,1,1 BHK Apartment ,4,Kalyani Nagar,5200000,8524
0,3,0,1,1,0,2,1616,2,3,3 BHK Apartment ,3,Kharadi,10000000,6188
0,3,0,1,1,0,3,1315,1,2,2 BHK Apartment ,2,Kharadi,9300000,7072
0,3,0,1,1,0,1,1255,1,2,2 BHK Apartment ,11,Wagholi,7100000,5657
0,3,0,1,1,0,3,1609,1,3,3 BHK Apartment ,3,Wagholi,8000000,4972
0,3,2,1,1,1,5,2400,2,3,3 BHK Apartment ,2,Viman Nagar,26000000,10833
0,3,2,1,1,1,9,1600,2,3,3 BHK Apartment ,7,Viman Nagar,27000000,16875
0,3,0,0,1,0,2,3500,3,4,4 BHK Apartment ,6,Viman Nagar,29000000,8285
0,3,0,1,1,0,3,1655,2,3,3 BHK Apartment ,8,Kharadi,10500000,6344
0,3,0,1,1,0,1,2015,2,3,3 BHK Apartment ,6,Kharadi,13000000,6451
0,3,0,1,1,0,0,2015,2,3,3 BHK Apartment ,9,Kharadi,14000000,6947
0,3,2,1,1,1,10,3150,3,4,4 BHK Apartment ,13,Boat Club Road,60100000,19079
0,3,1,0,1,1,2,1150,1,1,1 BHK Apartment ,4,Viman Nagar,7300000,6347
0,3,1,1,1,0,9,770,1,1,1 BHK Apartment ,2,Viman Nagar,6300000,8181
0,3,0,1,1,0,9,1135,2,2,2 BHK Apartment ,4,Viman Nagar,8000000,7048
0,3,0,1,1,0,9,1150,1,2,2 BHK Apartment ,5,Viman Nagar,8500000,7391
0,3,0,1,1,0,9,1100,1,2,2 BHK Apartment ,5,Viman Nagar,8700000,7909
0,3,0,1,1,0,11,1690,2,2,3 BHK Apartment ,4,Viman Nagar,11500000,6804
0,3,0,1,1,0,6,1201,1,2,2 BHK Apartment ,6,Viman Nagar,10000000,8326
0,3,0,0,1,0,2,1450,2,2,2 BHK Apartment ,5,Viman Nagar,10900000,7517
0,3,0,1,1,0,6,1450,1,3,3 BHK Apartment ,3,Viman Nagar,12500000,8620
0,3,0,0,1,0,2,2200,3,3,3 BHK Apartment ,2,Viman Nagar,14500000,6590
0,3,1,1,1,1,5,4595,1,4,4 BHK Apartment ,3,Boat Club Road,94800000,20631
0,3,0,1,1,0,5,4595,2,4,4 BHK Apartment ,10,Boat Club Road,95200000,20718
0,3,0,1,1,0,14,1100,2,2,2 BHK Apartment ,3,Kalyani Nagar,10500000,9545
0,3,0,1,1,0,5,1175,1,2,2 BHK Apartment ,1,Kalyani Nagar,12000000,10212
0,3,0,1,1,0,6,1657,1,3,3 BHK Apartment ,5,Kalyani Nagar,13000000,7845
0,3,0,1,1,0,6,1490,2,3,3 BHK Apartment ,7,Kalyani Nagar,13500000,9060
0,3,0,1,1,0,2,1679,1,3,3 BHK Apartment ,5,Wadgaon Sheri,14200000,8457
0,3,1,1,1,1,10,950,1,2,2 BHK Apartment ,2,Boat Club Road,14000000,14736
0,3,0,1,1,0,10,1400,1,2,2 BHK Apartment ,2,Boat Club Road,15000000,10714
0,3,2,1,1,1,2,4200,3,6,4 BHK Apartment ,11,Kharadi,28500000,6785
0,3,1,1,1,0,10,610,1,1,1 BHK Apartment ,1,Viman Nagar,6000000,9836
0,3,0,1,1,0,10,1900,2,3,3 BHK Apartment ,4,Boat Club Road,25000000,13157
0,3,0,1,1,0,10,1306,1,2,2 BHK Apartment ,8,Boat Club Road,26000000,19908
0,3,1,1,1,1,10,1801,1,3,3 BHK Apartment ,7,Boat Club Road,29000000,16102
0,3,1,1,1,1,10,1950,1,3,3 BHK Apartment ,5,Boat Club Road,30000000,15384
0,3,1,1,1,1,10,2100,2,3,3 BHK Apartment ,10,Boat Club Road,31000000,14761
0,3,1,1,1,1,10,4000,2,3,3 BHK Apartment ,11,Boat Club Road,35000000,8750
0,3,0,1,1,0,3,1650,2,2,2 BHK Apartment ,12,Kharadi,10000000,6060
0,3,0,1,1,0,2,1397,1,2,2 BHK Apartment ,12,Kharadi,7500000,5368
0,3,0,1,1,0,4,1955,2,2,2 BHK Apartment ,10,Kharadi,11500000,5882
0,3,0,1,1,0,3,2450,2,3,3 BHK Apartment ,10,Kharadi,13000000,5306
0,3,0,1,1,0,4,2500,1,3,3 BHK Apartment ,12,Kharadi,13800000,5520
0,3,0,1,1,0,5,3800,3,3,3 BHK Apartment ,9,Kharadi,18500000,4868
0,3,2,1,1,0,11,1150,1,2,2 BHK Apartment ,3,Viman Nagar,9800000,8521
0,3,0,0,0,0,6,2400,2,5,5 BHK Villa ,0,Koregaon Park,32500000,13541
1,3,3,1,1,0,11,622,2,1,1 BHK Apartment ,3,Kharadi,3650000,5868
0,3,1,1,1,0,16,1850,2,4,4 BHK Apartment ,4,Viman Nagar,14000000,7567
1,3,3,1,0,0,11,1035,2,2,2 BHK Apartment ,1,Viman Nagar,7500000,7246
0,3,0,1,0,0,11,1350,2,3,3 BHK Apartment ,5,Kharadi,8000000,5925
1,3,3,1,1,0,6,800,2,2,2 BHK Apartment ,5,Wagholi,3200000,4000
0,3,1,1,1,0,8,2310,2,3,3 BHK Villa ,0,Manjari,11055000,4785
0,3,2,1,1,0,16,875,2,2,2 BHK Apartment ,3,Wadgaon Sheri,6500000,7429
0,3,0,1,0,0,11,1245,2,2,2 BHK Apartment ,2,Viman Nagar,6300000,5060
0,3,0,1,1,0,1,938,2,2,2 BHK Apartment ,2,Undri,4200000,4477
0,3,0,1,1,1,4,580,1,1,1 BHK Apartment ,4,Sasane Nagar,2600000,4482
1,3,3,1,1,1,2,1550,3,3,3 BHK Apartment ,2,Dhanori,10000000,6451
1,3,3,1,1,0,1,943,1,2,2 BHK Apartment ,3,Lohegaon,4900000,5196
0,3,0,1,1,0,14,950,1,2,2 BHK Apartment ,2,Kharadi,4800000,5052
0,3,2,0,0,0,11,1140,2,2,2 BHK Apartment ,2,Viman Nagar,6500000,5702
0,3,0,1,1,0,11,1611,2,3,3 BHK Apartment ,1,Kharadi,8500000,5276
0,3,0,1,1,0,2,1700,2,3,3 BHK Apartment ,2,Kharadi,9000000,5294
0,3,0,1,0,0,3,835,2,2,2 BHK Apartment ,2,Wagholi,3251000,3893
1,3,3,1,1,0,11,2485,2,4,4 BHK Apartment ,5,Koregaon Park,24800000,9979
1,3,3,1,1,0,16,1100,2,2,2 BHK Apartment ,7,Viman Nagar,9000000,8181
1,3,3,0,0,0,3,1850,2,3,3 BHK Villa ,0,Viman Nagar,15000000,8108
1,3,3,1,1,0,6,1300,2,2,2 BHK Apartment ,1,Kharadi,7200000,5538
0,3,2,1,0,0,11,1245,2,3,3 BHK Apartment ,4,Kharadi,8000000,6425
1,3,3,1,0,0,11,1400,2,3,3 BHK Apartment ,5,Kharadi,7800000,5571
0,3,0,1,1,0,6,1450,2,2,2 BHK Apartment ,6,Viman Nagar,10800000,7448
0,3,0,1,0,0,6,860,2,2,2 BHK Apartment ,5,Viman Nagar,6000000,6976
0,3,0,1,1,0,11,1850,2,3,3 BHK Apartment ,8,Kalyani Nagar,22900000,12378
0,3,1,1,1,0,16,1950,2,4,4 BHK Apartment ,0,Yerawada,22500000,11538
0,3,0,1,0,0,16,2550,2,4,4 BHK Apartment ,4,Kalyani Nagar,30000000,11764
0,3,0,1,1,0,6,1014,2,2,2 BHK Apartment ,2,Kalyani Nagar,7700000,7593
0,3,0,1,0,0,11,625,2,1,1 BHK Apartment ,5,Viman Nagar,5500000,8800
1,3,3,1,0,0,3,1565,2,3,3 BHK Apartment ,3,Kharadi,10000000,6389
1,3,3,0,0,0,3,1850,2,4,4 BHK Villa ,0,Kharadi,5000000,2702
0,3,0,1,1,0,6,2525,2,4,4 BHK Apartment ,2,Wagholi,11000000,4356
0,3,0,1,1,0,11,1250,2,2,2 BHK Apartment ,1,Kalyani Nagar,11000000,8800
0,3,0,1,1,0,3,4650,2,4,4 BHK Apartment ,2,Hadapsar,32500000,6989
0,3,0,1,1,0,6,1500,2,3,3 BHK Apartment ,3,Viman Nagar,15000000,10000
0,3,0,1,1,0,11,1540,2,2,2 BHK Apartment ,5,Kharadi,11000000,7142
0,3,0,1,0,0,11,1490,2,3,3 BHK Apartment ,3,Viman Nagar,9000000,6040
0,3,1,1,1,0,16,1050,2,2,2 BHK Apartment ,7,Koregaon Park,10000000,9523
0,3,1,1,1,0,11,1350,2,3,2 BHK Villa ,0,Viman Nagar,10500000,7777
1,3,3,1,1,0,6,1485,2,3,3 BHK Apartment ,7,Viman Nagar,12500000,8417
0,3,0,1,1,0,3,568,2,2,1 BHK Apartment ,0,Wagholi,3300000,5809
1,3,3,1,0,0,11,625,2,1,1 BHK Apartment ,5,Viman Nagar,5500000,8800
1,3,3,1,0,0,6,1750,2,3,3 BHK Apartment ,3,Koregaon Park,15000000,8571
1,3,3,1,1,0,11,1090,2,2,2 BHK Apartment ,3,Viman Nagar,7000000,6422
0,3,0,1,0,0,6,1150,2,2,2 BHK Apartment ,6,Kharadi,6300000,5478
1,3,3,1,1,0,11,1500,2,2,2 BHK Apartment ,5,Viman Nagar,15000000,10000
1,3,3,1,1,0,3,1820,2,3,3 BHK Apartment ,7,Kharadi,12300000,6758
0,3,0,1,1,0,3,1585,2,3,3 BHK Apartment ,2,Kalyani Nagar,11998450,7570
0,3,0,1,1,0,2,1745,2,3,3 BHK Apartment ,9,Kharadi,11000000,6303
0,3,1,0,1,0,11,2300,2,3,3 BHK Villa ,0,Viman Nagar,16000000,6956
0,3,0,1,1,0,6,1250,2,2,2 BHK Apartment ,2,Koregaon Park,15000000,12000
0,3,0,1,1,0,6,610,2,1,1 BHK Apartment ,2,Kharadi,3600000,5901
0,3,0,0,1,0,16,2400,2,4,4 BHK Villa ,0,Viman Nagar,9000000,3750
0,3,0,1,1,0,2,1360,2,2,2 BHK Apartment ,4,Kharadi,8024000,5900
0,3,0,1,1,0,2,855,2,2,2 BHK Apartment ,0,Kharadi,5150000,6023
0,3,1,1,1,0,2,1775,2,3,3 BHK Apartment ,9,Kharadi,11000000,6197
0,3,0,1,1,0,2,1745,2,3,3 BHK Apartment ,9,Kharadi,11000000,6303
0,3,0,1,1,0,3,4415,2,5,5 BHK Apartment ,2,Viman Nagar,33100000,7497
0,3,0,1,1,0,11,1683,2,3,3 BHK Apartment ,7,Viman Nagar,10200000,6060
0,3,0,1,1,0,6,1000,2,2,2 BHK Apartment ,5,Wagholi,4500000,4500
0,3,0,1,1,0,6,2535,2,5,4 BHK Apartment ,2,Wagholi,11000000,4339
0,3,0,1,0,0,11,990,2,2,2 BHK Apartment ,1,Kharadi,4000000,4040
0,3,1,1,1,0,6,1600,2,3,3 BHK Apartment ,7,Viman Nagar,11000000,6875
0,3,2,1,1,0,11,1800,2,2,4 BHK Apartment ,0,Kalyani Nagar,23000000,12777
0,3,0,1,1,0,11,1625,2,3,3 BHK Apartment ,5,Viman Nagar,12000000,7384
0,3,0,1,1,0,2,1650,2,3,3 BHK Apartment ,5,Kharadi,11500000,6969
0,3,1,1,1,0,6,1100,2,2,2 BHK Apartment ,9,Yerawada,8199400,7454
0,3,2,1,1,0,6,1040,2,2,2 BHK Apartment ,2,Koregaon Park,11000000,10576
0,2,0,0,1,0,2,3200,2,3,3 BHK Villa ,0,Kalyani Nagar,25000000,7812
0,3,1,0,0,0,11,532,2,1,1 BHK Apartment ,3,Viman Nagar,3700000,6954
0,3,2,1,0,0,11,1460,2,3,3 BHK Apartment ,3,Bund Garden,15000000,10273
0,3,0,1,0,0,11,550,2,1,1 BHK Apartment ,4,Kalyani Nagar,5200000,9454
0,3,1,1,1,0,11,1140,2,2,2 BHK Apartment ,4,Kharadi,6000000,5263
0,3,0,1,1,0,11,3000,2,4,4 BHK Apartment ,6,Kalyani Nagar,27500000,9166
0,3,0,0,1,0,16,2350,2,3,3 BHK Apartment ,2,Sangamvadi,25000000,10638
0,3,0,1,1,0,11,1400,2,2,2 BHK Apartment ,1,Koregaon Park,11000000,7857
0,3,0,1,0,0,11,1300,2,2,2 BHK Apartment ,4,Koregaon Park,12500000,9615
0,3,0,0,1,0,11,2340,2,4,4 BHK Villa ,0,Viman Nagar,18500000,7905
0,3,0,1,1,0,6,1735,2,3,3 BHK Apartment ,2,Kalyani Nagar,22500000,12968
0,3,2,1,1,0,11,1150,2,2,2 BHK Apartment ,1,Viman Nagar,11000000,9565
0,3,1,1,1,0,6,1060,2,2,2 BHK Apartment ,7,Kalyani Nagar,11000000,10377
0,3,0,1,1,0,11,1800,2,3,3 BHK Apartment ,5,Koregaon Park,21600000,12000
0,3,0,1,1,0,2,2300,2,3,3 BHK Apartment ,3,Pimple Saudagar,23000000,10000
0,3,1,1,1,0,11,750,2,2,2 BHK Apartment ,5,Viman Nagar,6500000,8666
0,3,0,1,1,0,11,650,2,1,1 BHK Apartment ,3,Viman Nagar,3600000,5538
0,3,0,0,1,0,11,950,2,2,2 BHK Apartment ,0,Viman Nagar,6000000,6316
0,3,0,1,1,0,11,1385,2,2,3 BHK Apartment ,6,Kharadi,6800000,4910
0,3,0,1,1,0,11,975,2,2,2 BHK Apartment ,2,Viman Nagar,8000000,8205
0,3,2,1,1,0,11,1500,2,4,4 BHK Apartment ,2,Kharadi,6500000,4333
0,3,0,1,1,0,11,1750,2,2,3 BHK Apartment ,2,Koregaon Park,15000000,8571
0,3,0,1,0,0,11,1300,2,2,2 BHK Apartment ,4,Koregaon Park,12500000,9615
0,3,2,1,1,0,11,700,2,2,2 BHK Apartment ,4,Koregaon Park,5900000,8429
0,3,0,1,1,0,16,1750,2,3,3 BHK Apartment ,4,Koregaon Park,17500000,10000
1,3,3,1,1,1,0,1443,2,3,3 BHK Apartment ,6,Bavdhan,9000000,6237
0,3,2,0,0,0,11,1200,2,2,2 BHK Apartment ,0,Koregaon Park,10000000,8333
0,3,0,1,1,0,11,1850,2,4,4 BHK Apartment ,3,Viman Nagar,22000000,11891
0,3,2,1,1,1,11,1685,1,3,3 BHK Apartment ,5,Viman Nagar,15500000,9198
1,3,3,1,1,0,2,2570,3,2,3 BHK Apartment ,4,Viman Nagar,17000000,6614
0,3,0,1,1,0,5,950,1,2,2 BHK Apartment ,14,Hinjewadi,5300000,5578
0,3,0,0,0,1,3,950,2,2,2 BHK Apartment ,5,Balewadi,6500000,6842
0,2,1,1,1,1,6,1040,2,2,2 BHK Apartment ,4,Baner,7000000,6730
0,3,2,1,1,0,10,950,2,2,2 BHK Apartment ,3,Kharadi,5500000,5789
0,3,1,1,1,0,7,2021,3,3,3 BHK Apartment ,3,Wakad,9000000,4453
0,3,0,1,1,0,2,1600,2,3,3 BHK Apartment ,1,Kharadi,8200000,5125
0,3,0,1,0,0,10,2435,1,3,3 BHK Apartment ,9,Kalyani Nagar,31000000,12731
0,3,0,1,1,0,11,550,2,1,1 BHK Apartment ,2,Viman Nagar,3800000,6909
0,3,0,1,1,0,11,880,2,2,2 BHK Apartment ,3,Yerawada,8000000,9091
1,0,3,1,1,0,11,1410,2,3,3 BHK Apartment ,5,Kharadi,12000000,8510
0,3,0,1,1,0,2,1257,2,2,2 BHK Apartment ,2,Kharadi,6700000,5330
0,3,0,1,1,0,6,1700,2,3,3 BHK Apartment ,2,Kalyani Nagar,19000000,11176
1,3,3,1,1,1,0,1076,2,2,2 BHK Apartment ,6,Baner,7000000,6505
0,3,0,1,1,0,3,3000,2,4,3 BHK Villa ,0,Wagholi,20000000,6666
0,3,0,1,1,0,11,1250,2,2,2 BHK Apartment ,3,Kharadi,5300000,4240
0,3,2,0,1,0,10,1000,2,2,2 BHK Apartment ,1,Viman Nagar,8000000,8000
0,3,1,1,1,0,6,801,2,2,2 BHK Apartment ,5,Hadapsar,3950000,4931
0,2,2,1,1,0,6,1350,2,2,3 BHK Apartment ,2,Wagholi,4600000,3407
0,3,0,1,1,0,6,830,2,2,2 BHK Apartment ,4,Viman Nagar,7000000,8433
0,3,0,1,1,0,6,1300,2,2,2 BHK Apartment ,4,Koregaon Park,19999200,15384
0,3,0,1,1,0,6,2700,2,3,3 BHK Apartment ,5,Viman Nagar,11500000,4259
0,3,2,1,1,0,6,1150,2,2,3 BHK Apartment ,1,Kalyani Nagar,11000000,9565
1,3,3,1,1,0,6,670,2,1,1 BHK Apartment ,3,Wagholi,3300000,4925
0,3,0,1,1,0,6,1120,2,3,3 BHK Apartment ,3,Viman Nagar,8199520,7321
0,3,0,1,1,0,6,1211,2,2,2 BHK Apartment ,3,Kharadi,6600000,5450
0,3,0,1,1,0,6,597,2,1,1 BHK Apartment ,4,Kharadi,4700000,7872
0,3,0,1,1,0,6,1155,2,2,2 BHK Apartment ,3,Kharadi,7300000,6320
0,3,0,1,1,0,6,2900,2,4,4 BHK Apartment ,0,Kharadi,19000000,6551
0,3,0,1,1,0,6,1640,2,2,2 BHK Apartment ,2,Koregaon Park,16400000,10000
0,3,0,1,1,0,6,2650,2,2,2 BHK Apartment ,2,Koregaon Park,37500000,14150
0,3,0,1,1,0,6,1140,2,2,2 BHK Apartment ,3,Kharadi,6800000,5964
0,3,0,1,1,0,3,1950,2,3,3 BHK Apartment ,3,Kharadi,12500000,6410
0,3,2,1,1,0,2,3420,2,4,4 BHK Apartment ,0,Wagholi,15000000,4385
0,3,0,1,1,0,2,1350,2,2,2 BHK Apartment ,4,Kharadi,7800000,5777
0,3,0,1,0,0,2,759,2,1,1 BHK Apartment ,4,Wagholi,3000000,3952
0,3,1,1,1,0,2,1070,2,2,2 BHK Apartment ,5,Kharadi,7300000,6822
0,3,0,1,1,0,2,920,2,2,2 BHK Apartment ,5,Wagholi,4500000,4891
0,3,0,1,1,0,11,856,2,2,2 BHK Apartment ,1,Wagholi,3800000,4439
0,3,0,1,1,0,6,1200,2,2,2 BHK Apartment ,6,Kharadi,7800000,6500
0,3,2,1,1,0,6,1030,2,2,2 BHK Apartment ,1,Kalyani Nagar,8500000,8252
0,3,0,1,1,0,16,605,2,1,1 BHK Apartment ,4,Viman Nagar,6500000,10743
0,3,0,1,1,0,6,1293,2,2,2 BHK Apartment ,3,Viman Nagar,9499671,7347
0,3,0,0,1,0,6,1350,2,3,3 BHK Apartment ,3,Wagholi,6800000,5037
0,3,2,1,1,0,6,725,2,1,1 BHK Apartment ,7,Viman Nagar,5600000,7724
0,3,1,1,1,0,6,1255,2,2,2 BHK Apartment ,0,Kharadi,8600000,6852
0,3,0,1,0,0,11,1050,2,2,2 BHK Apartment ,4,Boat Club Road,14000000,13333
0,3,0,1,1,0,6,1700,2,3,3 BHK Apartment ,7,Viman Nagar,17500000,10294
0,3,2,1,1,0,6,3345,2,4,4 BHK Apartment ,6,Koregaon Park,52500000,15695
0,3,1,1,1,0,11,3400,2,4,4 BHK Apartment ,11,Kalyani Nagar,49497200,14558
0,3,0,1,1,0,2,1438,2,3,3 BHK Apartment ,8,Koregaon Park,20000000,13908
0,3,1,1,1,0,11,1410,2,3,3 BHK Apartment ,4,Kharadi,7800000,5532
0,3,0,1,1,0,11,1800,2,3,4 BHK Apartment ,2,Bund Garden,18000000,10000
0,3,0,1,1,0,11,1610,2,3,3 BHK Apartment ,6,Viman Nagar,9700000,6025
0,3,0,1,1,0,11,746,2,2,2 BHK Apartment ,2,Wagholi,3800000,5093
0,3,1,0,1,0,16,4000,2,5,5 BHK Villa ,0,Koregaon Park,62500000,15625
0,3,0,1,1,0,11,1487,2,3,3 BHK Apartment ,3,Wadgaon Sheri,10400000,6993
0,3,1,1,1,0,11,1680,2,2,2 BHK Apartment ,4,Koregaon Park,24000000,14285
0,3,0,1,1,0,3,1070,2,2,2 BHK Apartment ,11,Kharadi,7100000,6635
0,3,1,1,1,0,2,1320,2,3,3 BHK Apartment ,5,Kharadi,7800000,5909
0,3,0,1,1,0,4,1300,2,3,3 BHK Apartment ,0,Wagholi,6000000,4615
0,3,1,0,1,0,16,500,2,1,1 BHK Apartment ,2,Viman Nagar,3500000,7000
0,3,0,1,1,0,11,3200,2,3,3 BHK Apartment ,4,Koregaon Park,50000000,15625
0,3,0,1,1,0,11,1350,2,2,2 BHK Apartment ,4,Kalyani Nagar,11500000,8518
0,3,2,0,1,0,11,2515,2,3,4 BHK Villa ,0,Kharadi,25000000,9940
0,3,0,1,1,0,11,1000,2,2,2 BHK Apartment ,3,Viman Nagar,5500000,5500
0,3,0,1,1,0,11,1275,2,2,2 BHK Apartment ,2,Kalyani Nagar,6500000,5098
0,3,1,1,1,0,16,1150,2,2,2 BHK Apartment ,2,Viman Nagar,5500000,4783
0,3,2,1,1,0,3,4500,2,4,4 BHK Apartment ,7,Kalyani Nagar,5500000,1222
0,3,1,1,1,0,11,1070,2,2,2 BHK Apartment ,5,Kharadi,5028000,4699
0,3,0,1,1,0,6,715,2,1,1 BHK Apartment ,2,Viman Nagar,5000000,6993
0,3,0,1,1,0,11,1025,2,2,2 BHK Apartment ,3,Wagholi,4000000,3902
0,3,1,1,1,0,11,1425,2,3,3 BHK Apartment ,6,Viman Nagar,9300000,6526
0,3,0,1,1,0,2,1200,2,3,3 BHK Apartment ,4,Kalyani Nagar,8600000,7167
0,3,2,1,1,0,11,1082,2,2,2 BHK Apartment ,7,Wadgaon Sheri,6500000,6007
0,3,2,1,1,0,11,1500,2,3,3 BHK Apartment ,2,Viman Nagar,9000000,6000
0,3,0,1,1,0,2,1550,2,3,3 BHK Apartment ,2,Viman Nagar,9500000,6129
0,3,0,1,1,0,11,1170,2,2,2 BHK Apartment ,4,Kalyani Nagar,8500000,7265
0,3,0,1,1,0,2,1560,2,3,3 BHK Apartment ,10,Kalyani Nagar,7020000,4500
0,3,0,1,1,0,11,1225,2,3,3 BHK Apartment ,6,Kharadi,6300000,5143
0,3,0,1,1,0,11,1750,2,3,3 BHK Apartment ,7,Viman Nagar,8000000,4571
0,3,0,1,1,0,11,1095,2,2,2 BHK Apartment ,3,Kharadi,4500000,4110
0,3,0,1,0,0,2,2536,1,3,3 BHK Apartment ,4,Kalyani Nagar,31500000,12421
0,3,0,1,0,0,10,750,2,2,2 BHK Apartment ,3,Koregaon Park,9000000,12000
0,3,0,0,1,0,16,4300,2,4,4 BHK Villa ,0,Kalyani Nagar,50000000,11628
0,3,2,0,1,0,11,2200,2,4,4 BHK Villa ,0,Koregaon Park,30000000,13636
0,3,2,1,1,0,11,1300,2,2,2 BHK Apartment ,4,Koregaon Park,13600000,10462
0,3,0,1,1,0,2,1900,2,3,3 BHK Apartment ,7,Kharadi,10000000,5263
0,3,1,1,1,0,11,1170,2,2,2 BHK Apartment ,4,Kharadi,5000000,4274
0,3,0,1,1,0,6,900,2,2,2 BHK Apartment ,3,Kharadi,4500000,5000
0,3,0,1,1,0,6,1400,2,1,3 BHK Apartment ,3,Kalyani Nagar,10500000,7500
0,3,0,1,1,0,11,1540,2,3,3 BHK Apartment ,5,Viman Nagar,7500000,4870
0,3,0,1,1,0,11,1050,2,2,2 BHK Apartment ,8,Kharadi,6000000,5714
0,3,1,1,1,0,11,2800,2,4,4 BHK Apartment ,8,Mundhwa,30000000,10714
0,3,0,1,1,0,11,1020,2,2,2 BHK Apartment ,5,Kalyani Nagar,8200000,8039
0,3,0,1,1,0,16,1975,2,3,3 BHK Apartment ,3,Sangamvadi,20000000,10127
0,3,0,1,1,0,16,1600,2,3,3 BHK Apartment ,2,Koregaon Park,12500000,7813
0,3,0,1,1,0,1,382,2,1,1 BHK Apartment ,7,Hinjewadi,1875000,4908
0,3,0,1,1,0,12,1032,2,2,2 BHK Apartment ,3,Viman Nagar,6600000,6395
0,3,0,1,1,0,16,1280,2,2,2 BHK Apartment ,3,Kalyani Nagar,7800000,6094
0,3,0,1,1,0,11,670,2,1,1 BHK Apartment ,9,Kalyani Nagar,5000000,7463
0,3,0,1,1,0,11,2450,2,3,3 BHK Apartment ,3,Koregaon Park,40000000,16327
0,3,0,1,1,0,0,1288,2,2,3 BHK Apartment ,9,Kothrud,13500000,10481
0,3,0,1,1,0,11,1050,2,2,2 BHK Apartment ,2,Kalyani Nagar,7500000,7143
0,3,0,1,1,0,16,560,2,1,1 BHK Apartment ,2,Viman Nagar,4000000,7143
0,3,0,1,1,0,11,1135,2,2,2 BHK Apartment ,1,Viman Nagar,8200000,7224
1,3,3,0,1,0,0,700,1,2,1 BHK Apartment ,3,Kharadi,3450000,4928
0,3,0,1,1,0,3,1565,2,3,3 BHK Apartment ,11,Wagholi,6500000,4153
1,3,3,1,1,0,3,668,2,2,2 BHK Apartment ,4,Handewadi,3000000,4491
0,2,2,0,1,1,24,3750,2,5,5 BHK Villa ,0,Kothrud,52500000,14000
0,3,1,1,1,1,3,1270,1,2,3 BHK Apartment ,9,Wagholi,6500000,5118
0,3,0,1,1,0,6,750,2,1,2 BHK Apartment ,2,Koregaon Park,6300000,8400
0,3,0,1,1,0,0,540,2,2,2 BHK Apartment ,7,Hinjewadi,3400000,6296
0,3,0,1,1,1,6,643,2,1,1 BHK Apartment ,4,Balewadi,4600000,7153
0,3,0,1,1,0,11,1620,2,3,3 BHK Apartment ,4,Kharadi,9300000,5741
0,3,0,1,1,0,8,1350,2,3,3 BHK Apartment ,5,Pimple Saudagar,8150000,6037
0,3,1,1,1,1,3,563,2,1,1 BHK Apartment ,6,Lohegaon,2650000,4706
1,3,3,1,1,0,0,664,1,1,1 BHK Apartment ,5,NIBM Annex Mohammadwadi,3462624,5214
0,3,0,1,1,0,5,1020,2,2,2 BHK Apartment ,4,Pimple Saudagar,6700000,6568
0,3,1,1,1,1,1,1021,2,2,2 BHK Apartment ,4,Pimple Saudagar,6300000,6170
0,3,0,0,1,0,10,1350,1,3,3 BHK Apartment ,5,Baner,9600000,7111
1,3,3,1,1,0,6,1255,2,2,2 BHK Apartment ,10,Kharadi,8200000,6533
0,3,1,1,0,0,16,550,2,1,1 BHK Apartment ,1,Viman Nagar,3800000,6909
0,3,0,0,0,0,11,530,2,1,1 BHK Apartment ,3,Viman Nagar,4000000,7547
0,3,0,1,1,0,2,1660,2,3,3 BHK Apartment ,9,Kharadi,13000000,7831
0,2,2,1,1,0,4,1210,2,2,2 BHK Apartment ,6,NIBM Annex Mohammadwadi,7000000,5785
0,3,0,1,1,0,4,520,2,1,1 BHK Apartment ,1,Hadapsar,3500000,6730
0,3,0,1,0,0,11,1100,2,2,2 BHK Apartment ,6,Kharadi,4000000,3636
0,3,0,1,1,0,11,1500,2,2,2 BHK Apartment ,5,Kharadi,6300000,4200
0,3,2,1,0,0,11,1445,2,3,3 BHK Apartment ,2,Viman Nagar,7300000,5052
0,3,2,1,1,1,19,959,2,2,2 BHK Apartment ,1,Boat Club Road,15000000,15641
0,3,0,1,1,0,6,836,2,2,2 BHK Apartment ,3,Lohegaon,3900000,4665
0,3,0,1,1,0,6,1100,2,1,1 BHK Apartment ,2,Viman Nagar,7200000,6545
0,3,0,1,1,0,0,7815,2,4,4 BHK Apartment ,10,Sangamvadi,148400000,18989
0,3,1,1,1,0,6,1750,2,3,3 BHK Apartment ,3,Kalyani Nagar,24200000,13828
0,3,0,1,1,0,2,6000,2,5,5 BHK Apartment ,10,Kalyani Nagar,150000000,25000
0,3,0,1,1,0,5,935,2,2,2 BHK Apartment ,1,Viman Nagar,5700000,6096
0,3,1,1,1,0,21,1350,2,3,3 BHK Apartment ,0,Shastri Nagar,12200000,9037
0,3,0,1,1,0,2,4500,2,4,4 BHK Apartment ,17,Hadapsar,65000000,14444
0,2,0,1,1,0,6,3000,2,4,4 BHK Apartment ,4,Kalyani Nagar,34000000,11333
0,3,0,1,1,0,6,1000,2,2,2 BHK Apartment ,1,Wagholi,6000000,6000
0,3,1,1,1,0,6,4680,2,4,4 BHK Apartment ,5,Hadapsar,50000000,10683
0,3,0,1,1,0,2,2245,2,3,3 BHK Apartment ,1,Koregaon Park,41000000,18262
0,3,0,1,1,0,2,753,2,2,2 BHK Apartment ,7,Kharadi,4990000,6626
0,3,0,1,1,0,1,1400,2,2,2 BHK Apartment ,4,Kharadi,10000000,7142
0,3,1,1,1,0,1,8300,2,5,5 BHK Apartment ,8,Koregaon Park,141100000,17000
0,3,0,1,1,0,11,750,2,2,2 BHK Apartment ,4,Viman Nagar,5000000,6667
0,3,0,0,0,0,16,800,2,2,2 BHK Apartment ,2,Koregaon Park,10000000,12500
1,3,3,0,0,0,0,1030,2,2,2 BHK Apartment ,9,Wagholi,3708000,3600
0,3,0,1,1,0,6,1100,2,1,1 BHK Apartment ,2,Viman Nagar,8100000,7364
0,3,0,1,1,0,11,1700,2,3,3 BHK Apartment ,9,Kharadi,11000000,6470
0,3,0,1,1,0,6,2000,2,3,3 BHK Apartment ,3,Kharadi,12600000,6300
0,3,2,0,1,0,11,2200,2,4,4 BHK Villa ,0,Koregaon Park,28000000,12727
0,3,1,1,1,1,6,1600,2,3,3 BHK Apartment ,8,Kharadi,9200000,5750
1,3,3,1,1,1,1,1225,2,2,2 BHK Apartment ,1,Hinjewadi,6282600,5128
0,3,0,1,1,0,11,1142,2,2,2 BHK Apartment ,7,Viman Nagar,7000000,6130
0,3,1,1,1,0,9,800,2,1,1 BHK Apartment ,3,Viman Nagar,6700000,8375
1,2,3,1,1,1,0,4300,2,4,4 BHK Apartment ,10,Kothrud,65300000,15186
0,3,2,1,1,1,10,1300,2,2,2 BHK Apartment ,7,Kalyani Nagar,16000000,12307
0,3,0,1,1,0,4,4600,2,5,4 BHK Apartment ,3,Hadapsar,37000000,8043
0,3,2,1,1,1,19,959,2,2,2 BHK Apartment ,1,Boat Club Road,15000000,15641
0,3,0,1,1,0,6,836,2,2,2 BHK Apartment ,3,Lohegaon,3900000,4665
0,3,1,1,1,1,6,1600,2,3,3 BHK Apartment ,8,Kharadi,9200000,5750
0,3,0,0,1,0,2,3500,3,4,4 BHK Apartment ,6,Viman Nagar,29000000,8285
0,3,0,1,1,0,4,4400,2,5,4 BHK Apartment ,7,Viman Nagar,44000000,10000
0,3,0,1,1,0,18,1250,1,2,2 BHK Apartment ,2,Koregaon Park,9900000,7920
0,3,1,1,1,1,3,1060,1,2,2 BHK Apartment ,5,Koregaon Park,11500000,10849
0,3,0,1,1,0,5,1150,2,2,2 BHK Apartment ,2,Koregaon Park,12500000,10869
0,3,2,1,1,1,10,1300,2,2,2 BHK Apartment ,7,Koregaon Park,14000000,10769
0,3,1,1,1,1,11,1250,1,2,2 BHK Apartment ,2,Koregaon Park,15000000,12000
0,3,1,0,0,1,11,1450,2,2,2 BHK Apartment ,3,Koregaon Park,16500000,11379
0,3,1,1,1,1,15,1350,1,2,2 BHK Apartment ,3,Koregaon Park,15500000,11481
0,3,2,1,1,1,5,1300,2,2,2 BHK Apartment ,3,Koregaon Park,18000000,13846
0,3,0,1,1,0,8,2000,2,3,3 BHK Apartment ,3,Koregaon Park,20000000,10000
0,3,0,1,1,0,2,1671,2,3,3 BHK Apartment ,3,Kharadi,10000000,5984
0,3,0,1,1,0,2,1455,2,3,3 BHK Apartment ,3,Koregaon Park,15000000,10309
0,3,0,1,1,0,2,735,2,2,2 BHK Apartment ,3,Viman Nagar,5500000,7482
0,3,0,1,1,0,2,1470,2,3,3 BHK Apartment ,4,Kalyani Nagar,13000000,8843
0,3,0,1,1,0,2,1250,2,2,2 BHK Apartment ,2,Kalyani Nagar,12000000,9600
0,3,1,1,1,0,2,1200,2,3,3 BHK Apartment ,1,Viman Nagar,13000000,10833
0,3,0,1,1,0,2,1089,2,2,2 BHK Apartment ,1,Kharadi,4700000,4315
0,3,0,1,1,0,2,1600,2,3,3 BHK Apartment ,4,Viman Nagar,14000000,8750
0,3,0,1,1,0,2,1580,2,3,3 BHK Apartment ,7,Kharadi,10000000,6329
0,3,0,1,0,0,2,1380,2,2,2 BHK Apartment ,0,Kharadi,7580000,5492
0,3,2,1,1,0,2,1486,2,3,3 BHK Apartment ,2,Kharadi,10000000,6729
0,3,2,1,1,0,2,4500,2,5,5 BHK Apartment ,5,Koregaon Park,40000000,8888
0,3,0,1,1,0,2,670,2,1,1 BHK Apartment ,3,Wagholi,3300000,4925
0,3,2,1,1,0,2,1470,2,3,3 BHK Apartment ,0,Wagholi,5440000,3700
0,3,0,1,1,0,2,1165,2,2,2 BHK Apartment ,6,Kharadi,7080000,6077
0,3,0,1,1,0,2,1495,2,3,3 BHK Apartment ,5,Viman Nagar,14000000,9364
0,3,2,1,1,0,2,1380,2,3,3 BHK Apartment ,0,Wagholi,5110000,3702
0,3,0,1,1,0,2,1084,2,2,2 BHK Apartment ,4,Kharadi,6160000,5682
0,3,0,1,1,0,2,1200,2,2,2 BHK Apartment ,1,Kharadi,6500000,5416
0,3,0,1,1,0,2,1600,2,3,3 BHK Apartment ,4,Viman Nagar,14000000,8750
0,3,0,0,1,0,2,615,2,1,1 BHK Apartment ,4,Viman Nagar,5000000,8130
0,3,0,1,1,0,2,1100,2,2,2 BHK Apartment ,5,Viman Nagar,9000000,8181
0,3,0,1,0,0,2,1520,2,3,3 BHK Apartment ,0,Kharadi,8340000,5486
0,3,1,1,1,0,2,975,2,2,2 BHK Apartment ,4,Yerawada,8500000,8717
0,3,0,1,1,0,2,1160,2,2,2 BHK Apartment ,2,Viman Nagar,7600000,6551
0,3,2,1,1,0,2,1400,2,3,3 BHK Apartment ,4,Viman Nagar,12000000,8571
0,3,0,1,1,0,2,1600,2,2,2 BHK Apartment ,3,Viman Nagar,9000000,5625
0,3,0,1,0,0,2,1265,2,2,2 BHK Apartment ,0,Kharadi,6940000,5486
0,3,1,1,1,0,2,1025,2,2,2 BHK Apartment ,5,Viman Nagar,7300000,7121
0,3,2,1,1,1,13,1800,2,4,3 BHK Apartment ,6,Koregaon Park,21000000,11666
0,3,1,1,1,1,13,1800,3,3,3 BHK Apartment ,6,Koregaon Park,22000000,12222
0,3,2,1,1,1,10,1800,1,3,3 BHK Apartment ,11,Koregaon Park,22500000,12500
0,3,1,1,1,1,2,1810,1,3,3 BHK Apartment ,4,Koregaon Park,24000000,13259
0,3,2,1,1,1,10,1800,2,3,3 BHK Apartment ,5,Koregaon Park,25000000,13888
0,3,0,1,1,0,2,1050,2,2,2 BHK Apartment ,12,Kalyani Nagar,8000000,7619
0,3,0,1,1,0,2,1235,2,2,2 BHK Apartment ,6,Kharadi,8500000,6882
0,3,0,1,1,0,11,1185,3,2,2 BHK Apartment ,7,Viman Nagar,8100000,6835
0,3,0,1,1,0,6,2800,2,4,4 BHK Apartment ,7,Kalyani Nagar,27500000,9821
0,3,0,1,1,0,2,1671,1,3,3 BHK Apartment ,7,Kharadi,9800000,5864
0,3,0,1,1,0,6,735,1,1,1 BHK Apartment ,3,Viman Nagar,5900000,8027
0,3,0,1,1,0,6,1030,1,2,2 BHK Apartment ,4,Viman Nagar,8500000,8252
0,3,0,1,1,0,6,1400,1,3,3 BHK Apartment ,2,Viman Nagar,11000000,7857
0,3,0,1,1,0,6,925,2,2,2 BHK Apartment ,3,Viman Nagar,7000000,7567
0,3,0,1,1,0,6,2400,1,3,3 BHK Apartment ,5,Viman Nagar,14000000,5833
0,3,1,1,1,1,10,1150,1,2,2 BHK Apartment ,5,Kalyani Nagar,8000000,6956
0,3,1,1,1,1,5,1950,1,3,3 BHK Apartment ,5,Boat Club Road,30000000,15384
0,3,2,1,1,1,15,1500,2,2,3 BHK Apartment ,1,Bund Garden,18100000,12066
0,3,1,1,1,1,5,1080,1,2,2 BHK Apartment ,5,Boat Club Road,10600000,9814
0,3,2,1,1,1,9,1385,2,2,2 BHK Apartment ,5,Kalyani Nagar,12500000,9025
0,3,1,1,1,1,8,1775,2,3,3 BHK Apartment ,1,Kalyani Nagar,16500000,9295
0,3,0,0,0,0,5,2100,2,3,3 BHK Apartment ,1,Kalyani Nagar,21000000,10000
0,3,0,1,1,0,6,1051,2,2,2 BHK Apartment ,3,Kharadi,6600000,6279
0,3,0,1,1,0,6,1500,2,3,3 BHK Apartment ,3,Kharadi,9500000,6333
0,3,0,1,1,0,6,1100,1,2,2 BHK Apartment ,5,Kharadi,6300000,5727
0,3,0,1,1,0,6,1355,2,3,3 BHK Apartment ,7,Kharadi,8500000,6273
0,3,0,1,1,0,6,2036,2,3,3 BHK Apartment ,1,Kharadi,14800000,7269
0,3,1,1,1,1,10,550,1,1,1 BHK Apartment ,0,Bund Garden,7000000,12727
0,3,0,1,1,0,10,650,1,1,1 BHK Apartment ,4,Bund Garden,8500000,13076
0,3,1,1,1,1,10,550,1,1,1 BHK Apartment ,0,Bund Garden,5800000,10545
0,3,0,1,1,0,10,785,1,1,1 BHK Apartment ,5,Boat Club Road,8000000,10191
0,3,1,1,1,1,10,630,1,1,1 BHK Apartment ,3,Boat Club Road,8800000,13968
0,3,0,1,1,0,6,1540,2,3,3 BHK Apartment ,4,Kalyani Nagar,14000000,9090
0,3,0,1,1,0,6,1515,2,3,3 BHK Apartment ,8,Kalyani Nagar,12500000,8250
0,3,0,1,1,0,11,1700,2,3,3 BHK Apartment ,1,Kalyani Nagar,19000000,11176
0,3,0,1,1,0,11,2200,3,3,3 BHK Apartment ,2,Boat Club Road,28000000,12727
0,3,0,1,1,0,6,660,1,1,1 BHK Apartment ,3,Bund Garden,7000000,10606
0,3,0,1,1,0,6,1900,2,4,4 BHK Apartment ,4,Bund Garden,25000000,13157
0,3,0,1,1,0,1,1518,2,3,3 BHK Apartment ,3,Kharadi,10500000,6916
0,3,0,1,1,0,10,500,1,1,1 BHK Apartment ,2,Kalyani Nagar,7000000,14000
0,3,0,1,1,0,6,1225,1,2,2 BHK Apartment ,5,Viman Nagar,10000000,8163
0,3,0,1,1,0,11,3300,2,4,4 BHK Apartment ,6,Koregaon Park,50000000,15151
0,3,0,1,1,0,6,3345,3,5,4 BHK Apartment ,6,Koregaon Park,52500000,15695
0,3,0,1,1,0,11,2615,3,4,4 BHK Apartment ,4,Koregaon Park,36000000,13766
0,3,0,1,1,0,6,2615,3,4,4 BHK Apartment ,4,Koregaon Park,39000000,14913
0,3,0,1,1,0,6,4200,3,4,4 BHK Apartment ,1,Kharadi,45000000,10714
0,3,0,1,1,0,6,4355,3,4,4 BHK Apartment ,6,Kharadi,26500000,6084
0,3,0,0,1,0,13,1455,2,2,3 BHK Apartment ,6,Viman Nagar,14500000,9965
0,3,0,1,1,0,0,1120,2,2,2 BHK Apartment ,6,Viman Nagar,6500000,5803
0,3,0,1,1,0,0,1050,2,2,2 BHK Apartment ,6,Viman Nagar,7000000,6666
0,3,0,1,1,0,6,4050,1,4,4 BHK Apartment ,10,Koregaon Park,52500000,12962
0,3,0,1,1,0,6,1300,1,2,2 BHK Apartment ,3,Koregaon Park,10400000,8000
0,3,0,1,1,0,6,3800,3,4,4 BHK Apartment ,6,Kalyani Nagar,45000000,11842
0,3,0,1,1,0,10,600,1,1,1 BHK Apartment ,5,Shastri Nagar,5000000,8333
0,3,0,1,1,0,10,1010,1,2,2 BHK Apartment ,4,Shastri Nagar,8000000,7920
0,3,0,1,1,0,10,1300,3,2,2 BHK Apartment ,3,Kalyani Nagar,12000000,9230
0,3,0,1,1,0,10,640,2,1,1 BHK Apartment ,4,Koregaon Park,7200000,11250
0,3,0,1,1,0,6,1690,1,3,3 BHK Apartment ,7,Viman Nagar,20100000,11893
0,3,0,1,1,0,6,2240,2,3,3 BHK Apartment ,4,Viman Nagar,21000000,9375
0,3,0,1,1,0,6,1360,3,3,3 BHK Apartment ,2,Viman Nagar,12000000,8823
0,3,0,1,1,0,11,1680,2,3,3 BHK Apartment ,4,Viman Nagar,14200000,8452
0,3,0,1,1,0,8,1073,2,2,2 BHK Apartment ,5,Kharadi,6800000,6337
0,3,0,1,1,0,1,1907,3,3,3 BHK Apartment ,6,Kharadi,11200000,5873
0,3,0,1,1,0,4,1300,2,2,2 BHK Apartment ,5,Kharadi,6600000,5076
0,3,0,1,1,0,3,1700,1,3,3 BHK Apartment ,2,Kharadi,9700000,5705
0,3,0,1,1,0,7,1749,2,3,3 BHK Apartment ,9,Kharadi,10100000,5774
0,3,0,1,1,0,10,2850,1,4,4 BHK Apartment ,6,Koregaon Park,35000000,12280
0,3,0,1,1,0,1,3785,1,6,5 BHK Apartment ,10,Kharadi,43500000,11492
0,3,0,1,1,0,11,1805,2,3,3 BHK Apartment ,5,Kalyani Nagar,20000000,11080
0,3,0,1,1,0,6,2800,2,4,4 BHK Apartment ,3,Kalyani Nagar,23000000,8214
0,3,0,1,1,0,11,1750,2,3,3 BHK Apartment ,5,Kalyani Nagar,26000000,14857
0,3,0,1,1,0,1,1200,1,2,2 BHK Apartment ,4,Kalyani Nagar,20000000,16666
0,3,0,1,1,0,6,1900,2,3,3 BHK Apartment ,1,Kalyani Nagar,22100000,11631
0,3,0,1,1,0,6,1150,1,2,2 BHK Apartment ,5,Kharadi,6600000,5739
0,3,0,1,1,0,2,1980,2,3,3 BHK Apartment ,5,Kharadi,12800000,6464
1,3,3,1,1,0,1,1029,1,2,2 BHK Apartment ,5,Wagholi,3913310,3803
1,3,3,1,1,0,0,1044,2,2,2 BHK Apartment ,7,Wagholi,3964160,3797
1,3,3,1,1,0,1,1022,2,2,2 BHK Apartment ,4,Kharadi,5825000,5699
1,3,3,1,1,0,1,1022,2,2,2 BHK Apartment ,4,Kharadi,5825000,5699
1,3,3,1,1,0,1,1022,2,2,2 BHK Apartment ,4,Kharadi,5825000,5699
1,3,3,1,1,0,1,1022,2,2,2 BHK Apartment ,4,Kharadi,5825000,5699
0,3,0,1,1,0,13,1400,1,2,2 BHK Apartment ,2,Viman Nagar,8000000,5714
0,2,2,1,1,0,12,1185,2,2,2 BHK Apartment ,2,Wanowrie,7300000,6160
0,2,0,0,1,0,13,1288,1,2,2 BHK Apartment ,1,Bavdhan,6900000,5357
0,3,0,0,1,0,8,1775,2,3,3 BHK Apartment ,1,Kondhwa,18000000,10140
0,2,2,1,1,1,5,2400,2,4,4 BHK Villa ,0,Baner,48000000,20000
0,2,0,1,1,0,2,1255,2,2,2 BHK Apartment ,6,Wagholi,7500000,5976
0,3,0,1,1,0,4,1550,2,3,3 BHK Apartment ,4,Wagholi,8000000,5161
0,3,0,0,1,0,4,2200,2,3,3 BHK Apartment ,5,Wagholi,11000000,5000
0,3,0,1,1,0,17,1000,1,2,2 BHK Apartment ,4,Shastri Nagar,6000000,6000
0,3,0,1,1,0,1,550,1,1,1 BHK Apartment ,0,Bund Garden,6600000,12000
0,2,0,1,1,0,2,725,2,1,1 BHK Apartment ,1,Rahatani,4000000,5517
1,3,3,1,1,0,0,5976,3,5,5 BHK Apartment ,13,Kharadi,46800000,7831
1,3,3,1,1,0,1,2400,2,3,3 BHK Apartment ,11,Wagholi,7500000,3125
1,3,3,1,1,0,0,4800,3,4,4 BHK Apartment ,6,Viman Nagar,57600000,12000
0,1,0,1,0,0,4,675,1,2,2 BHK Apartment ,10,Kondhwa,3500000,5185
0,3,0,1,1,1,1,1352,2,2,2 BHK Apartment ,7,Baner,9000000,6656
0,3,0,1,1,1,1,1250,2,2,2 BHK Apartment ,9,Balewadi,7500000,6000
0,3,0,1,1,0,10,1100,2,2,2 BHK Apartment ,5,Balewadi,6800000,6181
0,3,0,0,1,0,5,1310,2,2,2 BHK Apartment ,3,Wanowrie,9500000,7251
0,3,0,0,1,0,10,625,1,1,1 BHK Apartment ,1,Kharadi,3900000,6240
0,3,0,1,1,0,1,1315,2,2,2 BHK Apartment ,2,Kharadi,8700000,6615
0,3,0,1,1,0,10,610,2,1,1 BHK Apartment ,3,Kharadi,3100000,5081
0,3,0,1,1,0,20,565,2,2,1 BHK Apartment ,0,Kharadi,5400000,9557
0,3,2,1,1,1,6,903,1,2,2 BHK Apartment ,1,Rahatani,6550000,7253
0,3,0,1,1,0,2,4000,2,4,4 BHK Apartment ,4,Koregaon Park,65000000,16250
0,3,2,1,1,1,10,621,2,1,1 BHK Apartment ,4,Boat Club Road,6600000,10628
0,3,0,1,1,0,11,3000,1,4,4 BHK Apartment ,1,Boat Club Road,32000000,10666
0,3,0,1,1,0,6,1037,1,2,2 BHK Apartment ,11,Kharadi,8000000,7714
0,3,0,1,1,0,2,5480,2,5,5 BHK Apartment ,3,Sangamvadi,97400000,17773
0,3,0,1,1,0,2,4100,3,4,4 BHK Apartment ,9,Sangamvadi,80000000,19512
0,3,0,1,1,0,10,1030,1,2,2 BHK Apartment ,2,Koregaon Park,9000000,8737
0,3,0,1,1,0,10,1010,2,2,2 BHK Apartment ,4,Shastri Nagar,8500000,8415
0,3,0,1,1,0,6,4500,3,4,4 BHK Apartment ,5,Boat Club Road,75000000,16666
0,3,0,0,0,0,10,2600,3,3,3 BHK Apartment ,7,Sangamvadi,35000000,13461
0,3,0,1,1,0,10,1400,1,2,2 BHK Apartment ,8,Kalyani Nagar,13500000,9642
0,3,0,1,1,0,3,4140,2,4,4 BHK Apartment ,6,Koregaon Park,66200000,15990
0,3,0,1,1,0,1,4240,3,4,4 BHK Apartment ,7,Koregaon Park,68600000,16179
0,3,0,1,1,0,10,1400,1,3,3 BHK Apartment ,5,Kharadi,7000000,5000
0,3,0,1,1,0,10,1350,1,2,2 BHK Apartment ,5,Kharadi,9500000,7037
0,3,0,1,1,0,5,2600,3,4,4 BHK Apartment ,3,Koregaon Park,29500000,11346
0,3,0,1,1,0,7,954,2,2,2 BHK Apartment ,10,Kalyani Nagar,8070000,8459
0,3,0,1,1,0,7,999,1,2,2 BHK Apartment ,1,Kalyani Nagar,6600000,6606
0,3,0,1,1,0,3,4000,2,4,4 BHK Apartment ,8,Kalyani Nagar,64000000,16000
0,3,0,1,1,0,6,4200,1,5,5 BHK Apartment ,1,Koregaon Park,72000000,17142
0,3,0,1,1,0,2,4250,2,4,4 BHK Apartment ,8,Koregaon Park,60000000,14117
0,3,0,1,1,0,2,3800,2,4,4 BHK Apartment ,12,Koregaon Park,60800000,16000
0,3,0,1,1,0,4,3930,2,4,4 BHK Apartment ,9,Koregaon Park,62800000,15979
0,3,0,1,1,0,2,4015,2,4,4 BHK Apartment ,7,Koregaon Park,64200000,15990
0,3,0,1,1,0,2,4000,2,4,4 BHK Apartment ,7,Koregaon Park,65200000,16300
0,3,0,1,1,0,10,680,1,1,1 BHK Apartment ,4,Kalyani Nagar,7000000,10294
0,3,0,1,1,0,10,650,1,1,1 BHK Apartment ,3,Kalyani Nagar,5700000,8769
0,2,0,0,1,0,10,2519,2,3,3 BHK Apartment ,3,Viman Nagar,18500000,7344
0,3,0,1,1,0,9,2000,3,3,3 BHK Apartment ,7,Kalyani Nagar,24500000,12250
0,3,0,1,1,0,10,2509,1,3,3 BHK Apartment ,9,Kalyani Nagar,29000000,11558
0,3,0,1,1,0,5,2800,2,4,4 BHK Apartment ,3,Kalyani Nagar,32500000,11607
0,3,1,1,1,0,4,3000,3,3,3 BHK Apartment ,2,Kalyani Nagar,40000000,13333
0,3,0,1,1,0,5,2850,3,5,4 BHK Apartment ,9,Kalyani Nagar,46000000,16140
0,3,0,1,1,0,2,995,1,2,2 BHK Apartment ,5,Kalyani Nagar,6600000,6633
0,3,0,1,1,0,9,1050,2,3,2 BHK Apartment ,3,Bund Garden,11500000,10952
0,3,0,1,1,0,8,3000,1,4,4 BHK Apartment ,1,Boat Club Road,32000000,10666
0,3,0,1,1,0,1,5500,2,5,5 BHK Apartment ,6,Boat Club Road,105000000,19090
0,3,0,1,1,0,6,1750,1,3,3 BHK Apartment ,4,Koregaon Park,19500000,11142
0,3,0,1,1,0,10,770,1,1,2 BHK Apartment ,0,Viman Nagar,8000000,10389
0,3,0,1,1,0,10,2635,3,4,4 BHK Apartment ,8,Koregaon Park,36000000,13662
0,2,2,1,1,0,10,2615,2,4,4 BHK Apartment ,4,Koregaon Park,35000000,13384
0,3,2,1,1,0,5,2250,2,3,3 BHK Apartment ,1,Koregaon Park,30000000,13333
0,3,2,1,1,0,10,1130,1,2,2 BHK Apartment ,2,Koregaon Park,11500000,10176
0,3,0,1,1,0,7,5420,3,4,4 BHK Apartment ,2,Boat Club Road,86700000,15996
0,3,0,1,1,0,4,4595,3,7,5 BHK Apartment ,5,Boat Club Road,94200000,20500
0,3,0,1,1,0,4,5350,2,4,4 BHK Apartment ,3,Boat Club Road,95100000,17775
0,3,0,1,1,0,10,3350,1,3,4 BHK Apartment ,3,Boat Club Road,50000000,14925
0,3,0,1,1,0,4,5482,2,4,4 BHK Apartment ,7,Boat Club Road,97400000,17767
0,3,0,1,1,0,8,2600,2,3,4 BHK Apartment ,2,Koregaon Park,35000000,13461
0,3,0,1,1,0,6,2700,3,5,4 BHK Apartment ,1,Koregaon Park,27000000,10000
0,3,0,1,1,0,5,2650,2,4,4 BHK Apartment ,4,Koregaon Park,29000000,10943
0,3,0,1,1,0,13,2050,2,3,3 BHK Apartment ,10,Boat Club Road,30000000,14634
0,3,1,1,1,0,5,3340,2,5,4 BHK Apartment ,11,Hadapsar,32000000,9580
0,3,0,1,1,0,10,2635,2,4,4 BHK Apartment ,8,Koregaon Park,36000000,13662
0,3,0,1,1,0,10,1090,3,2,2 BHK Apartment ,5,Viman Nagar,7100000,6513
0,2,2,1,1,0,10,1400,2,2,2 BHK Apartment ,1,Viman Nagar,9500000,6785
0,3,0,1,1,0,20,600,1,1,1 BHK Apartment ,2,Yerawada,5100000,8500
0,3,0,1,1,0,10,1720,2,3,3 BHK Apartment ,7,Kalyani Nagar,18100000,10523
0,3,0,1,1,0,10,1200,1,2,3 BHK Apartment ,8,Wagholi,6500000,5416
0,3,1,1,1,1,10,1585,1,3,3 BHK Apartment ,7,Wagholi,8500000,5362
0,3,1,0,1,1,7,3150,2,4,4 BHK Apartment ,1,Boat Club Road,40000000,12698
0,2,1,1,1,0,10,1010,1,2,2 BHK Apartment ,5,Shastri Nagar,11500000,11386
0,2,1,0,1,0,10,4000,3,5,4 BHK Villa ,1,Viman Nagar,45000000,11250
0,3,1,1,1,1,10,770,1,1,1 BHK Apartment ,4,Koregaon Park,8400000,10909
0,3,0,1,1,0,10,950,1,2,2 BHK Apartment ,2,Koregaon Park,9000000,9473
0,3,1,1,1,1,10,1133,1,2,2 BHK Apartment ,2,Koregaon Park,9500000,8384
0,3,0,1,1,0,10,1000,1,2,2 BHK Apartment ,1,Kharadi,7500000,7500
0,3,0,1,1,0,10,1050,2,2,2 BHK Apartment ,3,Kharadi,8000000,7619
0,3,0,0,1,0,11,1000,1,2,2 BHK Apartment ,4,Shastri Nagar,7000000,7000
0,3,2,1,1,1,10,880,1,2,2 BHK Apartment ,6,Viman Nagar,7000000,7954
0,3,0,1,1,0,10,830,2,2,1 BHK Apartment ,5,Kharadi,5500000,6626
0,3,0,1,1,0,10,600,1,1,1 BHK Apartment ,1,Boat Club Road,7500000,12500
0,3,0,1,1,0,10,650,1,1,1 BHK Apartment ,4,Bund Garden,8500000,13076
0,3,0,1,1,0,10,1100,2,2,2 BHK Apartment ,5,Kalyani Nagar,7500000,6818
0,3,2,1,1,1,10,520,1,1,1 BHK Apartment ,3,Kalyani Nagar,5800000,11153
0,3,1,1,1,1,10,635,1,1,1 BHK Apartment ,4,Kalyani Nagar,6500000,10236
0,3,1,1,1,1,10,650,1,1,1 BHK Apartment ,3,Kalyani Nagar,6800000,10461
0,3,0,1,1,0,10,650,2,1,1 BHK Apartment ,1,Kalyani Nagar,7500000,11538
0,3,0,1,1,0,10,1175,1,2,2 BHK Apartment ,3,Kalyani Nagar,8000000,6808
0,3,2,1,1,1,10,500,1,1,1 BHK Apartment ,0,Bund Garden,6000000,12000
0,3,0,1,1,0,10,550,1,1,1 BHK Apartment ,1,Bund Garden,6600000,12000
0,3,0,1,1,0,10,840,1,2,2 BHK Apartment ,2,Bund Garden,7900000,9404
0,3,0,0,1,0,4,1207,2,2,2 BHK Apartment ,6,Mundhwa,10000000,8285
0,3,2,1,1,1,5,3000,1,3,3 BHK Apartment ,4,Koregaon Park,50000000,16666
0,3,2,1,1,1,10,630,1,1,1 BHK Apartment ,3,Boat Club Road,8800000,13968
0,3,0,1,1,0,10,604,1,1,1 BHK Apartment ,5,Boat Club Road,8000000,13245
0,3,1,0,1,1,6,850,1,2,2 BHK Apartment ,1,Wagholi,4000000,4705
0,3,2,1,1,1,10,1000,1,2,2 BHK Apartment ,2,Kharadi,7000000,7000
0,2,2,1,1,0,15,3200,2,2,2 BHK Apartment ,0,Koregaon Park,15000000,4687
0,3,0,1,1,0,2,1089,2,2,2 BHK Apartment ,3,Wakad,5850000,5371
0,3,0,1,1,0,2,1142,2,2,2 BHK Apartment ,3,Wakad,5400000,4728
0,3,0,1,1,0,10,1300,2,2,2 BHK Apartment ,3,Koregaon Park,12000000,9230
0,3,0,1,1,0,10,553,1,1,1 BHK Apartment ,2,Koregaon Park,5200000,9403
0,3,0,1,1,0,10,500,1,1,1 BHK Apartment ,2,Koregaon Park,6000000,12000
0,3,0,1,1,0,10,931,1,2,2 BHK Apartment ,2,Koregaon Park,8000000,8592
0,3,0,1,1,0,6,4100,2,4,4 BHK Apartment ,2,Sangamvadi,45100000,11000
0,3,0,1,1,0,2,2500,1,3,3 BHK Apartment ,8,Sangamvadi,34000000,13600
0,3,0,1,1,0,2,4595,3,5,5 BHK Apartment ,5,Sangamvadi,94200000,20500
0,3,0,1,1,0,2,4800,2,5,5 BHK Apartment ,6,Sangamvadi,100000000,20833
0,3,0,1,1,0,11,1000,1,2,2 BHK Apartment ,3,Sangamvadi,22000000,22000
0,3,0,1,1,0,11,2850,3,4,4 BHK Apartment ,4,Sangamvadi,45000000,15789
0,3,0,1,1,0,6,2500,2,3,3 BHK Apartment ,4,Sangamvadi,35000000,14000
0,3,0,1,1,0,11,600,2,1,1 BHK Apartment ,3,Sangamvadi,5500000,9166
0,3,0,1,1,0,6,1910,2,3,4 BHK Apartment ,2,Sangamvadi,25000000,13089
0,3,0,1,1,0,11,1500,1,3,3 BHK Apartment ,1,Sangamvadi,16800000,11200
0,3,0,1,1,0,10,1010,1,2,2 BHK Apartment ,4,Shastri Nagar,8500000,8415
0,3,0,1,1,0,5,1010,1,2,2 BHK Apartment ,1,Shastri Nagar,9000000,8910
0,3,0,1,1,0,16,2400,3,4,3 BHK Apartment ,2,Boat Club Road,40000000,16666
0,3,0,1,1,0,11,1400,1,2,2 BHK Apartment ,2,Boat Club Road,12500000,8928
0,2,0,1,1,0,11,550,1,1,1 BHK Apartment ,3,Koregaon Park,5200000,9454
0,3,0,1,1,0,6,1085,2,2,2 BHK Apartment ,2,Koregaon Park,7200000,6635
0,3,0,1,1,0,6,1300,2,2,2 BHK Apartment ,3,Koregaon Park,10500000,8076
0,3,0,1,1,0,6,910,2,2,2 BHK Apartment ,7,Kharadi,5000000,5494
0,3,0,1,1,0,6,2615,3,4,4 BHK Apartment ,4,Koregaon Park,36000000,13766
0,3,0,1,1,0,6,3887,3,6,4 BHK Apartment ,9,Koregaon Park,45300000,11654
0,3,0,1,1,0,10,600,1,1,1 BHK Apartment ,1,Boat Club Road,7500000,12500
0,3,1,1,1,1,5,560,1,1,1 BHK Apartment ,1,Boat Club Road,7200000,12857
0,3,0,1,1,0,5,1400,1,2,2 BHK Apartment ,2,Boat Club Road,15000000,10714
0,3,0,1,1,0,5,621,1,1,1 BHK Apartment ,4,Boat Club Road,6800000,10950
0,3,0,1,1,0,10,600,1,1,1 BHK Apartment ,1,Boat Club Road,7500000,12500
0,3,1,1,1,1,7,950,1,2,2 BHK Apartment ,2,Boat Club Road,11000000,11578
0,3,0,1,1,0,5,604,1,1,1 BHK Apartment ,1,Boat Club Road,7900000,13079
0,3,0,1,1,0,6,1705,2,3,3 BHK Apartment ,4,Mundhwa,15000000,8797
0,3,0,0,0,0,6,5921,2,5,4 BHK Villa ,0,Kharadi,37500000,6333
0,3,0,1,1,0,2,1360,2,2,2 BHK Apartment ,12,Mundhwa,15100000,11102
0,3,0,1,1,0,6,1230,1,2,2 BHK Apartment ,3,Koregaon Park,7700000,6260
0,3,0,1,1,0,6,1300,1,2,2 BHK Apartment ,3,Koregaon Park,10400000,8000
0,3,0,1,1,0,10,640,2,1,1 BHK Apartment ,4,Koregaon Park,7200000,11250
0,3,0,1,1,0,6,4050,1,4,4 BHK Apartment ,10,Koregaon Park,52500000,12962
0,3,0,1,1,0,2,4595,2,4,4 BHK Apartment ,9,Sangamvadi,92900000,20217
0,3,0,1,1,0,2,4000,2,4,4 BHK Apartment ,5,Sangamvadi,70000000,17500
0,3,0,1,1,0,6,4100,2,4,4 BHK Apartment ,4,Sangamvadi,52500000,12804
0,3,0,1,1,0,6,2850,2,4,4 BHK Apartment ,3,Sangamvadi,45000000,15789
0,3,0,1,1,0,6,3200,2,4,4 BHK Apartment ,5,Boat Club Road,47500000,14843
0,3,0,1,1,0,6,4000,2,4,3 BHK Apartment ,2,Sangamvadi,80000000,20000
0,3,0,1,1,0,6,1400,1,3,3 BHK Apartment ,10,Vishrantwadi,9800000,7000
0,3,0,1,1,0,6,2500,1,3,3 BHK Apartment ,2,Koregaon Park,37500000,15000
0,3,0,1,1,0,6,1500,2,2,2 BHK Apartment ,2,Kalyani Nagar,9500000,6333
0,3,0,1,1,0,6,2600,2,3,3 BHK Apartment ,6,Koregaon Park,30000000,11538
0,3,0,1,1,0,11,2345,2,3,3 BHK Apartment ,1,Koregaon Park,31500000,13432
0,3,0,1,1,0,6,3887,1,4,4 BHK Apartment ,10,Koregaon Park,45500000,11705
0,3,0,1,1,0,11,2800,1,4,4 BHK Apartment ,3,Koregaon Park,35100000,12535
0,3,0,0,1,0,10,548,1,1,1 BHK Apartment ,1,Kharadi,3400000,6204
0,2,2,1,1,1,10,1400,1,3,3 BHK Apartment ,6,Viman Nagar,10500000,7500
0,3,0,1,1,0,1,1282,1,2,2 BHK Apartment ,10,Wagholi,7400000,5772
0,3,0,1,1,0,11,2400,2,3,3 BHK Apartment ,7,Koregaon Park,30500000,12708
0,3,2,0,1,1,5,3150,2,4,4 BHK Apartment ,1,Boat Club Road,35000000,11111
0,3,1,1,1,1,10,2350,3,4,3 BHK Apartment ,5,Kalyani Nagar,36500000,15531
0,3,0,0,1,1,5,4095,3,4,4 BHK Apartment ,2,Boat Club Road,62500000,15262
0,3,1,1,1,1,10,3350,2,5,4 BHK Apartment ,3,Boat Club Road,50000000,14925
0,3,1,1,1,1,10,1500,1,3,3 BHK Apartment ,2,Koregaon Park,14000000,9333
0,3,0,1,1,0,10,510,1,1,1 BHK Apartment ,4,Koregaon Park,7300000,14313
1,3,3,1,1,0,3,550,1,1,1 BHK Apartment ,2,Wagholi,2800000,5090
0,3,0,1,1,0,10,1086,1,2,2 BHK Apartment ,8,Kalyani Nagar,9900000,9116
0,3,0,1,1,0,10,1080,2,2,2 BHK Apartment ,6,Kalyani Nagar,11000000,10185
0,3,0,1,1,0,10,1750,2,3,3 BHK Apartment ,4,Kalyani Nagar,12000000,6857
0,3,0,1,1,0,10,1725,2,3,3 BHK Apartment ,9,Kalyani Nagar,13000000,7536
0,3,0,1,1,0,10,1350,1,2,2 BHK Apartment ,5,Kalyani Nagar,14000000,10370
0,3,1,1,1,1,10,1700,2,3,3 BHK Apartment ,3,Kalyani Nagar,15000000,8823
0,3,0,1,1,0,10,1495,2,3,3 BHK Apartment ,2,Kalyani Nagar,16000000,10702
0,3,0,1,1,0,10,2300,2,5,4 BHK Apartment ,5,Kalyani Nagar,17000000,7391
0,3,2,1,1,1,10,1806,2,3,3 BHK Apartment ,1,Kalyani Nagar,18000000,9966
0,3,1,1,1,1,10,1735,2,3,3 BHK Apartment ,1,Kalyani Nagar,19000000,10951
0,3,1,1,1,1,10,1970,3,4,3 BHK Apartment ,7,Kalyani Nagar,20000000,10152
0,3,0,1,1,0,2,940,1,3,2 BHK Apartment ,10,Wagholi,4000000,4255
1,3,3,1,1,0,0,635,1,2,2 BHK Apartment ,1,Wagholi,2900000,4566
0,3,1,1,1,1,10,1660,1,3,3 BHK Apartment ,11,Wagholi,11000000,6626
0,3,1,1,1,1,10,1085,1,2,2 BHK Apartment ,5,Viman Nagar,14000000,12903
0,3,0,1,1,0,10,2000,3,3,3 BHK Apartment ,1,Koregaon Park,25000000,12500
0,3,2,1,1,1,10,1900,2,3,3 BHK Apartment ,1,Koregaon Park,27500000,14473
0,3,2,1,1,1,10,1950,1,3,3 BHK Apartment ,10,Koregaon Park,27000000,13846
0,3,0,1,1,0,10,2345,2,4,3 BHK Apartment ,1,Koregaon Park,29500000,12579
0,3,1,1,1,1,10,2600,3,4,4 BHK Apartment ,3,Koregaon Park,35000000,13461
0,3,0,1,1,0,10,2635,3,4,4 BHK Apartment ,8,Koregaon Park,36000000,13662
0,3,0,1,1,0,10,2200,1,4,3 BHK Apartment ,3,Koregaon Park,38000000,17272
0,3,1,1,1,1,10,2000,1,3,3 BHK Apartment ,0,Koregaon Park,39000000,19500
0,3,2,1,1,1,10,1300,1,2,2 BHK Apartment ,4,Koregaon Park,15000000,11538
0,3,1,1,1,1,10,1350,1,3,3 BHK Apartment ,5,Koregaon Park,16000000,11851
0,3,0,1,1,0,10,1360,1,3,3 BHK Apartment ,4,Koregaon Park,17000000,12500
0,3,0,1,1,0,10,2700,2,3,3 BHK Apartment ,4,Koregaon Park,18000000,6666
0,3,0,1,1,0,10,1600,2,3,3 BHK Apartment ,1,Koregaon Park,19000000,11875
0,3,1,1,1,1,10,1850,1,3,3 BHK Apartment ,6,Koregaon Park,20000000,10810
0,3,2,1,1,1,10,1438,1,3,3 BHK Apartment ,3,Koregaon Park,23000000,15994
0,3,0,1,1,0,10,1650,2,3,3 BHK Apartment ,2,Koregaon Park,23500000,14242
0,3,0,1,1,0,10,1625,1,4,3 BHK Apartment ,4,Kalyani Nagar,22000000,13538
0,3,1,1,1,1,10,1950,1,3,3 BHK Apartment ,7,Kalyani Nagar,23000000,11794
0,3,0,1,1,0,10,1938,1,3,3 BHK Apartment ,2,Kalyani Nagar,23500000,12125
0,3,2,1,1,1,10,1890,1,3,3 BHK Apartment ,1,Kalyani Nagar,25000000,13227
0,3,0,1,1,0,10,2300,2,3,3 BHK Apartment ,3,Kalyani Nagar,27000000,11739
0,3,1,1,1,1,10,3200,2,3,3 BHK Apartment ,11,Kalyani Nagar,28000000,8750
0,3,1,1,1,1,10,3147,2,5,4 BHK Apartment ,1,Kalyani Nagar,28500000,9056
0,3,0,1,1,0,10,2112,2,3,3 BHK Apartment ,4,Kalyani Nagar,30000000,14204
0,3,0,1,1,0,10,2700,3,5,4 BHK Apartment ,7,Kalyani Nagar,32500000,12037
0,3,2,1,1,1,10,2400,3,4,3 BHK Apartment ,1,Kalyani Nagar,35000000,14583
0,3,1,1,1,1,10,2370,2,4,4 BHK Apartment ,5,Kalyani Nagar,36000000,15189
0,3,0,1,1,0,10,4000,2,4,4 BHK Apartment ,2,Boat Club Road,55000000,13750
0,3,0,1,1,0,10,4595,2,5,4 BHK Apartment ,4,Sangamvadi,70000000,15233
0,3,0,1,1,0,10,4000,1,4,4 BHK Apartment ,4,Boat Club Road,86600000,21650
0,3,1,1,1,1,10,4595,2,6,4 BHK Apartment ,7,Sangamvadi,95000000,20674
0,3,1,1,1,1,10,4500,3,6,5 BHK Apartment ,4,Sangamvadi,95600000,21244
0,3,0,1,1,0,10,1495,3,3,3 BHK Apartment ,1,Bund Garden,20100000,13444
0,3,0,1,1,0,11,1060,1,2,2 BHK Apartment ,8,Kalyani Nagar,8500000,8018
0,3,0,1,1,0,10,1150,1,2,2 BHK Apartment ,6,Kalyani Nagar,9500000,8260
0,3,0,1,1,0,2,2500,2,4,3 BHK Apartment ,0,Kharadi,22000000,8800
0,3,0,0,1,0,2,1230,1,2,2 BHK Apartment ,6,Viman Nagar,10500000,8536
0,3,0,1,1,0,10,2550,2,3,3 BHK Villa ,0,Wagholi,9500000,3725
0,3,0,1,1,0,10,2600,2,3,4 BHK Villa ,0,Wagholi,10000000,3846
0,3,1,1,1,1,10,2322,1,3,3 BHK Villa ,0,Wagholi,11000000,4737
0,3,0,1,1,0,10,2400,2,4,5 BHK Villa ,0,Wagholi,11500000,4791
0,3,0,1,1,0,10,3000,2,3,3 BHK Villa ,0,Wagholi,13000000,4333
0,3,1,1,1,1,10,3300,1,3,3 BHK Villa ,0,Wagholi,14000000,4242
0,3,1,0,1,1,3,1100,2,2,2 BHK Apartment ,5,Boat Club Road,11500000,10454
0,3,2,1,1,1,10,1250,1,2,2 BHK Apartment ,2,Koregaon Park,11000000,8800
0,3,0,1,1,0,10,950,2,2,2 BHK Apartment ,3,Koregaon Park,12500000,13157
0,3,0,1,1,0,10,1255,1,2,3 BHK Apartment ,6,Koregaon Park,10000000,7968
0,3,0,1,1,0,10,4200,2,5,4 BHK Apartment ,9,Kalyani Nagar,65000000,15476
0,3,2,1,1,1,10,4100,3,5,4 BHK Apartment ,6,Kalyani Nagar,72500000,17682
0,3,2,1,1,1,10,4050,3,5,4 BHK Apartment ,8,Kalyani Nagar,75000000,18518
0,3,1,1,1,1,10,6130,3,5,5 BHK Apartment ,3,Kalyani Nagar,85000000,13866
0,3,2,1,1,1,10,2700,3,5,4 BHK Villa ,0,Kalyani Nagar,45000000,16666
0,3,1,1,1,0,10,700,1,1,1 BHK Apartment ,1,Koregaon Park,6800000,9714
0,3,2,0,1,1,5,1150,2,2,1 BHK Apartment ,3,Boat Club Road,16000000,13913
0,3,1,0,1,1,3,1600,3,3,3 BHK Apartment ,7,Boat Club Road,17000000,10625
0,3,0,0,1,1,6,1325,2,3,3 BHK Apartment ,2,Boat Club Road,14000000,10566
0,3,0,1,1,0,0,900,3,2,2 BHK Apartment ,3,Kharadi,6250000,6944
0,3,0,1,1,0,0,630,1,1,1 BHK Apartment ,2,Kharadi,3500000,5555
0,3,1,1,1,1,5,630,1,1,1 BHK Apartment ,3,Boat Club Road,8800000,13968
0,3,2,1,1,1,8,1140,1,2,2 BHK Apartment ,1,Boat Club Road,14500000,12719
0,3,0,1,1,0,5,1700,1,3,3 BHK Apartment ,1,Boat Club Road,25000000,14705
0,3,0,0,1,0,4,5900,1,4,4 BHK Villa ,0,Kharadi,40200000,6813
0,3,0,1,1,0,11,1800,1,3,3 BHK Apartment ,3,Kalyani Nagar,21000000,11666
0,3,0,1,1,0,11,1670,2,4,3 BHK Apartment ,6,Kalyani Nagar,21000000,12574
0,3,0,1,1,0,11,2000,3,3,3 BHK Apartment ,7,Kalyani Nagar,24500000,12250
0,3,0,1,1,0,11,2509,1,3,3 BHK Apartment ,10,Kalyani Nagar,31500000,12554
0,3,0,1,1,0,8,2850,3,4,4 BHK Apartment ,4,Sangamvadi,45000000,15789
0,3,0,1,1,0,11,2500,3,4,4 BHK Apartment ,4,Koregaon Park,35000000,14000
0,3,0,1,1,0,9,1250,2,2,2 BHK Apartment ,4,Koregaon Park,8000000,6400
0,3,0,1,1,0,11,1620,1,3,3 BHK Apartment ,9,Koregaon Park,14000000,8641
0,3,0,1,1,0,6,1080,1,2,2 BHK Apartment ,8,Kharadi,7000000,6481
0,3,0,1,1,0,6,1480,1,3,3 BHK Apartment ,4,Kharadi,9000000,6081
0,3,0,1,1,0,1,1650,1,2,3 BHK Apartment ,6,Kharadi,9700000,5878
0,3,0,1,1,0,2,1034,2,2,2 BHK Apartment ,1,Wagholi,5500000,5319
0,3,0,1,1,0,3,737,1,2,2 BHK Apartment ,6,Wagholi,3700000,5020
0,3,0,1,1,0,1,953,1,2,2 BHK Apartment ,1,Wagholi,4500000,4721
0,3,0,1,1,0,6,1624,2,3,3 BHK Apartment ,2,Viman Nagar,13800000,8497
0,3,0,1,1,0,6,1248,1,2,2 BHK Apartment ,7,Viman Nagar,11100000,8894
0,3,0,1,1,0,2,1700,2,3,4 BHK Apartment ,3,Viman Nagar,16500000,9705
0,3,0,1,1,0,2,1700,2,3,4 BHK Apartment ,3,Viman Nagar,16500000,9705
0,3,0,1,1,0,6,1500,2,3,3 BHK Apartment ,5,Viman Nagar,15000000,10000
0,3,0,1,1,0,6,3000,2,3,3 BHK Apartment ,6,Viman Nagar,27500000,9166
0,3,0,1,1,0,6,2500,1,3,3 BHK Apartment ,5,Viman Nagar,19000000,7600
0,3,0,1,1,0,6,1690,1,3,3 BHK Apartment ,4,Viman Nagar,22000000,13017
1,3,3,1,1,0,6,2240,2,3,3 BHK Apartment ,4,Viman Nagar,21000000,9375
0,3,0,1,1,0,6,1104,1,2,2 BHK Apartment ,7,Viman Nagar,8000000,7246
0,3,0,1,1,0,6,1690,1,3,3 BHK Apartment ,5,Viman Nagar,20000000,11834
0,3,2,1,1,0,11,1690,2,4,3 BHK Apartment ,8,Viman Nagar,22000000,13017
0,3,2,1,1,0,2,4800,2,5,4 BHK Apartment ,2,Viman Nagar,60000000,12500
1,3,3,1,1,0,1,1724,1,3,3 BHK Apartment ,8,Wagholi,8800000,5104
0,3,0,1,1,0,1,800,1,2,2 BHK Apartment ,7,Wagholi,6000000,7500
0,3,0,1,1,0,6,1200,1,2,2 BHK Apartment ,4,Wagholi,6300000,5250
0,3,0,1,1,0,6,1050,1,2,2 BHK Apartment ,2,Kalyani Nagar,11900000,11333
0,3,0,1,1,0,1,750,1,2,2 BHK Apartment ,12,Wagholi,5000000,6666
0,3,0,1,1,0,1,1002,1,2,2 BHK Apartment ,5,Wagholi,6000000,5988
0,3,0,1,1,0,2,1650,1,3,3 BHK Apartment ,7,Kharadi,12000000,7272
0,3,0,1,1,0,2,900,1,2,2 BHK Apartment ,8,Wagholi,4000000,4444
0,3,0,1,1,0,1,1600,1,2,2 BHK Apartment ,1,Kharadi,8500000,5312
0,3,0,1,1,0,8,750,1,2,2 BHK Apartment ,3,Wagholi,3500000,4666
0,3,0,1,1,0,1,1255,1,2,2 BHK Apartment ,4,Wagholi,7200000,5737
0,3,0,1,1,0,3,850,1,2,2 BHK Apartment ,6,Wagholi,3800000,4470
0,3,0,1,1,0,1,1724,3,3,3 BHK Apartment ,12,Wagholi,7600000,4408
0,3,0,1,1,0,1,938,2,2,2 BHK Apartment ,4,Wagholi,4600000,4904
0,3,0,1,1,0,1,1450,2,3,3 BHK Apartment ,2,Viman Nagar,10500000,7241
0,3,0,1,1,0,1,803,1,1,1 BHK Apartment ,2,Viman Nagar,6500000,8094
1,3,3,1,1,0,0,1316,2,2,2 BHK Apartment ,14,Handewadi,7000000,5319
1,2,3,1,1,0,0,959,2,2,2 BHK Apartment ,4,Kharadi,6600000,6882
1,2,3,1,1,1,0,1300,2,2,2 BHK Apartment ,8,Baner,8500000,6538
0,2,0,1,1,1,10,1200,2,2,2 BHK Apartment ,1,NIBM Annex Mohammadwadi,6500000,5416
0,3,0,1,1,0,5,1000,2,2,2 BHK Apartment ,1,Balewadi,6300000,6300
0,2,2,1,1,1,6,1230,2,2,2 BHK Apartment ,3,Baner,7500000,6097
0,3,0,1,1,0,0,530,1,1,1 BHK Apartment ,1,Hinjewadi,3000000,5660
0,3,0,1,1,0,20,1330,2,2,2 BHK Apartment ,3,Kondhwa,5150000,3872
0,2,0,1,1,0,10,1162,1,2,2 BHK Apartment ,7,Wakad,5900000,5077
0,3,0,1,1,0,5,950,1,2,2 BHK Apartment ,2,Hinjewadi,5000000,5263
0,2,0,1,1,0,10,890,2,2,2 BHK Apartment ,2,Sus,5500000,6179
0,3,0,0,1,0,5,678,1,1,1 BHK Apartment ,1,Kharadi,4300000,6342
0,3,1,0,1,1,10,900,2,2,2 BHK Apartment ,3,Kalyani Nagar,8500000,9444
0,3,0,0,1,0,15,950,2,2,2 BHK Apartment ,3,Kalyani Nagar,9500000,10000
0,3,0,0,1,0,5,638,1,1,1 BHK Apartment ,3,Kharadi,4000000,6269
0,3,1,0,1,0,10,680,1,2,2 BHK Apartment ,1,Kharadi,3700000,5441
0,3,0,0,1,0,10,630,1,1,1 BHK Apartment ,2,Kharadi,3500000,5555
0,3,0,0,1,0,10,625,1,1,1 BHK Apartment ,2,Kharadi,3600000,5760
0,3,2,0,1,1,15,1400,2,2,2 BHK Apartment ,2,Kalyani Nagar,12500000,8928
0,3,1,1,1,0,2,607,1,1,1 BHK Apartment ,1,Wagholi,3600000,5930
0,3,0,1,1,0,2,1150,2,2,2 BHK Apartment ,3,Viman Nagar,7700000,6695
0,3,1,1,1,1,10,2000,1,3,3 BHK Apartment ,3,Boat Club Road,25000000,12500
0,3,0,1,1,0,10,1755,2,3,3 BHK Villa ,0,Wagholi,7200000,4102
0,3,1,1,1,1,10,4455,3,4,5 BHK Apartment ,1,Kharadi,32000000,7182
0,3,0,1,1,0,10,2200,2,3,3 BHK Villa ,0,Wagholi,9000000,4090
0,3,2,1,1,1,10,1700,1,2,2 BHK Apartment ,0,Kharadi,10000000,5882
0,3,0,1,1,0,10,2408,2,3,3 BHK Apartment ,5,Viman Nagar,18000000,7475
0,3,0,1,1,0,5,1750,2,3,3 BHK Apartment ,5,Mundhwa,15500000,8857
0,3,1,1,1,0,10,1010,1,2,2 BHK Apartment ,5,Yerawada,7200000,7128
0,3,2,1,1,1,10,6000,3,5,4 BHK Apartment ,11,Kharadi,40000000,6666
0,3,1,1,1,1,10,4595,3,5,4 BHK Apartment ,10,Boat Club Road,95200000,20718
0,3,0,1,1,0,10,1660,2,3,3 BHK Apartment ,7,Wagholi,9500000,5722
0,2,0,1,1,0,5,1050,1,2,2 BHK Apartment ,3,Viman Nagar,9000000,8571
0,3,2,1,1,1,10,2800,2,4,4 BHK Apartment ,9,Kalyani Nagar,45000000,16071
0,3,1,1,1,0,5,3700,1,4,4 BHK Villa ,1,Kharadi,40000000,10810
0,2,2,1,1,0,10,1438,1,3,2 BHK Apartment ,3,Koregaon Park,23000000,15994
0,3,2,1,1,1,10,1100,2,3,2 BHK Apartment ,3,Bund Garden,15000000,13636
0,3,1,1,1,1,10,1400,2,3,3 BHK Apartment ,2,Bund Garden,19000000,13571
0,3,2,1,1,1,10,1500,1,3,3 BHK Apartment ,0,Boat Club Road,15000000,10000
0,3,2,1,1,1,6,2615,2,4,4 BHK Apartment ,5,Koregaon Park,29000000,11089
0,3,1,1,1,1,10,3186,3,4,4 BHK Apartment ,6,Koregaon Park,30600000,9604
0,3,2,1,1,1,10,3501,2,5,4 BHK Apartment ,4,Koregaon Park,32000000,9140
0,3,2,1,1,1,10,2615,2,5,4 BHK Apartment ,4,Koregaon Park,32500000,12428
0,3,2,1,1,1,10,2615,2,5,4 BHK Apartment ,4,Koregaon Park,34000000,13001
0,3,1,1,1,1,10,3186,3,4,4 BHK Apartment ,2,Koregaon Park,36000000,11299
0,3,2,1,1,1,10,2800,1,4,4 BHK Apartment ,3,Koregaon Park,37500000,13392
0,3,2,1,1,1,10,1230,1,2,2 BHK Apartment ,2,Koregaon Park,13000000,10569
0,3,0,1,1,0,10,1200,2,2,2 BHK Apartment ,3,Koregaon Park,14000000,11666
0,3,1,1,1,1,10,1250,2,2,2 BHK Apartment ,3,Koregaon Park,15000000,12000
0,3,1,1,1,1,10,3040,3,3,3 BHK Apartment ,14,Kalyani Nagar,48500000,15953
0,3,1,1,1,1,10,3000,3,3,3 BHK Apartment ,3,Kalyani Nagar,48000000,16000
0,3,2,1,1,1,10,2850,2,5,4 BHK Apartment ,10,Kalyani Nagar,50000000,17543
0,3,0,1,1,0,6,930,1,2,2 BHK Apartment ,5,Wagholi,4300000,4623
0,3,0,1,1,0,10,3040,3,3,3 BHK Apartment ,14,Kalyani Nagar,57500000,18914
0,3,1,1,1,1,10,3795,3,3,3 BHK Apartment ,13,Kalyani Nagar,59000000,15546
0,3,2,1,1,1,10,4000,1,5,4 BHK Apartment ,5,Kalyani Nagar,60000000,15000
0,3,1,1,1,1,10,3800,3,4,4 BHK Apartment ,10,Kalyani Nagar,60800000,16000
0,3,1,1,1,1,10,3735,3,4,4 BHK Apartment ,5,Kalyani Nagar,65300000,17483
0,3,0,1,1,0,10,4132,2,4,4 BHK Apartment ,5,Kalyani Nagar,70000000,16940
0,3,0,1,1,0,10,3795,3,3,3 BHK Apartment ,9,Kalyani Nagar,70600000,18603
0,3,1,1,1,1,10,4088,2,5,4 BHK Apartment ,6,Kalyani Nagar,75000000,18346
0,3,0,1,1,0,10,630,1,1,1 BHK Apartment ,2,Kharadi,3700000,5873
0,3,0,1,1,0,10,1160,1,2,2 BHK Apartment ,6,Wadgaon Sheri,9500000,8189
0,3,0,1,1,0,10,525,1,1,1 BHK Apartment ,4,Koregaon Park,7300000,13904
0,2,2,1,1,0,10,2300,2,3,3 BHK Apartment ,7,Kharadi,12500000,5434
0,3,0,1,1,0,5,2015,1,4,3 BHK Apartment ,9,Kharadi,14000000,6947
0,3,1,1,1,0,10,1184,1,2,2 BHK Apartment ,1,Kharadi,8500000,7179
0,3,1,1,1,0,5,1900,2,3,3 BHK Apartment ,6,Kharadi,11500000,6052
0,3,2,1,1,0,5,4355,2,5,4 BHK Apartment ,8,Kharadi,26000000,5970
0,3,2,1,1,0,10,3400,2,4,3 BHK Apartment ,12,Kharadi,19500000,5735
0,3,2,1,1,0,5,1198,2,2,2 BHK Apartment ,4,Kharadi,6500000,5425
0,3,0,1,1,0,5,1167,1,2,2 BHK Apartment ,5,Kharadi,6700000,5741
0,3,0,0,0,0,5,900,1,2,2 BHK Apartment ,4,Kharadi,5500000,6111
0,3,1,1,1,1,10,950,1,2,2 BHK Apartment ,2,Boat Club Road,14000000,14736
0,3,0,1,1,0,10,1400,1,2,2 BHK Apartment ,2,Boat Club Road,15000000,10714
0,3,1,1,1,1,10,1260,1,2,2 BHK Apartment ,4,Boat Club Road,21000000,16666
0,3,0,1,1,0,10,1900,2,3,3 BHK Apartment ,4,Boat Club Road,25000000,13157
0,3,1,1,1,1,10,1350,2,2,2 BHK Apartment ,2,Bund Garden,14000000,10370
0,3,0,1,1,0,10,680,1,1,1 BHK Apartment ,4,Kalyani Nagar,7000000,10294
0,3,0,1,1,0,10,1100,1,2,2 BHK Apartment ,6,Kalyani Nagar,8500000,7727
0,3,1,1,1,1,10,1050,1,2,2 BHK Apartment ,12,Kalyani Nagar,9000000,8571
0,3,0,1,1,0,10,1050,1,2,2 BHK Apartment ,7,Kalyani Nagar,10000000,9523
0,3,1,1,1,1,10,1801,1,3,3 BHK Apartment ,7,Boat Club Road,29000000,16102
0,3,1,1,1,1,10,1950,1,3,3 BHK Apartment ,5,Boat Club Road,30000000,15384
0,3,1,1,1,1,10,2100,2,3,3 BHK Apartment ,10,Boat Club Road,31000000,14761
0,3,0,1,1,0,10,2200,3,3,3 BHK Apartment ,5,Boat Club Road,35000000,15909
0,3,0,1,1,0,10,3150,2,4,4 BHK Apartment ,1,Boat Club Road,36000000,11428
0,3,1,1,1,1,10,1800,1,3,3 BHK Apartment ,1,Boat Club Road,50000000,27777
0,3,1,1,1,1,10,4000,1,4,5 BHK Apartment ,8,Boat Club Road,60000000,15000
0,3,2,1,1,1,10,3150,3,4,4 BHK Apartment ,13,Boat Club Road,60100000,19079
0,3,1,1,1,1,10,4100,3,4,4 BHK Apartment ,8,Sangamvadi,65000000,15853
0,3,1,1,1,1,10,4100,3,4,4 BHK Apartment ,9,Sangamvadi,68000000,16585
0,3,1,1,1,1,10,5480,1,4,4 BHK Apartment ,7,Sangamvadi,70000000,12773
0,3,1,1,1,1,10,4088,2,5,4 BHK Apartment ,5,Kharadi,40000000,9784
0,3,1,1,1,1,10,5373,3,5,4 BHK Apartment ,20,Kharadi,50000000,9305
0,3,1,1,1,1,10,5265,2,5,4 BHK Apartment ,7,Kharadi,49300000,9363
0,3,2,1,1,1,10,610,1,1,1 BHK Apartment ,4,Kalyani Nagar,5200000,8524
0,3,0,1,1,0,10,650,1,1,1 BHK Apartment ,4,Kalyani Nagar,6400000,9846
0,3,2,1,1,0,5,4600,2,6,4 BHK Apartment ,19,Hadapsar,52500000,11413
0,3,1,1,1,0,5,1350,3,2,2 BHK Apartment ,12,Koregaon Park,11200000,8296
0,3,1,1,1,0,10,1350,2,3,3 BHK Apartment ,4,Koregaon Park,17000000,12592
0,3,0,1,1,0,10,2600,3,4,4 BHK Apartment ,5,Koregaon Park,37500000,14423
0,3,1,1,1,0,1,4240,3,5,4 BHK Apartment ,4,Koregaon Park,69900000,16485
0,3,1,1,1,0,5,1700,3,3,3 BHK Apartment ,9,Koregaon Park,14500000,8529
0,3,0,1,1,0,5,1515,2,3,3 BHK Apartment ,2,Sangamvadi,16500000,10891
0,3,0,1,1,0,5,954,1,2,2 BHK Apartment ,3,Koregaon Park,10000000,10482
0,2,1,1,1,0,5,1900,1,3,3 BHK Apartment ,2,Koregaon Park,27000000,14210
0,3,0,1,1,0,10,1850,2,3,3 BHK Apartment ,4,Koregaon Park,25000000,13513
0,3,0,1,1,0,10,5900,3,5,4 BHK Apartment ,10,Koregaon Park,95000000,16101
0,2,0,1,1,0,10,1216,2,2,2 BHK Apartment ,7,Wadgaon Sheri,8000000,6578
0,3,1,1,1,0,5,1450,2,2,2 BHK Apartment ,5,Mundhwa,10100000,6965
0,2,1,1,1,0,5,1520,3,2,2 BHK Apartment ,8,Mundhwa,16800000,11052
0,3,1,1,1,0,5,4400,2,5,4 BHK Apartment ,10,Kharadi,26500000,6022
0,3,0,1,1,0,5,2015,2,3,3 BHK Apartment ,10,Kharadi,15100000,7493
0,3,2,1,1,0,5,2584,2,4,4 BHK Apartment ,1,Kharadi,29000000,11222
0,2,1,1,1,0,10,560,1,1,1 BHK Apartment ,8,Koregaon Park,7500000,13392
0,3,1,1,1,0,5,600,1,1,1 BHK Apartment ,6,Koregaon Park,6000000,10000
0,3,0,1,1,0,5,1076,1,2,2 BHK Apartment ,2,Kharadi,6500000,6040
0,3,0,1,1,0,5,2100,1,3,3 BHK Apartment ,2,Kharadi,13000000,6190
0,3,0,1,1,0,5,2015,1,4,3 BHK Apartment ,10,Kharadi,14600000,7245
0,2,2,1,1,0,10,1650,2,3,3 BHK Apartment ,10,Koregaon Park,17500000,10606
0,3,2,1,1,0,10,1650,2,3,3 BHK Apartment ,2,Koregaon Park,25000000,15151
0,2,2,1,1,0,10,1880,2,4,3 BHK Apartment ,8,Koregaon Park,21000000,11170
0,3,1,1,1,0,15,800,1,1,1 BHK Apartment ,1,Kalyani Nagar,7200000,9000
0,2,2,1,1,0,10,1800,2,4,3 BHK Apartment ,2,Koregaon Park,30500000,16944
0,3,0,1,1,0,10,1671,2,3,3 BHK Apartment ,1,Kharadi,11000000,6582
0,3,0,1,1,0,10,1660,1,3,3 BHK Apartment ,10,Kharadi,12000000,7228
0,3,0,1,1,0,13,1281,1,2,2 BHK Apartment ,4,Sangamvadi,18000000,14051
0,3,0,1,1,0,10,2015,1,4,3 BHK Apartment ,9,Kharadi,13000000,6451
0,3,1,1,1,1,10,2050,1,4,3 BHK Apartment ,11,Kharadi,14000000,6829
0,3,1,1,1,1,10,1820,2,3,3 BHK Apartment ,9,Kharadi,15000000,8241
0,3,1,1,1,1,10,2000,2,3,3 BHK Apartment ,15,Kharadi,16000000,8000
0,3,2,1,1,1,10,2500,2,3,3 BHK Apartment ,1,Kharadi,17000000,6800
0,3,1,1,1,1,10,6900,2,5,5 BHK Apartment ,3,Koregaon Park,100000000,14492
0,3,1,1,1,1,10,2000,2,4,3 BHK Villa ,0,Koregaon Park,28000000,14000
0,3,1,1,1,1,10,1850,2,3,3 BHK Apartment ,0,Koregaon Park,30000000,16216
0,3,0,1,1,0,10,2600,1,4,4 BHK Villa ,0,Koregaon Park,36000000,13846
0,3,2,1,1,1,10,3600,2,4,4 BHK Villa ,0,Koregaon Park,58000000,16111
0,3,0,1,1,0,10,1690,1,3,3 BHK Apartment ,7,Viman Nagar,19000000,11242
0,3,2,1,1,1,10,1690,2,3,3 BHK Apartment ,6,Viman Nagar,20000000,11834
0,3,2,1,1,1,10,2197,2,3,3 BHK Apartment ,5,Viman Nagar,21000000,9558
0,3,1,1,1,1,10,2845,2,3,3 BHK Apartment ,2,Viman Nagar,23000000,8084
0,3,2,1,1,1,10,3000,2,3,3 BHK Apartment ,7,Viman Nagar,25000000,8333
0,3,2,1,1,1,10,1600,2,3,3 BHK Apartment ,7,Viman Nagar,27000000,16875
0,3,1,1,1,1,10,4000,2,4,4 BHK Apartment ,6,Koregaon Park,60000000,15000
0,3,1,1,1,1,10,4000,2,4,4 BHK Apartment ,8,Koregaon Park,65100000,16275
0,3,0,1,1,0,10,4930,3,4,4 BHK Apartment ,4,Koregaon Park,70000000,14198
0,3,1,1,1,1,10,4902,3,4,4 BHK Apartment ,6,Koregaon Park,88200000,17992
0,3,0,1,1,0,10,1140,2,2,2 BHK Apartment ,7,Kharadi,6500000,5701
0,3,0,1,1,0,10,1168,2,2,2 BHK Apartment ,6,Kharadi,8500000,7277
0,3,1,1,1,1,10,4088,2,4,4 BHK Apartment ,9,Kharadi,35000000,8561
0,3,0,1,1,0,10,1315,2,2,2 BHK Apartment ,6,Kharadi,9500000,7224
0,3,1,1,1,1,10,4095,2,4,4 BHK Apartment ,7,Kharadi,36500000,8913
0,3,0,1,1,0,10,1050,1,2,2 BHK Apartment ,2,Viman Nagar,8500000,8095
0,3,1,1,1,1,10,1010,1,2,2 BHK Apartment ,4,Viman Nagar,7500000,7425
0,3,1,1,1,1,10,1062,1,3,2 BHK Apartment ,2,Viman Nagar,9000000,8474
0,3,2,1,1,0,7,800,1,2,2 BHK Apartment ,4,Kharadi,6000000,7500
0,3,1,1,1,1,10,1130,1,2,2 BHK Apartment ,8,Viman Nagar,9500000,8407
0,3,0,1,1,0,10,1200,1,2,2 BHK Apartment ,4,Viman Nagar,10000000,8333
0,3,0,0,1,0,9,450,1,1,1 BHK Apartment ,1,Wagholi,1850000,4111
0,3,1,1,1,1,10,1600,3,3,3 BHK Apartment ,1,Viman Nagar,11000000,6875
0,3,1,1,1,1,10,1200,1,2,3 BHK Apartment ,4,Viman Nagar,12000000,10000
0,3,1,1,1,1,10,1450,2,3,3 BHK Apartment ,4,Viman Nagar,13000000,8965
0,3,2,1,1,1,10,1550,1,3,3 BHK Apartment ,3,Viman Nagar,14000000,9032
0,3,1,1,1,1,10,2425,2,3,3 BHK Apartment ,5,Viman Nagar,15000000,6185
0,3,0,1,1,0,10,1690,1,3,3 BHK Apartment ,9,Viman Nagar,16000000,9467
0,3,0,1,1,0,10,1800,1,4,4 BHK Apartment ,3,Viman Nagar,17000000,9444
0,3,1,1,1,1,10,3200,2,4,4 BHK Villa ,0,Kharadi,16000000,5000
0,3,1,1,1,1,10,2900,2,5,4 BHK Villa ,0,Kharadi,19000000,6551
0,3,0,1,1,0,10,1890,1,2,2 BHK Villa ,0,Kharadi,22000000,11640
0,3,1,1,1,1,10,2445,2,5,3 BHK Apartment ,12,Kharadi,20000000,8179
0,3,0,1,1,0,10,2740,2,4,4 BHK Apartment ,7,Kharadi,20000000,7299
0,3,0,1,1,0,10,2740,2,4,4 BHK Apartment ,10,Kharadi,21000000,7664
0,3,2,1,1,1,10,3000,1,5,4 BHK Apartment ,9,Kharadi,22000000,7333
0,3,2,1,1,1,10,2835,2,4,4 BHK Apartment ,3,Kharadi,22500000,7936
0,3,1,1,1,1,10,4800,2,6,4 BHK Apartment ,7,Kharadi,24000000,5000
0,3,1,1,1,1,10,4335,3,4,4 BHK Apartment ,6,Kharadi,25000000,5767
0,3,1,1,1,1,10,2909,3,4,4 BHK Apartment ,4,Kharadi,26000000,8937
0,3,1,1,1,1,10,4355,3,5,4 BHK Apartment ,10,Kharadi,27000000,6199
0,3,1,1,1,1,10,5000,3,5,4 BHK Apartment ,5,Kharadi,28000000,5600
0,3,2,1,1,1,10,3400,1,5,4 BHK Apartment ,1,Kharadi,30000000,8823
0,3,2,1,1,1,10,1130,1,2,2 BHK Apartment ,1,Boat Club Road,13500000,11946
0,3,0,1,1,0,10,1140,1,2,2 BHK Apartment ,1,Boat Club Road,15500000,13596
0,3,0,1,1,0,10,1600,2,3,3 BHK Apartment ,2,Boat Club Road,16500000,10312
0,3,0,1,1,0,10,2000,1,4,3 BHK Apartment ,4,Boat Club Road,23500000,11750
0,3,1,1,1,1,10,2967,2,4,3 BHK Villa ,0,Wagholi,15500000,5224
0,3,0,1,1,0,10,4000,2,4,4 BHK Villa ,0,Wagholi,17000000,4250
0,3,0,1,1,0,10,2060,3,4,4 BHK Villa ,0,Wagholi,20000000,9708
0,3,2,1,1,1,10,1700,1,4,4 BHK Villa ,0,Wagholi,65000000,38235
0,3,1,1,1,1,9,870,1,2,2 BHK Apartment ,3,Viman Nagar,5800000,6666
0,3,1,1,1,1,10,1962,1,2,2 BHK Apartment ,12,Wagholi,12000000,6116
0,3,2,1,1,1,10,2487,1,4,3 BHK Apartment ,5,Wagholi,12500000,5026
0,3,0,1,1,0,10,2535,3,5,4 BHK Apartment ,2,Wagholi,12000000,4733
0,3,0,1,1,0,10,3195,1,4,4 BHK Apartment ,3,Wagholi,13700000,4287
0,3,0,1,1,0,10,1000,1,2,2 BHK Villa ,0,Viman Nagar,9200000,9200
0,3,1,1,1,1,10,955,1,2,2 BHK Apartment ,7,Wagholi,5500000,5759
0,3,1,1,1,1,10,4130,2,3,3 BHK Apartment ,2,Viman Nagar,33400000,8087
0,3,2,1,1,1,10,1800,2,4,4 BHK Apartment ,1,Koregaon Park,22000000,12222
0,3,0,1,1,0,10,3650,2,4,4 BHK Villa ,0,Kalyani Nagar,47500000,13013
0,3,0,1,1,0,10,1625,2,3,3 BHK Apartment ,4,Viman Nagar,12000000,7384
0,3,0,1,1,0,10,1181,2,2,2 BHK Apartment ,13,Kalyani Nagar,11000000,9314
0,2,1,1,1,0,10,1900,1,3,3 BHK Apartment ,2,Koregaon Park,27000000,14210
0,2,0,1,0,0,10,1625,1,4,3 BHK Apartment ,4,Kalyani Nagar,22000000,13538
0,3,0,1,1,0,15,990,1,2,2 BHK Apartment ,4,Viman Nagar,6500000,6565
0,3,0,1,1,0,10,1692,1,2,2 BHK Apartment ,2,Viman Nagar,9500000,5614
0,3,1,1,1,1,10,4000,2,5,5 BHK Villa ,0,Viman Nagar,40000000,10000
0,3,0,1,1,0,10,3600,2,4,4 BHK Villa ,0,Koregaon Park,57500000,15972
0,3,0,1,1,0,10,500,1,1,1 BHK Apartment ,3,Viman Nagar,5500000,11000
0,3,1,1,1,1,10,4088,2,5,4 BHK Apartment ,9,Kharadi,35000000,8561
0,3,0,1,1,0,10,1671,2,3,3 BHK Apartment ,2,Kharadi,11000000,6582
0,3,0,0,0,0,11,500,2,1,1 BHK Apartment ,0,Kalyani Nagar,4400000,8800
0,3,0,1,1,0,16,650,2,1,1 BHK Apartment ,3,Viman Nagar,4000000,6154
0,3,0,0,0,0,11,480,2,1,1 BHK Apartment ,2,Koregaon Park,4200000,8750
0,3,0,1,1,0,11,600,2,1,1 BHK Apartment ,4,Kalyani Nagar,4000000,6667
0,3,2,0,0,0,11,1650,2,3,3 BHK Apartment ,2,Koregaon Park,17500000,10606
0,3,0,0,0,0,21,1500,2,4,4 BHK Villa ,0,Viman Nagar,6000000,4000
0,3,0,0,0,0,11,1475,2,3,3 BHK Apartment ,2,Kalyani Nagar,15000000,10169
0,3,0,1,0,0,11,2000,2,2,2 BHK Apartment ,4,Kalyani Nagar,10500000,5250
0,3,0,1,1,0,2,1258,2,2,2 BHK Apartment ,5,Kharadi,6750000,5365
0,3,0,1,1,0,2,1225,2,2,2 BHK Apartment ,3,Kharadi,6300000,5142
0,3,2,1,1,1,10,1824,2,3,3 BHK Apartment ,10,Kharadi,13000000,7127
0,3,0,1,1,0,10,2600,2,3,2 BHK Apartment ,5,Viman Nagar,17500000,6730
0,2,1,1,1,1,3,965,1,2,2 BHK Apartment ,2,Pashan,8000000,8290
0,3,1,0,1,0,7,1038,2,2,2 BHK Apartment ,3,Kharadi,6200000,5973
0,3,1,1,1,0,4,974,2,2,2 BHK Apartment ,4,Pimple Saudagar,7400000,7597
0,3,2,1,1,1,9,1145,2,2,2 BHK Apartment ,2,Kharadi,8500000,7423
0,3,0,1,1,0,10,2979,1,5,4 BHK Apartment ,5,Kharadi,28000000,9399
0,3,1,1,1,1,10,1289,1,2,2 BHK Apartment ,7,Kharadi,8000000,6206
0,3,0,1,1,0,10,1255,1,2,2 BHK Apartment ,9,Kharadi,8500000,6772
0,3,0,1,1,0,10,1250,1,2,2 BHK Apartment ,6,Kharadi,9000000,7200
0,3,0,1,1,0,10,1000,1,2,2 BHK Apartment ,3,Kharadi,10000000,10000
0,3,1,1,1,1,10,4095,1,5,5 BHK Apartment ,8,Kharadi,36000000,8791
0,3,2,1,1,1,10,2600,3,3,3 BHK Villa ,0,Kharadi,10500000,4038
0,3,0,1,1,0,10,3707,2,5,4 BHK Villa ,0,Kharadi,38100000,10277
0,3,1,1,1,1,10,630,1,1,1 BHK Apartment ,1,Viman Nagar,6000000,9523
0,3,2,1,1,1,10,1265,1,2,2 BHK Apartment ,1,Viman Nagar,8500000,6719
0,3,2,1,1,1,10,4088,2,5,4 BHK Apartment ,11,Kharadi,32500000,7950
0,3,0,1,1,0,10,2380,1,3,3 BHK Apartment ,5,Koregaon Park,40400000,16974
0,3,2,1,1,1,10,4900,2,5,4 BHK Apartment ,9,Koregaon Park,43000000,8775
0,3,1,1,1,1,10,3150,3,5,4 BHK Apartment ,0,Koregaon Park,50000000,15873
0,3,1,1,1,1,10,4800,2,5,4 BHK Apartment ,2,Viman Nagar,60000000,12500
0,3,1,1,1,1,10,4216,2,4,4 BHK Apartment ,2,Viman Nagar,63700000,15109
0,3,2,1,1,1,10,1690,1,2,3 BHK Apartment ,2,Viman Nagar,28000000,16568
0,3,0,1,1,0,10,1600,2,3,3 BHK Apartment ,7,Viman Nagar,27000000,16875
0,3,1,1,1,1,10,4415,2,4,4 BHK Apartment ,8,Viman Nagar,40000000,9060
0,3,1,1,1,1,10,5400,2,6,4 BHK Apartment ,6,Viman Nagar,44500000,8240
0,3,1,1,1,1,10,4080,3,5,4 BHK Apartment ,5,Kharadi,37800000,9264
0,3,1,1,1,1,10,2941,2,5,4 BHK Villa ,0,Kharadi,19000000,6460
0,3,1,1,1,1,10,2300,2,4,3 BHK Apartment ,9,Viman Nagar,25900000,11260
0,3,2,1,1,1,10,1570,1,2,2 BHK Apartment ,7,Viman Nagar,11000000,7006
0,3,2,1,1,1,10,1690,1,3,3 BHK Apartment ,8,Viman Nagar,20000000,11834
0,3,0,1,1,0,10,3000,1,4,4 BHK Apartment ,3,Viman Nagar,22000000,7333
0,3,0,1,1,0,10,3000,1,4,4 BHK Apartment ,2,Viman Nagar,23000000,7666
0,3,2,1,1,1,10,3000,2,3,3 BHK Apartment ,7,Viman Nagar,25000000,8333
0,3,1,1,1,1,10,1100,1,3,3 BHK Apartment ,4,Viman Nagar,10000000,9090
0,3,1,1,1,1,10,1450,1,3,3 BHK Apartment ,7,Viman Nagar,13000000,8965
0,3,2,1,1,1,10,1550,2,3,3 BHK Apartment ,3,Viman Nagar,14000000,9032
0,3,2,1,1,1,10,1650,2,2,3 BHK Apartment ,2,Viman Nagar,15000000,9090
0,3,0,1,1,0,10,2300,3,3,3 BHK Apartment ,6,Viman Nagar,16000000,6956
0,3,0,1,1,0,10,2640,3,3,3 BHK Apartment ,5,Viman Nagar,16600000,6287
0,3,0,1,1,0,10,2700,2,3,3 BHK Apartment ,3,Viman Nagar,18000000,6666
0,3,0,1,1,0,10,2400,1,3,3 BHK Apartment ,4,Viman Nagar,19000000,7916
0,3,2,1,1,1,10,1900,2,5,4 BHK Villa ,0,Koregaon Park,34000000,17894
0,3,1,1,1,0,15,800,2,2,2 BHK Apartment ,4,Viman Nagar,6000000,7500
0,3,2,1,1,0,10,1265,1,2,2 BHK Apartment ,5,Viman Nagar,9000000,7114
0,3,2,1,1,0,5,1690,2,3,3 BHK Apartment ,2,Viman Nagar,27500000,16272
0,2,0,1,1,0,10,1300,2,2,3 BHK Apartment ,4,Viman Nagar,9800000,7538
0,3,0,0,1,0,5,2545,2,3,3 BHK Apartment ,2,Viman Nagar,20000000,7858
0,2,0,0,1,0,15,2467,1,3,3 BHK Apartment ,2,Viman Nagar,21000000,8512
0,2,2,1,1,0,10,1700,2,4,3 BHK Apartment ,3,Wadgaon Sheri,20000000,11764
0,3,2,1,1,0,10,1750,2,3,3 BHK Apartment ,3,Wadgaon Sheri,12500000,7142
0,2,0,1,1,0,10,1690,1,4,3 BHK Apartment ,4,Viman Nagar,16500000,9763
0,2,1,1,1,0,10,1300,2,3,3 BHK Apartment ,6,Viman Nagar,13100000,10076
0,3,0,1,1,0,5,1250,2,2,2 BHK Apartment ,4,Viman Nagar,8000000,6400
0,3,0,1,1,0,5,968,1,2,2 BHK Apartment ,4,Viman Nagar,8300000,8574
0,3,0,1,1,0,5,1690,1,3,3 BHK Apartment ,9,Viman Nagar,18000000,10650
0,2,0,1,1,0,10,535,1,1,1 BHK Apartment ,6,Viman Nagar,5250000,9813
0,3,0,1,1,0,5,1075,2,2,2 BHK Apartment ,11,Kharadi,7200000,6697
0,3,0,1,1,0,5,1255,1,2,2 BHK Apartment ,1,Kharadi,8500000,6772
0,3,0,1,1,0,5,800,1,2,2 BHK Apartment ,6,Kharadi,6000000,7500
0,2,1,1,1,0,5,3500,2,5,3 BHK Apartment ,12,Kharadi,18500000,5285
0,3,0,0,0,0,5,1520,2,3,3 BHK Apartment ,4,Viman Nagar,12300000,8092
0,3,0,1,1,0,10,1500,2,3,2 BHK Apartment ,7,Viman Nagar,15000000,10000
0,3,1,1,1,0,5,1085,2,2,2 BHK Apartment ,5,Viman Nagar,7800000,7188
0,2,0,1,1,0,1,1690,2,4,3 BHK Apartment ,1,Viman Nagar,16500000,9763
0,3,0,0,1,0,10,782,1,2,1 BHK Apartment ,1,Viman Nagar,7500000,9590
0,3,0,1,1,0,10,1050,1,2,2 BHK Apartment ,2,Viman Nagar,8500000,8095
0,3,0,0,1,0,5,2600,3,3,3 BHK Apartment ,3,Viman Nagar,19500000,7500
0,2,0,1,1,0,10,1600,2,3,3 BHK Apartment ,1,Koregaon Park,19000000,11875
0,3,0,0,1,0,10,2700,3,5,4 BHK Villa ,3,Kalyani Nagar,45000000,16666
0,3,0,1,1,0,10,4200,2,5,4 BHK Villa ,3,Kalyani Nagar,52500000,12500
0,2,1,1,1,0,10,2050,2,3,3 BHK Apartment ,10,Sangamvadi,30000000,14634
0,3,1,1,1,0,10,3350,2,5,4 BHK Apartment ,3,Sangamvadi,50000000,14925
0,3,0,1,1,0,10,1160,2,2,2 BHK Apartment ,6,Kalyani Nagar,9500000,8189
0,3,0,1,1,0,1,1165,2,2,2 BHK Apartment ,2,Kalyani Nagar,9000000,7725
0,3,1,1,1,0,10,650,1,1,1 BHK Apartment ,4,Kalyani Nagar,5200000,8000
0,2,0,1,1,0,10,1330,1,3,3 BHK Apartment ,1,Kalyani Nagar,13500000,10150
0,3,0,1,1,0,10,1150,1,2,2 BHK Apartment ,5,Kalyani Nagar,9500000,8260
0,2,2,1,1,0,5,4500,1,5,4 BHK Apartment ,9,Sangamvadi,60000000,13333
0,2,0,1,1,0,10,1610,2,3,3 BHK Apartment ,3,Sangamvadi,25000000,15527
0,3,0,0,1,0,10,840,1,2,2 BHK Apartment ,2,Bund Garden,8500000,10119
0,3,0,1,1,0,10,950,1,2,2 BHK Apartment ,7,Sangamvadi,7500000,7894
0,3,0,0,1,0,10,950,1,2,2 BHK Apartment ,7,Sangamvadi,7700000,8105
0,3,1,1,1,0,5,4040,2,5,4 BHK Apartment ,5,Hadapsar,25000000,6188
0,3,1,1,1,1,10,1750,2,3,3 BHK Apartment ,5,Kalyani Nagar,16000000,9142
0,3,2,1,1,1,10,2344,2,4,4 BHK Apartment ,6,Kalyani Nagar,17000000,7252
0,3,0,1,1,0,10,1700,2,3,3 BHK Apartment ,5,Kalyani Nagar,18000000,10588
0,3,0,1,1,0,3,915,1,2,2 BHK Apartment ,3,Wagholi,4300000,4699
0,3,1,1,1,1,10,1900,3,3,3 BHK Apartment ,6,Kalyani Nagar,19000000,10000
0,3,1,1,1,1,10,1175,1,2,2 BHK Apartment ,1,Kalyani Nagar,12000000,10212
0,3,0,1,1,0,10,1503,3,3,3 BHK Apartment ,7,Kalyani Nagar,13000000,8649
0,3,0,1,1,0,10,1470,2,3,3 BHK Apartment ,4,Kalyani Nagar,14000000,9523
0,3,0,1,1,0,10,1385,2,2,2 BHK Apartment ,6,Kalyani Nagar,15000000,10830
0,3,0,1,1,0,5,1450,2,2,2 BHK Apartment ,7,Viman Nagar,14000000,9655
0,3,1,1,1,1,10,3200,1,3,4 BHK Villa ,0,Kharadi,16000000,5000
0,3,0,1,1,0,10,3400,1,5,4 BHK Villa ,0,Kharadi,30000000,8823
0,3,0,1,1,0,10,700,1,1,1 BHK Apartment ,3,Viman Nagar,6500000,9285
0,3,2,1,1,1,10,1050,1,2,2 BHK Apartment ,2,Viman Nagar,7000000,6666
0,3,2,1,1,1,10,1050,2,2,2 BHK Apartment ,4,Viman Nagar,9000000,8571
0,3,1,1,1,1,10,2050,3,4,3 BHK Apartment ,15,Kharadi,14000000,6829
0,3,0,1,1,0,10,2015,1,4,3 BHK Apartment ,12,Kharadi,15000000,7444
0,3,1,1,1,1,10,2500,3,4,4 BHK Apartment ,7,Kharadi,16000000,6400
0,3,0,1,1,0,10,2491,2,4,4 BHK Apartment ,10,Kharadi,17000000,6824
0,3,1,1,1,1,10,2490,3,3,4 BHK Apartment ,5,Kharadi,18000000,7228
0,3,0,1,1,0,10,2740,1,5,4 BHK Apartment ,9,Kharadi,19000000,6934
0,3,2,1,1,0,5,2800,2,5,4 BHK Apartment ,6,Kalyani Nagar,44000000,15714
0,3,2,1,1,1,10,4500,2,4,4 BHK Villa ,0,Kalyani Nagar,70000000,15555
0,3,2,1,1,1,10,4200,2,5,5 BHK Villa ,0,Kalyani Nagar,72500000,17261
0,3,1,1,1,1,10,900,1,2,2 BHK Apartment ,4,Koregaon Park,7500000,8333
0,3,0,1,1,0,6,1400,1,2,2 BHK Apartment ,5,Kharadi,7600000,5428
0,3,0,1,1,0,6,1400,1,2,2 BHK Apartment ,5,Kharadi,7600000,5428
0,3,0,1,1,0,9,400,1,1,1 BHK Apartment ,1,Viman Nagar,4000000,10000
0,3,1,0,1,1,10,1150,1,2,2 BHK Apartment ,4,Kharadi,7000000,6086
0,3,1,0,1,0,7,1150,1,2,2 BHK Apartment ,4,Kharadi,7000000,6086
0,3,1,1,1,1,6,1650,1,3,3 BHK Apartment ,9,Kharadi,12000000,7272
0,3,0,1,1,0,10,1160,1,2,2 BHK Apartment ,6,Wadgaon Sheri,9500000,8189
0,3,0,1,1,0,10,2535,2,4,4 BHK Apartment ,2,Kalyani Nagar,25000000,9861
0,3,0,1,1,0,10,2420,1,3,3 BHK Apartment ,10,Kalyani Nagar,28000000,11570
0,3,2,1,1,1,10,2800,1,4,4 BHK Apartment ,4,Kalyani Nagar,30000000,10714
0,3,0,1,1,0,10,2881,2,4,4 BHK Apartment ,7,Kalyani Nagar,31000000,10760
0,3,0,1,1,0,10,2600,1,3,3 BHK Apartment ,10,Kalyani Nagar,32000000,12307
0,3,1,1,1,1,10,2800,1,3,4 BHK Apartment ,5,Kalyani Nagar,32500000,11607
0,3,2,1,1,1,10,2300,2,4,4 BHK Apartment ,7,Koregaon Park,23000000,10000
0,3,1,1,1,1,10,1850,2,3,3 BHK Apartment ,8,Koregaon Park,24000000,12972
0,3,0,1,1,0,10,1900,1,3,3 BHK Apartment ,7,Koregaon Park,25000000,13157
0,3,1,1,1,1,10,2000,1,3,3 BHK Apartment ,6,Koregaon Park,26000000,13000
0,3,2,1,1,1,10,1500,1,3,3 BHK Apartment ,0,Koregaon Park,28000000,18666
0,3,1,1,1,1,10,1240,1,2,2 BHK Apartment ,3,Koregaon Park,10000000,8064
0,3,2,1,1,1,10,2250,2,3,4 BHK Apartment ,1,Koregaon Park,27000000,12000
0,3,1,1,1,1,10,1000,1,2,2 BHK Apartment ,3,Koregaon Park,11000000,11000
0,3,0,1,1,0,10,1030,1,2,2 BHK Apartment ,6,Koregaon Park,11500000,11165
0,3,0,1,1,0,10,3094,1,3,3 BHK Apartment ,5,Koregaon Park,40400000,13057
0,3,1,1,1,1,10,3300,3,4,4 BHK Apartment ,8,Koregaon Park,42000000,12727
0,3,2,1,1,1,10,4600,2,5,4 BHK Apartment ,9,Koregaon Park,43000000,9347
0,3,0,1,1,0,10,3341,2,5,4 BHK Apartment ,2,Koregaon Park,49000000,14666
0,3,2,1,1,1,10,1800,1,3,3 BHK Apartment ,1,Koregaon Park,50000000,27777
0,3,2,1,1,1,10,3341,2,4,4 BHK Apartment ,7,Koregaon Park,52500000,15713
0,3,0,1,1,0,10,3341,3,4,4 BHK Apartment ,4,Koregaon Park,54600000,16342
0,3,1,1,1,1,10,3000,3,4,5 BHK Villa ,0,Kalyani Nagar,35000000,11666
0,3,0,1,1,0,10,2050,2,4,4 BHK Villa ,0,Kalyani Nagar,36000000,17560
0,3,2,1,1,1,10,3655,2,4,4 BHK Villa ,0,Kalyani Nagar,40000000,10943
0,3,0,1,1,0,10,3270,2,4,4 BHK Apartment ,5,Viman Nagar,35000000,10703
0,3,1,1,1,1,10,2906,2,3,3 BHK Apartment ,5,Viman Nagar,37700000,12973
0,3,1,1,1,1,10,4415,2,5,4 BHK Apartment ,3,Viman Nagar,40000000,9060
0,3,0,1,1,0,10,4070,3,4,4 BHK Apartment ,7,Viman Nagar,41800000,10270
0,3,1,1,1,1,10,5300,2,4,4 BHK Apartment ,3,Viman Nagar,42900000,8094
0,3,0,1,1,0,10,4400,2,5,4 BHK Apartment ,7,Viman Nagar,44000000,10000
0,3,1,1,1,1,10,5615,3,4,4 BHK Apartment ,2,Viman Nagar,45400000,8085
0,3,1,1,1,1,10,2491,3,4,4 BHK Apartment ,5,Kharadi,18000000,7226
0,3,0,1,1,0,10,2740,2,4,4 BHK Apartment ,11,Kharadi,19000000,6934
0,3,1,1,1,1,10,1350,1,3,3 BHK Apartment ,5,Koregaon Park,16000000,11851
0,3,2,1,1,1,10,1360,3,3,3 BHK Apartment ,4,Koregaon Park,17000000,12500
0,3,0,1,1,0,10,1850,1,4,4 BHK Apartment ,1,Koregaon Park,18000000,9729
0,3,0,1,1,0,10,2000,2,3,3 BHK Apartment ,3,Koregaon Park,20000000,10000
0,3,1,1,1,1,10,2055,3,4,4 BHK Apartment ,4,Koregaon Park,21000000,10218
0,3,1,1,1,1,10,1274,1,3,3 BHK Apartment ,12,Wagholi,6000000,4709
0,3,1,1,1,1,10,1255,1,2,2 BHK Apartment ,3,Wagholi,7000000,5577
0,3,0,1,1,0,10,1669,3,3,3 BHK Apartment ,12,Wagholi,7500000,4493
0,3,0,1,1,0,10,1350,2,3,3 BHK Apartment ,9,Wagholi,8000000,5925
0,3,2,1,1,1,10,1750,3,3,3 BHK Apartment ,5,Wagholi,10000000,5714
0,3,0,1,1,0,9,750,1,1,1 BHK Apartment ,3,Kalyani Nagar,6800000,9066
0,3,1,1,1,1,10,500,1,1,1 BHK Apartment ,0,Viman Nagar,5500000,11000
0,3,0,1,1,0,10,550,1,1,1 BHK Apartment ,1,Viman Nagar,6500000,11818
0,3,0,1,1,0,10,3500,3,4,4 BHK Apartment ,6,Viman Nagar,29000000,8285
0,3,0,1,1,0,10,2100,1,3,3 BHK Apartment ,1,Viman Nagar,30000000,14285
0,3,1,1,1,1,10,3725,3,4,4 BHK Apartment ,2,Viman Nagar,30100000,8080
0,3,1,1,1,1,10,1685,2,3,3 BHK Villa ,0,Viman Nagar,15000000,8902
0,3,1,1,1,1,10,2500,2,3,3 BHK Villa ,0,Viman Nagar,17500000,7000
0,3,0,1,1,0,10,1400,2,4,3 BHK Villa ,0,Viman Nagar,20000000,14285
0,3,2,1,1,1,10,2800,1,3,3 BHK Villa ,0,Viman Nagar,23000000,8214
0,3,1,1,1,1,10,1980,1,4,3 BHK Villa ,0,Kharadi,22200000,11212
0,3,2,1,1,1,10,2000,1,3,3 BHK Villa ,0,Kharadi,24000000,12000
0,3,1,1,1,1,10,1950,2,4,3 BHK Villa ,0,Kharadi,25000000,12820
0,3,1,1,1,1,10,2500,1,3,3 BHK Villa ,0,Kharadi,27500000,11000
0,3,0,1,1,0,10,1625,3,4,3 BHK Villa ,0,Viman Nagar,35000000,21538
0,3,1,1,1,1,10,4000,2,4,4 BHK Villa ,0,Viman Nagar,37500000,9375
0,3,0,1,1,0,10,3000,3,4,4 BHK Villa ,0,Viman Nagar,55000000,18333
0,3,1,1,1,1,10,5694,2,5,4 BHK Villa ,0,Viman Nagar,60000000,10537
0,3,1,1,1,1,10,650,1,1,1 BHK Apartment ,3,Shastri Nagar,5800000,8923
0,3,0,1,1,0,10,1620,1,3,3 BHK Apartment ,6,Shastri Nagar,11200000,6913
0,3,1,1,1,1,10,1040,1,2,2 BHK Apartment ,5,Shastri Nagar,12500000,12019
0,3,1,1,1,1,10,1800,3,3,3 BHK Apartment ,3,Shastri Nagar,16200000,9000
0,3,0,1,1,0,10,1400,2,2,2 BHK Villa ,0,Shastri Nagar,12200000,8714
1,3,3,1,1,1,1,1225,2,2,2 BHK Apartment ,1,Hinjewadi,6282600,5128
0,3,2,1,1,1,10,5650,3,5,4 BHK Apartment ,13,Kharadi,45000000,7964
0,3,0,1,1,0,2,1258,2,2,2 BHK Apartment ,5,Kharadi,6750000,5365
0,3,0,1,1,0,2,1600,2,3,3 BHK Apartment ,7,Kharadi,8100000,5062
0,3,2,1,1,1,7,1936,3,3,3 BHK Apartment ,2,Koregaon Park,27200000,14049
0,3,0,1,1,0,5,2535,3,5,4 BHK Apartment ,2,Wagholi,12000000,4733
0,3,0,1,1,0,0,3195,2,4,4 BHK Apartment ,3,Wagholi,13700000,4287
0,3,2,1,1,1,3,4355,3,5,4 BHK Apartment ,8,Kharadi,30000000,6888
0,3,1,1,1,1,3,4355,3,4,4 BHK Apartment ,2,Kharadi,27500000,6314
0,3,2,1,1,1,3,2360,2,4,3 BHK Apartment ,12,Kharadi,29000000,12288
0,3,1,1,1,1,3,4455,3,4,5 BHK Apartment ,1,Kharadi,32000000,7182
0,3,0,1,1,0,2,4088,2,4,4 BHK Apartment ,9,Kharadi,35000000,8561
0,3,1,1,1,0,3,4355,3,4,4 BHK Apartment ,10,Kharadi,36500000,8381
0,3,1,1,1,1,10,2860,2,3,3 BHK Apartment ,3,Koregaon Park,42500000,14860
1,3,3,1,1,1,1,4000,2,4,4 BHK Apartment ,8,Koregaon Park,65100000,16275
0,3,0,1,1,0,3,830,2,2,1 BHK Apartment ,5,Kharadi,5500000,6626
0,3,0,1,1,0,8,1073,2,2,2 BHK Apartment ,4,Kharadi,6000000,5591
0,3,0,1,1,0,11,1050,2,2,2 BHK Apartment ,4,Kharadi,7000000,6666
0,3,2,1,1,1,10,1100,2,3,2 BHK Apartment ,3,Bund Garden,15000000,13636
0,3,2,1,1,1,10,1780,1,3,3 BHK Apartment ,1,Bund Garden,28000000,15730
0,3,2,1,1,1,10,610,1,1,1 BHK Apartment ,4,Kalyani Nagar,5200000,8524
0,3,0,1,1,0,3,1062,1,2,2 BHK Apartment ,7,Kharadi,8000000,7532
0,3,2,1,1,1,2,4200,3,6,4 BHK Apartment ,11,Kharadi,28500000,6785
0,3,1,1,1,0,10,610,1,1,1 BHK Apartment ,1,Viman Nagar,6000000,9836
0,3,0,1,1,0,2,750,1,1,1 BHK Apartment ,2,Viman Nagar,5500000,7333
0,3,1,1,1,0,9,800,2,1,1 BHK Apartment ,3,Viman Nagar,6700000,8375
0,3,1,1,1,0,9,770,1,1,1 BHK Apartment ,2,Viman Nagar,6300000,8181
0,3,1,0,1,1,2,1150,1,1,1 BHK Apartment ,4,Viman Nagar,7300000,6347
0,3,0,1,1,0,9,1135,2,2,2 BHK Apartment ,4,Viman Nagar,8000000,7048
0,3,0,1,1,0,9,1150,1,2,2 BHK Apartment ,5,Viman Nagar,8500000,7391
0,3,0,1,1,0,9,1100,1,2,2 BHK Apartment ,5,Viman Nagar,8700000,7909
0,3,0,1,1,0,11,1690,2,2,3 BHK Apartment ,4,Viman Nagar,11500000,6804
0,3,0,1,1,0,6,1201,1,2,2 BHK Apartment ,6,Viman Nagar,10000000,8326
0,3,0,0,1,0,2,1450,2,2,2 BHK Apartment ,5,Viman Nagar,10900000,7517
0,3,0,1,1,0,6,1450,1,3,3 BHK Apartment ,3,Viman Nagar,12500000,8620
0,3,0,0,1,0,2,2200,3,3,3 BHK Apartment ,2,Viman Nagar,14500000,6590
0,3,0,1,1,0,3,1660,1,3,3 BHK Apartment ,10,Wagholi,8700000,5240
0,3,0,1,1,0,3,1660,2,3,3 BHK Apartment ,5,Wagholi,9200000,5542
0,3,2,1,1,1,1,1750,3,3,3 BHK Apartment ,5,Wagholi,10000000,5714
0,3,0,1,1,0,6,2615,3,4,4 BHK Apartment ,8,Koregaon Park,28300000,10822
0,3,1,1,1,1,7,3186,3,4,4 BHK Apartment ,6,Koregaon Park,30600000,9604
0,3,0,1,1,0,7,3501,2,5,4 BHK Apartment ,4,Koregaon Park,32000000,9140
0,3,1,1,1,1,6,2345,3,4,3 BHK Apartment ,3,Koregaon Park,33500000,14285
0,3,1,1,1,1,5,3186,3,4,4 BHK Apartment ,2,Koregaon Park,35000000,10985
0,3,2,1,1,1,8,2600,2,4,4 BHK Apartment ,3,Koregaon Park,35200000,13538
0,3,0,1,1,0,2,2487,1,4,3 BHK Apartment ,4,Wagholi,12500000,5026
0,3,0,1,1,0,0,3379,2,4,4 BHK Apartment ,3,Wagholi,14500000,4291
0,3,0,1,1,0,2,1600,2,3,3 BHK Apartment ,12,Wagholi,14000000,8750
1,3,3,0,0,0,0,587,2,1,1 BHK Apartment ,4,Wagholi,2700000,4599
0,2,2,1,1,1,5,900,2,2,2 BHK Apartment ,1,Pimple Saudagar,7200000,8000
0,3,2,1,1,1,6,1171,2,2,2 BHK Apartment ,1,Baner,8200000,7002
0,3,0,1,1,0,3,1000,2,2,2 BHK Apartment ,3,Kondhwa,5800000,5800
0,3,1,1,1,0,3,1270,2,2,3 BHK Apartment ,3,Kharadi,7900000,6220
0,3,0,1,1,0,2,1583,3,3,3 BHK Apartment ,1,Baner,11000000,6948
0,2,1,1,1,1,7,930,2,2,2 BHK Apartment ,4,Wakad,5300000,5698
1,3,3,1,1,0,1,975,2,3,3 BHK Apartment ,0,Hinjewadi,3600000,3692
0,3,1,1,1,0,8,930,2,2,2 BHK Apartment ,2,Kharadi,5900000,6344
1,3,3,1,1,1,1,1104,1,2,2 BHK Apartment ,4,Balewadi,7100000,6431
0,3,0,1,1,1,4,1220,1,2,2 BHK Apartment ,4,Baner,9000000,7377
0,3,0,1,1,1,4,1096,1,2,2 BHK Apartment ,8,Baner,8500000,7755
0,3,0,1,1,1,4,1498,1,2,3 BHK Apartment ,4,Baner,12500000,8344
1,3,3,1,1,1,4,1498,1,3,3 BHK Apartment ,10,Baner,12500000,8344
0,2,0,1,1,0,3,1585,2,3,3 BHK Apartment ,11,Wagholi,6800000,4290
0,3,1,1,1,0,2,1600,2,3,3 BHK Apartment ,3,Kalyani Nagar,16500000,10312
0,3,0,1,1,0,2,1275,2,3,3 BHK Apartment ,4,Kharadi,7800000,6117
0,3,2,1,1,0,7,569,1,1,1 BHK Apartment ,8,Kharadi,3900000,6854
0,3,0,1,1,0,6,1150,2,2,2 BHK Apartment ,4,Rahatani,8200000,7130
0,3,0,1,1,0,2,1257,2,2,2 BHK Apartment ,2,Kharadi,6700000,5330
0,3,0,1,1,0,2,1225,2,2,2 BHK Apartment ,3,Kharadi,6300000,5142
0,3,0,1,1,0,2,1258,2,2,2 BHK Apartment ,5,Kharadi,6750000,5365
0,3,2,1,1,0,10,570,1,1,1 BHK Apartment ,10,Kharadi,3800000,6666
0,3,0,1,1,0,10,1053,1,2,2 BHK Apartment ,5,Wadgaon Sheri,9700000,9211
0,3,1,1,1,0,5,630,1,1,1 BHK Apartment ,1,Kharadi,4500000,7142
0,3,2,1,1,0,5,1080,1,2,2 BHK Apartment ,11,Kharadi,9000000,8333
0,3,0,1,1,0,10,1200,1,2,2 BHK Apartment ,5,Kharadi,8000000,6666
0,3,1,1,1,0,5,1150,3,2,2 BHK Apartment ,7,Kharadi,7800000,6782
0,3,2,1,1,1,6,1805,2,3,3 BHK Apartment ,10,Koregaon Park,24500000,13573
0,3,2,1,1,1,7,2650,2,5,4 BHK Apartment ,4,Mundhwa,31500000,11886
1,2,3,1,1,1,0,4300,2,4,4 BHK Apartment ,10,Kothrud,65300000,15186
0,3,1,1,1,0,2,1950,2,3,3 BHK Apartment ,9,Koregaon Park,36000000,18461
0,3,0,1,1,0,10,1010,1,2,2 BHK Apartment ,8,Shastri Nagar,11000000,10891
0,3,0,1,1,0,6,6630,2,5,4 BHK Apartment ,4,Boat Club Road,100000000,15082
0,3,0,1,1,0,7,770,1,1,1 BHK Apartment ,2,Koregaon Park,8000000,10389
1,3,3,1,1,1,3,1255,2,2,2 BHK Apartment ,11,Wagholi,8000000,6374
0,3,0,1,1,0,10,950,2,2,2 BHK Apartment ,2,Kharadi,5500000,5789
0,3,1,1,1,0,2,1030,2,2,2 BHK Apartment ,4,Kalyani Nagar,10400000,10097
0,3,0,0,1,0,2,925,2,2,2 BHK Apartment ,5,Kharadi,6000000,6486
0,3,0,1,1,0,2,1300,2,2,2 BHK Apartment ,4,Kalyani Nagar,13000000,10000
0,3,2,1,1,0,2,4500,2,5,5 BHK Apartment ,5,Koregaon Park,40000000,8888
0,3,0,1,1,0,2,1070,2,2,2 BHK Apartment ,7,Wagholi,4750000,4439
0,3,2,1,1,1,11,1800,2,3,3 BHK Apartment ,10,Koregaon Park,25200000,14000
0,3,1,1,1,0,9,1800,3,4,4 BHK Apartment ,3,Kalyani Nagar,25000000,13888
0,3,1,1,1,1,8,1750,2,3,3 BHK Apartment ,6,Kalyani Nagar,24500000,14000
0,3,0,1,1,0,9,2000,3,3,3 BHK Apartment ,2,Kalyani Nagar,18200000,9100
0,3,2,1,1,1,9,1850,3,3,3 BHK Apartment ,3,Kalyani Nagar,18500000,10000
0,3,2,1,1,1,10,1680,3,3,3 BHK Apartment ,8,Kalyani Nagar,18500000,11011
0,3,0,1,1,0,10,2250,3,3,3 BHK Apartment ,1,Kalyani Nagar,20000000,8888
0,3,0,1,1,0,9,1750,2,3,3 BHK Apartment ,5,Kalyani Nagar,20900000,11942
0,3,1,1,1,0,9,1680,3,3,3 BHK Apartment ,6,Kalyani Nagar,14800000,8809
0,3,2,1,1,1,8,2000,1,3,3 BHK Apartment ,7,Kalyani Nagar,15500000,7750
0,3,2,1,1,1,9,1660,2,3,3 BHK Apartment ,2,Kalyani Nagar,16200000,9759
0,3,2,1,1,1,9,1727,2,3,3 BHK Apartment ,9,Kalyani Nagar,16500000,9554
0,3,0,1,1,0,9,1750,2,3,3 BHK Apartment ,5,Kalyani Nagar,16500000,9428
0,3,2,1,1,1,8,1745,1,3,3 BHK Apartment ,6,Kalyani Nagar,17400000,9971
0,3,2,1,1,1,11,4000,3,5,4 BHK Apartment ,10,Kalyani Nagar,50000000,12500
0,3,2,1,1,1,10,3000,3,4,4 BHK Apartment ,6,Kalyani Nagar,50000000,16666
0,3,0,1,1,0,7,3641,2,4,4 BHK Apartment ,4,Kalyani Nagar,50000000,13732
0,3,0,1,1,0,11,3702,3,4,4 BHK Apartment ,3,Kalyani Nagar,52500000,14181
0,3,2,1,1,1,7,3720,2,4,4 BHK Apartment ,9,Kalyani Nagar,59100000,15887
0,3,0,1,1,0,8,2000,2,3,3 BHK Apartment ,4,Koregaon Park,25500000,12750
0,3,0,1,1,0,11,2000,2,3,3 BHK Apartment ,5,Koregaon Park,27500000,13750
0,3,2,1,1,1,10,2700,2,4,4 BHK Apartment ,8,Koregaon Park,28000000,10370
0,3,2,1,1,1,10,1700,3,4,4 BHK Apartment ,3,Koregaon Park,27500000,16176
0,3,1,1,1,1,10,2055,2,3,3 BHK Apartment ,2,Koregaon Park,28500000,13868
0,3,2,1,1,1,11,3100,2,4,4 BHK Apartment ,7,Koregaon Park,30000000,9677
0,3,2,1,1,1,11,2600,3,4,4 BHK Apartment ,3,Koregaon Park,29500000,11346
0,3,2,1,1,1,10,2800,2,5,4 BHK Apartment ,5,Koregaon Park,31500000,11250
0,3,2,1,1,1,6,3930,3,4,4 BHK Apartment ,3,Koregaon Park,72000000,18320
0,3,0,1,1,0,9,4000,2,5,5 BHK Apartment ,5,Koregaon Park,75000000,18750
0,3,2,1,1,1,10,1800,2,3,3 BHK Apartment ,3,Kalyani Nagar,21000000,11666
0,3,2,1,1,1,11,1800,2,3,3 BHK Apartment ,3,Kalyani Nagar,21000000,11666
0,3,2,1,1,1,9,1925,2,4,4 BHK Apartment ,4,Kalyani Nagar,21100000,10961
0,3,2,1,1,1,10,1935,2,3,3 BHK Apartment ,5,Kalyani Nagar,22500000,11627
0,3,0,1,1,0,11,2250,2,3,3 BHK Apartment ,8,Kalyani Nagar,22500000,10000
0,3,2,1,1,1,8,1850,2,3,3 BHK Apartment ,7,Kalyani Nagar,23000000,12432
0,3,2,1,1,1,9,1732,2,3,3 BHK Apartment ,8,Kalyani Nagar,23500000,13568
0,3,2,1,1,0,2,4800,2,4,4 BHK Apartment ,10,Kalyani Nagar,82000000,17083
0,3,0,1,1,0,2,1200,2,2,2 BHK Apartment ,6,Kharadi,7000000,5833
0,3,0,1,1,0,2,1175,2,2,2 BHK Apartment ,5,Wagholi,5600000,4765
0,3,0,1,1,0,2,1550,2,3,3 BHK Apartment ,4,Kharadi,8400000,5419
0,3,0,1,1,0,2,900,2,2,2 BHK Apartment ,5,Wagholi,4700000,5222
0,3,0,1,1,0,2,950,2,2,2 BHK Apartment ,8,Wadgaon Sheri,8400000,8842
0,3,0,1,1,0,2,650,2,1,1 BHK Apartment ,5,Viman Nagar,4600000,7076
0,3,0,1,1,0,2,980,2,2,2 BHK Apartment ,7,Kharadi,6000000,6122
0,3,0,1,1,0,2,2500,2,4,4 BHK Apartment ,6,Kharadi,16800000,6720
0,3,0,1,1,0,2,2015,2,3,3 BHK Apartment ,6,Kharadi,13200000,6550
0,3,0,1,1,0,2,1010,2,2,2 BHK Apartment ,2,Viman Nagar,7000000,6930
0,3,1,0,1,0,2,2700,2,3,3 BHK Apartment ,4,Viman Nagar,12000000,4444
0,3,1,1,1,0,2,2750,2,3,3 BHK Apartment ,11,Kharadi,17000000,6181
0,3,2,1,1,0,2,1130,2,3,3 BHK Apartment ,1,Koregaon Park,12000000,10619
0,3,1,1,1,0,2,2100,2,3,3 BHK Apartment ,7,Kharadi,12999000,6190
0,3,0,1,1,0,2,1160,2,2,2 BHK Apartment ,3,Viman Nagar,8300000,7155
0,3,0,1,1,0,2,800,2,2,2 BHK Apartment ,0,Kharadi,4240000,5300
0,3,0,1,1,0,2,3000,2,4,4 BHK Apartment ,7,Kharadi,23000000,7666
0,3,0,1,0,0,2,1096,2,2,2 BHK Apartment ,8,Kharadi,7500000,6843
0,3,0,1,1,0,2,507,2,1,1 BHK Apartment ,0,Koregaon Park,6500000,12820
0,3,0,1,1,0,2,1300,2,2,2 BHK Apartment ,1,Kharadi,7200000,5538
0,3,0,1,1,0,2,1580,2,3,3 BHK Apartment ,5,Koregaon Park,17100000,10822
1,3,3,1,1,0,2,715,2,2,2 BHK Apartment ,5,Viman Nagar,6000000,8391
0,3,0,1,1,0,2,1315,2,2,2 BHK Apartment ,5,Kharadi,7100000,5399
0,3,0,1,1,0,2,2500,2,4,4 BHK Apartment ,7,Koregaon Park,24500000,9800
0,3,0,1,1,0,2,1090,2,2,2 BHK Apartment ,3,Viman Nagar,6700000,6146
0,3,0,1,1,0,2,1935,2,3,3 BHK Apartment ,5,Kalyani Nagar,22500000,11627
0,3,0,1,1,0,2,670,2,1,1 BHK Apartment ,3,Wagholi,3300000,4925
0,3,2,1,1,0,2,1470,2,3,3 BHK Apartment ,0,Wagholi,5440000,3700
0,3,0,1,1,0,2,1165,2,2,2 BHK Apartment ,6,Kharadi,7080000,6077
0,3,0,1,1,0,2,1495,2,3,3 BHK Apartment ,5,Viman Nagar,14000000,9364
0,3,2,1,1,0,2,1380,2,3,3 BHK Apartment ,0,Wagholi,5110000,3702
0,3,0,1,1,0,2,1084,2,2,2 BHK Apartment ,4,Kharadi,6160000,5682
0,3,2,1,1,0,2,1297,2,2,2 BHK Apartment ,0,Wagholi,4800000,3700
0,3,0,1,1,0,2,1160,2,2,2 BHK Apartment ,9,Kharadi,7800000,6724
0,3,1,1,1,0,2,1650,2,2,2 BHK Apartment ,5,Kharadi,10500000,6363
0,3,0,1,1,0,2,1285,2,2,2 BHK Apartment ,2,Kharadi,8300000,6459
0,3,0,1,1,0,2,1550,2,3,3 BHK Apartment ,4,Kharadi,8400000,5419
0,3,0,0,1,0,2,803,2,2,2 BHK Apartment ,4,Kharadi,5000000,6226
0,3,0,1,1,0,2,1180,2,2,2 BHK Apartment ,5,Viman Nagar,8000000,6779
0,3,2,1,1,0,2,1377,2,2,2 BHK Apartment ,1,Kalyani Nagar,14000000,10167
0,3,0,1,1,0,2,1180,2,2,2 BHK Apartment ,5,Viman Nagar,8000000,6779
0,3,2,1,1,0,2,1300,2,2,2 BHK Apartment ,3,Yerawada,13000000,10000
0,3,0,1,1,0,2,607,2,1,1 BHK Apartment ,1,Wagholi,2600000,4283
0,3,2,0,0,0,2,1710,2,3,3 BHK Apartment ,2,Koregaon Park,19000000,11111
0,3,0,1,1,0,2,1489,2,3,3 BHK Apartment ,7,Wadgaon Sheri,11000000,7387
0,3,1,1,1,0,2,961,2,2,2 BHK Apartment ,7,Kharadi,6500000,6763
0,3,0,1,1,0,2,1680,2,3,3 BHK Apartment ,11,Kharadi,13000000,7738
0,3,0,1,1,0,2,1671,2,3,3 BHK Apartment ,3,Kharadi,10000000,5984
0,3,0,1,1,0,2,1200,2,2,2 BHK Apartment ,1,Kharadi,6500000,5416
0,3,0,0,1,0,2,615,2,1,1 BHK Apartment ,4,Viman Nagar,5000000,8130
0,3,0,1,1,0,2,1600,2,3,3 BHK Apartment ,4,Viman Nagar,14000000,8750
0,3,0,1,1,0,2,1100,2,2,2 BHK Apartment ,5,Viman Nagar,9000000,8181
0,3,0,1,0,0,2,1520,2,3,3 BHK Apartment ,0,Kharadi,8340000,5486
0,3,1,1,1,0,2,975,2,2,2 BHK Apartment ,4,Yerawada,8500000,8717
0,3,2,1,1,0,2,1400,2,3,3 BHK Apartment ,4,Viman Nagar,12000000,8571
0,3,0,1,1,0,2,1123,2,2,2 BHK Apartment ,6,Kharadi,6500000,5788
0,3,2,1,1,0,2,1486,2,3,3 BHK Apartment ,2,Kharadi,10000000,6729
0,3,0,1,1,0,2,1059,2,2,2 BHK Apartment ,3,Kalyani Nagar,7800000,7365
0,3,0,1,1,0,2,1850,2,3,3 BHK Apartment ,7,Kalyani Nagar,22000000,11891
0,3,0,1,1,0,2,1225,2,2,2 BHK Apartment ,9,Kalyani Nagar,11000000,8979
0,3,0,1,1,0,2,700,2,1,1 BHK Apartment ,6,Sangamvadi,10000000,14285
0,3,0,1,1,0,11,1775,2,3,3 BHK Apartment ,2,Kalyani Nagar,17000000,9577
0,3,0,1,1,0,2,1485,2,3,3 BHK Apartment ,4,Viman Nagar,14000000,9427
1,3,3,1,1,0,2,1507,2,3,3 BHK Apartment ,9,Kharadi,8439000,5599
0,3,0,1,1,0,2,1162,2,2,2 BHK Apartment ,1,Kalyani Nagar,12000000,10327
0,3,0,0,0,0,2,2610,2,3,3 BHK Apartment ,6,Koregaon Park,29000000,11111
0,3,0,1,1,0,2,1400,2,3,3 BHK Apartment ,8,Kharadi,7800000,5571
0,3,0,1,1,0,2,1775,2,3,3 BHK Apartment ,2,Kalyani Nagar,17000000,9577
0,3,0,1,1,0,2,1500,2,3,3 BHK Apartment ,7,Kalyani Nagar,15000000,10000
0,3,0,1,1,0,2,3065,2,4,4 BHK Apartment ,0,Viman Nagar,42100000,13735
0,3,1,1,1,0,6,1043,2,2,2 BHK Apartment ,1,Kharadi,5694000,5459
0,3,0,1,1,0,2,1225,2,2,2 BHK Apartment ,0,Viman Nagar,13600000,11102
0,3,0,1,1,0,2,1935,2,3,3 BHK Apartment ,4,Kalyani Nagar,21600000,11162
0,3,0,1,1,0,11,550,2,1,1 BHK Apartment ,3,Viman Nagar,4200000,7636
0,3,0,1,1,0,11,1975,2,3,3 BHK Apartment ,3,Sangamvadi,20000000,10126
0,3,0,1,1,0,11,1620,2,3,3 BHK Apartment ,2,Kharadi,12500000,7716
0,3,0,1,1,0,11,1366,2,3,3 BHK Apartment ,11,Kalyani Nagar,11100000,8125
0,3,0,1,0,0,2,1051,2,2,2 BHK Apartment ,8,Viman Nagar,4050000,3853
0,3,0,1,1,0,2,1901,2,3,3 BHK Apartment ,7,Kharadi,14000000,7364
0,3,0,1,1,0,10,1020,1,2,2 BHK Apartment ,3,Kharadi,6000000,5882
0,3,2,1,1,0,2,1486,2,3,3 BHK Apartment ,2,Kharadi,10000000,6729
0,3,0,1,1,0,10,1400,1,2,2 BHK Villa ,0,Kharadi,8000000,5714
0,3,1,1,1,0,2,1015,2,2,2 BHK Apartment ,4,Kalyani Nagar,8000000,7881
0,3,0,1,1,0,10,1150,1,2,2 BHK Apartment ,2,Viman Nagar,7500000,6521
0,3,0,1,1,0,10,1115,2,2,2 BHK Apartment ,9,Kharadi,6500000,5829
0,3,1,1,1,1,4,1620,2,3,3 BHK Apartment ,7,Baner,13500000,8333
1,3,3,1,1,1,3,1255,2,2,2 BHK Apartment ,1,Wagholi,7500000,5976
0,3,0,1,1,0,10,1265,1,2,2 BHK Apartment ,4,Kalyani Nagar,15500000,12252
0,3,2,1,0,0,10,1200,1,2,2 BHK Apartment ,6,Koregaon Park,14000000,11666
0,3,0,0,0,0,1,3400,2,4,4 BHK Apartment ,4,Koregaon Park,60000000,17647
0,3,0,1,1,0,6,4100,3,3,4 BHK Apartment ,7,Boat Club Road,57000000,13902
0,3,0,1,1,0,5,1800,2,3,3 BHK Apartment ,4,Kalyani Nagar,19500000,10833
0,3,0,1,1,0,1,3700,2,5,4 BHK Apartment ,9,Kalyani Nagar,57300000,15486
0,3,0,1,1,0,6,4000,2,5,4 BHK Apartment ,10,Kalyani Nagar,52500000,13125
0,3,0,1,1,0,1,4200,3,5,4 BHK Apartment ,9,Kalyani Nagar,58800000,14000
0,3,0,1,1,0,1,4200,3,5,4 BHK Apartment ,9,Kalyani Nagar,58800000,14000
0,3,0,1,1,0,4,3050,2,6,4 BHK Apartment ,3,Kalyani Nagar,39000000,12786
0,3,0,1,1,0,9,2850,3,4,4 BHK Apartment ,7,Kalyani Nagar,42500000,14912
0,3,0,1,1,0,5,3640,2,4,4 BHK Apartment ,5,Kalyani Nagar,47500000,13049
0,3,0,1,1,0,8,500,1,1,1 BHK Apartment ,2,Boat Club Road,5160000,10320
0,3,0,1,1,0,14,700,1,1,1 BHK Apartment ,6,Koregaon Park,6200000,8857
0,3,0,1,1,0,5,2100,1,3,3 BHK Apartment ,3,Koregaon Park,16500000,7857
0,3,0,1,1,0,7,2400,2,3,3 BHK Apartment ,3,Koregaon Park,18500000,7708
0,3,0,1,1,0,8,2150,3,4,3 BHK Apartment ,6,Koregaon Park,21800000,10139
0,3,0,1,1,0,20,621,1,1,1 BHK Apartment ,4,Boat Club Road,6700000,10789
0,3,0,1,1,0,3,4015,2,4,4 BHK Apartment ,8,Kalyani Nagar,66200000,16488
0,3,0,1,1,0,9,1156,2,2,2 BHK Apartment ,5,Kalyani Nagar,7600000,6574
0,3,0,1,1,0,6,947,2,2,2 BHK Apartment ,4,Kalyani Nagar,8600000,9081
0,3,0,1,1,0,5,1180,2,2,2 BHK Apartment ,4,Kalyani Nagar,9200000,7796
0,3,0,1,1,0,8,1150,1,2,2 BHK Apartment ,4,Kalyani Nagar,9600000,8347
0,3,0,1,1,0,9,1150,1,2,2 BHK Apartment ,9,Kalyani Nagar,10100000,8782
0,3,0,1,1,0,8,1973,2,4,4 BHK Apartment ,5,Kalyani Nagar,15400000,7805
0,3,0,1,1,0,12,1850,2,4,3 BHK Apartment ,3,Koregaon Park,24300000,13135
0,3,0,1,1,0,8,2000,2,3,3 BHK Apartment ,1,Koregaon Park,25100000,12550
0,3,0,1,1,0,5,430,1,1,1 BHK Apartment ,1,Boat Club Road,5160000,12000
0,3,0,1,1,0,9,1260,2,2,2 BHK Apartment ,6,Boat Club Road,21000000,16666
0,3,0,1,1,0,10,1630,2,3,3 BHK Apartment ,3,Wadgaon Sheri,11200000,6871
0,3,0,1,1,0,10,1750,2,3,3 BHK Apartment ,11,Wadgaon Sheri,16500000,9428
0,3,0,0,1,0,10,1000,2,2,2 BHK Apartment ,1,Kalyani Nagar,7500000,7500
0,3,0,1,1,0,10,2375,2,5,4 BHK Apartment ,4,Kalyani Nagar,33100000,13936
0,3,0,1,1,0,5,1588,2,3,3 BHK Apartment ,5,Kharadi,8700000,5478
0,3,0,1,1,0,5,2615,3,4,4 BHK Apartment ,3,Koregaon Park,39000000,14913
0,3,0,1,1,0,6,2800,2,5,4 BHK Apartment ,4,Koregaon Park,31500000,11250
0,3,0,1,1,0,5,2412,3,3,3 BHK Apartment ,1,Koregaon Park,33000000,13681
0,3,1,1,1,1,10,610,1,1,1 BHK Apartment ,1,Viman Nagar,6000000,9836
0,3,2,1,1,1,10,621,2,1,1 BHK Apartment ,4,Boat Club Road,6600000,10628
0,3,1,1,1,1,10,840,1,2,2 BHK Apartment ,4,Kharadi,6000000,7142
0,3,0,1,1,0,10,950,1,1,2 BHK Apartment ,2,Kalyani Nagar,6000000,6315
0,3,1,1,1,1,10,550,1,1,1 BHK Apartment ,0,Bund Garden,5800000,10545
0,3,1,1,1,1,10,550,1,1,1 BHK Apartment ,0,Bund Garden,7000000,12727
1,3,3,1,1,1,3,1255,2,2,2 BHK Apartment ,11,Wagholi,8000000,6374
0,3,0,0,1,0,10,1050,1,2,2 BHK Apartment ,1,Shastri Nagar,6500000,6190
0,3,1,1,1,1,10,630,1,1,1 BHK Apartment ,3,Boat Club Road,8800000,13968
0,3,2,1,1,1,10,507,1,1,1 BHK Apartment ,0,Koregaon Park,5500000,10848
0,3,0,1,1,0,10,600,1,1,1 BHK Apartment ,1,Koregaon Park,6000000,10000
0,3,0,1,1,0,10,500,1,1,1 BHK Apartment ,2,Koregaon Park,7000000,14000
0,2,0,1,1,0,5,4500,2,5,4 BHK Apartment ,4,Kharadi,25000000,5555
0,3,1,1,1,0,3,987,1,2,2 BHK Apartment ,1,Rahatani,5100000,5167
0,2,0,1,1,0,5,603,2,1,1 BHK Apartment ,2,Wadgaon Sheri,4100000,6799
0,3,1,1,1,1,5,2150,3,4,4 BHK Apartment ,2,Wanowrie,21500000,10000
0,3,0,1,1,0,2,1089,2,2,2 BHK Apartment ,2,Wakad,5900000,5417
0,3,0,1,1,0,10,650,1,1,1 BHK Apartment ,4,Kalyani Nagar,5500000,8461
0,3,1,1,1,1,10,1000,1,2,2 BHK Apartment ,5,Kalyani Nagar,9000000,9000
0,3,0,1,1,0,10,830,3,2,2 BHK Apartment ,3,Koregaon Park,7000000,8433
0,3,2,1,1,1,9,1500,1,3,3 BHK Apartment ,0,Koregaon Park,28000000,18666
0,3,1,1,1,1,10,1994,1,3,3 BHK Villa ,0,Wagholi,8500000,4262
0,3,0,1,1,0,7,4300,2,5,5 BHK Apartment ,8,Kalyani Nagar,66000000,15348
0,3,2,0,1,1,8,1200,1,2,2 BHK Apartment ,5,Kharadi,6800000,5666
0,3,1,1,1,1,7,1750,2,3,3 BHK Apartment ,2,Koregaon Park,16000000,9142
0,3,2,1,1,1,10,1833,2,4,3 BHK Apartment ,2,Koregaon Park,24000000,13093
1,3,3,1,1,1,10,3930,2,4,4 BHK Apartment ,7,Koregaon Park,63500000,16157
0,3,2,1,1,1,8,3830,2,4,4 BHK Apartment ,4,Boat Club Road,51500000,13446
0,3,0,1,1,0,7,1501,2,3,3 BHK Apartment ,6,Kalyani Nagar,13500000,8994
0,3,0,0,1,0,8,650,1,1,1 BHK Apartment ,2,Kalyani Nagar,6000000,9230
0,3,2,1,1,1,8,650,1,2,1 BHK Apartment ,2,Kalyani Nagar,6500000,10000
0,3,0,1,1,0,9,1156,2,2,2 BHK Apartment ,7,Kalyani Nagar,8200000,7093
0,3,0,0,1,0,7,1250,1,2,2 BHK Apartment ,2,Kalyani Nagar,7200000,5760
0,3,0,1,0,0,8,1186,2,3,2 BHK Apartment ,8,Kalyani Nagar,7800000,6576
0,3,2,1,1,0,7,1200,1,2,2 BHK Apartment ,5,Kalyani Nagar,7900000,6583
0,3,2,1,1,1,14,1450,3,3,3 BHK Apartment ,3,Boat Club Road,20000000,13793
0,3,0,0,1,0,9,1100,1,3,2 BHK Apartment ,3,Bund Garden,12500000,11363
0,3,0,1,1,0,6,750,1,2,1 BHK Apartment ,3,Bund Garden,6500000,8666
0,3,2,1,1,1,8,1120,2,2,2 BHK Apartment ,4,Kalyani Nagar,8500000,7589
0,3,0,1,1,0,9,1217,2,2,2 BHK Apartment ,9,Kalyani Nagar,9000000,7395
0,3,1,1,1,0,8,1400,2,3,3 BHK Apartment ,5,Kalyani Nagar,8700000,6214
0,3,2,1,1,0,7,1230,1,2,2 BHK Apartment ,4,Kalyani Nagar,10000000,8130
0,3,0,1,1,0,8,1050,1,2,2 BHK Apartment ,2,Kalyani Nagar,10000000,9523
0,3,2,1,1,0,9,1400,1,2,2 BHK Apartment ,7,Kalyani Nagar,10000000,7142
0,3,0,1,1,0,7,1457,3,3,3 BHK Apartment ,12,Kalyani Nagar,11000000,7549
0,3,2,1,1,1,10,1629,2,3,3 BHK Apartment ,8,Kalyani Nagar,11000000,6752
0,3,0,1,1,0,7,1630,2,3,3 BHK Apartment ,7,Kalyani Nagar,11500000,7055
0,3,2,1,1,1,8,1400,2,3,3 BHK Apartment ,5,Kalyani Nagar,11500000,8214
0,3,2,1,1,1,9,1540,2,3,3 BHK Apartment ,4,Kalyani Nagar,13500000,8766
0,3,1,1,1,1,9,1400,2,3,3 BHK Apartment ,8,Kalyani Nagar,12500000,8928
0,3,2,1,1,1,10,1800,2,3,3 BHK Apartment ,4,Kalyani Nagar,13500000,7500
0,3,2,0,1,1,8,3800,2,4,4 BHK Apartment ,2,Boat Club Road,60000000,15789
0,3,2,1,1,1,7,4100,3,5,4 BHK Apartment ,1,Boat Club Road,65000000,15853
0,3,2,1,1,1,3,5350,2,5,5 BHK Apartment ,1,Boat Club Road,95000000,17757
0,3,2,1,1,1,7,5420,2,4,4 BHK Apartment ,1,Boat Club Road,86700000,15996
0,3,2,1,1,1,3,5480,2,5,5 BHK Apartment ,3,Boat Club Road,97400000,17773
0,3,2,1,1,1,6,4800,3,6,5 BHK Apartment ,5,Boat Club Road,100000000,20833
0,3,0,1,1,0,8,4000,2,4,4 BHK Apartment ,4,Koregaon Park,65000000,16250
0,3,2,1,1,1,9,3930,2,4,4 BHK Apartment ,4,Koregaon Park,65000000,16539
0,3,2,1,1,1,11,2500,2,4,4 BHK Apartment ,7,Koregaon Park,24500000,9800
0,3,2,1,1,0,10,1805,2,3,3 BHK Apartment ,10,Koregaon Park,24500000,13573
0,3,1,1,1,1,11,1850,3,4,3 BHK Apartment ,6,Koregaon Park,25100000,13567
0,3,0,1,1,0,9,2015,3,3,3 BHK Apartment ,3,Koregaon Park,24100000,11960
0,3,2,0,1,1,11,1275,1,2,2 BHK Apartment ,6,Koregaon Park,8200000,6431
0,3,2,1,1,1,9,1138,1,3,3 BHK Apartment ,7,Kalyani Nagar,8500000,7469
0,3,0,1,1,0,9,1000,1,2,2 BHK Apartment ,4,Koregaon Park,9500000,9500
0,3,0,1,1,0,9,1200,1,2,2 BHK Apartment ,5,Koregaon Park,8600000,7166
0,3,0,1,1,0,10,1100,2,2,2 BHK Apartment ,2,Koregaon Park,10000000,9090
0,3,2,1,1,1,11,1350,2,2,2 BHK Apartment ,4,Koregaon Park,10500000,7777
0,3,2,0,1,1,8,1255,1,3,3 BHK Apartment ,6,Koregaon Park,11500000,9163
0,0,2,1,1,1,8,1350,2,2,2 BHK Apartment ,3,Kalyani Nagar,13500000,10000
0,3,0,1,1,0,10,1620,3,3,3 BHK Apartment ,4,Koregaon Park,13500000,8333
0,3,2,1,1,1,7,1400,1,3,3 BHK Apartment ,1,Koregaon Park,14500000,10357
0,3,0,0,1,0,13,1600,1,4,3 BHK Apartment ,1,Koregaon Park,15900000,9937
0,3,1,1,1,0,10,550,1,1,1 BHK Apartment ,2,Koregaon Park,5000000,9090
0,3,0,0,1,0,9,585,1,1,1 BHK Apartment ,2,Kalyani Nagar,6000000,10256
0,3,2,1,1,1,11,550,2,1,1 BHK Apartment ,5,Koregaon Park,6500000,11818
0,3,0,1,1,0,12,1200,2,2,2 BHK Apartment ,4,Koregaon Park,6500000,5416
0,3,0,1,1,0,11,510,1,1,1 BHK Apartment ,4,Koregaon Park,6600000,12941
0,3,2,0,1,1,9,1500,3,2,3 BHK Apartment ,4,Koregaon Park,16000000,10666
0,3,1,1,1,0,7,1355,2,2,2 BHK Apartment ,1,Koregaon Park,16500000,12177
0,3,2,0,1,1,8,2170,2,3,3 BHK Apartment ,3,Koregaon Park,18200000,8387
0,3,2,1,1,1,10,1600,2,3,3 BHK Apartment ,7,Koregaon Park,16500000,10312
0,3,2,0,1,1,11,2400,2,3,3 BHK Apartment ,3,Koregaon Park,18500000,7708
0,3,1,0,1,0,9,2000,2,3,3 BHK Apartment ,3,Koregaon Park,18500000,9250
0,3,2,1,1,1,11,1440,3,3,3 BHK Apartment ,6,Koregaon Park,19000000,13194
0,3,2,1,1,0,10,1800,3,4,3 BHK Apartment ,8,Koregaon Park,19000000,10555
0,3,2,1,1,1,10,1590,2,2,2 BHK Apartment ,6,Koregaon Park,19700000,12389
0,3,2,1,1,1,9,1750,1,3,3 BHK Apartment ,4,Koregaon Park,19500000,11142
0,3,2,1,1,1,8,1555,1,2,2 BHK Apartment ,7,Koregaon Park,20000000,12861
0,3,1,1,1,0,11,2000,1,3,3 BHK Apartment ,2,Koregaon Park,20500000,10250
0,3,2,1,1,1,11,2000,2,3,3 BHK Apartment ,5,Koregaon Park,20500000,10250
0,3,1,1,1,1,11,2100,2,4,4 BHK Apartment ,5,Koregaon Park,21500000,10238
0,3,0,1,1,0,12,1800,2,3,3 BHK Apartment ,3,Koregaon Park,22500000,12500
0,3,2,1,1,1,11,1850,3,3,3 BHK Apartment ,8,Koregaon Park,22500000,12162
0,3,2,1,1,1,9,1780,2,3,3 BHK Apartment ,6,Koregaon Park,22500000,12640
0,3,2,1,1,1,10,2400,2,4,4 BHK Apartment ,7,Koregaon Park,23500000,9791
0,3,2,1,1,1,8,4200,3,6,5 BHK Apartment ,7,Kalyani Nagar,74000000,17619
0,3,0,1,1,0,9,4200,2,5,5 BHK Apartment ,1,Kalyani Nagar,76000000,18095
0,3,2,1,1,1,3,4355,3,5,4 BHK Apartment ,6,Kharadi,24300000,5579
0,3,2,1,1,1,2,2970,2,5,4 BHK Apartment ,6,Kharadi,25100000,8451
0,3,2,1,1,1,2,2900,2,4,4 BHK Apartment ,7,Kharadi,28000000,9655
0,3,2,1,1,1,2,3250,2,5,4 BHK Apartment ,4,Kharadi,28500000,8769
0,3,0,1,1,0,2,4088,2,4,4 BHK Apartment ,9,Kharadi,31000000,7583
0,3,2,1,1,1,8,5500,2,5,5 BHK Apartment ,5,Kalyani Nagar,88000000,16000
0,3,0,1,1,0,11,1100,1,2,2 BHK Apartment ,2,Kalyani Nagar,10500000,9545
0,3,0,0,1,0,10,1250,2,3,3 BHK Apartment ,2,Kalyani Nagar,12500000,10000
0,3,1,1,1,0,10,1744,3,3,3 BHK Apartment ,6,Kalyani Nagar,15400000,8830
0,3,2,1,1,1,9,1650,1,3,3 BHK Apartment ,6,Kalyani Nagar,15600000,9454
0,3,2,0,1,1,11,1535,3,3,3 BHK Apartment ,1,Kalyani Nagar,16000000,10423
0,3,2,1,1,1,9,2850,2,5,4 BHK Apartment ,9,Kalyani Nagar,42100000,14771
0,3,2,1,1,1,10,2850,2,4,4 BHK Apartment ,9,Kalyani Nagar,42500000,14912
0,3,2,1,1,1,10,2850,3,4,4 BHK Apartment ,6,Kalyani Nagar,44000000,15438
0,3,0,1,1,0,1,4000,3,4,4 BHK Apartment ,3,Hadapsar,29000000,7250
0,2,0,1,1,0,1,2265,2,3,3 BHK Apartment ,3,Hadapsar,14000000,6181
0,2,0,1,1,0,1,1743,2,3,3 BHK Apartment ,3,Hadapsar,11500000,6597
1,3,3,1,1,0,1,1205,1,2,2 BHK Apartment ,3,NIBM Annex Mohammadwadi,7200000,5975
0,3,0,1,1,0,1,1070,1,2,2 BHK Apartment ,3,NIBM Annex Mohammadwadi,6400000,5981
1,3,3,1,1,0,1,1280,2,2,2 BHK Apartment ,3,NIBM Annex Mohammadwadi,7900000,6171
0,3,0,0,1,0,0,1155,1,2,2 BHK Apartment ,3,Wanowrie,9900000,8571
0,3,0,1,1,0,3,920,2,2,2 BHK Apartment ,7,Wagholi,4000000,4347
0,3,0,1,1,0,11,2384,2,3,3 BHK Villa ,0,Kharadi,25000000,10486
0,2,0,0,1,0,11,1720,2,3,3 BHK Villa ,0,Kharadi,12800000,7441
0,3,0,1,1,0,11,3000,2,4,4 BHK Villa ,0,Kalyani Nagar,35000000,11666
0,2,0,1,1,0,2,3346,2,4,4 BHK Apartment ,3,Hadapsar,29000000,8667
0,3,0,0,1,0,2,5000,2,4,4 BHK Villa ,0,Kalyani Nagar,75000000,15000
0,3,0,1,1,0,11,3450,2,4,3 BHK Apartment ,6,Koregaon Park,51000000,14782
0,3,0,1,1,0,6,2600,2,4,4 BHK Apartment ,8,Koregaon Park,45000000,17307
0,3,0,0,1,0,6,750,2,2,2 BHK Villa ,0,Kharadi,6200000,8266
0,3,0,1,1,0,5,1550,2,3,3 BHK Apartment ,4,Wagholi,8000000,5161
0,3,0,1,1,0,3,3200,2,3,3 BHK Villa ,0,Wagholi,14500000,4531
0,3,0,1,1,0,2,3200,2,3,3 BHK Villa ,0,Wagholi,10800000,3375
0,3,1,1,1,0,11,1950,2,4,3 BHK Villa ,0,Kharadi,16000000,8205
0,3,1,0,1,0,3,2322,2,3,3 BHK Villa ,0,Wagholi,12500000,5383
0,3,0,0,1,0,3,3200,2,3,3 BHK Villa ,0,Wagholi,15500000,4843
0,3,2,0,1,0,3,2322,2,3,3 BHK Villa ,0,Wagholi,12000000,5167
0,3,0,1,1,0,0,500,2,1,1 BHK Apartment ,3,Viman Nagar,3600000,7200
0,2,0,1,1,0,2,4527,2,4,4 BHK Apartment ,2,Hadapsar,43000000,9498
0,3,0,1,1,0,2,3858,2,4,4 BHK Apartment ,8,Hadapsar,42500000,11016
0,3,1,1,1,0,2,6500,2,5,5 BHK Apartment ,1,Hadapsar,49500000,7615
1,2,3,1,1,0,11,1510,2,2,3 BHK Apartment ,8,Yerawada,10900000,7218
0,2,0,1,1,0,6,2900,2,3,3 BHK Apartment ,4,Wagholi,11000000,3793
0,3,0,1,1,0,11,800,2,2,2 BHK Apartment ,1,Wagholi,4000000,5000
0,3,2,1,1,0,2,1990,2,2,2 BHK Apartment ,11,Hadapsar,12300000,6180
0,3,1,1,1,0,6,2865,2,3,3 BHK Apartment ,10,Hadapsar,22500000,7853
0,2,2,1,1,0,16,5200,2,4,4 BHK Apartment ,9,Koregaon Park,47500000,9134
0,3,2,1,1,0,11,2100,2,3,3 BHK Apartment ,3,Koregaon Park,17000000,8095
0,2,2,1,1,0,11,3500,2,4,4 BHK Apartment ,9,Mundhwa,33000000,9428
0,3,2,1,1,0,11,2900,2,4,4 BHK Apartment ,6,Viman Nagar,27000000,9310
0,3,2,1,1,0,9,2000,2,3,3 BHK Apartment ,7,Viman Nagar,15000000,7500
0,3,0,1,1,0,11,4315,2,4,4 BHK Apartment ,9,Mundhwa,50000000,11587
0,3,0,0,1,0,6,2200,2,4,4 BHK Villa ,0,Koregaon Park,35000000,15909
0,3,1,0,1,0,11,3700,2,4,4 BHK Villa ,0,Kharadi,35000000,9459
0,3,0,0,1,0,11,3700,2,4,4 BHK Villa ,0,Kharadi,35000000,9459
0,3,0,0,1,0,2,4000,2,5,5 BHK Villa ,0,Koregaon Park,62500000,15625
1,3,3,0,1,0,11,2701,2,4,4 BHK Villa ,0,Viman Nagar,16000000,5923
0,3,0,0,1,0,3,2000,3,4,3 BHK Villa ,0,Koregaon Park,25000000,12500
1,3,3,1,1,0,6,2100,2,3,3 BHK Villa ,0,Wagholi,10500000,5000
0,3,0,0,1,0,11,2750,2,4,4 BHK Villa ,0,Viman Nagar,20000000,7272
0,3,0,0,1,0,6,1000,2,2,2 BHK Villa ,0,Wagholi,7500000,7500
0,2,2,0,1,0,21,1300,2,2,2 BHK Villa ,0,Viman Nagar,9500000,7307
0,3,2,0,1,0,11,3500,2,5,5 BHK Villa ,0,Viman Nagar,45000000,12857
0,3,1,0,1,0,2,1350,2,3,3 BHK Villa ,0,Shastri Nagar,12200000,9037
0,2,0,0,1,0,16,2000,2,3,3 BHK Villa ,0,Viman Nagar,15000000,7500
0,3,0,1,1,0,11,2400,2,3,3 BHK Villa ,0,Kalyani Nagar,32600000,13583
0,3,2,0,1,0,16,3000,2,4,4 BHK Villa ,0,Koregaon Park,40000000,13333
0,2,0,1,1,0,11,2900,2,4,4 BHK Villa ,0,Kalyani Nagar,45000000,15517
0,2,0,1,1,0,22,510,2,1,1 BHK Villa ,0,Kalyani Nagar,5000000,9803
0,3,0,0,1,0,2,726,2,1,1 BHK Villa ,0,Kharadi,4200000,5785
0,3,2,1,1,0,6,2120,2,3,3 BHK Villa ,0,Kharadi,18500000,8726
0,3,1,0,1,0,11,2600,2,3,3 BHK Villa ,0,Koregaon Park,35000000,13461
0,3,0,1,1,0,6,1080,2,2,2 BHK Villa ,0,Kalyani Nagar,10900000,10092
0,3,2,0,1,0,16,1000,2,2,2 BHK Villa ,0,Kalyani Nagar,21000000,21000
0,3,0,0,1,0,6,4081,3,4,4 BHK Apartment ,7,Kharadi,38500000,9433
0,3,2,1,1,1,12,3000,3,4,4 BHK Apartment ,1,Boat Club Road,38500000,12833
0,3,0,0,1,0,6,3475,2,4,4 BHK Villa ,0,Wagholi,17400000,5007
0,3,0,0,1,0,3,955,2,2,2 BHK Villa ,0,Viman Nagar,10000000,10471
0,3,0,0,1,0,3,2200,2,3,3 BHK Villa ,0,Viman Nagar,15500000,7045
0,2,1,1,1,0,11,2000,2,4,4 BHK Villa ,0,Koregaon Park,40000000,20000
0,3,0,1,1,0,6,1400,2,3,3 BHK Villa ,0,Koregaon Park,22500000,16071
0,2,2,1,1,0,16,3200,2,4,4 BHK Villa ,0,Koregaon Park,52500000,16406
0,3,2,1,1,0,6,3000,2,3,3 BHK Villa ,0,Kalyani Nagar,41100000,13700
1,3,3,1,1,0,2,1800,2,3,3 BHK Villa ,0,Viman Nagar,11500000,6388
0,2,0,1,1,0,16,1500,2,3,3 BHK Villa ,0,Kharadi,10000000,6666
0,3,0,1,1,0,11,2680,2,4,4 BHK Villa ,0,Kalyani Nagar,32500000,12126
0,3,0,1,1,0,11,2600,2,3,3 BHK Villa ,0,Kharadi,17000000,6538
0,3,0,1,1,0,2,3208,2,3,3 BHK Villa ,0,Wagholi,14800000,4613
0,2,0,1,1,0,6,2550,2,3,3 BHK Villa ,0,Kharadi,19000000,7450
0,2,2,1,1,0,11,3500,2,3,3 BHK Villa ,0,Kalyani Nagar,50000000,14285
0,2,0,1,1,0,11,2780,2,3,3 BHK Villa ,0,Kalyani Nagar,35000000,12589
0,2,1,1,1,0,6,4800,2,5,5 BHK Villa ,0,Kalyani Nagar,55000000,11458
0,3,0,1,1,0,11,2750,2,4,4 BHK Villa ,0,Viman Nagar,20000000,7272
0,2,1,1,1,0,11,4100,2,4,4 BHK Villa ,0,Kalyani Nagar,45000000,10975
0,3,1,1,1,0,6,2100,2,3,3 BHK Villa ,0,Kalyani Nagar,25000000,11904
0,3,0,1,1,0,2,2000,2,3,3 BHK Villa ,0,Wagholi,10300000,5150
0,2,1,1,1,0,11,1200,2,3,3 BHK Villa ,0,Kalyani Nagar,14000000,11666
0,3,0,1,1,0,2,3000,2,3,3 BHK Villa ,0,Wagholi,20000000,6666
0,3,2,1,1,0,11,1300,2,2,2 BHK Villa ,0,Viman Nagar,7800000,6000
0,3,0,1,1,0,11,1500,2,2,2 BHK Villa ,0,Koregaon Park,15000000,10000
0,3,0,1,1,0,11,2210,2,4,4 BHK Villa ,0,Koregaon Park,21500000,9728
0,3,0,0,1,0,2,4000,2,5,5 BHK Villa ,0,Koregaon Park,62500000,15625
0,3,0,1,1,0,6,1940,2,3,3 BHK Apartment ,7,Kalyani Nagar,25000000,12886
0,3,0,1,1,0,6,2300,2,4,3 BHK Apartment ,4,Kalyani Nagar,35000000,15217
0,3,0,1,1,0,6,2850,2,4,4 BHK Apartment ,6,Kalyani Nagar,47500000,16666
0,3,0,1,0,0,6,2800,3,5,4 BHK Apartment ,4,Kalyani Nagar,52500000,18750
0,3,0,1,0,0,10,550,2,2,1 BHK Apartment ,4,Koregaon Park,5250000,9545
0,3,1,0,1,1,6,1800,2,3,3 BHK Apartment ,1,Boat Club Road,50000000,27777
0,3,0,1,1,0,11,2580,2,4,4 BHK Apartment ,1,Koregaon Park,30000000,11627
0,3,0,1,1,0,6,1850,2,3,3 BHK Apartment ,1,Koregaon Park,22000000,11891
0,3,0,1,1,0,6,2505,2,4,4 BHK Apartment ,1,Sangamvadi,32500000,12974
0,3,2,1,1,0,6,4595,2,4,4 BHK Apartment ,1,Sangamvadi,100000000,21762
0,3,2,1,1,0,11,3600,2,4,4 BHK Apartment ,3,Kalyani Nagar,50000000,13888
0,3,0,1,1,0,6,1450,2,3,3 BHK Apartment ,0,Kalyani Nagar,12000000,8275
0,3,0,1,1,0,6,1660,2,3,3 BHK Apartment ,1,Kalyani Nagar,14500000,8734
0,3,1,1,1,0,6,1720,2,3,3 BHK Apartment ,0,Viman Nagar,13000000,7558
0,3,0,1,1,0,11,550,2,1,1 BHK Apartment ,1,Viman Nagar,5000000,9090
0,3,0,1,1,0,6,650,2,1,1 BHK Apartment ,1,Wagholi,3500000,5384
0,3,1,1,1,0,21,2160,2,3,3 BHK Apartment ,1,Sangamvadi,35000000,16203
0,3,0,0,1,0,6,2805,2,4,4 BHK Apartment ,1,Sangamvadi,44800000,15971
0,3,1,1,1,0,6,1990,2,3,3 BHK Apartment ,1,Kalyani Nagar,20900000,10502
0,3,0,1,1,0,6,1432,2,2,2 BHK Apartment ,0,Kharadi,12000000,8379
0,3,2,1,1,0,11,1150,2,2,2 BHK Apartment ,1,Koregaon Park,10200000,8869
0,3,1,1,1,0,6,4355,2,4,4 BHK Villa ,0,Kharadi,32700000,7508
0,0,1,0,1,0,11,1200,2,2,2 BHK Villa ,0,Kharadi,8400000,7000
0,3,1,0,1,0,21,1650,2,2,2 BHK Villa ,0,Koregaon Park,17000000,10303
0,2,2,1,1,0,16,1400,2,2,2 BHK Villa ,0,Koregaon Park,19000000,13571
0,3,0,1,1,0,1,558,2,1,1 BHK Apartment ,1,Wagholi,3000000,5376
0,3,0,1,1,0,1,833,2,2,2 BHK Apartment ,6,Wagholi,3400000,4081
0,3,0,1,1,0,4,990,2,2,2 BHK Apartment ,8,Wagholi,4800000,4848
0,3,0,1,1,0,6,950,2,2,2 BHK Apartment ,1,Kharadi,6900000,7263
0,3,0,1,1,0,6,1100,1,2,2 BHK Apartment ,7,Koregaon Park,8500000,7727
0,3,0,1,1,0,11,1550,2,2,2 BHK Apartment ,4,Kalyani Nagar,17000000,10967
0,3,0,1,1,0,2,1590,2,2,2 BHK Apartment ,6,Koregaon Park,19700000,12389
0,3,0,1,1,0,1,1500,1,2,2 BHK Apartment ,5,Viman Nagar,5800000,3866
0,3,0,1,1,0,1,851,2,2,2 BHK Apartment ,7,Wagholi,4700000,5522
0,3,0,1,1,0,4,571,2,1,1 BHK Apartment ,1,Wagholi,3000000,5253
0,3,0,1,1,0,5,1500,2,2,2 BHK Apartment ,1,Kharadi,12400000,8266
0,3,0,1,1,0,11,2665,2,3,3 BHK Apartment ,5,Boat Club Road,35000000,13133
0,3,1,1,1,0,2,2900,2,3,3 BHK Apartment ,12,Kharadi,19000000,6551
0,3,0,0,1,0,11,1900,2,3,3 BHK Villa ,0,Kharadi,21000000,11052
0,3,0,1,1,0,6,1700,2,3,3 BHK Apartment ,7,Wadgaon Sheri,13000000,7647
0,3,0,1,1,0,1,1565,2,3,3 BHK Apartment ,7,Wagholi,7600000,4856
0,3,1,1,1,0,6,4200,2,4,4 BHK Apartment ,4,Sangamvadi,65100000,15500
0,3,0,1,1,0,11,1800,2,3,3 BHK Apartment ,1,Sangamvadi,25000000,13888
0,3,0,1,1,0,11,2008,2,3,3 BHK Villa ,0,Viman Nagar,15500000,7719
0,3,1,1,1,0,6,3700,2,4,4 BHK Villa ,0,Kharadi,32300000,8729
0,2,2,1,1,0,21,2500,2,4,4 BHK Villa ,0,Koregaon Park,30000000,12000
0,2,0,1,1,0,11,6000,2,5,5 BHK Villa ,0,Kalyani Nagar,70000000,11666
0,2,0,1,1,0,2,3500,2,4,4 BHK Villa ,0,Kharadi,30000000,8571
0,2,1,1,1,0,11,1500,2,3,3 BHK Villa ,0,Koregaon Park,20000000,13333
0,3,1,1,1,0,11,1830,2,3,3 BHK Villa ,0,Koregaon Park,22000000,12021
0,3,1,1,1,0,11,2200,2,5,5 BHK Villa ,0,Kalyani Nagar,27500000,12500
1,3,3,1,1,0,11,2200,2,3,3 BHK Villa ,0,Shastri Nagar,13800000,6272
1,3,3,1,1,0,21,1200,2,2,2 BHK Villa ,0,Kalyani Nagar,9000000,7500
1,3,3,1,1,0,6,3395,2,4,4 BHK Villa ,0,Kharadi,18700000,5508
0,3,0,0,1,0,11,3000,2,4,4 BHK Villa ,0,Koregaon Park,43000000,14333
0,3,0,1,1,0,11,2175,2,3,3 BHK Villa ,0,Koregaon Park,30000000,13793
0,3,1,1,1,0,11,2200,2,5,5 BHK Villa ,0,Kalyani Nagar,27500000,12500
0,3,0,0,1,0,16,1700,2,4,4 BHK Villa ,0,Wagholi,6800000,4000
0,3,1,0,1,0,16,3000,2,4,4 BHK Villa ,0,Kalyani Nagar,50000000,16666
0,3,0,1,1,0,11,3200,2,5,5 BHK Villa ,0,Koregaon Park,46000000,14375
0,3,0,1,1,0,11,4500,2,5,5 BHK Villa ,0,Koregaon Park,40000000,8888
1,3,3,1,1,0,11,2400,2,4,4 BHK Villa ,0,Viman Nagar,15000000,6250
1,3,3,1,1,0,11,2750,2,5,5 BHK Villa ,0,Viman Nagar,17200000,6254
1,3,3,1,1,0,6,3000,2,3,3 BHK Villa ,0,Wagholi,20000000,6666
1,3,3,1,1,0,11,676,2,1,1 BHK Villa ,0,Viman Nagar,4800000,7100
0,3,0,0,1,0,6,3000,2,3,3 BHK Villa ,0,Wagholi,20000000,6666
1,3,3,1,1,0,16,5200,2,5,5 BHK Villa ,0,Koregaon Park,100000000,19230
1,3,3,1,1,0,16,1100,2,2,2 BHK Villa ,0,Koregaon Park,11500000,10454
0,3,1,1,1,0,16,2600,2,4,4 BHK Villa ,0,Koregaon Park,32500000,12500
0,3,0,1,1,0,6,1900,2,3,3 BHK Villa ,0,Viman Nagar,14500000,7631
0,3,0,1,1,0,11,3200,2,3,3 BHK Villa ,0,Kalyani Nagar,32000000,10000
0,2,1,1,1,0,11,2300,2,3,3 BHK Villa ,0,Kharadi,11000000,4782
0,3,1,1,1,0,11,5200,2,5,5 BHK Villa ,0,Koregaon Park,100000000,19230
0,3,1,1,1,0,11,1806,2,3,3 BHK Villa ,0,Kalyani Nagar,20000000,11074
0,2,0,1,1,0,2,3100,2,3,3 BHK Villa ,0,Kalyani Nagar,46500000,15000
0,2,0,1,1,0,11,2200,2,3,3 BHK Villa ,0,Viman Nagar,15500000,7045
0,3,1,1,1,0,2,3550,2,4,4 BHK Villa ,0,Kalyani Nagar,45000000,12676
0,3,0,1,1,0,11,3300,2,4,4 BHK Villa ,0,Koregaon Park,39000000,11818
0,3,1,1,1,0,11,2600,2,3,3 BHK Villa ,0,Koregaon Park,35000000,13461
0,3,2,1,1,0,2,2120,2,3,3 BHK Villa ,0,Kharadi,18500000,8726
0,3,0,1,1,0,2,2400,2,3,3 BHK Villa ,0,Kalyani Nagar,32600000,13583
0,3,0,1,1,0,11,800,2,2,2 BHK Villa ,0,Viman Nagar,9500000,11875
0,2,1,1,1,0,11,4250,2,5,5 BHK Villa ,0,Kalyani Nagar,65000000,15294
1,3,3,1,1,0,21,1500,2,3,3 BHK Villa ,0,Kalyani Nagar,15000000,10000
0,3,1,1,1,0,21,1650,2,2,2 BHK Villa ,0,Koregaon Park,17000000,10303
0,3,1,1,1,0,11,3800,2,3,3 BHK Villa ,0,Koregaon Park,45000000,11842
0,3,0,0,1,0,16,2900,2,3,3 BHK Villa ,0,Koregaon Park,30500000,10517
0,2,0,1,1,0,2,1560,2,3,3 BHK Villa ,0,Kalyani Nagar,12100000,7756
0,2,1,1,1,0,21,19000,2,4,4 BHK Villa ,0,Koregaon Park,190000000,10000
0,3,0,1,1,0,2,6500,2,4,4 BHK Villa ,0,Kalyani Nagar,170000000,26153
0,3,1,1,1,0,6,4355,2,4,4 BHK Villa ,0,Kharadi,32700000,7508
0,3,0,1,1,0,16,6000,2,5,5 BHK Villa ,0,Koregaon Park,80000000,13333
0,3,1,1,1,0,11,2000,2,3,3 BHK Villa ,0,Koregaon Park,35000000,17500
0,2,1,1,1,0,11,3707,2,4,4 BHK Villa ,0,Kharadi,37500000,10115
0,3,2,0,1,0,11,1400,2,2,2 BHK Villa ,0,Koregaon Park,19000000,13571
0,3,0,0,1,0,6,2200,2,3,3 BHK Villa ,0,Viman Nagar,14000000,6363
0,3,0,1,1,0,11,3500,2,5,5 BHK Villa ,0,Viman Nagar,45000000,12857
0,3,0,1,1,0,6,1910,2,3,3 BHK Villa ,0,Kharadi,21000000,10994
0,2,2,1,1,0,21,1950,2,3,3 BHK Villa ,0,Koregaon Park,23000000,11794
0,2,1,1,1,0,6,2550,2,3,3 BHK Villa ,0,Kharadi,19000000,7450
0,3,0,1,1,0,2,4080,2,4,4 BHK Villa ,0,Kalyani Nagar,71000000,17401
0,3,1,0,1,0,11,2380,2,3,3 BHK Villa ,0,Kharadi,25000000,10504
0,3,0,0,1,0,6,3800,2,3,3 BHK Villa ,0,Wagholi,20000000,5263
0,3,0,1,1,0,21,1700,2,4,4 BHK Villa ,0,Kalyani Nagar,40000000,23529
0,2,1,0,1,0,6,3700,2,3,3 BHK Villa ,0,Wagholi,15000000,4054
0,2,2,1,1,0,21,1400,2,2,2 BHK Villa ,0,Koregaon Park,19000000,13571
0,3,1,1,1,0,2,1850,2,3,3 BHK Villa ,0,Kalyani Nagar,28000000,15135
0,3,0,1,1,0,6,3300,2,4,4 BHK Villa ,0,Koregaon Park,47000000,14242
0,2,0,0,1,0,11,1300,2,2,2 BHK Villa ,0,Viman Nagar,10000000,7692
0,3,0,1,1,0,16,955,2,2,2 BHK Villa ,0,Viman Nagar,10100000,10575
0,3,2,1,1,0,11,3500,2,4,4 BHK Villa ,0,Koregaon Park,44000000,12571
0,3,0,1,1,0,11,2373,2,4,4 BHK Villa ,0,Koregaon Park,26000000,10956
0,3,0,1,1,0,11,2000,2,3,3 BHK Villa ,0,Kharadi,12000000,6000
0,2,0,1,1,0,16,3960,2,5,5 BHK Villa ,0,Kalyani Nagar,50000000,12626
0,3,0,1,1,0,6,1786,2,3,3 BHK Villa ,0,Viman Nagar,14000000,7838
0,2,0,1,1,0,11,2700,2,5,5 BHK Villa ,0,Kharadi,15700000,5814
0,3,1,1,1,0,11,1160,2,2,2 BHK Villa ,0,Koregaon Park,15000000,12931
0,2,1,1,1,0,16,2500,2,4,4 BHK Villa ,0,Kalyani Nagar,36000000,14400
0,3,1,1,1,0,2,1900,2,3,3 BHK Villa ,0,Koregaon Park,25000000,13157
0,2,0,1,1,0,6,3700,2,4,4 BHK Villa ,0,Kharadi,25000000,6756
0,2,0,1,1,0,2,3500,2,3,3 BHK Villa ,0,Kalyani Nagar,40000000,11428
0,3,0,1,1,0,6,1080,2,2,2 BHK Villa ,0,Kalyani Nagar,10900000,10092
0,2,0,1,1,0,16,1600,2,3,3 BHK Villa ,0,Kalyani Nagar,14000000,8750
0,3,0,0,1,0,6,1786,2,2,2 BHK Villa ,0,Viman Nagar,12500000,6998
0,3,2,1,1,0,6,2500,2,3,3 BHK Apartment ,4,Sangamvadi,34200000,13680
0,3,2,1,1,0,6,2050,2,3,3 BHK Apartment ,3,Sangamvadi,37500000,18292
0,3,2,1,1,0,6,2500,2,3,3 BHK Apartment ,8,Sangamvadi,34000000,13600
0,3,1,1,1,0,11,2500,2,4,4 BHK Apartment ,8,Sangamvadi,32500000,13000
0,3,0,1,1,0,2,620,2,1,1 BHK Apartment ,3,Kharadi,4500000,7258
0,3,0,1,1,0,2,3858,2,4,4 BHK Apartment ,8,Hadapsar,42500000,11016
0,3,1,1,1,0,2,6500,2,5,5 BHK Apartment ,1,Hadapsar,49500000,7615
0,3,0,1,1,0,2,4618,2,4,4 BHK Apartment ,15,Hadapsar,53000000,11476
0,3,0,1,1,0,6,4800,2,4,4 BHK Apartment ,4,Hadapsar,32500000,6770
0,3,0,1,1,0,6,4250,2,4,4 BHK Apartment ,2,Hadapsar,35000000,8235
0,3,0,1,1,0,6,2200,2,4,4 BHK Apartment ,7,Wadgaon Sheri,17000000,7727
0,3,0,1,1,0,6,2300,2,4,4 BHK Apartment ,10,Wadgaon Sheri,18000000,7826
0,3,0,0,1,0,6,1850,2,3,3 BHK Villa ,0,Kalyani Nagar,28000000,15135
0,3,2,0,1,0,16,4100,2,4,4 BHK Villa ,0,Kalyani Nagar,45000000,10975
0,3,2,0,1,0,11,2800,2,3,3 BHK Villa ,0,Kalyani Nagar,25000000,8928
0,3,0,1,1,0,11,2500,2,3,3 BHK Villa ,0,Viman Nagar,19000000,7600
0,3,0,0,1,0,6,1786,2,3,3 BHK Villa ,0,Viman Nagar,15200000,8510
0,2,0,1,1,0,16,4000,2,5,5 BHK Villa ,0,Viman Nagar,34000000,8500
0,2,0,1,1,0,3,1600,2,3,3 BHK Villa ,0,Viman Nagar,30100000,18812
0,3,2,0,1,0,6,4285,2,4,4 BHK Villa ,0,Wagholi,24000000,5600
0,3,0,0,1,0,3,4250,2,4,4 BHK Villa ,0,Wagholi,23400000,5505
0,3,0,1,1,0,11,3341,2,4,4 BHK Apartment ,1,Koregaon Park,60000000,17958
0,3,1,1,1,0,11,1425,2,3,3 BHK Apartment ,0,Koregaon Park,17500000,12280
0,3,0,1,1,0,6,1807,2,3,3 BHK Apartment ,0,Koregaon Park,27500000,15218
0,3,0,1,1,0,6,5695,2,4,4 BHK Apartment ,0,Viman Nagar,56900000,9991
1,3,3,1,1,0,6,1610,2,3,3 BHK Apartment ,1,Wadgaon Sheri,11100000,6894
0,3,1,1,1,0,6,1990,2,3,3 BHK Apartment ,1,Kalyani Nagar,20900000,10502
0,3,1,1,1,0,6,2350,2,3,3 BHK Apartment ,0,Kalyani Nagar,36000000,15319
0,3,1,1,1,0,11,2800,2,4,4 BHK Apartment ,3,Kalyani Nagar,32000000,11428
0,3,1,1,1,0,11,2425,2,4,4 BHK Apartment ,0,Kalyani Nagar,30000000,12371
0,3,0,1,1,0,2,2800,2,3,3 BHK Apartment ,8,Pimple Saudagar,30000000,10714
0,3,0,1,1,0,2,2625,2,4,4 BHK Apartment ,3,Wagholi,9800000,3733
0,3,0,1,1,0,11,1350,1,3,3 BHK Apartment ,6,Viman Nagar,15300000,11333
0,3,0,1,1,0,6,1450,2,3,3 BHK Apartment ,6,Viman Nagar,13000000,8965
0,3,0,1,1,0,1,1217,1,2,2 BHK Apartment ,4,Kalyani Nagar,9500000,7806
0,3,0,1,1,0,2,680,2,1,1 BHK Apartment ,7,Wagholi,3200000,4705
0,3,0,0,1,0,9,740,2,2,2 BHK Apartment ,1,Wagholi,4000000,5405
0,3,0,1,1,0,3,600,1,1,1 BHK Apartment ,1,Wagholi,3400000,5666
0,3,0,1,1,0,2,828,2,2,2 BHK Apartment ,5,Wagholi,4000000,4830
0,3,0,1,1,0,11,2650,2,4,4 BHK Apartment ,6,Koregaon Park,40000000,15094
0,3,0,1,1,0,9,835,2,2,2 BHK Apartment ,1,Yerawada,5800000,6946
0,3,0,1,1,0,4,1000,2,2,2 BHK Apartment ,10,Wagholi,4500000,4500
0,3,0,1,1,0,1,945,2,2,2 BHK Apartment ,10,Wagholi,5200000,5502
0,3,0,1,1,0,6,5700,2,4,4 BHK Apartment ,6,Viman Nagar,57000000,10000
1,3,3,1,1,0,2,5500,2,5,5 BHK Apartment ,3,Viman Nagar,60000000,10909
0,3,2,1,1,0,6,1700,2,3,3 BHK Apartment ,3,Viman Nagar,19000000,11176
0,3,0,1,1,0,6,1225,2,2,2 BHK Apartment ,1,Yerawada,12000000,9795
0,3,0,1,1,0,6,7500,2,5,5 BHK Apartment ,18,Koregaon Park,140000000,18666
0,3,1,1,1,0,11,5265,2,5,5 BHK Apartment ,10,Koregaon Park,100000000,18993
0,3,2,1,1,0,6,5850,2,5,5 BHK Apartment ,6,Mundhwa,70000000,11965
0,3,1,1,1,0,0,5245,2,5,5 BHK Apartment ,4,Koregaon Park,81300000,15500
0,3,2,1,1,0,11,3887,2,4,4 BHK Apartment ,10,Koregaon Park,47300000,12168
0,3,1,1,1,0,0,3855,2,4,4 BHK Apartment ,8,Koregaon Park,59700000,15486
0,3,2,1,1,0,21,3000,2,5,5 BHK Apartment ,0,Koregaon Park,45000000,15000
0,3,1,1,1,0,21,2400,2,4,4 BHK Apartment ,5,Koregaon Park,34000000,14166
0,3,2,1,1,0,11,2615,2,4,4 BHK Apartment ,6,Koregaon Park,38500000,14722
0,3,1,1,1,0,6,3000,2,5,5 BHK Apartment ,11,Koregaon Park,41900000,13966
0,3,1,1,1,0,11,1875,2,3,3 BHK Apartment ,4,Koregaon Park,24500000,13066
0,3,1,1,1,0,11,2345,2,3,3 BHK Apartment ,1,Koregaon Park,32000000,13646
0,3,2,1,1,0,11,1800,2,3,3 BHK Apartment ,10,Koregaon Park,25200000,14000
0,3,1,1,1,0,2,1625,2,3,3 BHK Apartment ,2,Viman Nagar,11500000,7076
0,3,0,0,1,0,11,2250,2,3,3 BHK Villa ,0,Viman Nagar,14000000,6222
0,3,2,0,1,0,11,3118,2,4,4 BHK Villa ,0,Koregaon Park,41000000,13149
0,3,0,0,1,0,11,3500,2,4,4 BHK Villa ,0,Kharadi,36000000,10285
0,3,0,1,1,0,6,829,2,2,2 BHK Apartment ,2,Wagholi,4199714,5066
0,3,0,1,1,0,6,805,2,1,1 BHK Apartment ,4,Wagholi,4099865,5093
0,3,0,1,1,0,6,990,2,2,2 BHK Apartment ,6,Wagholi,4799520,4848
0,3,0,1,1,0,6,1470,2,2,2 BHK Apartment ,9,Hadapsar,10498740,7142
0,3,2,1,1,0,16,2165,2,3,3 BHK Apartment ,6,Koregaon Park,17000000,7852
0,3,1,1,1,0,16,1650,2,3,3 BHK Apartment ,4,Koregaon Park,19500000,11818
0,3,0,1,1,0,11,3400,2,4,4 BHK Apartment ,10,Kalyani Nagar,31000000,9117
0,3,2,1,1,0,11,1385,2,2,2 BHK Apartment ,4,Kalyani Nagar,13000000,9386
0,3,1,1,1,0,11,1500,2,4,4 BHK Apartment ,7,Wadgaon Sheri,16500000,11000
0,3,1,1,1,0,6,1805,2,3,3 BHK Apartment ,6,Kalyani Nagar,20000000,11080
0,3,1,1,1,0,16,1935,2,3,3 BHK Apartment ,6,Kalyani Nagar,23500000,12144
0,3,1,1,1,0,6,4800,2,5,5 BHK Apartment ,6,Sangamvadi,100000000,20833
0,3,2,1,1,0,6,1800,2,3,3 BHK Apartment ,0,Sangamvadi,42500000,23611
0,3,2,1,1,0,2,4100,2,4,4 BHK Apartment ,4,Sangamvadi,60000000,14634
0,3,1,1,1,0,11,4300,2,4,4 BHK Apartment ,2,Sangamvadi,65200000,15162
0,3,0,1,1,0,6,4058,2,4,4 BHK Apartment ,10,Sangamvadi,72800000,17939
0,3,2,1,1,0,2,1280,2,2,2 BHK Apartment ,2,Koregaon Park,12500000,9765
0,3,2,1,1,0,2,1570,2,2,2 BHK Apartment ,3,Viman Nagar,10000000,6369
0,3,1,1,1,0,11,2860,2,5,5 BHK Apartment ,6,Kalyani Nagar,44000000,15384
0,3,2,1,1,0,11,2850,2,4,4 BHK Apartment ,9,Kalyani Nagar,46000000,16140
0,2,1,1,1,0,16,1675,2,2,2 BHK Apartment ,5,Kalyani Nagar,16000000,9552
0,3,1,1,1,0,11,3400,2,5,5 BHK Apartment ,10,Kalyani Nagar,32500000,9558
0,3,0,1,1,0,11,1500,2,3,3 BHK Villa ,5,Kharadi,8200000,5466
0,3,2,0,1,0,11,1300,2,2,2 BHK Villa ,0,Viman Nagar,7800000,6000
0,3,0,1,1,0,21,621,1,1,1 BHK Apartment ,4,Boat Club Road,7000000,11272
0,3,0,0,1,0,6,3475,2,3,3 BHK Villa ,0,Wagholi,16000000,4604
0,3,0,0,1,0,11,2750,2,4,4 BHK Villa ,0,Viman Nagar,20000000,7272
0,3,1,0,1,0,16,2150,2,3,3 BHK Villa ,0,Viman Nagar,25000000,11627
0,3,2,1,1,0,6,2100,2,3,3 BHK Villa ,0,Wagholi,9800000,4666
0,3,2,1,1,1,10,1300,2,2,2 BHK Apartment ,7,Kalyani Nagar,16000000,12307
0,3,0,1,1,0,4,4600,2,5,4 BHK Apartment ,3,Hadapsar,37000000,8043
0,3,2,1,1,1,19,959,2,2,2 BHK Apartment ,1,Boat Club Road,15000000,15641
1,3,3,1,1,0,6,700,2,2,2 BHK Villa ,0,Kharadi,8000000,11428
0,3,1,0,1,0,21,1500,2,2,2 BHK Villa ,0,Viman Nagar,11000000,7333
0,3,0,0,1,0,11,1375,2,2,2 BHK Villa ,0,Viman Nagar,11500000,8363
0,3,0,1,1,0,2,1200,2,2,2 BHK Apartment ,1,Kharadi,6500000,5416
0,3,0,1,1,0,2,1050,2,2,2 BHK Apartment ,1,Viman Nagar,6800000,6476
0,3,0,1,1,0,2,900,2,2,2 BHK Apartment ,3,Viman Nagar,7100000,7888
0,3,1,1,1,0,2,1165,2,3,3 BHK Apartment ,3,Viman Nagar,13000000,11158
0,3,0,1,1,0,2,1160,2,2,2 BHK Apartment ,2,Viman Nagar,7600000,6551
0,3,0,1,1,0,2,1600,2,2,2 BHK Apartment ,3,Viman Nagar,9000000,5625
0,3,0,1,0,0,2,1265,2,2,2 BHK Apartment ,0,Kharadi,6940000,5486
0,3,1,1,1,0,2,1025,2,2,2 BHK Apartment ,5,Viman Nagar,7300000,7121
0,3,0,1,1,0,2,1184,2,2,2 BHK Apartment ,3,Viman Nagar,9000000,7601
0,3,0,1,1,0,2,670,2,1,1 BHK Apartment ,1,Yerawada,5100000,7611
0,3,0,1,1,0,2,1250,2,2,2 BHK Apartment ,1,Kalyani Nagar,12000000,9600
0,3,2,1,1,0,2,1098,2,2,2 BHK Apartment ,0,Wagholi,4060000,3697
0,3,0,1,1,0,2,1385,2,2,2 BHK Apartment ,2,Viman Nagar,11000000,7942
0,3,2,1,1,0,2,1115,2,2,2 BHK Apartment ,0,Wagholi,4130000,3704
0,3,0,1,1,0,2,1486,2,3,3 BHK Apartment ,2,Kharadi,10000000,6729
0,3,0,1,1,0,2,3725,2,4,4 BHK Apartment ,2,Viman Nagar,30000000,8053
0,3,0,1,0,0,2,1520,2,3,3 BHK Apartment ,3,Kharadi,8340000,5486
0,3,0,1,1,0,2,1550,2,3,3 BHK Apartment ,4,Wagholi,7150000,4612
0,3,0,1,1,0,2,1225,2,2,2 BHK Apartment ,3,Wagholi,5900000,4816
0,3,1,1,1,0,2,1510,2,3,3 BHK Apartment ,9,Kharadi,10000000,6622
0,3,2,1,1,0,2,7600,2,5,5 BHK Apartment ,6,Koregaon Park,152000000,20000
0,3,0,1,1,0,2,1843,2,3,3 BHK Apartment ,9,Koregaon Park,22000000,11937
0,3,0,1,1,0,2,1300,2,3,3 BHK Apartment ,7,Kharadi,7700000,5923
0,3,1,1,1,0,2,1530,2,3,3 BHK Apartment ,6,Kalyani Nagar,13000000,8496
0,3,0,1,1,0,2,1075,2,2,2 BHK Apartment ,12,Kalyani Nagar,8000000,7441
0,3,0,1,1,0,2,2595,2,4,4 BHK Apartment ,0,Kharadi,17400000,6705
0,3,0,1,1,0,2,1080,2,2,2 BHK Apartment ,12,Kalyani Nagar,7900000,7314
0,3,0,1,1,0,2,1355,2,2,2 BHK Apartment ,1,Kharadi,9000000,6642
0,3,1,1,1,0,2,2750,2,4,4 BHK Apartment ,8,Kharadi,17500000,6363
0,3,0,1,1,0,2,1600,2,3,3 BHK Apartment ,7,Kharadi,9800000,6125
0,3,0,1,1,0,2,2015,2,3,3 BHK Apartment ,6,Kharadi,13500000,6699
0,3,1,1,1,0,2,1935,2,4,3 BHK Apartment ,11,Kharadi,12000000,6201
0,3,0,1,1,0,2,1200,2,2,2 BHK Apartment ,6,Kharadi,7500000,6250
0,3,0,1,1,0,2,1034,2,2,2 BHK Apartment ,6,Viman Nagar,7500000,7253
0,3,0,1,1,0,2,1901,2,3,3 BHK Apartment ,6,Kharadi,12500000,6575
0,3,0,1,1,0,2,1435,2,2,2 BHK Apartment ,2,Mundhwa,11000000,7665
0,3,0,1,1,0,2,1800,2,3,3 BHK Apartment ,1,Koregaon Park,19000000,10555
0,3,0,0,1,0,2,1050,2,2,2 BHK Apartment ,3,Kharadi,5400000,5142
0,3,0,1,1,0,2,1380,2,3,3 BHK Apartment ,1,Kalyani Nagar,11000000,7971
0,3,0,1,1,0,2,1650,2,3,3 BHK Apartment ,7,Kharadi,10500000,6363
0,3,0,1,1,0,2,1369,2,3,3 BHK Apartment ,11,Kalyani Nagar,12000000,8765
0,3,0,1,1,0,2,1600,2,3,3 BHK Apartment ,7,Kharadi,9800000,6125
0,3,0,1,1,0,2,1895,2,3,3 BHK Apartment ,3,Kharadi,11400000,6015
0,3,0,1,1,0,2,1601,2,3,3 BHK Apartment ,6,Kharadi,9900000,6183
0,3,0,0,1,0,2,1081,2,2,2 BHK Apartment ,6,Kharadi,6200000,5735
0,3,0,1,1,0,2,1150,2,2,2 BHK Apartment ,4,Kharadi,7500000,6521
1,3,3,1,1,0,16,2500,2,2,2 BHK Villa ,0,Kalyani Nagar,25000000,10000
0,3,0,1,1,0,6,5700,2,5,5 BHK Apartment ,10,Viman Nagar,57000000,10000
0,3,2,1,1,0,11,1160,2,2,2 BHK Apartment ,4,Yerawada,9000000,7758
0,3,1,1,1,0,6,907,2,1,1 BHK Apartment ,5,Viman Nagar,6700000,7386
0,3,0,1,1,0,6,1100,2,2,2 BHK Apartment ,2,Viman Nagar,10000000,9090
0,3,0,1,1,0,11,1435,2,2,2 BHK Apartment ,3,Mundhwa,12200000,8501
0,3,1,0,1,0,11,3500,2,5,4 BHK Villa ,0,Koregaon Park,45000000,12857
0,3,0,1,1,0,6,630,2,1,1 BHK Apartment ,5,Wagholi,3400000,5396
0,3,0,1,1,0,6,1470,2,2,2 BHK Apartment ,9,Hadapsar,10500000,7142
0,3,1,1,1,0,6,4800,2,4,4 BHK Apartment ,7,Hadapsar,31000000,6458
0,2,1,1,1,0,11,1780,2,3,3 BHK Apartment ,4,Viman Nagar,14500000,8146
0,3,0,1,1,0,6,801,2,1,1 BHK Apartment ,11,Wagholi,4000000,4993
0,3,0,1,1,0,6,635,2,1,1 BHK Apartment ,8,Wagholi,2900000,4566
1,3,3,1,1,0,6,1125,2,2,2 BHK Apartment ,1,Kharadi,10400000,9244
0,2,1,1,1,0,6,3050,2,4,4 BHK Apartment ,10,Kalyani Nagar,39000000,12786
0,3,0,0,1,0,16,1800,2,3,3 BHK Villa ,0,Viman Nagar,14000000,7777
0,2,1,0,1,0,6,2602,2,3,3 BHK Villa ,0,Viman Nagar,18000000,6917
0,3,0,0,1,0,6,2200,2,3,3 BHK Villa ,0,Wagholi,10500000,4772
0,2,1,0,1,0,11,1800,2,3,3 BHK Villa ,0,Kharadi,16000000,8888
0,3,0,0,1,0,11,3118,2,4,4 BHK Villa ,0,Koregaon Park,41000000,13149
0,3,0,1,1,0,6,920,2,2,2 BHK Apartment ,1,Wagholi,6000000,6521
0,2,1,0,1,0,11,3500,2,5,4 BHK Villa ,0,Koregaon Park,45000000,12857
0,3,0,0,1,0,2,3665,2,4,4 BHK Villa ,0,Kalyani Nagar,50000000,13642
0,3,2,0,1,0,11,4000,2,4,4 BHK Villa ,0,Kalyani Nagar,62000000,15500
0,3,0,0,1,0,2,2385,2,3,3 BHK Villa ,0,Kharadi,11000000,4612
0,3,0,1,1,0,6,1765,2,3,3 BHK Apartment ,3,Hadapsar,13000000,7365
1,3,3,1,1,0,6,1800,2,4,4 BHK Villa ,0,Shastri Nagar,23000000,12777
1,3,3,1,1,0,16,1920,2,3,3 BHK Villa ,0,Viman Nagar,14800000,7708
0,3,0,1,1,0,6,1560,2,2,2 BHK Villa ,0,Wagholi,8900000,5705
1,3,3,1,1,0,6,4000,2,4,4 BHK Villa ,0,Kalyani Nagar,41100000,10275
1,3,3,1,1,0,16,2600,2,4,4 BHK Villa ,0,Koregaon Park,32500000,12500
0,3,0,1,1,0,6,3000,2,3,3 BHK Villa ,0,Wagholi,20000000,6666
0,3,0,1,1,0,6,3000,2,3,3 BHK Villa ,0,Wagholi,20000000,6666
0,2,0,1,1,0,16,1675,2,2,2 BHK Apartment ,5,Kalyani Nagar,16000000,9552
0,3,0,1,1,0,6,3400,2,4,4 BHK Apartment ,10,Kalyani Nagar,26000000,7647
0,3,0,1,1,0,6,850,2,2,2 BHK Apartment ,1,Wagholi,4000000,4705
0,3,1,1,1,0,2,3400,2,4,4 BHK Apartment ,4,Viman Nagar,28000000,8235
0,3,0,1,1,0,6,927,2,2,2 BHK Apartment ,3,Wagholi,4000000,4314
0,3,0,1,1,0,6,604,2,1,1 BHK Apartment ,2,Wagholi,3500000,5794
0,3,2,0,1,0,11,2800,2,3,3 BHK Villa ,0,Kalyani Nagar,25000000,8928
0,3,1,0,1,0,16,3888,2,4,4 BHK Villa ,0,Kalyani Nagar,62500000,16075
0,2,0,0,1,0,11,2600,2,4,4 BHK Villa ,0,Kalyani Nagar,35000000,13461
0,3,1,0,1,0,6,4000,2,4,4 BHK Villa ,0,Kharadi,33000000,8250
0,0,1,0,1,0,21,3200,2,4,4 BHK Villa ,0,Koregaon Park,50000000,15625
0,3,0,1,1,0,6,836,2,2,2 BHK Apartment ,3,Lohegaon,3900000,4665
0,3,1,1,1,1,6,1600,2,3,3 BHK Apartment ,8,Kharadi,9200000,5750
1,3,3,1,1,1,1,1225,2,2,2 BHK Apartment ,1,Hinjewadi,6282600,5128
0,3,0,1,1,0,2,1600,2,3,3 BHK Apartment ,3,Kalyani Nagar,14000000,8750
0,3,0,1,1,0,0,550,2,1,1 BHK Apartment ,2,Kharadi,3300000,6000
0,3,2,1,1,0,11,1300,2,2,2 BHK Villa ,0,Viman Nagar,10000000,7692
0,3,0,1,1,0,11,1610,2,2,2 BHK Villa ,0,Wagholi,6150000,3820
0,3,0,1,1,0,1,2740,2,5,4 BHK Apartment ,10,Kharadi,17500000,6386
0,3,0,1,1,0,9,1290,1,2,3 BHK Apartment ,3,Koregaon Park,11500000,8914
1,2,3,1,1,1,0,4300,2,4,4 BHK Apartment ,10,Kothrud,65300000,15186
0,3,2,1,1,1,10,1300,2,2,2 BHK Apartment ,7,Kalyani Nagar,16000000,12307
1,3,3,1,1,0,16,1405,2,2,2 BHK Apartment ,2,Koregaon Park,15400000,10960
0,2,1,1,1,0,16,1050,2,2,2 BHK Apartment ,7,Koregaon Park,10000000,9523
0,3,0,1,1,0,2,4600,2,4,4 BHK Apartment ,10,Hadapsar,44500000,9673
1,3,3,1,1,0,11,5950,2,5,5 BHK Apartment ,0,Kharadi,57000000,9579
0,3,0,1,1,0,11,2300,2,3,3 BHK Apartment ,5,Viman Nagar,12000000,5217
0,3,1,0,1,0,11,1830,2,3,3 BHK Villa ,0,Koregaon Park,22000000,12021
0,3,0,1,1,0,10,1160,2,2,2 BHK Apartment ,4,Sangamvadi,21000000,18103
1,3,3,1,1,1,8,1200,2,2,2 BHK Apartment ,1,Viman Nagar,9200000,7666
0,3,2,0,1,1,11,3118,3,5,4 BHK Apartment ,3,Koregaon Park,36500000,11706
0,3,0,1,1,0,7,1630,2,3,3 BHK Apartment ,7,Kalyani Nagar,11500000,7055
0,3,2,1,1,1,8,1400,2,3,3 BHK Apartment ,5,Kalyani Nagar,11500000,8214
0,3,2,1,1,1,11,1440,3,3,3 BHK Apartment ,6,Koregaon Park,19000000,13194
1,3,3,1,1,1,0,2740,1,5,4 BHK Apartment ,11,Kharadi,17700000,6459
1,3,3,1,1,0,0,2700,2,4,4 BHK Apartment ,5,Kharadi,19000000,7037
1,3,3,1,1,1,0,2740,3,4,4 BHK Apartment ,5,Kharadi,19100000,6970
1,3,3,1,1,0,0,2745,1,4,4 BHK Apartment ,4,Kharadi,21000000,7650
0,3,0,1,1,0,9,2450,2,4,4 BHK Apartment ,6,Kalyani Nagar,26000000,10612
0,3,0,1,1,0,9,2800,2,4,4 BHK Apartment ,10,Kalyani Nagar,28500000,10178
0,3,2,1,1,1,8,3500,2,4,4 BHK Apartment ,1,Kalyani Nagar,29700000,8485
0,3,2,1,1,1,10,1750,2,3,3 BHK Apartment ,7,Kalyani Nagar,30000000,17142
1,3,3,1,1,0,11,3200,2,4,4 BHK Apartment ,1,Kalyani Nagar,38000000,11875
0,3,2,1,1,1,9,3000,2,4,4 BHK Apartment ,2,Boat Club Road,42000000,14000
0,3,2,1,1,1,9,2850,3,5,4 BHK Apartment ,4,Boat Club Road,44500000,15614
0,3,2,1,1,1,1,2675,1,3,3 BHK Apartment ,7,Boat Club Road,45300000,16934
0,3,0,1,1,0,8,4100,1,4,4 BHK Apartment ,4,Boat Club Road,52500000,12804
0,3,0,1,1,0,12,3250,2,5,4 BHK Apartment ,4,Boat Club Road,55000000,16923
0,3,2,1,1,1,6,4595,2,4,4 BHK Apartment ,2,Boat Club Road,70000000,15233
0,3,0,0,1,0,8,1950,2,4,4 BHK Apartment ,2,Koregaon Park,21500000,11025
0,3,2,0,1,1,9,1350,2,2,2 BHK Apartment ,3,Koregaon Park,13500000,10000
0,3,0,0,1,0,8,1590,2,3,3 BHK Apartment ,3,Koregaon Park,14300000,8993
1,3,3,1,1,0,1,905,2,2,2 BHK Apartment ,2,Wagholi,3801000,4200
1,3,3,1,1,0,1,910,1,2,2 BHK Apartment ,1,Wagholi,3822000,4200
1,3,3,1,1,0,1,1050,2,3,3 BHK Apartment ,2,Wagholi,4410000,4200
1,3,3,1,1,0,1,1060,2,3,3 BHK Apartment ,1,Wagholi,4452000,4200
1,3,3,1,1,0,1,1075,2,3,3 BHK Apartment ,1,Wagholi,4515000,4200
1,3,3,1,1,1,0,1855,2,3,3 BHK Apartment ,3,Kharadi,12200000,6576
0,3,2,1,0,1,12,2250,2,3,3 BHK Apartment ,7,Kharadi,16000000,7111
0,3,1,1,1,1,9,1400,2,3,3 BHK Apartment ,8,Kalyani Nagar,12500000,8928
0,3,2,1,1,1,9,1540,2,3,3 BHK Apartment ,4,Kalyani Nagar,13500000,8766
0,3,2,1,1,1,10,1800,2,3,3 BHK Apartment ,4,Kalyani Nagar,13500000,7500
0,3,0,1,1,0,7,1501,2,3,3 BHK Apartment ,6,Kalyani Nagar,13500000,8994
0,3,0,1,1,0,9,1156,2,2,2 BHK Apartment ,7,Kalyani Nagar,8200000,7093
0,3,0,0,1,0,7,1250,1,2,2 BHK Apartment ,2,Kalyani Nagar,7200000,5760
0,3,0,1,0,0,8,1186,2,3,2 BHK Apartment ,8,Kalyani Nagar,7800000,6576
0,3,2,1,1,0,7,1200,1,2,2 BHK Apartment ,5,Kalyani Nagar,7900000,6583
0,3,0,0,1,0,8,650,1,1,1 BHK Apartment ,2,Kalyani Nagar,6000000,9230
0,3,2,1,1,1,8,650,1,2,1 BHK Apartment ,2,Kalyani Nagar,6500000,10000
0,3,0,0,1,0,9,1100,1,3,2 BHK Apartment ,3,Bund Garden,12500000,11363
0,3,0,1,1,0,6,750,1,2,1 BHK Apartment ,3,Bund Garden,6500000,8666
0,3,2,1,1,1,3,4355,3,5,4 BHK Apartment ,6,Kharadi,24300000,5579
0,3,2,1,1,1,2,2970,2,5,4 BHK Apartment ,6,Kharadi,25100000,8451
0,3,2,0,1,1,11,3118,3,5,4 BHK Apartment ,3,Koregaon Park,36500000,11706
0,3,2,0,1,1,11,3118,3,5,4 BHK Apartment ,3,Koregaon Park,36500000,11706
0,3,2,0,1,1,11,3118,3,5,4 BHK Apartment ,3,Koregaon Park,36500000,11706
0,3,2,0,1,1,11,3118,3,5,4 BHK Apartment ,3,Koregaon Park,36500000,11706
0,3,2,0,1,1,11,3118,3,5,4 BHK Apartment ,3,Koregaon Park,36500000,11706
0,3,2,0,1,1,11,3118,3,5,4 BHK Apartment ,3,Koregaon Park,36500000,11706
0,3,2,0,1,1,11,3118,3,5,4 BHK Apartment ,3,Koregaon Park,36500000,11706
0,3,2,0,1,1,11,3118,3,5,4 BHK Apartment ,3,Koregaon Park,36500000,11706
0,3,2,0,1,1,11,3118,3,5,4 BHK Apartment ,3,Koregaon Park,36500000,11706
0,3,2,0,1,1,11,3118,3,5,4 BHK Apartment ,3,Koregaon Park,36500000,11706
0,3,2,0,1,1,11,3118,3,5,4 BHK Apartment ,3,Koregaon Park,36500000,11706
0,3,2,0,1,1,11,3118,3,5,4 BHK Apartment ,3,Koregaon Park,36500000,11706
0,3,2,0,1,1,11,3118,3,5,4 BHK Apartment ,3,Koregaon Park,36500000,11706
1,3,3,1,1,1,6,4100,2,4,4 BHK Apartment ,7,Koregaon Park,67000000,16341
0,3,0,1,1,0,10,3690,3,5,5 BHK Apartment ,3,Koregaon Park,68000000,18428
1,3,3,1,1,1,7,4240,2,4,4 BHK Apartment ,7,Koregaon Park,68600000,16179
1,3,3,1,1,0,2,1759,3,3,3 BHK Apartment ,1,Viman Nagar,12100000,6878
1,3,3,1,1,0,2,1360,2,3,3 BHK Apartment ,4,Viman Nagar,12300000,9044
0,3,2,1,1,0,3,1625,3,3,3 BHK Apartment ,3,Viman Nagar,13300000,8184
1,3,3,1,1,0,2,1800,2,3,3 BHK Apartment ,2,Viman Nagar,14400000,8000
0,3,2,1,1,1,10,1060,2,2,2 BHK Apartment ,4,Viman Nagar,10400000,9811
1,3,3,0,1,0,6,1682,2,3,3 BHK Apartment ,4,Viman Nagar,11500000,6837
0,3,2,1,1,1,9,3500,3,4,4 BHK Apartment ,9,Koregaon Park,33000000,9428
0,3,2,1,1,1,11,2800,2,4,4 BHK Apartment ,2,Koregaon Park,35000000,12500
0,3,2,1,1,1,8,2800,1,4,4 BHK Apartment ,3,Koregaon Park,35100000,12535
0,3,2,0,1,1,11,3118,3,5,4 BHK Apartment ,3,Koregaon Park,36500000,11706
0,3,2,0,1,1,11,3118,3,5,4 BHK Apartment ,3,Koregaon Park,36500000,11706
0,3,2,0,1,1,11,3118,3,5,4 BHK Apartment ,3,Koregaon Park,36500000,11706
0,3,2,1,1,1,11,1690,1,3,3 BHK Apartment ,2,Viman Nagar,21500000,12721
0,3,2,1,1,1,10,573,1,1,1 BHK Apartment ,4,Viman Nagar,5800000,10122
0,3,0,1,1,0,9,690,1,1,1 BHK Apartment ,4,Viman Nagar,6100000,8840
1,3,3,1,1,1,6,980,1,2,2 BHK Apartment ,3,Viman Nagar,6470000,6602
0,3,2,1,1,1,10,900,1,2,2 BHK Apartment ,5,Viman Nagar,6500000,7222
0,3,2,1,1,1,14,1140,1,2,2 BHK Apartment ,2,Viman Nagar,6600000,5789
0,3,1,0,1,0,12,925,1,2,2 BHK Apartment ,4,Viman Nagar,7500000,8108
0,3,2,1,1,0,12,1050,3,2,2 BHK Apartment ,3,Viman Nagar,7500000,7142
0,3,2,1,1,0,8,1050,1,2,2 BHK Apartment ,4,Viman Nagar,8000000,7619
0,3,0,1,1,0,9,1100,1,2,2 BHK Apartment ,3,Viman Nagar,8100000,7363
0,3,0,1,1,0,8,1255,1,2,2 BHK Apartment ,2,Viman Nagar,8600000,6852
0,3,2,1,1,0,11,1150,2,2,2 BHK Apartment ,7,Viman Nagar,8800000,7652
0,3,0,1,1,0,8,1350,1,2,2 BHK Apartment ,2,Viman Nagar,9100000,6740
0,3,0,1,1,1,5,1040,2,2,2 BHK Apartment ,4,Baner,8100000,7788
0,2,1,0,0,0,11,1100,1,1,2 BHK Apartment ,0,Tingre Nagar,6700000,6090
0,3,1,1,1,0,15,1220,1,2,2 BHK Apartment ,6,Wanowrie,9000000,7377
1,2,3,1,1,0,0,963,2,2,2 BHK Apartment ,1,Hinjewadi,6300000,6542
1,3,3,1,1,0,0,889,2,2,2 BHK Apartment ,2,Wagholi,3811700,4287
0,3,0,0,1,0,10,550,2,1,1 BHK Apartment ,2,Kharadi,3300000,6000
0,3,1,1,1,0,10,1250,1,2,2 BHK Apartment ,2,Koregaon Park,15500000,12400
0,3,0,1,1,0,3,3780,3,4,4 BHK Apartment ,1,Kalyani Nagar,60000000,15873
0,3,0,0,1,0,6,750,2,2,2 BHK Apartment ,3,Wagholi,4000000,5333
0,3,1,1,1,0,5,2145,1,3,3 BHK Apartment ,8,Hadapsar,12500000,5827
0,2,0,1,1,0,5,1435,2,2,2 BHK Apartment ,5,Mundhwa,10000000,6968
0,2,0,1,1,0,10,1885,2,3,3 BHK Apartment ,3,Mundhwa,13500000,7161
0,3,0,1,1,0,5,1968,2,3,3 BHK Apartment ,2,Kalyani Nagar,23600000,11991
0,3,0,1,1,0,21,621,1,1,1 BHK Apartment ,4,Boat Club Road,7000000,11272
0,3,0,1,1,0,13,2000,1,4,3 BHK Apartment ,4,Boat Club Road,22500000,11250
0,3,0,1,1,0,14,2490,2,3,3 BHK Apartment ,5,Kalyani Nagar,18500000,7429
0,3,0,1,1,0,8,3094,1,3,3 BHK Apartment ,5,Koregaon Park,40400000,13057
0,3,0,1,1,0,9,4000,2,4,4 BHK Apartment ,10,Koregaon Park,43300000,10825
0,3,0,1,1,0,5,2700,3,4,4 BHK Apartment ,8,Koregaon Park,28000000,10370
1,3,3,1,1,0,0,2140,1,3,3 BHK Apartment ,3,Baner,20000000,9345
1,3,3,1,1,0,0,1080,1,2,2 BHK Apartment ,5,Hadapsar,6200000,5740
0,3,0,1,1,0,2,5321,2,4,4 BHK Apartment ,10,Koregaon Park,80000000,15034
0,3,0,1,1,0,4,5500,2,5,4 BHK Apartment ,6,Koregaon Park,85000000,15454
0,3,0,1,1,0,4,4000,3,4,4 BHK Apartment ,4,Koregaon Park,69800000,17450
0,3,0,1,1,0,13,3000,1,4,4 BHK Apartment ,1,Boat Club Road,38500000,12833
0,3,0,1,1,0,5,2400,3,4,3 BHK Apartment ,2,Boat Club Road,36000000,15000
0,3,0,1,1,0,7,2500,1,3,3 BHK Apartment ,8,Boat Club Road,34000000,13600
0,3,0,1,1,0,11,2595,2,4,4 BHK Apartment ,6,Kharadi,17400000,6705
1,2,3,1,1,0,11,1250,2,2,2 BHK Apartment ,1,Kharadi,7300000,5840
0,3,2,0,0,0,2,3855,2,4,4 BHK Villa ,0,Kalyani Nagar,45000000,11673
0,3,1,0,1,0,16,2150,2,3,3 BHK Villa ,0,Viman Nagar,25000000,11627
0,3,1,1,1,0,11,610,2,1,1 BHK Apartment ,2,Koregaon Park,6100000,10000
0,3,0,1,1,0,11,1650,2,3,3 BHK Apartment ,1,Viman Nagar,10498950,6363
0,3,2,1,1,0,11,1250,2,3,3 BHK Apartment ,1,Viman Nagar,16000000,12800
0,3,1,0,0,0,16,5200,2,5,5 BHK Villa ,0,Koregaon Park,120000000,23076
0,3,1,0,0,0,11,1160,2,2,2 BHK Villa ,0,Koregaon Park,15000000,12931
0,3,0,1,1,0,3,503,2,1,1 BHK Apartment ,2,Kharadi,3900000,7753
0,3,0,1,1,0,3,918,2,2,2 BHK Apartment ,2,Kharadi,6299316,6862
0,3,0,1,1,0,11,560,2,1,1 BHK Apartment ,1,Koregaon Park,5999840,10714
0,3,1,1,1,0,6,2600,2,3,3 BHK Apartment ,2,Viman Nagar,20000000,7692
0,3,0,1,1,0,3,603,2,1,1 BHK Apartment ,3,Wagholi,3199518,5306
0,3,0,1,1,0,2,1580,2,3,3 BHK Apartment ,7,Kalyani Nagar,12400000,7848
0,3,0,1,1,0,2,5000,2,5,5 BHK Apartment ,2,Kharadi,59000000,11800
0,3,0,1,1,0,2,2500,2,4,4 BHK Apartment ,5,Koregaon Park,39000000,15600
0,3,0,0,1,0,2,3800,2,4,4 BHK Villa ,0,Kalyani Nagar,45000000,11842
1,3,3,1,1,0,11,5100,2,5,5 BHK Apartment ,2,Kharadi,30500000,5980
0,3,0,1,1,0,6,5876,2,4,4 BHK Apartment ,8,Kalyani Nagar,58000000,9870
0,3,0,1,1,0,2,9000,2,4,4 BHK Apartment ,10,Sangamvadi,90000000,10000
0,2,1,1,1,0,16,3388,2,3,3 BHK Apartment ,8,Kalyani Nagar,35000000,10330
1,3,3,1,1,0,11,2500,2,3,3 BHK Apartment ,7,Sangamvadi,37000000,14800
0,3,0,1,1,0,0,8440,2,5,5 BHK Apartment ,6,Sangamvadi,160300000,18992
1,3,3,1,1,0,11,5500,2,5,5 BHK Apartment ,7,Sangamvadi,90000000,16363
1,3,3,1,1,0,6,7890,2,5,5 BHK Apartment ,7,Sangamvadi,130000000,16476
1,3,3,1,1,0,11,2802,2,4,4 BHK Apartment ,5,Sangamvadi,26100000,9314
0,3,1,1,1,0,16,1678,2,2,2 BHK Apartment ,5,Kalyani Nagar,15000000,8939
1,3,3,1,1,0,11,2500,2,3,3 BHK Apartment ,5,Sangamvadi,35000000,14000
0,2,2,1,1,0,6,620,2,1,1 BHK Apartment ,4,Shastri Nagar,5100000,8225
0,3,2,1,1,0,11,1620,2,3,3 BHK Apartment ,1,Viman Nagar,14900000,9197
0,3,0,1,1,0,6,1705,2,3,3 BHK Apartment ,4,Mundhwa,14500000,8504
0,3,0,1,1,0,6,1435,2,2,2 BHK Apartment ,3,Mundhwa,12000000,8362
0,3,2,1,1,0,6,1030,2,2,2 BHK Apartment ,2,Yerawada,8300000,8058
0,3,2,1,1,0,6,1320,2,2,2 BHK Apartment ,8,Wadgaon Sheri,11500000,8712
0,3,0,1,1,0,6,5700,2,4,4 BHK Apartment ,6,Viman Nagar,50700000,8894
0,3,0,1,1,0,2,1900,2,3,3 BHK Apartment ,1,Yerawada,17500000,9210
0,3,1,1,1,0,3,3650,2,4,4 BHK Apartment ,1,Sangamvadi,57400000,15726
0,3,0,1,1,0,2,2600,2,3,3 BHK Apartment ,10,Hadapsar,21000000,8076
1,3,3,1,1,0,2,4800,2,4,4 BHK Apartment ,8,Hadapsar,30000000,6250
0,3,0,1,1,0,3,4000,2,4,4 BHK Apartment ,3,Sangamvadi,60000000,15000
0,3,2,1,1,0,11,865,2,2,2 BHK Apartment ,3,Yerawada,6000000,6936
0,2,0,1,1,0,3,4700,2,4,4 BHK Apartment ,6,Hadapsar,47000000,10000
0,3,2,1,1,0,2,4665,2,4,4 BHK Apartment ,3,Hadapsar,26800000,5744
0,2,0,1,1,0,3,1160,2,2,2 BHK Apartment ,4,Wagholi,6200000,5344
0,3,0,1,1,0,2,3511,2,3,3 BHK Apartment ,12,Hadapsar,17000000,4841
0,3,0,1,1,0,11,2500,2,3,3 BHK Apartment ,5,Sangamvadi,35000000,14000
0,3,0,1,1,0,6,4000,2,4,4 BHK Apartment ,10,Koregaon Park,55000000,13750
0,3,2,1,1,0,6,1650,2,3,3 BHK Apartment ,4,Viman Nagar,21000000,12727
0,2,0,1,1,0,11,1100,2,2,2 BHK Apartment ,10,Koregaon Park,10000000,9090
0,3,0,1,1,0,3,1355,2,3,3 BHK Apartment ,3,Kharadi,9000000,6642
0,2,0,1,1,0,16,1190,2,2,2 BHK Apartment ,5,Yerawada,9000000,7563
0,3,0,1,1,0,11,1250,2,2,2 BHK Apartment ,2,Wadgaon Sheri,12200000,9760
0,3,0,1,1,0,3,1435,2,2,2 BHK Apartment ,3,Mundhwa,12000000,8362
0,2,1,1,1,0,16,1050,2,2,2 BHK Apartment ,7,Koregaon Park,10000000,9523
0,3,0,1,1,0,6,5000,2,5,5 BHK Apartment ,1,Kharadi,59000000,11800
0,3,1,1,1,0,6,1800,2,3,3 BHK Apartment ,2,Sangamvadi,23200000,12888
0,3,0,1,1,0,0,2810,2,3,3 BHK Apartment ,1,Sangamvadi,53400000,19003
0,3,0,1,1,0,2,2120,2,3,3 BHK Apartment ,1,Kharadi,16000000,7547
0,3,2,1,1,0,6,2500,2,3,3 BHK Apartment ,8,Sangamvadi,32500000,13000
0,2,0,1,1,0,16,2200,2,4,4 BHK Apartment ,4,Sangamvadi,20000000,9090
0,2,1,1,1,0,2,750,2,1,1 BHK Apartment ,3,Kalyani Nagar,7000000,9333
0,3,2,1,1,0,6,2802,2,4,4 BHK Apartment ,2,Sangamvadi,45000000,16059
0,2,0,1,1,0,11,1850,2,3,3 BHK Apartment ,1,Sangamvadi,28000000,15135
0,2,1,1,1,0,6,5100,2,4,4 BHK Apartment ,2,Sangamvadi,86700000,17000
0,3,0,1,1,0,16,550,2,1,1 BHK Apartment ,2,Kalyani Nagar,5500000,10000
0,3,1,1,1,0,2,2350,2,3,3 BHK Apartment ,5,Kalyani Nagar,35000000,14893
0,3,1,1,1,0,11,6500,2,5,5 BHK Apartment ,11,Kalyani Nagar,55000000,8461
0,3,2,1,1,0,11,855,2,2,2 BHK Apartment ,3,Kalyani Nagar,7000000,8187
0,3,0,1,1,0,2,1950,2,3,3 BHK Apartment ,5,Kalyani Nagar,29000000,14871
0,2,1,1,1,0,11,2210,2,4,4 BHK Apartment ,1,Sangamvadi,38000000,17194
0,3,1,1,1,0,11,1250,2,3,3 BHK Apartment ,5,Wadgaon Sheri,11000000,8800
1,3,3,1,1,0,11,2100,2,4,4 BHK Apartment ,6,Koregaon Park,24000000,11428
1,3,3,1,1,0,11,1500,2,3,3 BHK Apartment ,5,Koregaon Park,18500000,12333
1,3,3,1,1,0,16,816,2,1,1 BHK Apartment ,1,Koregaon Park,3600000,4411
1,3,3,1,1,0,11,5876,2,4,4 BHK Apartment ,8,Kalyani Nagar,58000000,9870
0,3,1,1,0,0,3,4650,2,4,4 BHK Villa ,0,Wagholi,22000000,4731
0,3,0,1,1,0,3,2600,2,3,3 BHK Villa ,0,Kalyani Nagar,18700000,7192
0,3,0,1,0,0,11,3000,2,3,3 BHK Villa ,0,Kalyani Nagar,40000000,13333
1,3,3,1,0,0,3,2830,2,4,4 BHK Villa ,0,Kalyani Nagar,36000000,12720
0,3,0,1,0,0,3,3600,2,4,4 BHK Villa ,0,Kalyani Nagar,23500000,6527
0,3,0,1,1,0,3,3000,2,4,4 BHK Villa ,0,Koregaon Park,50000000,16666
0,3,0,1,1,0,3,2240,2,3,3 BHK Villa ,0,Wagholi,11000000,4910
0,3,0,1,1,0,3,3600,2,4,4 BHK Villa ,0,Kalyani Nagar,46000000,12777
0,3,0,1,0,0,3,3700,2,4,4 BHK Villa ,0,Kalyani Nagar,35000000,9459
0,3,0,1,0,0,11,2384,2,3,3 BHK Villa ,0,Kharadi,22500000,9437
0,3,0,1,1,0,6,6114,2,4,4 BHK Apartment ,9,Kalyani Nagar,91700000,14998
0,3,0,1,1,0,6,5850,2,5,5 BHK Apartment ,6,Mundhwa,70000000,11965
1,3,3,1,1,0,21,1200,2,2,2 BHK Apartment ,2,Koregaon Park,16200000,13500
0,3,1,1,1,0,11,2800,2,4,4 BHK Apartment ,5,Koregaon Park,48000000,17142
1,3,3,1,1,0,11,1945,2,3,3 BHK Apartment ,1,Koregaon Park,36000000,18508
0,3,0,1,1,0,2,3000,2,3,3 BHK Apartment ,8,Koregaon Park,56000000,18666
0,3,0,0,1,0,12,750,3,2,2 BHK Apartment ,1,Yerawada,6000000,8000
0,3,2,1,1,0,21,600,2,1,1 BHK Apartment ,0,Koregaon Park,5500000,9166
0,3,0,1,1,0,11,2008,2,3,3 BHK Apartment ,3,Viman Nagar,16000000,7968
0,3,0,1,1,0,11,1750,2,3,3 BHK Apartment ,3,Koregaon Park,15000000,8571
0,3,2,1,1,0,11,2400,2,4,4 BHK Apartment ,1,Bund Garden,10000000,4167
0,3,0,0,1,0,6,1900,2,3,3 BHK Villa ,0,Wagholi,9100000,4789
0,3,2,1,1,0,16,1000,2,2,2 BHK Apartment ,3,Kalyani Nagar,7700000,7700
0,3,1,1,1,0,0,1950,2,3,3 BHK Apartment ,3,Koregaon Park,30800000,15794
0,3,0,1,1,0,2,1335,2,2,2 BHK Apartment ,3,Kharadi,8500000,6367
0,3,1,1,1,0,11,3341,2,5,5 BHK Apartment ,6,Koregaon Park,60000000,17958
0,3,1,1,1,0,3,4145,2,4,4 BHK Apartment ,8,Kalyani Nagar,74600000,17997
0,3,0,1,1,0,6,6500,2,4,4 BHK Apartment ,4,Kalyani Nagar,110000000,16923
0,3,0,1,1,0,2,3580,2,3,3 BHK Apartment ,7,Kharadi,22000000,6145
0,3,0,1,1,0,11,1530,2,3,3 BHK Apartment ,2,Viman Nagar,11000000,7189
0,3,1,1,1,0,11,900,2,2,2 BHK Apartment ,5,Kharadi,4600000,5111
0,3,0,1,1,0,6,1197,2,2,2 BHK Apartment ,4,Kalyani Nagar,15000000,12531
0,3,0,1,1,0,2,1270,2,2,2 BHK Apartment ,6,Viman Nagar,8500000,6693
0,3,0,1,1,0,11,1500,2,3,3 BHK Apartment ,2,Viman Nagar,11000000,7333
0,3,0,1,1,0,11,3200,2,3,3 BHK Apartment ,2,Koregaon Park,50000000,15625
0,3,1,1,1,0,11,2710,2,4,4 BHK Apartment ,7,Koregaon Park,25800000,9520
0,3,2,1,1,0,11,1600,2,3,3 BHK Apartment ,4,Kalyani Nagar,15000000,9375
0,3,0,1,1,0,11,1535,2,3,3 BHK Apartment ,3,Viman Nagar,11000000,7166
0,3,2,1,1,0,11,1050,2,2,2 BHK Apartment ,3,Viman Nagar,7000000,6667
0,3,0,1,1,0,11,954,2,2,2 BHK Apartment ,3,Sangamvadi,7000000,7337
0,3,2,1,1,0,11,1300,2,3,3 BHK Apartment ,4,Koregaon Park,14000000,10769
0,3,1,1,1,0,11,1350,2,3,3 BHK Apartment ,4,Viman Nagar,8500000,6296
0,3,2,1,1,0,11,4400,2,4,4 BHK Apartment ,9,Kalyani Nagar,55000000,12500
0,3,0,1,1,0,11,1510,2,3,3 BHK Apartment ,3,Kalyani Nagar,11500000,7615
0,3,0,1,1,0,6,850,2,2,2 BHK Apartment ,7,Kharadi,4500000,5294
0,3,2,1,1,0,11,4200,2,4,4 BHK Apartment ,8,Kalyani Nagar,51000000,12142
0,3,1,1,1,0,11,2710,2,4,4 BHK Apartment ,7,Koregaon Park,25800000,9520
0,3,0,1,1,0,6,1760,2,3,3 BHK Apartment ,7,Kalyani Nagar,20000000,11363
0,3,2,1,1,0,11,2845,2,4,4 BHK Apartment ,5,Viman Nagar,41000000,14411
0,3,0,1,1,0,11,804,2,2,2 BHK Apartment ,3,Kharadi,5200000,6467
0,3,2,1,1,0,11,1085,2,2,2 BHK Apartment ,6,Koregaon Park,11000000,10138
0,3,0,1,1,0,2,2170,2,3,3 BHK Apartment ,4,Koregaon Park,18500000,8525
0,3,2,1,1,0,11,1300,2,3,3 BHK Apartment ,4,Koregaon Park,14000000,10769
0,3,0,1,1,0,11,2175,2,3,3 BHK Apartment ,7,Koregaon Park,17400000,8000
0,3,2,1,1,0,11,1600,2,3,3 BHK Apartment ,4,Kalyani Nagar,15000000,9375
0,3,0,1,1,0,11,3200,2,3,3 BHK Apartment ,2,Koregaon Park,50000000,15625
0,3,0,1,1,0,11,1393,2,2,2 BHK Apartment ,2,Viman Nagar,8000000,5743
0,3,0,1,1,0,6,1050,2,2,2 BHK Apartment ,4,Kharadi,5500000,5238
0,3,2,1,1,0,11,2200,2,3,3 BHK Apartment ,6,Viman Nagar,10500000,4773
0,3,2,1,1,0,11,440,2,1,1 BHK Apartment ,6,Viman Nagar,4500000,10227
0,3,0,1,1,0,11,1230,2,3,3 BHK Apartment ,2,Viman Nagar,8500000,6911
0,3,0,1,1,0,16,2700,2,3,3 BHK Apartment ,5,Viman Nagar,12400000,4593
0,3,0,1,1,0,11,1150,2,2,2 BHK Apartment ,4,Kharadi,5900000,5130
0,1,2,1,1,0,6,4000,2,2,2 BHK Apartment ,2,Wagholi,12500000,3125
0,3,0,1,1,0,0,8440,2,5,5 BHK Apartment ,9,Sangamvadi,180000000,21327
0,3,2,1,1,0,6,3887,2,4,4 BHK Apartment ,4,Koregaon Park,49000000,12606
0,3,0,1,1,0,11,1750,2,3,3 BHK Apartment ,5,Wadgaon Sheri,14200000,8114
0,3,0,1,1,0,11,690,2,1,1 BHK Apartment ,1,Viman Nagar,5500000,7971
1,3,3,1,1,0,2,1085,2,2,2 BHK Apartment ,4,Wagholi,4660000,4294
0,3,0,1,1,0,11,575,2,1,1 BHK Apartment ,1,Yerawada,4700000,8173
0,3,0,1,1,0,6,1320,2,2,2 BHK Apartment ,8,Wadgaon Sheri,11500000,8712
0,3,0,1,1,0,2,1380,2,2,2 BHK Apartment ,4,Kalyani Nagar,17500000,12681
0,2,0,1,1,0,11,1800,2,3,3 BHK Apartment ,2,Kalyani Nagar,21000000,11666
0,3,0,1,1,0,6,565,2,1,1 BHK Apartment ,3,Kharadi,4300000,7610
0,3,0,1,1,0,11,1700,2,3,3 BHK Apartment ,6,Yerawada,12000000,7058
0,3,0,0,1,0,16,2000,2,3,3 BHK Villa ,0,Kalyani Nagar,30000000,15000
0,3,0,1,1,0,3,1315,2,2,2 BHK Apartment ,7,Kharadi,9000000,6844
0,2,1,1,1,0,6,1900,2,3,4 BHK Apartment ,7,Koregaon Park,23400000,12315
0,3,0,0,1,0,16,4200,2,5,5 BHK Villa ,0,Kalyani Nagar,76000000,18095
0,2,0,0,1,0,11,2200,2,3,3 BHK Villa ,0,Koregaon Park,30000000,13636
0,3,0,1,1,0,11,2000,2,3,3 BHK Apartment ,5,Kalyani Nagar,22000000,11000
0,3,0,1,1,0,2,7890,2,5,5 BHK Apartment ,7,Sangamvadi,134100000,16996
0,3,2,1,1,0,6,2800,2,4,4 BHK Apartment ,6,Kalyani Nagar,44000000,15714
0,2,2,1,1,0,2,4100,2,4,4 BHK Apartment ,4,Sangamvadi,60000000,14634
0,3,1,1,1,0,11,2796,2,5,5 BHK Apartment ,2,Sangamvadi,38000000,13590
0,3,0,1,1,0,6,3000,2,4,4 BHK Apartment ,9,Kalyani Nagar,36000000,12000
0,3,0,1,1,0,11,5515,2,4,4 BHK Apartment ,4,Sangamvadi,120000000,21758
0,3,1,1,1,0,11,2900,2,4,4 BHK Apartment ,9,Kalyani Nagar,35000000,12068
0,3,2,1,1,0,11,4000,2,4,4 BHK Apartment ,4,Sangamvadi,80000000,20000
0,2,0,1,1,0,11,2230,2,4,4 BHK Apartment ,1,Wadgaon Sheri,20000000,8968
0,3,2,1,1,0,6,2500,2,3,3 BHK Apartment ,4,Sangamvadi,34200000,13680
0,2,1,1,1,0,22,1680,2,3,3 BHK Apartment ,4,Sangamvadi,21400000,12738
0,3,0,1,1,0,3,2800,2,3,3 BHK Apartment ,4,Kalyani Nagar,50000000,17857
0,3,0,1,1,0,0,2810,2,3,3 BHK Apartment ,12,Sangamvadi,53400000,19003
0,2,0,1,1,0,3,1950,2,3,3 BHK Apartment ,5,Kalyani Nagar,29000000,14871
0,3,0,1,1,0,6,2200,2,3,3 BHK Apartment ,12,Viman Nagar,27000000,12272
0,3,0,1,1,0,2,1990,2,2,2 BHK Apartment ,9,Hadapsar,14000000,7035
0,3,2,1,1,0,11,3400,2,4,4 BHK Apartment ,10,Kalyani Nagar,27500000,8088
0,2,0,1,1,0,21,7000,2,5,5 BHK Apartment ,6,Koregaon Park,80000000,11428
0,3,2,1,1,0,11,1640,2,3,3 BHK Apartment ,4,Wadgaon Sheri,15000000,9146
0,3,0,1,1,0,6,2300,2,4,4 BHK Apartment ,7,Kharadi,11500000,5000
0,3,1,1,1,0,6,2500,2,4,4 BHK Apartment ,6,Kalyani Nagar,17000000,6800
0,3,1,1,1,0,6,1240,2,2,2 BHK Apartment ,5,Viman Nagar,7500000,6048
0,3,2,1,1,0,16,2000,2,3,3 BHK Apartment ,4,Kalyani Nagar,21000000,10500
0,3,0,1,1,0,11,2350,2,3,3 BHK Apartment ,3,Koregaon Park,32000000,13617
0,3,0,1,1,0,6,4100,2,5,5 BHK Apartment ,10,Koregaon Park,44000000,10731
0,3,0,1,1,0,2,1200,2,2,2 BHK Apartment ,2,Wagholi,11000000,9166
0,3,0,1,1,0,2,2550,2,4,4 BHK Apartment ,3,Wagholi,12000000,4705
0,3,0,1,1,0,6,1760,2,3,3 BHK Apartment ,7,Wadgaon Sheri,17000000,9659
0,3,0,1,1,0,6,5700,2,5,5 BHK Apartment ,6,Viman Nagar,62000000,10877
0,3,0,1,1,0,6,1535,2,2,2 BHK Apartment ,6,Viman Nagar,14500000,9446
0,3,2,1,1,0,6,1700,2,3,3 BHK Apartment ,1,Viman Nagar,19000000,11176
0,3,0,1,1,0,2,4870,2,4,4 BHK Apartment ,2,Tingre Nagar,56000000,11498
0,3,0,1,1,0,6,2300,2,3,3 BHK Apartment ,7,Yerawada,18000000,7826
0,3,0,1,1,0,11,3887,2,4,4 BHK Apartment ,1,Koregaon Park,47300000,12168
0,2,1,1,1,0,11,1950,2,4,4 BHK Apartment ,0,Yerawada,20000000,10256
0,3,2,1,1,0,16,1100,2,2,2 BHK Apartment ,0,Koregaon Park,13000000,11818
0,3,1,1,1,0,22,1100,2,2,2 BHK Apartment ,1,Koregaon Park,10500000,9545
0,2,2,1,1,0,11,3345,2,4,4 BHK Apartment ,6,Koregaon Park,52500000,15695
0,3,1,1,1,0,2,610,2,1,1 BHK Apartment ,5,Yerawada,5500000,9016
0,3,0,1,1,0,11,1300,2,3,3 BHK Apartment ,3,Viman Nagar,10000000,7692
0,3,0,1,1,0,11,2615,2,4,4 BHK Apartment ,6,Koregaon Park,38500000,14722
0,3,0,1,1,0,6,690,2,1,1 BHK Apartment ,0,Kalyani Nagar,5500000,7971
0,2,0,1,1,0,2,2700,2,3,3 BHK Apartment ,6,Hadapsar,25000000,9259
0,3,0,1,1,0,1,885,2,2,2 BHK Apartment ,4,Wagholi,4000000,4519
0,3,1,1,1,0,11,2425,2,4,4 BHK Apartment ,1,Kalyani Nagar,30000000,12371
0,3,0,1,1,0,2,1350,2,2,2 BHK Apartment ,4,Kharadi,8700000,6444
0,3,0,1,1,0,11,720,2,1,1 BHK Apartment ,2,Viman Nagar,5300000,7361
0,3,0,1,1,0,11,1090,2,2,2 BHK Apartment ,2,Koregaon Park,14000000,12844
0,3,0,1,1,0,6,815,2,2,2 BHK Apartment ,2,Wagholi,3800000,4662
0,3,0,1,1,0,11,1550,2,3,3 BHK Apartment ,4,Viman Nagar,9500000,6129
0,3,1,1,1,0,6,800,2,2,2 BHK Apartment ,2,Wagholi,3500000,4375
0,3,0,1,1,0,6,833,2,2,2 BHK Apartment ,1,Wagholi,3600000,4321
0,3,0,1,1,0,3,775,2,2,2 BHK Apartment ,2,Viman Nagar,5600000,7225
0,2,1,1,1,0,16,1000,2,2,2 BHK Apartment ,4,Koregaon Park,8500000,8500
0,2,0,1,1,0,11,700,2,2,2 BHK Apartment ,5,Viman Nagar,5500000,7857
0,3,0,1,1,0,2,813,2,2,2 BHK Apartment ,1,Viman Nagar,6700000,8241
0,3,0,1,1,0,11,2100,2,4,4 BHK Apartment ,8,Koregaon Park,23000000,10952
1,3,3,1,1,0,3,3400,2,3,3 BHK Apartment ,7,Kharadi,17500000,5147
0,3,1,1,1,0,6,1150,2,2,2 BHK Apartment ,3,Kalyani Nagar,8900000,7739
0,3,0,1,1,0,11,1200,2,2,2 BHK Apartment ,9,Kalyani Nagar,10000000,8333
0,2,0,1,1,0,11,1750,2,3,3 BHK Apartment ,9,Kalyani Nagar,17500000,10000
0,3,0,1,1,0,3,4000,2,4,4 BHK Apartment ,3,Sangamvadi,60000000,15000
0,3,1,1,1,0,11,1250,2,2,2 BHK Apartment ,3,Kalyani Nagar,13500000,10800
0,3,0,1,1,0,6,6500,2,5,5 BHK Apartment ,4,Hadapsar,55200000,8492
0,3,0,1,1,0,6,1940,2,3,3 BHK Apartment ,5,Hadapsar,13500000,6958
0,3,0,1,1,0,6,5700,2,4,4 BHK Apartment ,4,Viman Nagar,57000000,10000
0,3,1,1,1,0,11,3346,2,5,5 BHK Apartment ,10,Hadapsar,32000000,9563
0,3,2,1,1,0,16,1010,2,2,2 BHK Apartment ,1,Yerawada,8000000,7920
0,3,1,1,1,0,6,1980,2,3,3 BHK Apartment ,2,Wagholi,13000000,6565
0,3,1,1,1,0,11,1410,2,3,3 BHK Apartment ,8,Kharadi,7000000,4965
0,3,0,1,1,0,11,1565,2,3,3 BHK Apartment ,3,Kalyani Nagar,10000000,6390
0,3,2,1,1,0,11,1085,2,2,2 BHK Apartment ,7,Wadgaon Sheri,7500000,6912
0,3,0,1,1,0,11,1250,2,2,2 BHK Apartment ,5,Kalyani Nagar,8600000,6880
0,3,0,1,1,0,11,2130,2,4,4 BHK Apartment ,3,Kalyani Nagar,14400000,6761
0,3,0,1,1,0,6,1250,2,2,2 BHK Apartment ,7,Viman Nagar,7500000,6000
0,3,0,1,1,0,11,1225,2,3,3 BHK Apartment ,2,Kharadi,6000000,4898
0,3,2,1,1,0,11,1450,2,3,3 BHK Apartment ,1,Viman Nagar,11500000,7931
0,3,2,1,1,0,11,1525,2,3,3 BHK Apartment ,9,Kalyani Nagar,13500000,8852
0,3,0,1,1,0,11,1300,2,2,3 BHK Apartment ,4,Koregaon Park,11000000,8462
0,3,0,1,1,0,11,1575,2,3,3 BHK Apartment ,9,Kalyani Nagar,11500000,7302
0,3,0,1,1,0,11,1280,2,2,2 BHK Apartment ,2,Viman Nagar,7500000,5859
0,3,0,1,1,0,16,1130,2,2,2 BHK Apartment ,0,Kharadi,5000000,4425
0,3,1,1,1,0,16,1185,2,2,4 BHK Apartment ,7,Viman Nagar,6600000,5570
0,3,0,1,1,0,11,785,2,2,2 BHK Apartment ,3,Kharadi,4000000,5096
0,3,2,1,1,0,11,1060,2,2,2 BHK Apartment ,3,Viman Nagar,6500000,6132
0,3,0,1,1,0,11,1465,2,3,3 BHK Apartment ,3,Kharadi,6200000,4232
0,3,2,1,1,0,11,1280,2,2,2 BHK Apartment ,7,Kharadi,6000000,4688
0,3,0,1,1,0,11,625,2,1,1 BHK Apartment ,3,Viman Nagar,4000000,6400
0,3,1,1,1,0,11,1410,2,3,3 BHK Apartment ,8,Kharadi,7000000,4965
0,3,1,1,1,0,6,1100,2,2,2 BHK Apartment ,7,Viman Nagar,7000000,6364
0,3,1,1,1,0,11,1000,2,2,2 BHK Apartment ,5,Kharadi,4300000,4300
0,3,0,1,1,0,6,895,2,2,2 BHK Apartment ,4,Wagholi,3800000,4246
0,3,0,1,1,0,11,1450,2,2,2 BHK Apartment ,2,Viman Nagar,7200000,4966
0,3,0,1,1,0,6,3315,2,4,4 BHK Apartment ,3,Wagholi,11800000,3560
0,3,0,1,1,0,11,1635,2,3,3 BHK Apartment ,4,Yerawada,12000000,7339
0,3,2,1,1,0,11,1100,2,2,2 BHK Apartment ,4,Kalyani Nagar,9200000,8364
0,3,0,1,1,0,11,1540,2,2,2 BHK Apartment ,7,Kharadi,7500000,4870
0,3,0,1,1,0,11,1600,2,3,3 BHK Apartment ,3,Koregaon Park,7400000,4625
0,3,1,1,1,0,16,1085,2,2,2 BHK Apartment ,4,Koregaon Park,7500000,6912
0,3,0,1,1,0,2,1270,2,2,3 BHK Apartment ,4,Viman Nagar,8500000,6693
0,3,2,0,1,0,11,1600,2,3,3 BHK Villa ,0,Viman Nagar,9500000,5938
0,3,0,1,1,0,11,1570,2,3,3 BHK Apartment ,0,Viman Nagar,10500000,6688
0,3,0,1,1,0,11,1200,2,3,3 BHK Apartment ,5,Viman Nagar,8800000,7333
0,3,0,1,1,0,6,800,2,2,2 BHK Apartment ,3,Yerawada,4500000,5625
0,3,0,1,1,0,6,573,2,1,1 BHK Apartment ,2,Viman Nagar,4299792,7504
0,3,1,1,1,0,6,790,2,2,2 BHK Apartment ,2,Wagholi,3900000,4936
1,3,3,1,1,0,2,700,2,2,2 BHK Apartment ,0,Kharadi,3605000,5150
0,3,1,1,1,0,11,1250,2,2,2 BHK Apartment ,2,Wadgaon Sheri,8150000,6520
0,3,2,1,1,0,6,1300,2,2,3 BHK Apartment ,2,Kharadi,7500000,5769
0,3,2,1,1,0,11,1355,2,3,3 BHK Apartment ,4,Kharadi,7700000,5683
0,3,0,1,1,0,11,1670,2,3,3 BHK Apartment ,6,Kharadi,7100000,4251
0,3,0,1,1,0,11,900,2,2,2 BHK Apartment ,5,Kharadi,4800000,5333
0,3,0,1,1,0,11,1080,2,2,2 BHK Apartment ,5,Kharadi,5300000,4907
0,3,1,1,1,0,11,540,2,1,1 BHK Apartment ,4,Yerawada,3500000,6481
0,3,1,1,1,0,11,1165,2,2,2 BHK Apartment ,6,Kharadi,5600000,4807
0,3,0,1,1,0,11,1630,2,3,3 BHK Apartment ,2,Kharadi,6500000,3988
0,3,0,1,1,0,6,880,2,2,2 BHK Apartment ,4,Wagholi,3400000,3864
0,3,2,1,1,0,11,1800,2,3,3 BHK Apartment ,4,Koregaon Park,17500000,9722
0,3,0,1,1,0,11,1840,2,3,3 BHK Apartment ,2,Viman Nagar,10000000,5435
0,3,1,1,1,0,11,640,2,1,1 BHK Apartment ,5,Viman Nagar,3700000,5781
0,3,0,1,1,0,11,1230,2,3,3 BHK Apartment ,2,Viman Nagar,8500000,6911
0,3,1,1,1,0,11,1105,2,2,2 BHK Apartment ,6,Kharadi,6200000,5611
0,3,0,1,1,0,16,2900,2,3,3 BHK Villa ,0,Viman Nagar,14500000,5000
0,3,0,1,1,0,11,1500,2,3,3 BHK Villa ,0,Kharadi,7500000,5000
0,3,0,1,1,0,2,1250,2,2,2 BHK Apartment ,6,Viman Nagar,8500000,6800
0,3,0,1,1,0,11,1450,2,3,3 BHK Apartment ,8,Kharadi,6800000,4690
0,3,0,1,1,0,16,1355,2,3,3 BHK Apartment ,8,Kharadi,6500000,4797
0,3,0,1,1,0,11,1270,2,2,2 BHK Apartment ,6,Kharadi,6000000,4724
0,3,0,1,1,0,11,1400,2,3,3 BHK Apartment ,3,Kalyani Nagar,10500000,7500
0,3,0,1,1,0,16,1400,2,3,3 BHK Apartment ,2,Kalyani Nagar,10000000,7143
0,3,0,1,1,0,11,1600,2,3,3 BHK Apartment ,5,Wadgaon Sheri,9000000,5625
0,3,0,1,1,0,11,2270,2,3,3 BHK Apartment ,3,Kalyani Nagar,30000000,13216
0,3,0,1,1,0,11,1300,2,3,3 BHK Apartment ,3,Kalyani Nagar,11000000,8462
0,3,1,1,1,0,11,1050,2,2,2 BHK Apartment ,6,Koregaon Park,6900000,6571
0,3,0,1,1,0,11,1530,2,3,3 BHK Apartment ,1,Viman Nagar,11500000,7516
0,3,0,1,1,0,11,2175,2,3,4 BHK Apartment ,9,Koregaon Park,19500000,8966
0,3,1,1,1,0,6,2200,2,4,4 BHK Apartment ,6,Wadgaon Sheri,17000000,7727
0,3,2,1,1,0,11,1130,2,2,2 BHK Apartment ,1,Koregaon Park,13000000,11504
0,3,0,1,1,0,6,1700,2,3,3 BHK Apartment ,4,Viman Nagar,20000000,11764
0,3,0,1,1,0,11,1950,2,4,4 BHK Apartment ,4,Viman Nagar,22000000,11282
0,3,0,1,1,0,11,1000,2,2,2 BHK Apartment ,6,Viman Nagar,8500000,8500
0,3,1,1,1,0,21,950,2,2,2 BHK Apartment ,2,Koregaon Park,9500000,10000
0,3,0,1,1,0,2,1200,2,2,2 BHK Apartment ,3,Shastri Nagar,10500000,8750
0,3,0,1,1,0,6,3000,2,4,4 BHK Apartment ,9,Kalyani Nagar,36000000,12000
0,3,0,1,1,0,6,1181,2,2,2 BHK Apartment ,3,Koregaon Park,19800000,16765
0,3,1,1,1,0,6,611,2,2,2 BHK Apartment ,5,Yerawada,5500000,9001
0,2,0,1,1,0,6,1110,2,2,2 BHK Apartment ,7,Mundhwa,8200000,7387
0,3,0,1,1,0,6,1690,2,3,3 BHK Apartment ,11,Viman Nagar,28500000,16863
0,3,1,1,1,0,21,1150,2,2,2 BHK Apartment ,3,Shastri Nagar,7700000,6695
0,3,1,1,1,0,6,672,2,1,1 BHK Apartment ,4,Viman Nagar,4500000,6696
0,3,0,1,1,0,6,1100,2,2,2 BHK Apartment ,7,Viman Nagar,7800000,7090
0,3,0,1,1,0,11,2610,2,4,4 BHK Apartment ,1,Koregaon Park,37000000,14176
0,3,0,1,1,0,6,4500,2,3,3 BHK Apartment ,3,Koregaon Park,40000000,8888
0,3,0,1,1,0,11,1067,2,2,2 BHK Apartment ,2,Viman Nagar,6500000,6091
0,3,0,1,1,0,3,3350,2,4,4 BHK Apartment ,8,Hadapsar,36000000,10746
0,3,0,1,1,0,6,2860,2,4,4 BHK Apartment ,7,Yerawada,45000000,15734
0,3,1,1,1,0,16,1150,2,2,2 BHK Apartment ,2,Bund Garden,12000000,10434
0,2,0,1,1,0,21,1400,2,2,2 BHK Apartment ,6,Yerawada,9700000,6928
0,3,0,1,1,0,6,4300,2,4,4 BHK Apartment ,6,Hadapsar,31000000,7209
0,3,0,1,1,0,11,650,2,1,1 BHK Apartment ,5,Yerawada,5900000,9076
0,3,0,1,1,0,6,1705,2,3,3 BHK Apartment ,4,Mundhwa,15000000,8797
0,3,0,1,1,0,2,2956,2,3,3 BHK Apartment ,1,Wagholi,22200000,7510
0,3,2,1,1,0,6,1136,2,2,2 BHK Apartment ,6,Yerawada,7800000,6866
0,3,0,1,1,0,16,1100,2,2,2 BHK Apartment ,0,Koregaon Park,13000000,11818
0,3,0,1,1,0,6,3250,2,3,3 BHK Apartment ,6,Wagholi,20000000,6153
0,3,0,1,1,0,2,2965,2,3,3 BHK Apartment ,0,Wagholi,24700000,8330
0,3,0,1,1,0,16,930,2,1,1 BHK Apartment ,4,Koregaon Park,9200000,9892
0,3,0,1,1,0,2,3500,2,3,3 BHK Apartment ,0,Wagholi,29100000,8314
0,3,1,1,1,0,2,2600,2,4,4 BHK Apartment ,1,Koregaon Park,26000000,10000
0,2,0,1,1,0,6,3800,2,4,4 BHK Apartment ,0,Hadapsar,39900000,10500
0,3,0,1,1,0,6,3850,2,4,4 BHK Apartment ,12,Hadapsar,42400000,11012
0,3,0,1,1,0,11,905,2,2,2 BHK Apartment ,3,Yerawada,6000000,6629
0,3,1,1,1,0,11,1314,2,3,3 BHK Apartment ,8,Yerawada,9500000,7229
0,3,1,1,1,0,6,1680,2,3,3 BHK Apartment ,1,Viman Nagar,21500000,12797
0,3,2,1,1,0,2,1200,2,2,2 BHK Apartment ,1,Shastri Nagar,10500000,8750
0,3,0,1,1,0,6,1355,2,2,2 BHK Apartment ,0,Viman Nagar,10000000,7380
0,3,2,1,1,0,11,1150,2,2,2 BHK Apartment ,0,Koregaon Park,10200000,8869
0,3,1,1,1,0,6,2800,2,4,4 BHK Apartment ,1,Kalyani Nagar,42500000,15178
0,3,1,1,1,0,11,611,2,1,1 BHK Apartment ,1,Yerawada,5500000,9001
0,3,1,1,1,0,21,1350,2,3,3 BHK Apartment ,0,Shastri Nagar,12200000,9037
0,3,1,1,1,0,6,2200,2,4,4 BHK Apartment ,1,Kalyani Nagar,17000000,7727
0,3,2,1,1,0,21,2100,2,3,3 BHK Apartment ,1,Sangamvadi,16000000,7619
0,3,2,1,1,0,6,4100,2,4,4 BHK Apartment ,1,Sangamvadi,73800000,18000
0,3,0,1,1,0,11,1690,2,3,3 BHK Apartment ,0,Sangamvadi,20000000,11834
0,3,0,1,1,0,11,3595,2,4,4 BHK Apartment ,0,Sangamvadi,68000000,18915
0,3,2,1,1,0,6,1690,2,3,3 BHK Apartment ,3,Viman Nagar,14500000,8580
0,3,1,1,1,0,11,1650,2,3,3 BHK Apartment ,8,Mundhwa,12500000,7575
0,3,1,1,1,0,2,1820,2,3,3 BHK Apartment ,4,Kharadi,11500000,6318
0,3,0,1,1,0,6,1180,2,2,2 BHK Apartment ,10,Koregaon Park,12500000,10593
0,3,1,0,1,0,16,3900,2,5,4 BHK Villa ,0,Kalyani Nagar,62500000,16025
0,3,1,1,1,0,2,1255,2,2,2 BHK Apartment ,4,Kharadi,8600000,6852
0,3,2,1,1,0,2,1715,2,3,3 BHK Apartment ,1,Viman Nagar,11000000,6413
0,3,1,1,1,0,11,770,2,2,2 BHK Apartment ,4,Viman Nagar,6000000,7792
0,3,1,1,1,0,6,875,2,2,2 BHK Apartment ,3,Kharadi,5999875,6857
0,3,0,1,1,0,16,850,2,2,2 BHK Apartment ,1,Yerawada,6200000,7294
0,3,0,1,1,0,6,1108,2,2,2 BHK Apartment ,6,Kharadi,6300000,5685
0,3,0,1,1,0,6,850,2,2,2 BHK Apartment ,1,Wagholi,4000000,4705
0,2,1,1,1,0,11,2285,2,3,3 BHK Apartment ,1,Kalyani Nagar,38000000,16630
0,3,0,1,1,0,3,850,2,2,2 BHK Apartment ,3,Koregaon Park,6000000,7058
0,2,0,1,1,0,16,2400,2,4,4 BHK Apartment ,5,Koregaon Park,35000000,14583
0,2,0,1,1,0,16,600,2,1,1 BHK Apartment ,2,Yerawada,6000000,10000
0,3,0,1,1,0,2,1030,2,2,2 BHK Apartment ,4,Yerawada,8500000,8252
0,2,2,1,1,0,6,1690,2,3,3 BHK Apartment ,1,Viman Nagar,21500000,12721
0,2,0,1,1,0,11,4000,2,4,4 BHK Apartment ,3,Koregaon Park,60000000,15000
0,3,1,1,1,0,6,1000,2,2,2 BHK Apartment ,6,Kalyani Nagar,12000000,12000
0,2,0,1,1,0,6,1000,2,2,2 BHK Apartment ,6,Yerawada,8500000,8500
0,2,2,1,1,0,2,4100,2,4,4 BHK Apartment ,4,Sangamvadi,60000000,14634
0,3,0,1,1,0,11,1925,2,3,3 BHK Apartment ,9,Kalyani Nagar,21000000,10909
0,3,2,1,1,0,6,3641,2,4,4 BHK Apartment ,5,Kalyani Nagar,60000000,16478
0,3,1,1,1,0,2,2881,2,4,4 BHK Apartment ,10,Wadgaon Sheri,30000000,10413
0,3,0,1,1,0,11,2802,2,4,4 BHK Apartment ,4,Sangamvadi,26100000,9314
0,3,2,1,1,0,6,3641,2,4,4 BHK Apartment ,0,Kalyani Nagar,50000000,13732
0,3,1,1,1,0,11,1900,2,3,3 BHK Apartment ,5,Sangamvadi,28000000,14736
0,2,0,1,1,0,16,3200,2,4,4 BHK Apartment ,6,Sangamvadi,47500000,14843
0,2,2,1,1,0,11,3000,2,4,4 BHK Apartment ,5,Kalyani Nagar,42500000,14166
0,3,0,1,1,0,2,1780,2,3,3 BHK Apartment ,12,Hadapsar,18000000,10112
0,3,1,1,1,0,1,2900,2,3,3 BHK Apartment ,4,Viman Nagar,39000000,13448
0,3,0,1,1,0,11,1050,2,2,2 BHK Apartment ,4,Wadgaon Sheri,7900000,7523
0,3,0,1,1,0,3,1700,2,3,3 BHK Apartment ,4,Wadgaon Sheri,15500000,9117
0,3,0,1,1,0,2,3200,2,3,3 BHK Apartment ,0,Wagholi,14900000,4656
0,3,0,1,1,0,2,2440,2,3,3 BHK Apartment ,12,Hadapsar,17000000,6967
0,2,1,1,1,0,6,1500,2,3,3 BHK Apartment ,4,Wadgaon Sheri,13500000,9000
0,3,1,1,1,0,11,2800,2,4,4 BHK Apartment ,10,Kalyani Nagar,32000000,11428
0,3,0,1,1,0,11,2800,2,4,4 BHK Apartment ,0,Bund Garden,40000000,14285
0,3,0,1,1,0,21,815,2,2,2 BHK Apartment ,0,Kalyani Nagar,7500000,9202
0,3,1,1,1,0,11,1611,2,3,3 BHK Apartment ,1,Kharadi,8500000,5276
0,3,0,1,1,0,11,1475,2,3,3 BHK Apartment ,5,Wadgaon Sheri,10000000,6779
0,3,2,1,1,0,2,3000,2,4,4 BHK Apartment ,3,Kalyani Nagar,60000000,20000
0,3,0,1,1,0,2,2000,2,3,3 BHK Apartment ,12,Hadapsar,16500000,8250
0,3,0,1,1,0,6,2505,2,4,4 BHK Apartment ,0,Sangamvadi,32500000,12974
0,2,0,1,1,0,2,705,2,2,2 BHK Apartment ,8,Yerawada,7300000,10354
0,3,2,1,1,0,11,3600,2,4,4 BHK Apartment ,8,Kalyani Nagar,50000000,13888
0,3,0,1,1,0,11,1800,2,3,3 BHK Apartment ,3,Kalyani Nagar,23500000,13055
0,3,1,1,1,0,11,2796,2,5,5 BHK Apartment ,2,Sangamvadi,38000000,13590
0,3,0,1,1,0,2,550,2,1,1 BHK Apartment ,3,Yerawada,4500000,8181
0,2,0,1,1,0,11,1050,2,2,2 BHK Apartment ,5,Kalyani Nagar,10000000,9523
0,3,0,1,1,0,3,1900,2,3,3 BHK Villa ,0,Wagholi,15000000,7894
0,2,1,1,1,0,11,1550,2,3,3 BHK Apartment ,5,Kalyani Nagar,15000000,9677
0,3,0,0,1,0,3,3700,2,4,4 BHK Villa ,0,Kalyani Nagar,46000000,12432
0,3,0,0,1,0,3,2285,2,3,3 BHK Villa ,0,Kharadi,12700000,5557
0,3,0,0,1,0,3,2300,2,3,3 BHK Villa ,0,Wagholi,11000000,4782
0,3,0,0,1,0,3,3200,2,3,3 BHK Villa ,0,Wagholi,16000000,5000
0,3,2,0,1,0,3,3201,2,3,3 BHK Villa ,0,Viman Nagar,14700000,4592
0,3,0,0,1,0,2,2715,2,3,3 BHK Villa ,0,Wagholi,14900000,5488
0,3,1,1,1,0,11,4335,2,4,4 BHK Apartment ,2,Sangamvadi,90000000,20761
0,3,1,1,1,0,16,2680,2,4,4 BHK Apartment ,6,Koregaon Park,28500000,10634
0,3,0,1,1,0,11,2500,2,3,3 BHK Apartment ,8,Sangamvadi,32500000,13000
0,3,2,1,1,0,3,2800,2,4,4 BHK Apartment ,4,Sangamvadi,45000000,16071
0,3,0,1,1,0,6,1170,2,2,2 BHK Apartment ,2,Mundhwa,7000000,5982
0,3,0,1,1,0,11,580,2,1,1 BHK Apartment ,6,Sangamvadi,5300000,9137
0,3,0,1,1,0,6,550,2,1,1 BHK Apartment ,6,Wagholi,2500000,4545
0,3,0,1,1,0,11,500,2,1,1 BHK Apartment ,1,Koregaon Park,6500000,13000
0,3,0,1,1,0,11,878,2,2,2 BHK Apartment ,3,Wagholi,4799148,5466
0,3,0,1,1,0,11,560,2,1,1 BHK Apartment ,1,Koregaon Park,7000000,12500
0,3,0,1,1,0,6,750,2,2,2 BHK Apartment ,5,Wagholi,2800000,3733
0,3,0,1,1,0,11,1800,2,4,4 BHK Apartment ,0,Kalyani Nagar,25400000,14111
0,3,0,1,1,0,6,1360,2,3,3 BHK Apartment ,6,Kharadi,8098800,5955
0,3,0,1,1,0,21,1500,2,3,3 BHK Apartment ,1,Sangamvadi,18000000,12000
1,3,3,1,1,0,2,5500,2,5,5 BHK Apartment ,8,Sangamvadi,115000000,20909
0,3,2,1,1,0,21,2200,2,4,4 BHK Apartment ,2,Sangamvadi,40000000,18181
0,3,1,1,1,0,11,3100,2,4,4 BHK Apartment ,4,Sangamvadi,45000000,14516
0,3,1,1,1,0,11,4100,2,4,4 BHK Apartment ,4,Sangamvadi,50000000,12195
0,3,1,1,1,0,6,3650,2,4,4 BHK Apartment ,1,Sangamvadi,65000000,17808
0,3,1,0,1,0,2,1100,2,2,2 BHK Villa ,0,Kharadi,8000000,7272
0,3,2,1,1,0,11,1385,2,2,2 BHK Apartment ,7,Kalyani Nagar,16000000,11552
0,3,1,1,1,0,6,2584,2,4,4 BHK Apartment ,1,Kharadi,23500000,9094
0,3,1,1,1,0,6,4100,2,4,4 BHK Apartment ,4,Sangamvadi,65000000,15853
0,3,1,1,1,0,16,5500,2,4,4 BHK Apartment ,0,Kalyani Nagar,60000000,10909
0,3,0,1,1,0,2,4000,2,4,4 BHK Apartment ,3,Viman Nagar,42000000,10500
0,2,0,1,1,0,6,1600,2,3,3 BHK Apartment ,4,Wadgaon Sheri,11500000,7187
0,3,0,1,1,0,11,1265,2,2,2 BHK Apartment ,3,Viman Nagar,11000000,8695
0,3,2,1,1,0,6,1180,2,2,2 BHK Apartment ,8,Wadgaon Sheri,10500000,8898
0,3,0,1,1,0,2,3400,2,4,4 BHK Apartment ,3,Viman Nagar,25600000,7529
0,3,1,1,1,0,11,1450,2,3,3 BHK Apartment ,1,Koregaon Park,17500000,12068
0,3,1,1,1,0,11,1650,2,3,3 BHK Apartment ,6,Viman Nagar,11000000,6666
0,3,1,1,1,0,11,1650,2,4,3 BHK Apartment ,4,Wadgaon Sheri,11000000,6666
0,3,2,1,1,0,6,1100,2,2,2 BHK Apartment ,12,Kalyani Nagar,11000000,10000
0,3,2,1,1,0,11,1735,2,3,3 BHK Apartment ,8,Kalyani Nagar,16500000,9510
0,3,1,1,1,0,11,1600,2,3,3 BHK Apartment ,1,Koregaon Park,19000000,11875
0,3,1,1,1,0,2,2145,2,3,3 BHK Apartment ,11,Kharadi,11500000,5361
0,3,1,1,1,0,2,1790,2,3,3 BHK Apartment ,9,Kharadi,11000000,6145
0,3,1,1,1,0,6,2600,2,4,4 BHK Apartment ,3,Kalyani Nagar,21000000,8076
0,3,0,1,1,0,11,1250,2,2,2 BHK Apartment ,4,Kharadi,10000000,8000
0,3,2,1,1,0,11,1690,2,3,3 BHK Apartment ,9,Viman Nagar,20000000,11834
0,3,1,1,1,0,2,2485,2,4,4 BHK Apartment ,5,Koregaon Park,24800000,9979
0,3,0,1,1,0,2,2015,2,3,3 BHK Apartment ,6,Kharadi,12000000,5955
0,2,0,1,1,0,2,2600,2,3,3 BHK Apartment ,3,Kalyani Nagar,33000000,12692
0,3,0,1,1,0,11,650,2,1,1 BHK Apartment ,2,Yerawada,5200000,8000
0,3,1,1,1,0,6,4549,2,4,4 BHK Apartment ,1,Sangamvadi,86400000,18993
0,3,2,1,1,0,11,1900,2,3,3 BHK Apartment ,6,Viman Nagar,13000000,6842
0,3,1,1,1,0,16,1050,2,2,2 BHK Apartment ,7,Koregaon Park,10000000,9523
0,3,2,1,1,0,11,1486,2,3,3 BHK Apartment ,7,Kharadi,10000000,6729
0,3,0,1,1,0,11,2170,2,3,3 BHK Apartment ,4,Viman Nagar,14500000,6682
0,3,0,1,1,0,6,2015,2,3,3 BHK Apartment ,8,Kharadi,13000000,6451
1,3,3,1,1,0,11,1850,2,3,3 BHK Apartment ,5,Kalyani Nagar,19998500,10810
0,2,0,0,1,0,11,1720,2,3,3 BHK Villa ,0,Kharadi,12800000,7441
0,2,1,1,1,0,11,1250,2,2,2 BHK Apartment ,5,Kalyani Nagar,16000000,12800
0,3,0,1,1,0,2,1185,2,2,2 BHK Apartment ,6,Koregaon Park,14000000,11814
0,3,2,1,1,0,16,2775,2,4,4 BHK Apartment ,8,Kalyani Nagar,33500000,12072
0,3,1,1,1,0,6,1850,2,3,3 BHK Apartment ,7,Kalyani Nagar,22500000,12162
0,3,0,1,1,0,16,2799,2,5,5 BHK Apartment ,9,Kalyani Nagar,32500000,11611
0,3,2,1,1,0,11,1126,2,2,2 BHK Apartment ,4,Viman Nagar,10000000,8880
0,3,0,1,1,0,6,1145,2,2,2 BHK Apartment ,1,Viman Nagar,8000000,6986
0,0,0,0,1,0,11,1800,2,3,3 BHK Villa ,0,Viman Nagar,15000000,8333
0,3,0,1,1,0,6,1240,2,2,2 BHK Apartment ,6,Viman Nagar,8000000,6451
0,3,2,1,1,0,6,1800,2,3,3 BHK Apartment ,1,Wagholi,8500000,4722
0,3,2,0,1,0,11,1500,2,3,3 BHK Villa ,0,Viman Nagar,17000000,11333
0,3,0,1,1,0,11,1650,2,3,3 BHK Apartment ,5,Viman Nagar,15500000,9393
0,3,0,1,1,0,6,1926,2,3,3 BHK Apartment ,6,Kharadi,11000000,5711
0,3,0,1,1,0,3,1635,2,3,3 BHK Apartment ,5,Kharadi,11500000,7033
0,3,1,1,1,0,6,1635,2,3,3 BHK Apartment ,5,Kharadi,12000000,7339
0,3,0,1,1,0,11,1550,2,3,3 BHK Apartment ,10,Mundhwa,11000000,7096
0,3,1,1,1,0,2,2400,2,3,3 BHK Apartment ,5,Viman Nagar,18000000,7500
0,3,0,1,1,0,11,1500,2,3,3 BHK Apartment ,1,Kalyani Nagar,13500000,9000
0,3,2,1,1,0,11,3150,2,4,4 BHK Apartment ,7,Kalyani Nagar,36500000,11587
0,2,1,1,1,0,11,1240,2,2,2 BHK Apartment ,5,Kalyani Nagar,14000000,11290
0,3,0,1,1,0,2,1900,2,3,3 BHK Apartment ,5,Kharadi,10000000,5263
0,3,0,1,1,0,2,1855,2,3,3 BHK Apartment ,7,Kharadi,12700000,6846
0,3,0,1,1,0,11,2200,2,3,3 BHK Apartment ,4,Viman Nagar,13000000,5909
0,2,1,1,1,0,11,1400,2,2,2 BHK Apartment ,7,Wadgaon Sheri,11000000,7857
0,3,0,1,1,0,3,1682,2,3,3 BHK Apartment ,3,Kharadi,10700000,6361
0,3,0,1,1,0,11,1600,2,3,3 BHK Apartment ,9,Wadgaon Sheri,16500000,10312
0,3,0,1,1,0,11,1335,2,3,3 BHK Apartment ,6,Viman Nagar,10000000,7490
0,3,0,1,1,0,6,3000,2,3,3 BHK Apartment ,7,Viman Nagar,27500000,9166
0,3,2,0,1,0,6,2150,2,4,4 BHK Villa ,0,Kalyani Nagar,21500000,10000
0,3,1,1,1,0,3,3300,2,3,3 BHK Apartment ,4,Hadapsar,32500000,9848
0,3,0,1,1,0,6,3400,2,4,4 BHK Apartment ,7,Hadapsar,36500000,10735
0,3,0,1,1,0,2,2050,2,4,4 BHK Apartment ,10,Kharadi,12500000,6097
0,3,2,1,1,0,11,1126,2,2,2 BHK Apartment ,4,Viman Nagar,10000000,8880
0,2,2,1,1,0,11,1450,2,2,2 BHK Apartment ,3,Koregaon Park,17000000,11724
1,3,3,1,1,0,2,690,2,1,1 BHK Apartment ,4,Wagholi,2760000,4000
1,3,3,1,1,0,2,1065,2,2,2 BHK Apartment ,3,Wagholi,4260000,4000
1,3,3,0,0,0,11,1800,2,3,3 BHK Villa ,0,Viman Nagar,15000000,8333
1,3,3,1,1,0,6,1500,2,3,3 BHK Apartment ,7,Kharadi,11500000,7666
1,3,3,1,1,0,6,965,2,2,2 BHK Apartment ,5,Wagholi,4400000,4559
0,3,0,1,1,0,2,2740,2,5,5 BHK Apartment ,6,Kharadi,18000000,6569
0,3,0,1,1,0,2,2015,2,3,3 BHK Apartment ,6,Kharadi,13200000,6550
0,3,0,1,1,0,3,670,2,1,1 BHK Apartment ,2,Wagholi,3200000,4776
0,3,0,1,1,0,2,801,2,1,1 BHK Apartment ,5,Wagholi,3700000,4619
0,3,1,1,1,0,2,1200,2,3,3 BHK Apartment ,10,Kharadi,11400000,9500
0,3,0,1,1,0,11,1050,2,2,2 BHK Apartment ,9,Koregaon Park,11000000,10476
0,3,0,1,1,0,11,1720,2,3,3 BHK Apartment ,2,Kalyani Nagar,20500000,11918
0,3,1,1,1,0,2,1600,2,3,3 BHK Apartment ,4,Kharadi,10500000,6562
0,3,2,0,1,0,6,1100,2,2,2 BHK Apartment ,12,Kalyani Nagar,11000000,10000
0,3,0,1,1,0,16,3540,2,4,4 BHK Apartment ,5,Koregaon Park,60000000,16949
0,3,0,1,1,0,11,1700,2,3,3 BHK Apartment ,10,Kalyani Nagar,10500000,6176
0,3,1,1,1,0,11,1625,2,2,3 BHK Apartment ,3,Wadgaon Sheri,12500000,7692
0,3,0,1,1,0,16,2900,2,3,3 BHK Apartment ,7,Kalyani Nagar,13000000,4483
0,3,2,1,1,0,6,1690,2,4,3 BHK Apartment ,6,Viman Nagar,15500000,9172
0,3,0,1,1,0,11,4100,2,4,4 BHK Apartment ,4,Sangamvadi,57500000,14024
0,3,0,1,1,0,11,2700,2,3,3 BHK Apartment ,6,Viman Nagar,12400000,4593
0,3,1,0,1,0,16,1385,2,2,2 BHK Villa ,0,Kalyani Nagar,16000000,11552
0,3,0,0,1,0,6,3000,2,3,3 BHK Villa ,0,Wagholi,20000000,6666
0,3,0,1,1,0,6,3390,2,3,3 BHK Apartment ,7,Kalyani Nagar,54000000,15929
0,3,0,1,1,0,6,1045,2,2,2 BHK Apartment ,4,Koregaon Park,10000000,9569
0,2,0,1,1,0,11,2600,2,4,4 BHK Apartment ,10,Kalyani Nagar,28000000,10769
0,3,0,1,1,0,6,2150,2,4,4 BHK Apartment ,4,Koregaon Park,23500000,10930
0,3,0,1,1,0,11,1250,2,2,2 BHK Apartment ,2,Wadgaon Sheri,12200000,9760
0,2,1,1,1,0,11,1605,2,3,3 BHK Apartment ,3,Wadgaon Sheri,11500000,7165
0,2,0,1,1,0,3,2050,2,3,3 BHK Apartment ,3,Sangamvadi,30800000,15024
0,3,1,1,1,0,0,5245,2,4,4 BHK Apartment ,8,Koregaon Park,100000000,19065
0,3,1,1,1,0,6,1835,2,3,3 BHK Apartment ,8,Kalyani Nagar,23500000,12806
1,3,3,1,1,0,11,2900,2,4,4 BHK Apartment ,9,Kalyani Nagar,35000000,12068
0,2,0,1,1,0,6,1815,2,3,3 BHK Apartment ,9,Mundhwa,14000000,7713
0,3,0,1,1,0,3,2740,2,4,4 BHK Apartment ,12,Kharadi,18100000,6605
0,3,0,1,1,0,2,4600,2,4,4 BHK Apartment ,3,Hadapsar,52900000,11500
0,3,0,0,1,0,1,1732,2,2,2 BHK Apartment ,3,Kharadi,10300000,5946
0,3,1,1,1,0,16,3388,2,3,3 BHK Apartment ,8,Kalyani Nagar,30000000,8854
0,2,2,1,1,0,11,3500,2,4,4 BHK Apartment ,11,Koregaon Park,36000000,10285
0,3,0,1,1,0,1,3580,2,3,3 BHK Apartment ,12,Kharadi,25000000,6983
0,3,2,1,1,0,16,3500,2,4,4 BHK Apartment ,10,Kalyani Nagar,45000000,12857
0,3,2,1,1,0,6,3400,2,4,4 BHK Apartment ,10,Kalyani Nagar,26000000,7647
0,3,2,1,1,0,6,3025,2,4,4 BHK Apartment ,12,Kalyani Nagar,48500000,16033
0,3,0,1,1,0,0,5245,2,5,5 BHK Apartment ,16,Koregaon Park,83900000,15996
0,3,1,1,1,0,16,1678,2,2,2 BHK Apartment ,5,Kalyani Nagar,15000000,8939
0,3,0,1,1,0,6,5500,2,4,4 BHK Apartment ,9,Kalyani Nagar,67000000,12181
0,3,0,1,1,0,21,2300,2,4,4 BHK Apartment ,4,Koregaon Park,23000000,10000
0,3,0,1,1,0,0,5590,2,4,4 BHK Apartment ,10,Koregaon Park,110000000,19677
0,1,0,1,1,0,11,4100,2,4,4 BHK Apartment ,3,Sangamvadi,55500000,13536
0,3,0,1,1,0,2,1900,2,3,3 BHK Apartment ,4,Wadgaon Sheri,13000000,6842
0,3,0,1,1,0,2,2860,2,4,4 BHK Apartment ,7,Yerawada,45000000,15734
0,3,0,1,1,0,6,6500,2,5,5 BHK Apartment ,4,Hadapsar,55200000,8492
1,3,3,1,1,0,2,3500,2,4,4 BHK Apartment ,8,Hadapsar,40000000,11428
0,3,0,1,1,0,11,1700,2,3,3 BHK Apartment ,5,Kalyani Nagar,23000000,13529
0,2,0,1,1,0,11,2350,2,4,4 BHK Apartment ,10,Kalyani Nagar,27500000,11702
0,3,0,1,1,0,11,1850,2,3,3 BHK Apartment ,5,Kalyani Nagar,17500000,9459
0,3,0,1,1,0,2,4285,2,4,4 BHK Apartment ,0,Wagholi,22000000,5134
0,3,0,1,1,0,2,6500,2,5,5 BHK Apartment ,1,Hadapsar,49500000,7615
0,3,0,1,1,0,2,1826,2,3,3 BHK Apartment ,12,Hadapsar,16500000,9036
0,3,0,1,1,0,6,6500,2,5,5 BHK Apartment ,4,Hadapsar,55200000,8492
1,3,3,1,1,0,11,1050,2,2,2 BHK Apartment ,7,Koregaon Park,10000000,9523
0,3,1,1,1,0,11,3350,2,4,4 BHK Apartment ,5,Koregaon Park,53000000,15820
0,3,0,1,1,0,6,7600,2,5,5 BHK Apartment ,13,Koregaon Park,130000000,17105
0,3,0,1,1,0,11,2206,2,3,3 BHK Apartment ,7,Wadgaon Sheri,11000000,4986
0,3,0,1,1,0,2,3400,2,4,4 BHK Apartment ,3,Viman Nagar,25600000,7529
0,3,0,1,1,0,6,2345,2,3,3 BHK Apartment ,12,Hadapsar,14500000,6183
0,3,0,1,1,0,6,2800,2,3,3 BHK Apartment ,12,Hadapsar,17000000,6071
0,2,0,1,1,0,11,2700,2,3,3 BHK Apartment ,6,Viman Nagar,11000000,4074
0,3,1,1,1,0,6,5300,2,4,4 BHK Apartment ,7,Hadapsar,40000000,7547
0,3,0,0,1,0,16,1850,2,3,3 BHK Apartment ,6,Viman Nagar,14000000,7567
0,3,2,1,1,0,6,3887,2,4,4 BHK Apartment ,9,Koregaon Park,49000000,12606
0,3,0,1,1,0,2,7890,2,5,5 BHK Apartment ,7,Sangamvadi,130000000,16476
0,3,0,1,1,0,16,2200,2,4,4 BHK Apartment ,1,Koregaon Park,30000000,13636
0,3,0,1,1,0,11,2900,2,5,5 BHK Apartment ,9,Kalyani Nagar,29000000,10000
0,3,0,1,1,0,11,2025,2,3,3 BHK Apartment ,7,Koregaon Park,17000000,8395
0,2,0,0,1,0,6,1600,2,3,3 BHK Villa ,0,Viman Nagar,30100000,18812
0,3,0,1,1,0,3,2535,2,4,4 BHK Apartment ,2,Kalyani Nagar,26000000,10256
0,3,0,1,1,0,11,4000,2,5,5 BHK Apartment ,7,Sangamvadi,70500000,17625
0,3,0,1,1,0,16,1501,2,3,3 BHK Apartment ,4,Sangamvadi,25900000,17255
0,3,0,1,1,0,11,1225,2,3,3 BHK Apartment ,2,Bund Garden,19000000,15510
0,3,0,1,1,0,11,4100,2,4,4 BHK Apartment ,4,Sangamvadi,54000000,13170
0,3,0,0,1,0,16,1160,2,2,2 BHK Villa ,0,Koregaon Park,15000000,12931
0,3,1,1,1,0,6,3150,2,4,4 BHK Apartment ,0,Sangamvadi,50000000,15873
0,3,2,0,1,0,6,4285,2,4,4 BHK Villa ,0,Wagholi,24000000,5600
0,3,0,1,1,0,11,6500,2,5,5 BHK Apartment ,11,Kalyani Nagar,55000000,8461
0,3,0,1,1,0,11,1800,2,3,3 BHK Apartment ,1,Kalyani Nagar,19000000,10555
0,3,0,1,1,0,3,2590,2,4,4 BHK Apartment ,7,Wadgaon Sheri,26000000,10038
0,2,0,1,1,0,2,2819,2,4,4 BHK Apartment ,8,Koregaon Park,33800000,11990
0,2,2,1,1,0,16,1550,2,3,3 BHK Apartment ,1,Sangamvadi,25000000,16129
0,3,2,0,1,0,16,2500,2,4,4 BHK Villa ,0,Koregaon Park,30000000,12000
0,3,2,1,1,0,11,4100,2,5,5 BHK Apartment ,10,Koregaon Park,44000000,10731
0,3,1,0,1,0,6,3000,2,5,5 BHK Villa ,0,Viman Nagar,18500000,6166
1,3,3,1,1,0,11,4595,2,4,4 BHK Apartment ,7,Kalyani Nagar,28000000,6093
0,3,0,0,1,0,2,2200,2,4,3 BHK Villa ,0,Wagholi,11000000,5000
0,3,0,0,1,0,2,2000,2,3,3 BHK Villa ,0,Viman Nagar,15500000,7750
0,3,0,1,1,0,6,4000,2,4,4 BHK Apartment ,5,Sangamvadi,60000000,15000
0,3,2,0,1,0,11,3990,2,3,3 BHK Villa ,0,Wagholi,15900000,3984
0,3,0,0,1,0,6,1600,2,3,3 BHK Villa ,0,Viman Nagar,31000000,19375
0,3,0,1,1,0,3,2400,2,3,3 BHK Apartment ,2,Viman Nagar,19700000,8208
0,3,0,1,1,0,3,4100,2,4,4 BHK Apartment ,4,Sangamvadi,65000000,15853
0,3,0,1,1,0,3,820,2,2,2 BHK Apartment ,2,Viman Nagar,7500000,9146
0,3,0,0,1,0,11,560,2,1,1 BHK Apartment ,3,Koregaon Park,6500000,11607
0,3,0,1,1,0,6,560,2,1,1 BHK Apartment ,3,Koregaon Park,6500000,11607
0,3,0,1,1,0,3,1900,2,3,3 BHK Apartment ,3,Sangamvadi,24500000,12894
0,3,1,1,1,0,11,3400,2,5,5 BHK Apartment ,9,Kharadi,30000000,8823
1,3,3,1,1,0,6,1355,2,3,3 BHK Apartment ,4,Viman Nagar,10000000,7380
1,3,3,1,1,0,6,1355,2,3,3 BHK Apartment ,4,Viman Nagar,10000000,7380
0,3,0,1,1,0,6,1150,2,2,2 BHK Apartment ,4,Viman Nagar,7500000,6521
0,3,0,1,1,0,6,3300,2,3,3 BHK Apartment ,3,Hadapsar,34500000,10454
0,3,1,1,1,0,11,1900,2,3,3 BHK Apartment ,5,Koregaon Park,22500000,11842
0,3,1,1,1,0,6,4800,2,4,4 BHK Apartment ,7,Hadapsar,32000000,6666
0,2,2,1,1,0,3,1400,2,3,3 BHK Apartment ,2,Viman Nagar,21000000,15000
0,3,0,1,1,0,3,2440,2,3,3 BHK Apartment ,12,Hadapsar,17000000,6967
0,3,0,1,1,0,3,1150,2,2,2 BHK Apartment ,9,Koregaon Park,11000000,9565
0,3,0,1,1,0,11,1790,2,2,2 BHK Apartment ,2,Mundhwa,13000000,7262
0,3,0,1,1,0,3,2120,2,3,3 BHK Apartment ,1,Kharadi,19000000,8962
0,3,0,1,1,0,3,2500,2,3,3 BHK Apartment ,3,Sangamvadi,30000000,12000
0,3,0,1,1,0,3,7890,2,5,5 BHK Apartment ,7,Sangamvadi,118400000,15006
0,3,1,1,1,0,11,4200,2,4,4 BHK Apartment ,6,Kalyani Nagar,63000000,15000
0,3,0,1,0,0,11,2000,2,3,3 BHK Villa ,0,Kalyani Nagar,30000000,15000
0,2,2,1,1,0,11,3218,2,4,4 BHK Apartment ,5,Sangamvadi,36000000,11187
0,3,1,1,1,0,3,2584,2,4,4 BHK Apartment ,1,Kharadi,23500000,9094
0,3,2,1,1,0,6,1200,2,2,2 BHK Apartment ,3,Kalyani Nagar,11500000,9583
0,3,1,1,1,0,11,4100,2,4,4 BHK Apartment ,4,Sangamvadi,50000000,12195
0,3,2,1,1,0,6,2500,2,3,3 BHK Apartment ,8,Sangamvadi,32500000,13000
0,3,0,1,1,0,6,4140,2,4,4 BHK Apartment ,9,Sangamvadi,74500000,17995
0,3,0,1,1,0,11,1535,2,3,3 BHK Apartment ,6,Kalyani Nagar,13500000,8794
0,2,0,1,1,0,16,3200,2,4,4 BHK Apartment ,6,Sangamvadi,47500000,14843
0,3,0,1,1,0,2,4550,2,4,4 BHK Apartment ,8,Sangamvadi,86400000,18989
0,2,0,1,1,0,11,1231,2,2,2 BHK Apartment ,2,Sangamvadi,19900000,16165
0,3,2,1,1,0,6,5876,2,4,4 BHK Apartment ,0,Kalyani Nagar,55000000,9360
0,2,0,1,1,0,6,1800,2,3,3 BHK Apartment ,1,Sangamvadi,25000000,13888
0,2,1,0,1,0,11,1800,2,4,4 BHK Villa ,0,Shastri Nagar,23000000,12777
0,3,2,0,1,0,3,3201,2,3,3 BHK Villa ,0,Wagholi,14700000,4592
0,2,0,1,1,0,2,1000,2,2,2 BHK Apartment ,6,Yerawada,8400000,8400
0,3,1,1,1,0,6,1386,2,3,3 BHK Apartment ,5,Kharadi,7200000,5194
0,3,0,1,1,0,6,6784,2,5,5 BHK Apartment ,5,Hadapsar,60000000,8844
0,3,0,1,1,0,11,1650,2,3,3 BHK Apartment ,3,Kalyani Nagar,14500000,8787
0,3,1,1,1,0,6,3650,2,3,3 BHK Apartment ,3,Koregaon Park,67700000,18547
0,3,1,1,1,0,6,7237,2,5,5 BHK Apartment ,18,Koregaon Park,160000000,22108
0,3,1,1,1,0,0,5590,2,4,4 BHK Apartment ,7,Koregaon Park,110000000,19677
0,2,0,1,1,0,6,2800,2,4,4 BHK Apartment ,7,Kalyani Nagar,43000000,15357
0,2,1,1,1,0,11,1750,2,3,3 BHK Apartment ,10,Koregaon Park,21500000,12285
0,2,0,1,1,0,11,2775,2,4,4 BHK Apartment ,9,Kalyani Nagar,35000000,12612
0,3,2,1,1,0,6,3887,2,4,4 BHK Apartment ,10,Koregaon Park,48000000,12348
0,3,0,1,1,0,3,1700,2,3,3 BHK Apartment ,9,Kharadi,11000000,6470
0,2,0,1,1,0,11,600,2,1,1 BHK Apartment ,6,Yerawada,6000000,10000
0,2,1,1,1,0,11,1360,2,2,2 BHK Apartment ,8,Sangamvadi,26100000,19191
0,2,0,1,1,0,11,1400,2,3,3 BHK Apartment ,2,Bund Garden,14500000,10357
0,3,1,1,1,0,2,3200,2,3,3 BHK Apartment ,10,Viman Nagar,38500000,12031
0,3,0,1,1,0,2,1800,2,3,3 BHK Apartment ,2,Wagholi,9000000,5000
0,3,1,1,1,0,6,1268,2,3,3 BHK Apartment ,4,Viman Nagar,11999084,9463
0,3,0,1,1,0,11,2200,2,4,4 BHK Apartment ,0,Koregaon Park,33000000,15000
0,2,0,1,1,0,3,1736,2,3,3 BHK Apartment ,3,Wadgaon Sheri,15300000,8813
0,3,0,1,1,0,3,4000,2,5,5 BHK Apartment ,4,Koregaon Park,80000000,20000
0,2,0,1,1,0,11,2186,2,3,3 BHK Apartment ,3,Koregaon Park,18000000,8234
0,3,1,1,1,0,0,2245,2,3,3 BHK Apartment ,3,Koregaon Park,40200000,17906
0,3,0,1,1,0,11,1100,2,4,4 BHK Apartment ,0,Koregaon Park,40000000,36363
0,3,0,1,1,0,3,5375,2,4,4 BHK Apartment ,6,Kharadi,40000000,7441
0,3,0,1,1,0,3,2666,2,4,4 BHK Apartment ,2,Wagholi,11000000,4126
0,2,0,1,1,0,6,4000,2,4,4 BHK Apartment ,3,Koregaon Park,66000000,16500
0,3,0,1,1,0,6,1800,2,3,3 BHK Apartment ,2,Koregaon Park,24500000,13611
0,3,0,1,1,0,6,1350,2,3,3 BHK Apartment ,7,Viman Nagar,10500000,7777
0,3,0,1,1,0,6,3000,2,4,4 BHK Apartment ,9,Kalyani Nagar,36000000,12000
0,3,1,1,1,0,0,5245,2,4,4 BHK Apartment ,8,Koregaon Park,100000000,19065
0,3,1,1,1,0,3,3900,2,4,4 BHK Apartment ,7,Koregaon Park,68000000,17435
0,3,0,1,1,0,0,2245,2,3,3 BHK Apartment ,9,Koregaon Park,40000000,17817
0,3,0,1,1,0,11,1400,2,3,3 BHK Apartment ,2,Kharadi,10500000,7500
0,2,1,1,1,0,6,1500,2,3,3 BHK Apartment ,4,Wadgaon Sheri,13500000,9000
0,2,0,1,1,0,11,997,2,2,2 BHK Apartment ,4,Yerawada,7600000,7622
0,3,0,1,1,0,2,2523,2,4,4 BHK Apartment ,2,Kalyani Nagar,26000000,10305
0,3,1,1,1,0,2,2584,2,4,4 BHK Apartment ,1,Kharadi,23500000,9094
0,3,0,1,1,0,2,1190,2,2,2 BHK Apartment ,2,Kharadi,10000000,8403
0,3,0,1,1,0,3,2300,2,3,3 BHK Apartment ,5,Wadgaon Sheri,18500000,8043
0,3,0,1,1,0,16,4505,2,5,5 BHK Apartment ,0,Koregaon Park,40000000,8879
0,3,0,1,1,0,6,2320,2,3,3 BHK Apartment ,8,Wadgaon Sheri,15600000,6724
0,3,0,1,1,0,16,2255,2,4,4 BHK Apartment ,0,Koregaon Park,33000000,14634
0,3,0,1,1,0,2,2170,2,3,3 BHK Apartment ,3,Koregaon Park,17500000,8064
0,3,0,1,1,0,3,1850,2,3,3 BHK Apartment ,3,Kalyani Nagar,21000000,11351
0,3,1,1,1,0,11,2616,2,4,4 BHK Apartment ,6,Koregaon Park,37000000,14143
0,3,0,1,1,0,6,2500,2,4,4 BHK Apartment ,0,Koregaon Park,30000000,12000
0,3,0,1,1,0,6,985,2,2,2 BHK Apartment ,10,Kharadi,6000000,6091
0,2,0,1,1,0,3,2536,2,3,3 BHK Apartment ,4,Kalyani Nagar,31500000,12421
0,3,0,1,1,0,6,1396,2,3,3 BHK Apartment ,6,Kharadi,9000000,6446
0,3,0,1,1,0,16,1400,2,3,3 BHK Apartment ,3,Kalyani Nagar,9500000,6785
0,3,0,1,1,0,2,635,2,1,1 BHK Apartment ,1,Viman Nagar,5700000,8976
0,3,0,1,1,0,2,1100,2,2,2 BHK Apartment ,3,Viman Nagar,8000000,7272
0,3,0,1,1,0,3,1690,2,3,3 BHK Apartment ,7,Viman Nagar,21500000,12721
0,3,2,1,1,0,11,620,2,1,1 BHK Apartment ,3,Koregaon Park,4000000,6451
0,2,1,1,1,0,16,1195,2,2,2 BHK Apartment ,4,Viman Nagar,8700000,7280
0,3,0,1,1,0,11,1445,2,2,2 BHK Apartment ,8,Viman Nagar,12700000,8788
0,3,0,1,1,0,11,600,2,1,1 BHK Apartment ,6,Yerawada,6000000,10000
0,0,0,1,1,0,2,450,2,1,1 BHK Apartment ,3,Kharadi,4700000,10444
0,3,0,1,1,0,11,3345,2,5,5 BHK Apartment ,6,Koregaon Park,60000000,17937
0,3,0,1,1,0,11,2186,2,3,3 BHK Apartment ,5,Koregaon Park,26500000,12122
0,3,1,1,1,0,2,2580,2,4,4 BHK Apartment ,4,Kharadi,21000000,8139
0,3,0,1,1,0,6,1670,2,3,3 BHK Apartment ,6,Kalyani Nagar,23000000,13772
0,3,0,1,1,0,16,550,2,1,1 BHK Apartment ,2,Kalyani Nagar,5600000,10181
0,3,0,1,1,0,11,1045,2,2,2 BHK Apartment ,1,Koregaon Park,10500000,10047
0,3,2,1,1,0,6,5876,2,4,4 BHK Apartment ,0,Kalyani Nagar,55000000,9360
0,2,0,1,1,0,11,2345,2,3,3 BHK Apartment ,1,Koregaon Park,31500000,13432
0,3,2,1,1,0,6,1000,2,2,2 BHK Apartment ,2,Kalyani Nagar,7000000,7000
0,3,2,1,1,0,11,1800,2,3,3 BHK Apartment ,9,Kalyani Nagar,18000000,10000
0,3,0,1,1,0,6,1450,2,3,3 BHK Apartment ,5,Kalyani Nagar,11000000,7586
0,3,0,1,1,0,2,4088,2,4,4 BHK Apartment ,4,Kharadi,37000000,9050
0,3,1,1,1,0,6,3400,2,3,3 BHK Apartment ,9,Kharadi,30000000,8823
0,3,0,1,1,0,11,1200,2,2,2 BHK Apartment ,0,Kalyani Nagar,10000000,8333
0,2,1,1,1,0,3,1400,2,2,2 BHK Apartment ,3,Kalyani Nagar,11800000,8428
0,3,0,1,1,0,11,1430,2,3,3 BHK Apartment ,6,Viman Nagar,16500000,11538
0,3,0,1,1,0,16,800,2,2,2 BHK Apartment ,3,Shastri Nagar,4600000,5750
0,2,0,1,1,0,16,1820,2,3,3 BHK Apartment ,5,Viman Nagar,11500000,6318
0,2,0,1,1,0,16,595,2,1,1 BHK Apartment ,4,Viman Nagar,4500000,7563
0,2,0,1,1,0,6,1050,2,2,2 BHK Apartment ,9,Wadgaon Sheri,7500000,7142
0,3,0,1,1,0,3,1150,2,3,3 BHK Apartment ,5,Vishrantwadi,11000000,9565
0,3,0,1,1,0,2,1100,2,2,2 BHK Apartment ,9,Wadgaon Sheri,8200000,7454
0,3,0,1,1,0,16,1300,2,2,2 BHK Apartment ,2,Koregaon Park,9000000,6923
0,3,0,1,1,0,16,1486,2,3,3 BHK Apartment ,2,Viman Nagar,10000000,6729
0,2,0,1,1,0,16,1189,2,2,2 BHK Apartment ,3,Shastri Nagar,9200000,7737
0,3,0,1,1,0,3,1300,2,2,2 BHK Apartment ,4,Mundhwa,12600000,9692
0,2,0,1,1,0,6,1815,2,3,3 BHK Apartment ,9,Mundhwa,20000000,11019
0,3,0,0,1,0,6,638,1,1,1 BHK Apartment ,3,Kharadi,4400000,6896
0,3,0,1,1,0,2,1140,2,2,2 BHK Apartment ,7,Wagholi,5500000,4824
0,3,0,1,1,0,2,730,2,1,1 BHK Apartment ,3,Wagholi,3500000,4794
0,3,0,1,1,0,11,1170,2,2,2 BHK Apartment ,2,Viman Nagar,8500000,7264
0,3,1,1,1,0,11,1465,2,3,3 BHK Apartment ,3,Kalyani Nagar,14000000,9556
0,3,1,1,1,0,2,1820,2,3,3 BHK Apartment ,4,Kharadi,11500000,6318
0,3,0,1,1,0,11,1385,2,2,2 BHK Apartment ,1,Viman Nagar,12000000,8664
0,3,1,1,1,0,2,1650,2,3,3 BHK Apartment ,8,Kharadi,12498750,7575
0,3,1,1,1,0,11,1294,2,3,3 BHK Apartment ,0,Viman Nagar,10500000,8114
0,3,0,1,1,0,3,2800,2,3,3 BHK Apartment ,3,Hadapsar,35000000,12500
0,3,0,1,1,0,3,4700,2,4,4 BHK Apartment ,4,Hadapsar,43200000,9191
0,3,0,1,1,0,6,2740,2,4,4 BHK Apartment ,10,Kharadi,18100000,6605
0,3,0,1,1,0,11,1360,2,2,3 BHK Apartment ,1,Viman Nagar,11500000,8455
0,3,1,1,1,0,11,1945,2,3,3 BHK Apartment ,7,Kalyani Nagar,22500000,11568
0,3,2,1,1,1,19,959,2,2,2 BHK Apartment ,1,Boat Club Road,15000000,15641
0,3,0,1,1,0,6,836,2,2,2 BHK Apartment ,3,Lohegaon,3900000,4665
0,2,0,1,1,0,11,1800,2,3,3 BHK Apartment ,2,Kalyani Nagar,21000000,11666
0,3,0,1,1,0,6,3341,2,4,4 BHK Apartment ,6,Koregaon Park,60000000,17958
0,3,1,1,1,0,11,1085,2,2,2 BHK Apartment ,6,Koregaon Park,6300000,5806
0,2,0,1,1,0,16,815,2,2,2 BHK Apartment ,2,Kalyani Nagar,7000000,8588
0,3,2,1,1,0,11,3200,2,4,4 BHK Apartment ,7,Koregaon Park,32500000,10156
0,3,1,1,1,0,6,2700,2,4,4 BHK Apartment ,2,Koregaon Park,28000000,10370
0,2,2,1,1,0,11,3340,2,3,3 BHK Apartment ,8,Koregaon Park,31500000,9431
0,3,0,1,1,0,6,2250,2,3,3 BHK Apartment ,9,Viman Nagar,27000000,12000
0,2,0,1,1,0,11,1350,2,2,2 BHK Apartment ,4,Mundhwa,9500000,7037
0,3,0,1,1,0,2,1500,2,3,3 BHK Apartment ,7,Viman Nagar,16000000,10666
0,3,0,1,1,0,6,2615,2,3,3 BHK Apartment ,3,Koregaon Park,26200000,10019
0,3,0,1,1,0,3,5375,2,4,4 BHK Apartment ,6,Kharadi,40000000,7441
0,3,0,1,1,0,3,3341,2,4,4 BHK Apartment ,3,Koregaon Park,52500000,15713
0,3,0,1,1,0,16,3300,2,5,5 BHK Apartment ,6,Koregaon Park,60000000,18181
0,3,0,1,1,0,11,2400,2,4,4 BHK Apartment ,1,Kalyani Nagar,30000000,12500
0,3,1,1,1,0,0,1945,2,3,3 BHK Apartment ,4,Koregaon Park,36000000,18508
0,3,0,1,1,0,11,805,2,2,2 BHK Apartment ,1,Kharadi,4500000,5590
0,3,0,1,1,0,6,1630,2,3,3 BHK Apartment ,7,Kharadi,10000000,6134
0,2,0,1,1,0,2,1400,2,2,2 BHK Apartment ,6,Yerawada,9700000,6928
0,2,0,1,1,0,3,905,2,2,2 BHK Apartment ,7,Vishrantwadi,7400000,8176
0,3,0,1,1,0,11,900,2,2,2 BHK Apartment ,5,Koregaon Park,7500000,8333
0,2,0,1,1,0,3,1736,2,3,3 BHK Apartment ,3,Wadgaon Sheri,15300000,8813
0,3,0,1,0,0,11,2000,2,3,3 BHK Villa ,0,Koregaon Park,25000000,12500
0,3,0,1,1,0,3,2000,2,3,3 BHK Villa ,0,Koregaon Park,26000000,13000
0,3,0,1,1,0,16,1680,2,3,3 BHK Apartment ,4,Viman Nagar,11500000,6845
0,3,0,1,1,0,11,1850,2,4,4 BHK Apartment ,7,Koregaon Park,24500000,13243
0,2,2,1,1,0,3,1850,2,3,3 BHK Apartment ,8,Viman Nagar,25000000,13513
0,3,0,1,1,0,6,1000,2,2,2 BHK Apartment ,5,Wadgaon Sheri,7000000,7000
0,2,1,1,1,0,16,610,2,1,1 BHK Apartment ,2,Yerawada,5400000,8852
0,3,1,1,1,0,1,3100,2,3,3 BHK Apartment ,3,Viman Nagar,38500000,12419
0,3,0,1,1,0,6,1450,2,2,2 BHK Apartment ,2,Mundhwa,9715000,6700
0,3,0,1,1,0,6,1200,2,2,2 BHK Apartment ,4,Kharadi,6300000,5250
0,3,0,1,1,0,6,1200,2,3,3 BHK Apartment ,6,Viman Nagar,15000000,12500
0,3,0,1,1,0,11,3800,2,3,3 BHK Apartment ,0,Koregaon Park,45000000,11842
0,3,0,1,1,0,3,2350,2,4,4 BHK Apartment ,5,Koregaon Park,27500000,11702
0,3,0,1,1,0,6,5000,2,5,5 BHK Apartment ,2,Kharadi,59000000,11800
0,3,0,1,1,0,11,1620,2,3,3 BHK Apartment ,1,Yerawada,12500000,7716
0,2,0,1,1,0,16,550,2,1,1 BHK Apartment ,1,Koregaon Park,5000000,9090
0,3,2,1,1,0,3,2961,2,4,4 BHK Apartment ,8,Kharadi,29000000,9793
0,3,0,1,1,0,11,1010,2,2,2 BHK Apartment ,3,Shastri Nagar,7600000,7524
0,3,0,1,1,0,11,2400,2,4,4 BHK Apartment ,5,Koregaon Park,28200000,11750
0,3,0,1,1,0,11,1400,2,3,3 BHK Apartment ,2,Kharadi,10500000,7500
0,2,0,1,1,0,11,1000,2,2,2 BHK Apartment ,1,Koregaon Park,6200000,6200
0,3,0,1,1,0,2,2800,2,3,3 BHK Apartment ,3,Kalyani Nagar,34000000,12142
0,3,1,1,1,0,11,585,2,1,1 BHK Apartment ,2,Viman Nagar,5500000,9401
0,3,0,1,1,0,2,1394,2,3,3 BHK Apartment ,1,Kharadi,8780000,6298
0,3,0,1,1,0,6,1100,2,2,2 BHK Apartment ,3,Koregaon Park,12500000,11363
0,3,0,1,1,0,6,900,2,2,2 BHK Apartment ,3,Viman Nagar,5000000,5555
0,3,2,1,1,0,11,900,2,2,2 BHK Apartment ,8,Koregaon Park,7600000,8444
0,3,2,1,1,0,2,3500,2,4,4 BHK Apartment ,8,Koregaon Park,40000000,11428
0,2,2,1,1,0,16,1800,2,3,3 BHK Apartment ,0,Koregaon Park,18000000,10000
0,3,2,1,1,0,11,1800,2,3,3 BHK Apartment ,2,Kalyani Nagar,26000000,14444
0,2,1,1,1,0,16,1050,2,2,2 BHK Apartment ,7,Koregaon Park,10000000,9523
0,3,1,1,1,0,11,3350,2,4,4 BHK Apartment ,5,Koregaon Park,53000000,15820
0,3,1,1,1,0,11,3350,2,4,4 BHK Apartment ,5,Koregaon Park,53000000,15820
0,2,0,1,1,0,11,1225,2,2,2 BHK Apartment ,7,Koregaon Park,6000000,4897
0,2,0,1,1,0,21,1451,2,2,2 BHK Apartment ,3,Koregaon Park,13500000,9303
0,3,1,1,1,0,6,1100,2,2,2 BHK Apartment ,6,Kalyani Nagar,9600000,8727
0,3,1,1,1,0,2,2600,2,4,4 BHK Apartment ,1,Koregaon Park,26000000,10000
0,3,0,1,1,0,6,813,2,2,2 BHK Apartment ,3,Viman Nagar,6600000,8118
0,3,0,1,1,0,2,2845,2,3,3 BHK Apartment ,1,Viman Nagar,22700000,7978
0,3,0,1,1,0,6,1650,2,3,3 BHK Apartment ,5,Viman Nagar,21000000,12727
0,3,2,1,1,0,16,4800,2,4,4 BHK Apartment ,5,Mundhwa,49500000,10312
0,3,0,1,1,0,2,3915,2,4,4 BHK Apartment ,6,Koregaon Park,60000000,15325
0,2,0,1,1,0,11,1537,2,3,3 BHK Apartment ,8,Kharadi,9500000,6180
0,3,0,1,1,0,2,2250,2,3,3 BHK Apartment ,3,Koregaon Park,24500000,10888
0,3,0,1,1,0,2,2120,2,3,3 BHK Apartment ,1,Kharadi,16000000,7547
0,2,0,1,1,0,11,2100,2,4,4 BHK Apartment ,4,Koregaon Park,22500000,10714
0,3,1,1,1,0,6,1010,2,2,2 BHK Apartment ,2,Viman Nagar,8000000,7920
0,3,0,1,1,0,6,5876,2,4,4 BHK Apartment ,8,Kalyani Nagar,58000000,9870
0,3,2,1,1,0,2,3000,2,5,5 BHK Apartment ,0,Koregaon Park,45000000,15000
0,3,1,1,1,0,16,1050,2,2,2 BHK Apartment ,7,Koregaon Park,10000000,9523
0,3,0,1,1,0,11,1800,2,3,3 BHK Apartment ,5,Koregaon Park,33000000,18333
1,3,3,1,1,0,11,1800,2,3,3 BHK Apartment ,9,Koregaon Park,13500000,7500
0,3,1,1,1,0,6,4200,2,4,4 BHK Apartment ,1,Kharadi,40320000,9600
0,3,0,1,1,0,6,7500,2,5,5 BHK Apartment ,14,Koregaon Park,160000000,21333
1,3,3,1,1,0,16,2200,2,4,4 BHK Apartment ,1,Koregaon Park,30300000,13772
0,3,0,1,1,0,2,4000,2,5,5 BHK Apartment ,4,Koregaon Park,80000000,20000
0,3,0,1,1,0,0,2245,2,3,3 BHK Apartment ,4,Koregaon Park,41000000,18262
1,3,3,1,1,0,11,2100,2,4,4 BHK Apartment ,6,Koregaon Park,24000000,11428
0,3,0,1,1,0,11,2400,2,3,3 BHK Apartment ,2,Koregaon Park,24000000,10000
1,3,3,1,1,0,11,2700,2,4,4 BHK Apartment ,1,Koregaon Park,27000000,10000
0,3,1,1,1,0,11,1800,2,3,3 BHK Apartment ,10,Koregaon Park,21000000,11666
0,3,0,1,1,0,1,8300,2,5,5 BHK Apartment ,5,Koregaon Park,141100000,17000
0,2,0,1,1,0,11,2750,2,4,4 BHK Apartment ,4,Kalyani Nagar,23000000,8363
1,3,3,1,1,0,6,2120,2,3,3 BHK Apartment ,1,Kharadi,16000000,7547
0,2,0,1,1,0,2,1250,2,2,2 BHK Apartment ,2,Bund Garden,12000000,9600
0,3,0,1,1,0,11,2900,2,4,4 BHK Apartment ,9,Kalyani Nagar,35000000,12068
0,1,0,1,1,0,11,2500,2,3,3 BHK Apartment ,3,Sangamvadi,40000000,16000
0,3,0,1,1,0,6,600,2,1,1 BHK Apartment ,5,Yerawada,5000000,8333
0,3,1,1,1,0,6,2975,2,4,4 BHK Apartment ,6,Kharadi,45000000,15126
0,3,0,1,1,0,11,1200,2,2,2 BHK Apartment ,5,Yerawada,7500000,6250
0,3,0,1,1,0,2,1648,2,3,3 BHK Apartment ,1,Wagholi,7250000,4399
0,2,1,1,1,0,2,4800,2,4,4 BHK Apartment ,11,Hadapsar,32500000,6770
0,3,0,1,1,0,3,1150,2,2,2 BHK Apartment ,2,Wadgaon Sheri,7500000,6521
0,2,0,1,1,0,11,1550,2,3,3 BHK Apartment ,5,Viman Nagar,10000000,6451
0,3,0,1,1,0,2,1679,2,3,3 BHK Apartment ,8,Wagholi,8820000,5253
0,3,0,1,1,0,6,4600,2,4,4 BHK Apartment ,4,Hadapsar,40600000,8826
0,3,0,1,1,0,11,1500,2,3,3 BHK Apartment ,3,Wadgaon Sheri,10300000,6866
0,3,0,1,1,0,2,1270,2,2,2 BHK Apartment ,1,Wagholi,5590000,4401
0,3,0,1,1,0,11,809,2,2,2 BHK Apartment ,7,Viman Nagar,7000000,8652
0,3,0,1,1,0,11,1684,2,3,3 BHK Apartment ,6,Wadgaon Sheri,13000000,7719
0,2,0,1,1,0,11,1500,2,3,3 BHK Apartment ,2,Viman Nagar,13000000,8666
0,3,1,1,1,0,2,1826,2,3,3 BHK Apartment ,12,Hadapsar,16500000,9036
0,3,1,1,1,0,6,1750,2,3,3 BHK Apartment ,6,Wadgaon Sheri,16000000,9142
0,3,1,1,1,1,6,1600,2,3,3 BHK Apartment ,8,Kharadi,9200000,5750
1,3,3,1,1,1,1,1225,2,2,2 BHK Apartment ,1,Hinjewadi,6282600,5128
0,3,1,1,1,0,11,1600,2,3,3 BHK Apartment ,1,Koregaon Park,23000000,14375
0,3,1,1,1,0,6,2300,2,3,3 BHK Apartment ,4,Viman Nagar,27500000,11956
0,3,1,1,1,0,6,2500,2,3,3 BHK Apartment ,4,Sangamvadi,33000000,13200
0,3,0,1,1,0,6,1616,2,3,3 BHK Apartment ,6,Wagholi,8800000,5445
0,3,1,1,1,0,11,1310,2,2,3 BHK Apartment ,4,Kalyani Nagar,9500000,7252
0,3,1,1,1,0,11,1085,2,2,2 BHK Apartment ,5,Wadgaon Sheri,6000000,5530
0,3,2,1,1,0,11,4400,2,4,4 BHK Apartment ,9,Kalyani Nagar,55000000,12500
0,3,0,1,1,0,11,2400,2,4,4 BHK Apartment ,2,Koregaon Park,22500000,9375
0,3,1,1,1,0,11,1300,2,3,3 BHK Apartment ,4,Kharadi,8000000,6153
0,3,0,1,1,0,11,1950,2,3,3 BHK Apartment ,3,Koregaon Park,20000000,10256
0,3,1,1,1,0,6,4355,2,4,4 BHK Apartment ,10,Kharadi,32700000,7508
0,3,0,1,1,0,6,2200,2,4,4 BHK Apartment ,6,Kharadi,13500000,6136
0,3,1,1,1,0,11,900,2,2,2 BHK Apartment ,5,Viman Nagar,6000000,6666
0,2,1,1,1,0,11,1880,2,3,3 BHK Apartment ,10,Koregaon Park,22000000,11702
0,3,0,1,1,0,6,3737,2,3,3 BHK Apartment ,7,Kharadi,34600000,9258
0,3,0,1,1,0,16,2220,2,3,4 BHK Apartment ,1,Koregaon Park,33000000,14864
0,2,0,1,1,0,11,1550,2,3,3 BHK Apartment ,5,Viman Nagar,10000000,6451
1,2,3,1,1,1,0,4300,2,4,4 BHK Apartment ,10,Kothrud,65300000,15186
0,3,2,1,1,1,10,1300,2,2,2 BHK Apartment ,7,Kalyani Nagar,16000000,12307
0,3,2,1,1,1,19,959,2,2,2 BHK Apartment ,1,Boat Club Road,15000000,15641
0,3,0,1,1,0,6,836,2,2,2 BHK Apartment ,3,Lohegaon,3900000,4665
0,3,1,1,1,1,6,1600,2,3,3 BHK Apartment ,8,Kharadi,9200000,5750
1,3,3,1,1,0,0,1315,2,2,2 BHK Apartment ,5,Kharadi,8690000,6608
0,3,0,1,1,0,6,1100,2,2,2 BHK Apartment ,7,Kharadi,7100000,6454
1,3,3,1,1,1,1,1090,2,2,2 BHK Apartment ,2,Kharadi,7100000,6513
1,3,3,1,1,0,0,1315,1,2,2 BHK Apartment ,4,Kharadi,10200000,7756
0,3,0,1,0,0,11,520,2,1,1 BHK Apartment ,2,Koregaon Park,5200000,10000
0,3,0,0,0,0,11,1100,2,2,2 BHK Apartment ,2,Koregaon Park,12000000,10909
0,3,0,0,0,0,11,1100,2,2,2 BHK Apartment ,2,Koregaon Park,12000000,10909
0,3,0,0,0,0,11,1800,2,3,3 BHK Apartment ,3,Kharadi,17000000,9444
0,3,2,0,0,0,11,1650,2,3,3 BHK Apartment ,2,Koregaon Park,17500000,10606
0,3,2,0,0,0,11,1650,2,3,3 BHK Apartment ,2,Koregaon Park,17500000,10606
0,3,0,0,0,0,11,1100,2,2,2 BHK Apartment ,2,Koregaon Park,12000000,10909
0,3,0,1,0,0,11,1750,2,4,4 BHK Apartment ,3,Koregaon Park,30000000,17142
0,3,0,1,1,0,11,1850,2,4,4 BHK Apartment ,4,Viman Nagar,22000000,11891
0,3,0,0,0,0,11,1100,2,2,2 BHK Apartment ,2,Koregaon Park,9000000,8182
0,3,2,1,0,0,11,1400,2,3,3 BHK Apartment ,1,Koregaon Park,11000000,7857
0,3,2,1,1,1,11,1440,3,3,3 BHK Apartment ,6,Koregaon Park,19000000,13194
0,3,0,0,1,0,8,1950,2,4,4 BHK Apartment ,2,Koregaon Park,21500000,11025
0,3,0,1,1,0,5,845,1,2,2 BHK Apartment ,6,Wagholi,4200000,4970
0,3,0,1,0,0,11,2450,2,3,4 BHK Apartment ,3,Koregaon Park,40000000,16326
0,3,0,1,0,0,11,600,2,1,1 BHK Apartment ,3,Viman Nagar,3500000,5833
0,3,0,1,0,0,6,671,2,1,1 BHK Apartment ,2,Wagholi,2850000,4247
0,3,0,1,0,0,6,671,2,1,1 BHK Apartment ,2,Wagholi,2850000,4247
0,3,1,0,0,0,11,1538,2,2,2 BHK Villa ,0,Kharadi,6000000,3901
0,3,1,0,1,0,16,1400,2,3,3 BHK Apartment ,0,Koregaon Park,13000000,9285
0,3,2,0,1,0,11,4000,2,5,5 BHK Apartment ,2,Koregaon Park,42000000,10500
0,3,0,0,0,0,11,1215,2,2,2 BHK Apartment ,3,Koregaon Park,12000000,9876
0,3,0,0,0,0,11,2400,2,4,4 BHK Villa ,0,Wagholi,4500000,1875
0,3,1,0,0,0,11,1600,2,4,4 BHK Villa ,0,Viman Nagar,17500000,10937
0,3,0,1,1,0,11,1300,2,3,3 BHK Apartment ,3,Koregaon Park,9500000,7307
0,3,0,1,1,0,11,2350,2,3,3 BHK Apartment ,2,Sangamvadi,25000000,10638
0,3,1,0,0,0,11,1600,2,4,4 BHK Villa ,0,Viman Nagar,17500000,10937
0,3,0,1,1,0,16,3200,2,3,4 BHK Apartment ,2,Koregaon Park,50000000,15625
0,3,0,1,0,0,11,1100,2,2,2 BHK Apartment ,3,Koregaon Park,5000000,4545
0,3,0,1,0,0,16,500,2,1,1 BHK Apartment ,1,Koregaon Park,6000000,12000
0,3,2,1,0,0,6,1000,2,2,2 BHK Apartment ,2,Wagholi,4300000,4300
0,3,0,1,1,0,11,800,2,2,2 BHK Apartment ,5,Kharadi,4500000,5625
0,3,1,1,0,0,16,930,2,2,2 BHK Apartment ,2,Viman Nagar,6500000,6989
0,3,0,1,0,0,6,1075,2,2,2 BHK Apartment ,2,Kharadi,3800000,3535
0,3,2,0,1,0,11,830,2,2,2 BHK Apartment ,2,Koregaon Park,6000000,7229
0,3,0,0,1,0,0,625,2,1,1 BHK Apartment ,1,Kharadi,3900000,6240
0,3,2,1,1,0,11,700,2,2,2 BHK Apartment ,2,Koregaon Park,6100000,8714
0,3,1,0,0,0,11,1600,2,4,4 BHK Villa ,0,Viman Nagar,17500000,10938
0,3,0,0,1,0,0,610,2,1,1 BHK Apartment ,3,Kharadi,3100000,5081
0,3,0,0,1,0,0,500,2,1,1 BHK Apartment ,2,Kharadi,3000000,6000
0,3,0,0,1,0,0,621,2,1,1 BHK Apartment ,2,Kharadi,3500000,5636
0,3,0,1,0,0,11,750,2,2,2 BHK Apartment ,3,Viman Nagar,4800000,6400
0,3,0,1,0,0,6,1210,2,2,2 BHK Apartment ,1,Viman Nagar,7000000,5785
0,3,0,0,1,0,1,1205,1,2,2 BHK Apartment ,3,Kothrud,8900000,7385
0,3,1,0,1,0,10,1460,2,3,2 BHK Apartment ,3,Bavdhan,13000000,8904
0,2,2,0,0,0,10,630,1,1,1 BHK Apartment ,1,Boat Club Road,8800000,13968
0,3,1,0,0,0,4,1313,2,3,2 BHK Apartment ,7,Baner,9200000,7006
0,2,1,1,1,0,3,927,1,2,2 BHK Apartment ,5,Wagholi,3600000,3883
0,3,2,0,1,0,6,4000,2,5,5 BHK Apartment ,0,Viman Nagar,45000000,11250
0,3,0,1,1,0,21,1200,2,2,2 BHK Apartment ,2,Bund Garden,18000000,15000
0,2,2,0,1,0,21,2050,2,4,4 BHK Villa ,0,Viman Nagar,17000000,8292
0,3,0,1,1,0,3,7500,2,5,5 BHK Apartment ,2,Koregaon Park,170000000,22666
0,3,1,0,0,0,11,2285,2,3,3 BHK Apartment ,1,Kalyani Nagar,38000000,16630
0,3,0,0,0,0,11,2400,2,4,4 BHK Villa ,0,Koregaon Park,32000000,13333
0,3,0,0,0,0,11,1215,2,2,2 BHK Apartment ,3,Koregaon Park,12000000,9876
0,3,0,0,0,0,16,1215,2,2,2 BHK Apartment ,3,Koregaon Park,13500000,11111
0,3,0,0,0,0,16,1280,2,2,2 BHK Apartment ,3,Koregaon Park,13000000,10156
0,3,2,1,0,0,16,1400,2,3,3 BHK Apartment ,2,Koregaon Park,13000000,9286
0,3,0,0,0,0,11,2050,2,2,2 BHK Villa ,0,Viman Nagar,10000000,4878
0,3,0,1,1,0,11,550,2,1,1 BHK Apartment ,2,Yerawada,3600000,6545
0,3,1,1,0,0,11,825,2,1,1 BHK Apartment ,4,Yerawada,3700000,4485
0,3,1,1,0,0,11,1022,2,2,2 BHK Apartment ,2,Viman Nagar,6500000,6360
0,3,0,1,1,0,16,800,2,2,2 BHK Apartment ,3,Viman Nagar,5200000,6500
0,3,0,1,0,0,11,1600,2,3,3 BHK Apartment ,2,Koregaon Park,12500000,7813
0,3,1,1,1,0,11,640,2,1,1 BHK Apartment ,5,Viman Nagar,3700000,5781
0,3,2,1,0,0,11,650,2,1,1 BHK Apartment ,3,Viman Nagar,4000000,6154
0,3,0,0,0,0,22,980,2,2,2 BHK Apartment ,1,Viman Nagar,4400000,4490
0,3,2,1,1,0,11,1610,2,3,3 BHK Apartment ,3,Kharadi,7000000,4348
0,3,0,1,0,0,9,945,2,2,2 BHK Apartment ,2,Kalyani Nagar,9600000,10158
0,3,0,1,0,0,6,820,2,2,2 BHK Apartment ,8,Kalyani Nagar,10600000,12926
0,3,0,1,1,0,1,1210,1,2,2 BHK Apartment ,3,Undri,7700000,6363
0,3,1,0,0,0,15,750,2,1,2 BHK Apartment ,0,Sinhgad Road,3100000,4133
0,3,2,0,0,1,10,4000,2,4,4 BHK Apartment ,6,Koregaon Park,60000000,15000
0,3,2,0,0,1,9,1250,1,2,2 BHK Apartment ,4,Koregaon Park,9000000,7200
0,3,2,0,0,1,1,2810,2,4,3 BHK Apartment ,8,Boat Club Road,53400000,19003
0,3,1,1,1,0,8,1000,2,2,2 BHK Apartment ,1,Hadapsar,5400000,5400
0,3,2,1,1,1,7,1700,3,3,3 BHK Apartment ,9,Wanowrie,15000000,8823
0,3,0,0,0,0,5,604,1,1,1 BHK Apartment ,5,Boat Club Road,8000000,13245
0,2,0,0,0,0,0,550,2,1,1 BHK Apartment ,1,Boat Club Road,660000,1200
0,3,2,0,0,0,10,1600,2,3,3 BHK Apartment ,5,Sangamvadi,27000000,16875
1,3,3,1,1,0,0,680,1,2,1 BHK Apartment ,3,Kharadi,3400000,5000
0,2,1,1,1,1,3,970,1,2,2 BHK Apartment ,1,Lohegaon,4200000,4329
0,3,2,0,1,1,19,482,1,1,1 BHK Apartment ,3,Kalyani Nagar,6500000,13485
0,2,1,0,0,0,41,773,1,1,2 BHK Apartment ,2,Bund Garden,8000000,10349
0,2,1,0,0,0,8,1000,2,2,2 BHK Apartment ,2,Wadgaon Sheri,5900000,5900
0,2,0,1,1,0,21,1450,2,3,3 BHK Apartment ,2,Bund Garden,18000000,12413
0,3,0,0,1,0,16,1200,2,2,2 BHK Villa ,0,Kharadi,9000000,7500
0,3,0,1,0,0,11,740,2,2,2 BHK Apartment ,2,Wagholi,3000000,4054
0,3,2,0,0,0,11,2800,2,4,4 BHK Villa ,0,Koregaon Park,60000000,21428
0,3,0,1,1,0,21,1225,2,3,3 BHK Apartment ,2,Bund Garden,19000000,15510
0,3,0,1,1,0,11,1400,2,2,2 BHK Apartment ,1,Koregaon Park,11000000,7857
0,3,2,1,1,0,16,1750,2,3,3 BHK Apartment ,2,Kalyani Nagar,15000000,8571
0,3,0,1,0,0,11,575,1,2,1 BHK Apartment ,4,Koregaon Park,5000000,8695
0,3,0,1,0,0,13,965,2,2,2 BHK Apartment ,2,Koregaon Park,6800000,7046
0,3,0,1,0,0,13,1085,2,2,2 BHK Apartment ,7,Koregaon Park,9000000,8294
0,3,1,1,0,0,11,815,2,2,2 BHK Apartment ,1,Wagholi,5500000,6748
0,3,0,1,0,0,11,577,2,1,1 BHK Apartment ,1,Viman Nagar,3800000,6585
0,3,0,1,1,0,11,3000,2,4,2 BHK Apartment ,6,Kalyani Nagar,27500000,9166
0,3,2,1,0,0,11,4500,2,4,4 BHK Apartment ,9,Kalyani Nagar,55000000,12222
0,3,1,0,0,0,11,1000,2,2,2 BHK Apartment ,3,Viman Nagar,6500000,6500
0,3,0,1,0,0,11,1875,2,2,2 BHK Apartment ,2,Kalyani Nagar,14000000,7466
0,3,0,0,1,0,21,1450,2,3,3 BHK Apartment ,2,Viman Nagar,7000000,4828
0,3,0,0,1,0,11,500,2,1,1 BHK Apartment ,1,Kalyani Nagar,4500000,9000
0,3,1,1,1,0,11,1235,2,2,2 BHK Apartment ,4,Koregaon Park,8000000,6478
0,3,0,1,1,0,11,965,2,2,2 BHK Apartment ,2,Koregaon Park,9500000,9845
0,3,0,0,1,0,16,1450,2,3,3 BHK Apartment ,2,Viman Nagar,7500000,5172
0,3,0,1,0,0,11,900,2,1,1 BHK Apartment ,2,Viman Nagar,5300000,5888
0,3,1,1,0,0,11,1185,2,2,2 BHK Apartment ,4,Kalyani Nagar,8500000,7172
0,3,1,1,1,0,11,1020,2,2,2 BHK Apartment ,2,Viman Nagar,7200000,7058
0,3,2,0,1,0,16,1280,2,2,2 BHK Apartment ,2,Kalyani Nagar,8500000,6641
0,3,2,1,1,0,11,1600,2,3,3 BHK Apartment ,1,Kalyani Nagar,13500000,8438
0,3,0,0,1,0,11,1800,2,4,4 BHK Villa ,0,Kalyani Nagar,25000000,13889
0,3,0,0,1,0,0,800,2,2,2 BHK Apartment ,4,Kharadi,6000000,7500
0,3,0,1,1,0,11,2800,2,2,2 BHK Apartment ,0,Viman Nagar,13500000,4821
0,3,1,1,1,0,11,1000,2,2,2 BHK Apartment ,2,Kharadi,4700000,4700
0,3,0,1,1,0,11,1220,2,3,3 BHK Apartment ,2,Kharadi,5700000,4672
0,3,0,0,1,0,0,580,2,1,1 BHK Apartment ,3,Kharadi,3100000,5344
0,3,0,1,1,0,11,950,2,2,2 BHK Apartment ,0,Viman Nagar,5800000,6105
0,3,0,0,1,0,6,740,2,2,2 BHK Apartment ,4,Wagholi,3000000,4054
0,3,1,1,0,0,11,618,2,1,1 BHK Apartment ,4,Kharadi,3500000,5663
0,3,0,1,0,0,11,900,2,2,2 BHK Apartment ,3,Kharadi,4500000,5000
0,3,0,1,0,0,11,850,2,2,2 BHK Apartment ,3,Viman Nagar,6200000,7294
0,3,0,0,0,0,1,1105,1,2,2 BHK Apartment ,3,Wanowrie,6900000,6244
0,3,1,1,1,1,3,1100,3,2,2 BHK Apartment ,7,Hinjewadi,7000000,6363
0,3,2,0,1,1,7,1250,2,2,2 BHK Apartment ,3,Koregaon Park,12500000,10000
0,3,0,1,1,0,3,604,2,1,1 BHK Apartment ,2,Wagholi,3000000,4966
0,3,1,0,0,1,17,820,1,1,2 BHK Apartment ,5,Bibwewadi,6700000,8170
0,3,2,1,1,1,10,1789,2,3,3 BHK Apartment ,4,Wadgaon Sheri,17000000,9502
0,3,0,0,0,0,10,3000,3,3,3 BHK Apartment ,7,Boat Club Road,34000000,11333
0,3,0,0,1,0,7,1306,2,2,2 BHK Apartment ,8,Boat Club Road,26000000,19908
0,3,0,0,0,0,10,1950,2,3,3 BHK Apartment ,3,Boat Club Road,8500000,4358
0,3,0,0,0,0,5,550,1,1,1 BHK Apartment ,5,Bund Garden,6600000,12000
0,3,0,0,1,0,16,1000,2,2,2 BHK Villa ,0,Wagholi,3800000,3800
0,3,0,1,1,0,3,4100,2,4,4 BHK Apartment ,8,Sangamvadi,74000000,18048
0,3,0,1,1,0,11,1680,2,2,2 BHK Apartment ,4,Koregaon Park,12500000,7440
0,3,0,1,1,0,3,1280,2,2,2 BHK Apartment ,1,Yerawada,11000000,8593
0,3,0,1,1,0,3,2100,2,4,4 BHK Apartment ,6,Koregaon Park,24000000,11428
0,3,0,1,1,0,3,1800,2,3,3 BHK Apartment ,3,Wagholi,7800000,4333
0,3,1,1,1,0,11,2000,2,3,3 BHK Apartment ,5,Kalyani Nagar,21500000,10750
0,3,0,1,1,0,2,1645,2,3,3 BHK Apartment ,1,Wagholi,7000000,4255
0,2,0,1,1,0,16,1280,2,2,2 BHK Apartment ,1,Kalyani Nagar,10500000,8203
0,3,0,1,1,0,3,2535,2,4,4 BHK Apartment ,0,Wagholi,11500000,4536
0,3,1,1,1,0,11,1950,2,4,5 BHK Apartment ,0,Yerawada,22500000,11538
0,3,0,1,0,0,11,2000,2,3,3 BHK Villa ,0,Kalyani Nagar,33000000,16500
0,3,0,0,1,0,11,3500,2,3,3 BHK Villa ,0,Viman Nagar,19500000,5571
0,3,2,0,1,0,11,3500,2,5,5 BHK Villa ,0,Viman Nagar,45000000,12857
0,3,1,0,1,0,6,2800,2,3,3 BHK Villa ,0,Wagholi,17000000,6071
0,3,0,1,0,0,10,1040,2,2,2 BHK Apartment ,1,Shastri Nagar,9200000,8846
0,3,0,0,1,0,11,1300,2,2,2 BHK Villa ,0,Wagholi,7600000,5846
0,2,0,1,1,0,2,855,2,2,2 BHK Apartment ,1,Kharadi,5620000,6573
0,2,1,0,0,0,10,4000,2,4,4 BHK Apartment ,2,Sangamvadi,55000000,13750
0,3,2,1,1,1,10,2804,2,4,4 BHK Apartment ,3,Kalyani Nagar,42000000,14978
0,3,0,1,1,0,2,5400,2,4,5 BHK Apartment ,3,Boat Club Road,85000000,15740
0,3,0,1,1,0,10,871,1,2,2 BHK Apartment ,4,Kharadi,5000000,5740
0,3,0,1,1,0,10,2150,2,4,4 BHK Apartment ,5,Koregaon Park,23500000,10930
0,3,2,1,1,1,8,1255,2,2,2 BHK Apartment ,5,Koregaon Park,10000000,7968
0,3,2,1,1,1,9,1360,2,3,2 BHK Apartment ,5,Koregaon Park,12000000,8823
0,3,2,0,1,1,9,650,2,2,1 BHK Apartment ,4,Koregaon Park,5500000,8461
0,3,2,0,1,1,11,560,2,1,1 BHK Apartment ,2,Koregaon Park,6200000,11071
0,3,2,1,1,1,11,550,2,1,1 BHK Apartment ,4,Koregaon Park,6900000,12545
1,3,3,1,1,1,0,5100,1,4,4 BHK Apartment ,18,Kharadi,34600000,6784
0,3,0,1,1,0,8,1600,2,3,3 BHK Apartment ,9,Koregaon Park,14600000,9125
0,3,2,1,1,0,10,1320,2,2,2 BHK Apartment ,8,Wadgaon Sheri,11500000,8712
0,3,0,1,1,0,10,1200,2,2,2 BHK Apartment ,1,Viman Nagar,6700000,5583
0,3,2,1,1,1,6,1690,2,3,3 BHK Apartment ,3,Viman Nagar,20500000,12130
0,3,0,1,1,0,10,1945,2,3,3 BHK Apartment ,7,Koregaon Park,29500000,15167
1,3,3,1,1,0,9,4000,2,4,5 BHK Apartment ,4,Koregaon Park,80000000,20000
0,3,0,0,0,0,5,2000,2,3,3 BHK Apartment ,2,Boat Club Road,25000000,12500
0,3,1,0,0,0,10,4850,1,4,4 BHK Apartment ,1,Boat Club Road,45000000,9278
0,3,2,1,1,1,8,630,2,1,1 BHK Apartment ,5,Wakad,4500000,7142
0,2,1,1,1,0,10,950,1,2,2 BHK Apartment ,7,Pimple Saudagar,6100000,6421
0,3,1,1,1,1,11,629,1,2,2 BHK Apartment ,7,Yerawada,5100000,8108
0,3,0,1,1,0,4,1840,2,3,3 BHK Apartment ,2,Kalyani Nagar,12100000,6576
0,3,0,0,1,0,10,550,1,1,1 BHK Apartment ,5,Sangamvadi,5800000,10545
0,2,0,0,0,0,10,840,1,2,2 BHK Apartment ,2,Bund Garden,8300000,9880
0,3,1,1,1,0,16,1760,2,3,3 BHK Apartment ,3,Yerawada,14080000,8000
0,3,0,1,0,0,3,3200,2,3,3 BHK Villa ,0,Wagholi,14600000,4562
0,3,0,1,0,0,3,1350,2,3,3 BHK Villa ,0,Kalyani Nagar,15000000,11111
0,3,1,1,1,0,3,4200,2,4,4 BHK Apartment ,6,Hadapsar,32500000,7738
0,3,0,1,1,0,6,1800,2,3,3 BHK Apartment ,3,Wadgaon Sheri,18400000,10222
0,3,0,1,1,0,11,1850,2,4,4 BHK Apartment ,4,Viman Nagar,22000000,11891
0,3,0,1,1,0,3,4200,2,4,4 BHK Apartment ,6,Hadapsar,32500000,7738
0,3,0,1,1,0,3,7500,2,4,5 BHK Apartment ,10,Koregaon Park,160000000,21333
0,3,0,1,0,0,11,4000,2,4,4 BHK Apartment ,3,Koregaon Park,60000000,15000
0,3,0,1,1,0,3,2310,2,3,3 BHK Apartment ,4,Viman Nagar,19800000,8571
0,3,2,1,1,0,11,2150,2,3,3 BHK Apartment ,5,Kalyani Nagar,29400000,13674
0,3,0,1,1,0,11,2281,2,4,4 BHK Apartment ,1,Kalyani Nagar,26000000,11398
0,3,0,1,0,0,11,1087,2,2,2 BHK Apartment ,1,Koregaon Park,13500000,12419
0,3,1,1,1,0,3,1700,2,3,3 BHK Apartment ,5,Kalyani Nagar,19000000,11176
0,3,0,1,0,0,3,4285,2,4,4 BHK Villa ,0,Wagholi,25000000,5834
0,3,0,1,0,0,3,3100,2,4,4 BHK Villa ,0,Wagholi,15500000,5000
0,3,2,1,0,0,11,2820,2,4,4 BHK Villa ,0,Koregaon Park,42500000,15070
0,2,0,1,1,0,16,3200,2,4,4 BHK Apartment ,6,Sangamvadi,46500000,14531
0,3,0,1,1,0,6,3500,2,4,4 BHK Apartment ,1,Hadapsar,28000000,8000
0,3,0,1,1,0,2,1965,2,3,3 BHK Apartment ,1,Viman Nagar,15700000,7989
0,2,0,0,1,0,6,1150,2,2,2 BHK Apartment ,6,Yerawada,8400000,7304
0,3,0,0,1,0,11,2500,2,5,5 BHK Villa ,0,Wagholi,25000000,10000
0,3,2,1,1,0,3,4000,2,4,4 BHK Apartment ,4,Sangamvadi,80000000,20000
0,3,0,1,1,0,3,5550,2,4,4 BHK Apartment ,12,Sangamvadi,125000000,22522
0,3,0,1,1,0,3,7600,2,7,5 BHK Apartment ,0,Koregaon Park,130000000,17105
0,3,0,0,0,0,3,2200,2,4,4 BHK Villa ,0,Koregaon Park,35000000,15909
0,3,0,0,0,0,3,750,2,2,2 BHK Villa ,0,Kharadi,8500000,11333
0,3,0,0,1,0,3,1150,2,2,2 BHK Apartment ,4,Bund Garden,12000000,10434
0,3,0,1,1,0,11,636,2,1,1 BHK Apartment ,4,Viman Nagar,5500000,8647
0,3,0,0,0,0,3,1100,2,2,2 BHK Apartment ,6,Kharadi,6400000,5818
0,3,1,1,0,0,6,1180,2,2,2 BHK Apartment ,4,Koregaon Park,12500000,10593
1,3,3,1,1,0,11,1850,2,3,3 BHK Apartment ,6,Koregaon Park,22500000,12162
0,2,2,1,1,0,16,2625,2,4,3 BHK Apartment ,0,Koregaon Park,32500000,12380
0,3,1,1,1,0,11,1175,2,2,2 BHK Apartment ,5,Kalyani Nagar,14900000,12680
0,3,0,1,1,0,2,2100,2,4,4 BHK Apartment ,4,Koregaon Park,23000000,10952
0,3,1,1,1,0,2,2070,2,3,3 BHK Apartment ,10,Kharadi,12400000,5990
0,3,2,0,1,0,6,3800,2,5,5 BHK Villa ,0,Viman Nagar,42500000,11184
0,3,1,1,1,0,11,3800,2,4,4 BHK Apartment ,3,Sangamvadi,60000000,15789
0,3,2,1,1,0,6,1480,2,3,3 BHK Apartment ,2,Bund Garden,12300000,8310
0,3,0,0,1,0,6,3707,2,3,3 BHK Villa ,0,Kharadi,11000000,2967
0,3,1,0,1,0,21,2800,2,4,4 BHK Villa ,0,Koregaon Park,50000000,17857
0,3,1,1,1,0,11,1224,2,2,2 BHK Apartment ,9,Kalyani Nagar,12000000,9803
0,3,0,1,1,0,11,2120,2,4,4 BHK Apartment ,3,Viman Nagar,15000000,7075
0,3,1,0,1,0,11,2300,2,3,3 BHK Villa ,0,Viman Nagar,16000000,6956
0,3,1,1,1,0,11,1150,2,2,2 BHK Apartment ,5,Shastri Nagar,11099800,9652
0,3,0,1,1,0,6,1100,2,2,2 BHK Apartment ,2,Kalyani Nagar,9500000,8636
0,3,1,1,1,0,11,800,2,2,2 BHK Apartment ,2,Koregaon Park,10000000,12500
0,3,1,1,1,0,16,1370,2,3,3 BHK Apartment ,2,Kalyani Nagar,12000000,8759
1,3,3,1,1,0,16,1680,2,2,2 BHK Apartment ,4,Koregaon Park,12500000,7440
0,3,0,1,1,0,2,1935,2,3,3 BHK Apartment ,4,Kalyani Nagar,21600000,11162
0,3,0,1,1,0,11,900,2,2,2 BHK Apartment ,2,Viman Nagar,7400000,8222
0,3,0,1,1,0,11,1435,2,2,2 BHK Apartment ,5,Viman Nagar,9999080,6968
0,3,0,1,1,0,6,812,2,2,2 BHK Apartment ,2,Kharadi,5499676,6773
0,3,0,1,1,0,6,1576,2,3,3 BHK Apartment ,4,Kharadi,9299976,5901
0,3,0,1,1,0,6,1000,2,2,2 BHK Apartment ,2,Viman Nagar,7400000,7400
0,3,1,1,1,0,11,1000,2,2,2 BHK Apartment ,5,Viman Nagar,6500000,6500
0,3,0,1,1,0,11,1060,2,2,2 BHK Apartment ,3,Wagholi,4000000,3773
0,3,2,0,1,0,16,2400,2,3,3 BHK Apartment ,3,Kalyani Nagar,26000000,10833
0,3,2,1,1,0,11,850,2,2,2 BHK Apartment ,1,Kharadi,5500000,6470
0,3,0,1,1,0,11,700,2,1,1 BHK Apartment ,8,Wadgaon Sheri,4200000,6000
0,3,2,1,0,0,11,1760,2,3,3 BHK Apartment ,6,Kalyani Nagar,15500000,8806
0,3,0,1,1,0,6,880,2,2,2 BHK Apartment ,3,Kharadi,6500000,7386
0,3,0,1,1,0,3,3500,2,4,4 BHK Villa ,0,Kalyani Nagar,52500000,15000
0,3,0,0,0,0,3,6106,3,4,4 BHK Apartment ,11,Koregaon Park,75000000,12283
0,3,0,0,1,0,9,750,1,1,1 BHK Apartment ,3,Kalyani Nagar,6800000,9066
0,3,0,0,1,0,0,700,1,1,1 BHK Apartment ,1,Viman Nagar,5500000,7857
0,3,0,0,1,0,0,700,1,1,1 BHK Apartment ,3,Viman Nagar,5500000,7857
0,3,0,0,1,0,0,1050,2,2,2 BHK Apartment ,5,Kalyani Nagar,8500000,8095
0,3,0,1,1,0,11,1530,2,3,3 BHK Apartment ,4,Kalyani Nagar,13000000,8496
0,3,0,0,1,0,16,2900,2,3,3 BHK Villa ,0,Viman Nagar,14500000,5000
0,3,2,1,0,0,11,1650,2,3,3 BHK Apartment ,4,Koregaon Park,17000000,10303
0,3,2,1,1,0,11,3400,2,4,4 BHK Apartment ,11,Sangamvadi,47500000,13970
1,3,3,1,1,0,2,910,2,2,2 BHK Apartment ,6,Wagholi,3048500,3350
1,3,3,0,1,0,11,550,2,1,1 BHK Apartment ,2,Viman Nagar,4000000,7272
0,3,0,1,1,0,11,650,2,1,1 BHK Apartment ,3,Viman Nagar,3700000,5692
0,2,0,0,1,0,11,3200,2,3,3 BHK Villa ,0,Kalyani Nagar,25000000,7812
0,3,0,0,1,0,6,4200,2,4,5 BHK Villa ,0,Koregaon Park,60000000,14285
0,3,0,1,1,0,11,1935,2,3,3 BHK Apartment ,9,Kharadi,12500000,6459
0,3,0,1,1,0,5,1000,2,2,2 BHK Apartment ,6,Wagholi,5000000,5000
0,3,2,1,1,0,11,1270,2,3,3 BHK Apartment ,2,Kharadi,6300000,4961
0,3,0,0,1,0,16,1900,2,3,3 BHK Villa ,0,Viman Nagar,10000000,5263
0,3,0,0,1,0,0,1550,1,3,3 BHK Apartment ,2,Boat Club Road,16700000,10774
0,3,0,0,1,0,0,1390,2,3,3 BHK Apartment ,5,Kharadi,7900000,5683
0,3,1,1,1,0,11,1330,2,3,3 BHK Apartment ,3,Viman Nagar,7000000,5263
0,3,0,0,1,0,0,625,1,1,1 BHK Apartment ,2,Kharadi,3600000,5760
0,3,0,1,1,0,11,1300,2,3,3 BHK Apartment ,6,Kharadi,6500000,5000
0,3,0,1,1,0,11,1300,2,3,3 BHK Apartment ,6,Kharadi,6500000,5000
0,3,0,1,1,0,11,1000,2,2,2 BHK Apartment ,4,Sangamvadi,7000000,7000
0,3,0,1,1,0,11,1470,2,3,3 BHK Apartment ,5,Kharadi,7500000,5102
0,3,0,0,1,0,0,569,1,1,1 BHK Apartment ,8,Kharadi,3950000,6942
0,3,2,1,0,0,11,1100,2,2,2 BHK Apartment ,3,Kalyani Nagar,11500000,10455
0,3,0,1,1,0,11,1240,2,2,2 BHK Apartment ,4,Kharadi,5300000,4274
0,3,0,1,1,0,11,1190,2,2,2 BHK Apartment ,6,Kharadi,4600000,3866
0,3,0,1,1,0,11,650,2,1,1 BHK Apartment ,1,Koregaon Park,5800000,8923
0,3,0,1,1,0,11,830,2,2,2 BHK Apartment ,0,Kharadi,5100000,6145
0,3,0,1,1,0,11,1050,2,2,2 BHK Apartment ,3,Viman Nagar,5800000,5524
0,3,0,1,1,0,11,1495,2,3,3 BHK Apartment ,2,Kharadi,6800000,4548
1,2,3,0,1,0,3,2500,2,2,2 BHK Villa ,0,Kharadi,22100000,8840
0,2,0,1,1,0,11,1250,2,2,2 BHK Apartment ,1,Mundhwa,11000000,8800
0,3,0,1,1,0,11,1600,2,3,3 BHK Apartment ,6,Viman Nagar,16500000,10312
0,3,0,1,1,0,11,3000,2,4,4 BHK Apartment ,4,Mundhwa,35000000,11666
0,2,2,1,1,0,16,550,2,1,1 BHK Apartment ,5,Yerawada,5500000,10000
0,3,2,1,1,0,11,1236,2,2,2 BHK Apartment ,2,Kharadi,6645000,5376
0,3,0,1,0,0,11,1070,2,2,2 BHK Apartment ,9,Koregaon Park,10000000,9345
0,3,0,1,1,0,11,4200,2,5,5 BHK Villa ,0,Kalyani Nagar,50000000,11904
0,3,0,1,1,0,11,3200,2,3,3 BHK Apartment ,2,Koregaon Park,50000000,15625
0,3,0,1,1,0,11,1328,2,3,3 BHK Apartment ,8,Yerawada,10499168,7906
0,3,0,1,0,0,6,6130,3,5,5 BHK Apartment ,3,Kalyani Nagar,85000000,13866
0,3,0,1,0,0,10,1750,2,4,3 BHK Apartment ,6,Koregaon Park,20000000,11428
0,3,2,1,1,0,3,3000,2,3,3 BHK Apartment ,10,Kalyani Nagar,35000000,11667
0,3,0,0,1,0,0,1150,3,2,2 BHK Villa ,7,Kharadi,7800000,6782
0,3,0,1,1,0,11,1350,2,2,2 BHK Apartment ,5,Koregaon Park,8000000,5926
0,3,1,1,1,0,11,1300,2,2,3 BHK Apartment ,3,Koregaon Park,9200000,7077
0,3,2,0,1,0,11,2500,2,4,4 BHK Villa ,0,Viman Nagar,12500000,5000
0,3,0,1,1,0,11,1475,2,3,3 BHK Apartment ,3,Kalyani Nagar,15000000,10169
0,3,2,1,1,0,11,1100,2,2,2 BHK Apartment ,2,Kalyani Nagar,8000000,7273
0,3,0,1,1,0,6,1660,2,3,3 BHK Apartment ,5,Viman Nagar,12000000,7229
0,3,0,1,1,0,16,1200,2,3,3 BHK Apartment ,6,Viman Nagar,8000000,6666
0,3,2,1,1,0,11,1620,2,3,3 BHK Apartment ,1,Yerawada,12500000,7716
0,3,0,1,1,0,2,876,2,2,2 BHK Apartment ,4,Wagholi,4400000,5022
0,3,2,1,1,0,11,575,2,1,1 BHK Apartment ,1,Yerawada,4700000,8173
0,3,0,1,1,0,6,2000,2,3,3 BHK Apartment ,0,Wagholi,10300000,5150
0,3,1,0,0,0,5,921,2,2,2 BHK Apartment ,3,Handewadi,4000000,4343
0,3,0,0,1,0,0,420,1,1,1 BHK Apartment ,2,Koregaon Park,6000000,14285
0,3,0,1,0,0,2,920,2,2,2 BHK Apartment ,2,Kharadi,4200000,4565
0,3,0,1,1,0,13,930,2,2,2 BHK Apartment ,2,Koregaon Park,9700000,10430
0,3,1,1,1,0,11,900,2,2,2 BHK Apartment ,3,Viman Nagar,6500000,7222
0,3,0,1,1,0,2,3000,2,3,3 BHK Apartment ,12,Kharadi,20000000,6666
0,3,0,0,0,0,6,4150,2,4,4 BHK Villa ,0,Kalyani Nagar,45000000,10843
0,2,0,1,1,0,21,1400,2,2,2 BHK Apartment ,6,Yerawada,9700000,6928
0,2,0,1,1,0,22,1200,2,2,2 BHK Apartment ,3,Koregaon Park,13500000,11250
0,3,0,0,0,0,11,4500,2,4,4 BHK Villa ,0,Kalyani Nagar,75000000,16666
0,2,0,1,1,0,21,530,2,1,1 BHK Apartment ,5,Yerawada,5100000,9622
0,2,0,1,1,0,11,1536,2,3,3 BHK Apartment ,3,Kalyani Nagar,13300000,8658
0,3,2,1,1,0,6,2500,2,3,3 BHK Apartment ,9,Sangamvadi,34200000,13680
0,3,0,0,0,0,3,2200,2,4,4 BHK Villa ,0,Koregaon Park,35000000,15909
0,3,0,1,0,0,3,4000,2,4,4 BHK Villa ,0,Kharadi,32000000,8000
0,3,2,1,1,0,11,2200,2,3,3 BHK Villa ,0,Viman Nagar,13500000,6136
0,3,2,1,1,0,11,2500,2,3,3 BHK Apartment ,1,Koregaon Park,50000000,20000
0,3,0,1,0,0,11,1650,2,3,3 BHK Apartment ,0,Viman Nagar,31000000,18787
0,3,1,1,1,0,3,4200,2,4,4 BHK Apartment ,6,Hadapsar,32500000,7738
0,3,0,1,0,0,3,7600,2,5,5 BHK Apartment ,6,Koregaon Park,152000000,20000
0,3,0,1,1,0,11,1818,2,3,4 BHK Apartment ,4,Wadgaon Sheri,13000000,7150
0,3,2,1,0,0,11,6750,2,3,4 BHK Apartment ,4,Koregaon Park,80000000,11851
0,3,0,1,0,0,3,8000,2,4,4 BHK Apartment ,10,Koregaon Park,140000000,17500
0,3,0,1,0,0,3,7400,2,4,4 BHK Apartment ,5,Koregaon Park,111000000,15000
0,3,0,1,0,0,3,7500,2,5,5 BHK Apartment ,9,Koregaon Park,100000000,13333
0,3,0,1,0,0,11,1200,2,3,3 BHK Apartment ,4,Shastri Nagar,10100000,8416
0,3,1,1,1,0,6,2500,2,5,5 BHK Apartment ,3,Koregaon Park,33332500,13333
0,3,0,1,0,0,3,4000,2,2,2 BHK Apartment ,3,Koregaon Park,66000000,16500
0,3,0,1,0,0,11,2800,2,4,4 BHK Apartment ,12,Koregaon Park,25000000,8928
0,3,0,1,1,0,11,3887,2,4,4 BHK Apartment ,10,Koregaon Park,49300000,12683
0,3,0,1,1,0,2,2680,2,3,3 BHK Apartment ,0,Wagholi,13000000,4850
0,3,0,1,1,0,2,955,2,2,2 BHK Apartment ,10,Wagholi,4450000,4659
0,2,0,1,1,0,6,1750,2,3,3 BHK Apartment ,5,Wadgaon Sheri,13000000,7428
0,3,0,1,1,0,2,5300,2,4,4 BHK Apartment ,1,Viman Nagar,42400000,8000
0,2,2,1,1,0,21,610,2,1,1 BHK Apartment ,2,Yerawada,5400000,8852
0,3,0,1,1,0,21,610,2,1,1 BHK Apartment ,3,Yerawada,6500000,10655
0,3,2,1,1,0,6,2125,2,3,3 BHK Apartment ,4,Kalyani Nagar,30000000,14117
0,2,1,1,1,0,11,1185,2,2,2 BHK Apartment ,7,Yerawada,9800000,8270
0,1,2,1,1,0,11,1120,2,2,2 BHK Apartment ,3,Yerawada,8500000,7589
0,3,0,1,1,0,6,525,2,1,1 BHK Apartment ,5,Kalyani Nagar,6000000,11428
0,3,2,1,1,0,11,1620,2,3,3 BHK Apartment ,1,Yerawada,12500000,7716
0,2,1,1,1,0,11,1950,2,4,4 BHK Apartment ,0,Yerawada,20000000,10256
0,3,1,1,1,0,11,2800,2,4,4 BHK Apartment ,10,Kalyani Nagar,32000000,11428
0,3,0,1,1,0,11,2700,2,5,5 BHK Apartment ,4,Kalyani Nagar,25000000,9259
0,3,2,0,1,0,6,3200,2,4,4 BHK Apartment ,10,Kalyani Nagar,26000000,8125
0,3,0,1,1,0,6,600,2,1,1 BHK Apartment ,5,Yerawada,5000000,8333
0,3,2,1,1,0,6,5876,2,4,4 BHK Apartment ,0,Kalyani Nagar,55000000,9360
0,2,0,1,1,0,3,1900,2,3,3 BHK Apartment ,2,Sangamvadi,24500000,12894
0,3,0,1,1,0,3,1930,2,3,3 BHK Apartment ,2,Sangamvadi,27000000,13989
0,3,0,1,1,0,2,700,2,2,2 BHK Apartment ,3,Yerawada,9000000,12857
0,3,0,1,1,0,11,1890,2,4,4 BHK Apartment ,4,Kalyani Nagar,20000000,10582
0,3,0,1,1,0,6,2800,2,3,3 BHK Apartment ,4,Kalyani Nagar,50000000,17857
0,3,0,1,1,0,3,860,2,2,2 BHK Apartment ,0,Kalyani Nagar,6600000,7674
0,3,0,1,1,0,11,1100,2,2,2 BHK Apartment ,4,Viman Nagar,8500000,7727
0,3,0,1,1,0,1,3200,2,3,3 BHK Apartment ,10,Viman Nagar,38500000,12031
0,2,1,1,1,0,16,1010,2,2,2 BHK Apartment ,1,Yerawada,8000000,7920
0,3,2,1,1,0,6,1690,2,3,3 BHK Apartment ,3,Viman Nagar,21500000,12721
0,3,2,0,1,0,11,865,2,1,1 BHK Apartment ,2,Viman Nagar,5600000,6473
0,3,0,1,1,0,2,4800,2,4,4 BHK Apartment ,1,Viman Nagar,60000000,12500
0,3,2,1,1,0,6,1078,2,2,2 BHK Apartment ,5,Wadgaon Sheri,8500000,7884
0,3,1,1,1,0,6,1950,2,3,3 BHK Apartment ,0,Yerawada,20000000,10256
0,3,0,1,1,0,11,660,2,1,1 BHK Apartment ,1,Yerawada,5000000,7575
0,3,0,1,1,0,11,2400,2,3,3 BHK Apartment ,5,Kalyani Nagar,16000000,6666
0,3,1,1,1,0,3,2100,2,3,3 BHK Apartment ,4,Kalyani Nagar,32400000,15428
0,3,2,1,1,0,16,1010,2,2,2 BHK Apartment ,1,Yerawada,8000000,7920
0,3,0,1,1,0,3,3000,2,4,4 BHK Apartment ,9,Kalyani Nagar,36000000,12000
0,3,0,1,1,0,16,1300,2,3,3 BHK Apartment ,1,Kalyani Nagar,8500000,6538
0,3,0,1,1,0,11,1600,2,2,2 BHK Apartment ,3,Kalyani Nagar,11000000,6875
0,3,2,1,1,0,11,1620,2,3,3 BHK Apartment ,1,Yerawada,12500000,7716
0,2,1,1,1,0,11,1950,2,4,4 BHK Apartment ,0,Yerawada,20000000,10256
0,3,0,1,1,0,11,575,2,1,1 BHK Apartment ,3,Yerawada,5000000,8695
0,2,0,1,1,0,21,610,2,1,1 BHK Apartment ,3,Yerawada,6500000,10655
0,2,0,1,1,0,11,2796,2,4,4 BHK Apartment ,1,Sangamvadi,42500000,15200
0,2,0,1,1,0,3,3050,2,4,4 BHK Apartment ,4,Kalyani Nagar,38700000,12688
0,1,2,1,1,0,11,1120,2,2,2 BHK Apartment ,3,Yerawada,8500000,7589
0,3,0,0,0,0,11,2800,2,4,4 BHK Villa ,0,Viman Nagar,23000000,8214
0,3,0,0,0,0,11,2175,2,3,3 BHK Villa ,0,Koregaon Park,30000000,13793
0,3,0,1,1,0,3,1435,2,2,2 BHK Apartment ,3,Mundhwa,12000000,8362
0,3,0,1,1,0,11,1300,2,2,2 BHK Apartment ,2,Koregaon Park,9000000,6923
0,3,0,1,1,0,3,1220,2,2,2 BHK Apartment ,11,Wadgaon Sheri,10000000,8196
0,3,0,1,1,0,3,1755,2,3,3 BHK Apartment ,9,Wadgaon Sheri,15500000,8831
0,3,0,1,0,0,6,700,2,1,1 BHK Apartment ,5,Wagholi,3099000,4427
0,3,0,1,1,0,3,1700,2,2,3 BHK Apartment ,10,Koregaon Park,24000000,14117
0,3,0,1,0,0,11,730,2,2,2 BHK Apartment ,4,Bund Garden,6800000,9315
0,3,0,1,1,0,3,1700,2,3,3 BHK Apartment ,10,Koregaon Park,24000000,14117
0,3,0,1,1,0,6,2250,2,5,5 BHK Apartment ,3,Kharadi,19122750,8499
0,2,0,1,1,0,11,2600,2,3,3 BHK Apartment ,5,Viman Nagar,16200000,6230
0,3,0,1,1,0,2,3178,2,3,3 BHK Apartment ,0,Wagholi,31700000,9974
0,3,1,0,1,0,6,2000,2,3,3 BHK Villa ,0,Viman Nagar,16000000,8000
0,3,0,1,0,0,3,2600,2,3,3 BHK Apartment ,6,Koregaon Park,28000000,10769
0,3,0,1,0,0,11,1500,2,3,3 BHK Apartment ,3,Bund Garden,17500000,11666
0,3,2,1,0,0,11,1490,2,3,3 BHK Apartment ,3,Wadgaon Sheri,10500000,7046
0,3,0,1,0,0,3,2600,2,3,3 BHK Villa ,0,Kharadi,18700000,7192
0,3,0,0,0,0,11,2008,2,3,3 BHK Villa ,0,Viman Nagar,15500000,7719
0,3,0,1,0,0,3,3200,2,5,5 BHK Villa ,0,Koregaon Park,40800000,12750
0,3,0,1,0,0,3,900,2,2,2 BHK Villa ,0,Koregaon Park,7200000,8000
0,3,1,1,1,0,11,2500,2,2,3 BHK Apartment ,6,Kalyani Nagar,15200000,6080
0,2,0,1,1,0,16,1080,2,2,2 BHK Apartment ,4,Yerawada,9300000,8611
0,3,0,1,1,0,3,1800,2,3,3 BHK Apartment ,1,Kharadi,9000000,5000
0,3,1,1,1,0,3,1900,2,3,3 BHK Apartment ,2,Sangamvadi,24500000,12894
0,3,1,1,1,0,11,2500,2,3,3 BHK Apartment ,3,Sangamvadi,40000000,16000
0,3,1,1,1,0,6,3150,2,4,4 BHK Apartment ,0,Sangamvadi,50000000,15873
0,3,0,1,1,0,16,2078,2,3,3 BHK Apartment ,6,Viman Nagar,15500000,7459
0,3,2,1,1,0,11,3887,2,4,4 BHK Apartment ,10,Koregaon Park,50000000,12863
0,3,1,0,1,0,11,4100,2,4,4 BHK Apartment ,3,Sangamvadi,55500000,13536
0,3,2,1,1,0,6,3000,2,4,4 BHK Apartment ,5,Kalyani Nagar,60000000,20000
0,3,0,0,1,0,11,2500,2,2,2 BHK Villa ,0,Wagholi,11000000,4400
0,3,0,1,1,0,6,746,2,2,2 BHK Apartment ,3,Wagholi,4000000,5361
0,3,0,1,1,0,11,1808,2,3,3 BHK Apartment ,2,Kalyani Nagar,22500000,12444
0,3,0,1,1,0,11,650,2,1,1 BHK Apartment ,5,Viman Nagar,5900000,9076
0,3,0,1,1,0,11,3200,2,3,3 BHK Apartment ,4,Koregaon Park,50000000,15625
0,3,2,1,1,0,11,3400,2,4,4 BHK Apartment ,9,Sangamvadi,47500000,13970
0,3,2,1,0,0,11,1100,2,2,2 BHK Apartment ,3,Kalyani Nagar,11500000,10454
0,3,0,1,1,0,6,1425,2,2,2 BHK Apartment ,4,Mundhwa,10300000,7228
0,2,0,1,1,0,11,450,2,1,1 BHK Apartment ,4,Koregaon Park,7500000,16666
0,3,2,0,1,0,11,1100,2,2,2 BHK Villa ,0,Viman Nagar,9000000,8181
0,3,1,1,1,0,11,1425,2,2,3 BHK Apartment ,2,Koregaon Park,18000000,12631
0,3,1,1,1,0,6,1600,2,3,3 BHK Apartment ,0,Viman Nagar,12000000,7500
0,3,0,1,1,0,6,2909,2,3,3 BHK Villa ,0,Kharadi,16997287,5843
0,3,2,1,1,0,11,1380,2,3,3 BHK Apartment ,4,Kalyani Nagar,15000000,10869
0,3,0,1,1,0,11,1010,2,2,2 BHK Apartment ,3,Viman Nagar,6999300,6930
0,3,0,0,1,0,6,1160,1,2,2 BHK Apartment ,2,Viman Nagar,7800000,6724
0,3,0,0,1,0,11,4100,2,4,4 BHK Apartment ,2,Koregaon Park,45000000,10975
0,3,2,1,1,0,11,1500,2,3,4 BHK Apartment ,3,Koregaon Park,19000000,12666
0,3,0,1,1,0,11,940,2,2,2 BHK Apartment ,3,Yerawada,5500000,5851
0,3,0,0,1,0,11,1000,2,2,2 BHK Villa ,0,Kharadi,7500000,7500
0,3,0,0,1,0,11,1900,2,4,4 BHK Villa ,0,Wagholi,9000000,4736
0,3,0,0,1,0,6,1000,2,2,2 BHK Villa ,0,Kharadi,5400000,5400
1,3,3,1,0,0,16,3000,2,4,4 BHK Villa ,0,Koregaon Park,45000000,15000
0,3,0,1,1,0,11,1500,2,3,3 BHK Apartment ,2,Viman Nagar,11000000,7333
0,3,2,1,1,0,6,1735,2,3,3 BHK Apartment ,7,Kalyani Nagar,15000000,8645
0,3,0,0,1,0,0,420,1,1,1 BHK Apartment ,3,Koregaon Park,7500000,17857
0,3,0,0,1,0,0,1400,2,2,2 BHK Apartment ,2,Kalyani Nagar,12500000,8928
0,3,0,0,1,0,0,1500,1,3,3 BHK Apartment ,1,Viman Nagar,12000000,8000
0,3,0,0,1,0,0,1550,2,2,3 BHK Apartment ,10,Kalyani Nagar,12000000,7741
0,3,0,0,1,0,0,1365,3,3,3 BHK Apartment ,3,Kalyani Nagar,13000000,9523
1,3,3,1,1,0,2,905,2,2,2 BHK Apartment ,2,Wagholi,3710500,4100
1,3,3,1,1,0,2,1700,2,4,4 BHK Apartment ,2,Viman Nagar,18400000,10823
1,3,3,1,1,0,2,1014,2,2,2 BHK Apartment ,11,Kalyani Nagar,8112000,8000
1,3,3,1,1,0,2,1368,2,4,3 BHK Apartment ,11,Kalyani Nagar,10944000,8000
0,3,0,1,1,0,11,1900,2,3,3 BHK Apartment ,10,Koregaon Park,22500000,11842
0,3,1,1,0,0,11,840,2,2,2 BHK Apartment ,4,Viman Nagar,4700000,5595
0,3,0,1,1,0,2,1063,2,2,2 BHK Apartment ,3,Kharadi,7300000,6867
0,3,0,0,0,0,6,2412,3,3,3 BHK Apartment ,1,Koregaon Park,33000000,13681
0,3,0,1,0,0,6,4000,3,5,4 BHK Apartment ,6,Koregaon Park,50000000,12500
0,3,0,1,0,0,10,1750,2,4,3 BHK Apartment ,6,Koregaon Park,20000000,11428
0,3,0,1,0,0,11,530,1,1,1 BHK Apartment ,3,Kalyani Nagar,7000000,13207
1,3,3,1,1,1,1,1225,2,2,2 BHK Apartment ,1,Hinjewadi,6282600,5128
0,3,0,1,0,0,11,649,2,1,1 BHK Apartment ,3,Kharadi,4000000,6163
0,3,0,1,1,0,4,636,2,1,1 BHK Apartment ,5,Hadapsar,2800000,4402
0,3,1,1,1,0,1,1021,2,2,2 BHK Apartment ,1,Pimple Saudagar,6000000,5876
0,3,1,1,1,0,6,900,2,2,2 BHK Apartment ,3,Wagholi,4500000,5000
0,3,0,1,1,0,10,1630,2,3,3 BHK Apartment ,3,Wadgaon Sheri,11200000,6871
1,3,3,1,1,0,1,910,1,2,2 BHK Apartment ,1,Wagholi,3822000,4200
1,3,3,1,1,0,1,1050,2,3,3 BHK Apartment ,2,Wagholi,4410000,4200
1,3,3,1,1,0,1,1060,2,3,3 BHK Apartment ,1,Wagholi,4452000,4200
1,3,3,1,1,0,1,1075,2,3,3 BHK Apartment ,1,Wagholi,4515000,4200
0,3,0,0,1,0,9,1600,1,3,3 BHK Apartment ,1,Kalyani Nagar,12500000,7812
0,3,2,1,1,1,8,1105,2,3,3 BHK Apartment ,5,Kalyani Nagar,13000000,11764
0,3,2,1,1,1,8,1050,2,2,2 BHK Apartment ,1,Kalyani Nagar,7500000,7142
0,3,2,1,1,1,8,1100,1,2,2 BHK Apartment ,6,Kalyani Nagar,7000000,6363
0,3,2,1,1,1,11,4095,3,5,5 BHK Apartment ,10,Kalyani Nagar,75000000,18315
0,3,0,1,1,0,9,2450,2,4,4 BHK Apartment ,6,Kalyani Nagar,26000000,10612
0,3,0,1,1,0,9,2800,2,4,4 BHK Apartment ,10,Kalyani Nagar,28500000,10178
0,3,2,1,1,1,8,3500,2,4,4 BHK Apartment ,1,Kalyani Nagar,29700000,8485
0,3,2,1,1,0,10,1600,2,3,3 BHK Apartment ,5,Wadgaon Sheri,12000000,7500
0,3,2,1,1,0,3,2295,3,4,4 BHK Apartment ,7,Wadgaon Sheri,17500000,7625
0,3,2,0,0,1,12,586,1,1,1 BHK Apartment ,4,Viman Nagar,5800000,9897
0,3,0,1,1,0,9,925,1,2,2 BHK Apartment ,2,Viman Nagar,9700000,10486
0,3,0,1,1,0,8,4240,3,4,4 BHK Apartment ,5,Koregaon Park,70200000,16556
0,3,2,1,1,1,10,1935,2,3,3 BHK Apartment ,7,Kalyani Nagar,23500000,12144
0,3,2,1,1,1,9,1800,3,3,3 BHK Apartment ,5,Kalyani Nagar,20000000,11111
0,3,2,1,1,1,10,1450,1,2,2 BHK Apartment ,3,Kalyani Nagar,14800000,10206
0,3,2,1,1,1,8,1450,3,3,3 BHK Apartment ,5,Kalyani Nagar,14500000,10000
0,3,1,1,1,0,8,1780,2,3,3 BHK Apartment ,3,Kalyani Nagar,15100000,8483
0,3,2,1,1,1,9,1430,2,2,2 BHK Apartment ,5,Kalyani Nagar,17500000,12237
1,3,3,1,1,1,0,1144,2,2,2 BHK Apartment ,7,Kothrud,9500000,8304
1,3,3,1,1,0,2,1150,2,2,2 BHK Apartment ,3,Bavdhan,8000000,6956
0,3,2,1,1,0,2,646,2,1,1 BHK Apartment ,1,Kondhwa,3500000,5417
0,3,2,1,1,1,5,1450,2,3,3 BHK Apartment ,7,Baner,10500000,7241
0,3,0,0,0,0,6,750,2,2,2 BHK Apartment ,3,Wagholi,3500000,4666
0,3,2,0,0,0,5,5500,2,6,4 BHK Villa ,2,Viman Nagar,55000000,10000
0,3,0,0,1,0,10,1625,2,3,3 BHK Apartment ,4,Viman Nagar,12000000,7384
0,2,0,1,1,0,5,1200,2,2,2 BHK Apartment ,4,Koregaon Park,12400000,10333
0,3,0,1,1,0,6,1691,2,3,3 BHK Apartment ,5,Kalyani Nagar,11100000,6564
0,2,0,1,1,0,13,1470,2,3,3 BHK Apartment ,1,Kalyani Nagar,14300000,9727
0,3,0,1,1,0,20,525,2,2,1 BHK Apartment ,1,Bund Garden,7000000,13333
0,3,0,1,1,0,11,535,2,1,1 BHK Apartment ,2,Yerawada,3800000,7102
0,3,0,1,1,0,6,600,2,1,1 BHK Apartment ,3,Wagholi,3199800,5333
0,3,2,1,1,0,11,660,2,1,1 BHK Apartment ,3,Koregaon Park,6499680,9848
0,3,0,0,1,0,6,1500,2,2,2 BHK Villa ,0,Wagholi,7500000,5000
0,3,1,1,1,0,11,610,2,1,1 BHK Apartment ,2,Koregaon Park,6100000,10000
0,3,0,1,1,0,3,758,2,2,2 BHK Apartment ,2,Kharadi,5500000,7255
0,3,0,1,1,0,11,600,2,1,1 BHK Apartment ,2,Kalyani Nagar,6300000,10500
0,3,1,1,1,0,11,560,2,1,1 BHK Apartment ,1,Koregaon Park,5999840,10714
0,3,0,1,1,0,11,4060,2,4,4 BHK Apartment ,6,Kalyani Nagar,77500000,19088
0,3,0,1,1,0,2,2036,2,3,3 BHK Apartment ,1,Kharadi,13900000,6827
0,3,0,0,1,0,2,3000,2,3,3 BHK Villa ,0,Wagholi,20000000,6666
0,3,1,1,1,0,5,1100,2,2,2 BHK Apartment ,2,Rahatani,7500000,6818
0,3,1,0,1,1,5,1000,2,2,2 BHK Apartment ,2,Aundh,6500000,6500
1,2,3,1,1,1,0,4300,2,4,4 BHK Apartment ,10,Kothrud,65300000,15186
0,3,2,1,1,1,10,1300,2,2,2 BHK Apartment ,7,Kalyani Nagar,16000000,12307
0,3,1,1,1,0,4,1450,1,2,2 BHK Apartment ,2,Hadapsar,12000000,8275
0,3,2,1,1,1,19,959,2,2,2 BHK Apartment ,1,Boat Club Road,15000000,15641
0,3,0,1,1,0,6,836,2,2,2 BHK Apartment ,3,Lohegaon,3900000,4665
0,3,0,1,1,0,5,1100,1,1,2 BHK Apartment ,6,Vishrantwadi,7500000,6818
0,3,0,1,1,0,1,1010,2,1,2 BHK Apartment ,9,Vishrantwadi,6200000,6138
0,3,0,1,1,0,5,1265,2,1,2 BHK Apartment ,5,Tingre Nagar,6800000,5375
0,3,0,1,1,0,5,1155,2,1,2 BHK Apartment ,11,Kharadi,7500000,6493
0,3,2,1,1,0,5,800,2,1,1 BHK Apartment ,7,Viman Nagar,7000000,8750
0,3,1,1,1,0,5,1224,2,2,2 BHK Apartment ,5,Viman Nagar,10000000,8169
0,3,0,1,1,0,5,1340,1,1,3 BHK Apartment ,6,Vishrantwadi,7800000,5820
0,3,0,1,1,0,5,700,1,1,1 BHK Apartment ,3,Vishrantwadi,3500000,5000
0,3,0,1,1,0,5,1500,2,2,3 BHK Apartment ,7,Tingre Nagar,10900000,7266
0,2,0,1,1,0,5,1162,2,3,3 BHK Apartment ,4,Rahatani,8100000,6970
0,3,0,1,1,0,5,950,1,1,2 BHK Apartment ,4,Dhanori,5400000,5684
0,3,2,1,1,0,8,1450,3,3,3 BHK Apartment ,4,Kharadi,8500000,5862
0,3,2,0,0,0,7,1500,3,3,3 BHK Apartment ,3,Kalyani Nagar,13000000,8666
0,3,2,1,1,0,7,2000,3,3,3 BHK Apartment ,9,Kharadi,13800000,6900
0,3,1,0,0,0,5,800,1,1,2 BHK Apartment ,5,Tingre Nagar,4200000,5250
0,2,1,1,1,0,0,2945,3,4,4 BHK Apartment ,5,Baner,32000000,10865
0,3,1,1,1,0,5,1015,1,1,2 BHK Apartment ,4,Viman Nagar,7000000,6896
0,3,1,1,1,0,2,910,1,1,2 BHK Apartment ,10,Dhanori,5600000,6153
1,3,3,0,0,0,0,3145,2,4,4 BHK Apartment ,6,Baner,32000000,10174
1,3,3,1,1,0,2,600,2,1,1 BHK Apartment ,4,Handewadi,3240994,5401
0,3,0,1,1,1,0,1001,1,2,2 BHK Apartment ,6,Bavdhan,5600000,5594
0,3,0,1,1,0,5,1550,2,2,2 BHK Apartment ,8,Kalyani Nagar,9200000,5935
0,3,0,1,1,0,5,1020,1,1,2 BHK Apartment ,1,Dhanori,4100000,4019
0,3,2,1,1,0,5,1560,2,2,2 BHK Apartment ,2,Viman Nagar,10000000,6410
0,3,0,1,1,0,3,905,2,2,2 BHK Apartment ,6,Hadapsar,3900000,4309
0,2,0,1,1,1,7,1300,2,2,2 BHK Apartment ,2,Pimple Saudagar,7800000,6000
1,3,3,1,1,0,2,1775,2,2,2 BHK Apartment ,7,Manjari,8000000,4507
0,3,0,1,1,0,4,572,1,1,1 BHK Apartment ,2,Hadapsar,6200000,10839
0,3,1,1,1,0,1,1565,2,3,3 BHK Apartment ,1,Balewadi,9500000,6070
0,3,0,1,1,0,1,950,1,2,2 BHK Apartment ,5,Bavdhan,6500000,6842
0,3,2,0,1,0,5,1650,3,2,3 BHK Apartment ,6,Viman Nagar,15000000,9090
0,3,0,1,1,0,4,1150,3,2,2 BHK Apartment ,8,Kalyani Nagar,8500000,7391
0,3,0,1,1,0,5,1650,3,2,3 BHK Apartment ,10,Viman Nagar,13000000,7878
0,3,0,0,0,0,6,1100,3,2,2 BHK Apartment ,5,Kharadi,7000000,6363
0,3,2,1,1,0,5,1240,2,1,2 BHK Apartment ,4,Wadgaon Sheri,11000000,8870
0,3,1,1,1,0,5,1558,2,2,3 BHK Apartment ,8,Kharadi,9900000,6354
0,3,1,1,1,0,5,1650,3,2,3 BHK Apartment ,8,Viman Nagar,13800000,8363
0,3,2,1,1,0,5,1600,2,2,2 BHK Apartment ,9,Viman Nagar,13800000,8625
0,3,1,1,1,0,5,1400,2,2,2 BHK Apartment ,2,Viman Nagar,11300000,8071
0,3,0,1,0,0,5,1600,2,2,3 BHK Apartment ,9,Tingre Nagar,10000000,6250
1,3,3,1,1,0,1,1170,2,1,2 BHK Apartment ,5,Kharadi,7800000,6666
0,3,0,1,1,0,5,1450,2,2,3 BHK Apartment ,3,Kharadi,8300000,5724
0,3,0,1,1,0,5,1410,3,2,3 BHK Apartment ,9,Kharadi,8300000,5886
0,3,2,1,1,0,5,1450,2,2,3 BHK Apartment ,6,Viman Nagar,14500000,10000
0,3,0,1,1,0,5,1470,3,2,3 BHK Apartment ,6,Viman Nagar,12200000,8299
0,3,0,1,1,0,5,1640,2,2,3 BHK Apartment ,6,Viman Nagar,12300000,7500
0,3,0,1,1,0,5,1255,2,1,2 BHK Apartment ,8,Viman Nagar,9000000,7171
0,3,0,0,0,0,6,1150,2,1,2 BHK Apartment ,5,Kharadi,6500000,5652
0,3,0,1,1,0,5,1150,2,1,2 BHK Apartment ,8,Kharadi,6500000,5652
0,3,1,1,1,0,5,1050,1,1,2 BHK Apartment ,1,Lohegaon,4800000,4571
0,3,0,1,1,0,5,1025,1,1,2 BHK Apartment ,6,Vishrantwadi,5400000,5268
1,3,3,1,1,0,0,1050,1,1,2 BHK Apartment ,8,Dhanori,5300000,5047
0,3,0,1,1,0,5,1550,2,2,3 BHK Apartment ,9,Tingre Nagar,11000000,7096
1,2,3,1,1,0,6,1020,1,2,2 BHK Apartment ,3,Manjari,4650000,4558
0,3,0,1,1,0,6,1400,2,3,3 BHK Apartment ,2,Hadapsar,7500000,5357
1,3,3,1,1,0,2,1632,2,3,3 BHK Apartment ,3,Handewadi,6581600,4032
0,3,0,1,1,0,2,1167,2,2,2 BHK Apartment ,3,Hadapsar,7500000,6426
0,3,0,1,1,0,2,505,2,1,1 BHK Apartment ,1,Hadapsar,3500000,6930
0,3,0,0,0,0,6,1150,2,1,2 BHK Apartment ,8,Kharadi,7000000,6086
0,3,0,1,1,0,3,1255,3,2,2 BHK Apartment ,9,Kharadi,9500000,7569
0,3,2,1,1,0,5,1100,2,1,2 BHK Apartment ,7,Vishrantwadi,7800000,7090
0,3,1,1,1,0,5,1045,1,1,2 BHK Apartment ,8,Dhanori,6800000,6507
0,3,0,1,1,0,5,1000,1,1,2 BHK Apartment ,6,Tingre Nagar,4800000,4800
0,3,0,1,1,0,1,870,2,2,2 BHK Apartment ,7,Dhanori,5000000,5747
0,3,1,1,1,0,5,1300,1,1,2 BHK Apartment ,6,Vishrantwadi,7500000,5769
0,3,1,0,0,1,4,1400,1,3,3 BHK Apartment ,4,Bavdhan,8500000,6071
0,3,0,1,0,0,3,900,2,2,2 BHK Apartment ,4,Handewadi,4300000,4777
0,3,0,1,1,0,5,1167,1,1,2 BHK Apartment ,3,Tingre Nagar,5600000,4798
0,3,0,1,1,0,11,894,2,2,2 BHK Apartment ,2,Hadapsar,4500000,5033
1,3,3,1,1,0,2,1350,2,2,2 BHK Apartment ,2,Hadapsar,10000000,7407
1,3,3,1,1,0,1,785,2,1,1 BHK Apartment ,5,Hadapsar,3218500,4100
0,3,0,1,1,0,9,1109,2,2,2 BHK Apartment ,4,Kharadi,6400000,5770
0,3,0,0,1,0,5,1750,3,2,3 BHK Apartment ,8,Viman Nagar,11800000,6742
0,2,0,1,1,0,1,1550,1,3,3 BHK Apartment ,11,Wakad,10200000,6580
0,3,0,0,1,0,5,1500,2,1,3 BHK Apartment ,7,Kharadi,7500000,5000
0,3,0,1,1,0,11,1025,2,2,2 BHK Apartment ,2,Hadapsar,5700000,5560
1,3,3,1,1,0,2,1000,2,2,2 BHK Apartment ,1,Kondhwa,6000000,6000
0,3,2,1,1,1,2,1980,2,4,3 BHK Apartment ,11,Kharadi,14000000,7070
0,3,0,1,1,0,5,750,1,1,1 BHK Apartment ,0,Dhanori,3500000,4666
0,3,0,1,1,0,4,1050,1,2,2 BHK Apartment ,4,Manjari,4000000,3809
0,3,0,1,1,0,5,1030,2,2,2 BHK Apartment ,2,Handewadi,5200000,5048
0,0,1,1,1,0,1,1985,2,3,3 BHK Apartment ,3,Kharadi,13500000,6801
0,3,0,1,1,0,3,950,2,2,2 BHK Apartment ,10,Hadapsar,4700000,4947
0,3,0,1,1,0,5,840,2,2,2 BHK Apartment ,1,Hadapsar,4000000,4761
0,3,0,1,1,0,8,640,1,1,1 BHK Apartment ,4,Wakad,3800000,5937
0,3,0,1,1,0,5,1620,1,1,3 BHK Apartment ,9,Kharadi,9500000,5864
0,3,0,1,0,0,4,1028,2,2,2 BHK Apartment ,6,NIBM Annex Mohammadwadi,4200000,4085
0,3,0,1,1,0,5,762,1,1,2 BHK Apartment ,2,Tingre Nagar,4100000,5380
1,3,3,1,1,0,0,2580,2,4,4 BHK Apartment ,7,Hinjewadi,15000000,5813
0,3,0,1,1,0,5,950,2,2,2 BHK Apartment ,1,Hadapsar,4500000,4736
1,3,3,1,1,1,0,1339,2,3,3 BHK Apartment ,6,Bavdhan,8300000,6198
0,3,0,1,1,0,6,1242,2,2,2 BHK Apartment ,8,Kharadi,6600000,5314
0,2,0,1,1,0,8,1060,2,2,2 BHK Apartment ,2,Aundh,9200000,8679
0,2,1,1,1,0,6,980,1,2,2 BHK Apartment ,3,Balewadi,7500000,7653
1,3,3,1,1,0,0,1100,1,2,2 BHK Apartment ,3,Bavdhan,6200000,5636
1,3,3,1,1,0,0,1167,2,2,2 BHK Apartment ,4,NIBM Annex Mohammadwadi,4609650,3950
1,3,3,1,1,0,2,640,1,1,1 BHK Apartment ,2,Dhanori,2700000,4218
0,3,0,1,0,0,5,631,1,1,1 BHK Apartment ,2,Hadapsar,3500000,5546
0,3,1,0,0,0,7,2000,3,3,3 BHK Apartment ,9,Koregaon Park,22000000,11000
0,3,1,1,1,0,4,999,2,2,2 BHK Apartment ,1,Baner,6500000,6506
1,3,3,1,1,0,2,1157,2,2,2 BHK Apartment ,8,Baner,7500000,6482
0,3,0,1,1,0,5,585,1,1,1 BHK Apartment ,10,Hadapsar,3200000,5470
1,3,3,1,1,0,1,971,2,2,2 BHK Apartment ,4,NIBM Annex Mohammadwadi,4300000,4428
1,3,3,1,1,1,1,980,2,2,2 BHK Apartment ,6,Wakad,6000000,6122
0,3,1,1,1,0,5,900,2,2,2 BHK Apartment ,4,Sasane Nagar,4400000,4888
0,3,1,1,1,1,1,2145,1,3,3 BHK Apartment ,11,Hadapsar,13500000,6293
1,3,3,1,1,1,0,1426,2,3,3 BHK Apartment ,6,Sus,8500000,5960
1,3,3,1,1,0,0,3600,3,5,5 BHK Apartment ,6,Baner,45000000,12500
0,3,1,1,1,0,5,1150,1,1,2 BHK Apartment ,2,Tingre Nagar,7500000,6521
0,3,0,1,1,0,5,1350,2,1,3 BHK Apartment ,6,Vishrantwadi,9500000,7037
1,3,3,1,1,0,0,2650,2,4,4 BHK Apartment ,7,Baner,21000000,7924
1,3,3,1,1,0,0,2200,2,3,3 BHK Apartment ,4,Aundh,26000000,11818
0,3,2,1,1,0,11,971,2,2,2 BHK Apartment ,4,Hadapsar,6500000,6694
0,3,0,1,1,0,5,615,1,1,1 BHK Apartment ,3,Hadapsar,3000000,4878
1,3,3,1,1,0,2,1000,2,2,2 BHK Apartment ,2,Hadapsar,5500000,5500
1,3,3,1,1,0,2,750,2,2,2 BHK Apartment ,3,Undri,4500000,6000
0,3,1,1,1,0,5,1108,1,1,2 BHK Apartment ,6,Yerawada,8500000,7671
1,3,3,1,1,0,0,650,2,1,1 BHK Apartment ,4,Hadapsar,3900000,6000
1,3,3,1,1,0,2,1190,2,2,2 BHK Apartment ,9,Manjari,5500000,4621
0,3,0,0,1,0,6,1450,2,2,3 BHK Apartment ,3,Kharadi,7500000,5172
0,3,0,1,1,0,5,1050,1,2,2 BHK Apartment ,7,Viman Nagar,9300000,8857
0,3,1,1,1,0,5,1320,2,2,2 BHK Apartment ,8,Kharadi,7200000,5454
0,3,0,1,1,0,1,1717,2,3,3 BHK Apartment ,10,Rahatani,11498749,6697
0,3,0,1,1,0,10,400,1,1,1 BHK Apartment ,2,Hadapsar,2300000,5750
1,3,3,1,0,0,2,651,2,1,1 BHK Apartment ,2,Hadapsar,2500000,3840
0,3,0,0,1,0,15,2600,2,2,2 BHK Apartment ,1,Viman Nagar,7000000,2692
1,3,3,1,1,0,3,927,1,1,2 BHK Apartment ,11,Dhanori,5500000,5933
0,3,0,1,1,1,1,1050,1,2,2 BHK Apartment ,5,Baner,6700000,6380
0,3,0,1,1,0,2,1070,2,2,2 BHK Apartment ,2,Hadapsar,8000000,7476
0,3,0,1,1,0,2,600,2,1,1 BHK Apartment ,3,Hadapsar,3200000,5333
0,3,0,1,1,0,2,950,2,2,2 BHK Apartment ,3,Hadapsar,4500000,4736
0,3,1,1,1,0,3,710,2,1,1 BHK Apartment ,3,Hadapsar,3000000,4225
0,3,0,1,1,0,3,610,2,1,1 BHK Apartment ,2,Manjari,3000000,4918
0,3,0,1,1,0,3,690,2,1,1 BHK Apartment ,2,Hadapsar,3100000,4492
0,3,0,1,1,0,5,860,1,1,2 BHK Apartment ,6,Tingre Nagar,5600000,6511
1,3,3,1,1,0,1,1167,2,2,2 BHK Apartment ,1,NIBM Annex Mohammadwadi,5301400,4542
0,3,1,1,1,0,7,835,1,2,2 BHK Apartment ,2,Hadapsar,4800000,5748
0,3,0,1,1,0,5,950,2,2,2 BHK Apartment ,1,Hadapsar,4200000,4421
0,3,0,1,1,0,4,981,2,2,2 BHK Apartment ,2,Hadapsar,4200000,4281
0,3,0,1,0,0,0,995,2,2,2 BHK Apartment ,1,Baner,6200000,6231
0,3,0,1,1,0,3,980,2,2,2 BHK Apartment ,3,Manjari,5200000,5306
1,3,3,1,1,0,2,1426,3,3,3 BHK Apartment ,6,Manjari,6600000,4628
1,3,3,1,1,0,2,1429,3,3,3 BHK Apartment ,8,Manjari,6600000,4618
1,3,3,1,1,0,0,650,2,1,1 BHK Apartment ,8,Hadapsar,3900000,6000
0,3,0,1,1,0,8,1200,2,2,2 BHK Apartment ,7,Viman Nagar,8000000,6666
0,3,0,1,1,0,7,1350,2,2,2 BHK Apartment ,8,Viman Nagar,7200000,5333
0,3,0,1,1,0,8,1650,3,3,3 BHK Apartment ,5,Viman Nagar,12000000,7272
0,3,0,1,1,0,4,545,1,1,1 BHK Apartment ,2,Hadapsar,3500000,6422
0,3,0,1,1,0,6,942,2,2,2 BHK Apartment ,3,Handewadi,3800000,4033
0,3,1,0,0,0,8,550,1,1,1 BHK Apartment ,6,Hadapsar,2300000,4181
1,3,3,1,1,0,0,700,1,1,1 BHK Apartment ,2,Undri,2500000,3571
1,3,3,1,1,0,0,873,2,2,2 BHK Apartment ,9,Undri,3000000,3436
0,0,0,1,1,0,7,700,2,1,1 BHK Apartment ,4,Kharadi,4200000,6000
0,0,0,1,1,1,4,1901,2,3,3 BHK Apartment ,7,Kharadi,11500000,6049
0,3,1,1,1,1,4,1218,1,2,2 BHK Apartment ,3,Manjari,6200000,5090
1,3,3,1,0,0,2,1250,2,2,2 BHK Apartment ,2,Undri,8300000,6640
0,3,0,1,0,0,2,500,2,2,2 BHK Apartment ,3,Hadapsar,2000000,4000
0,3,0,1,1,0,11,800,2,2,2 BHK Apartment ,4,NIBM Annex Mohammadwadi,4200000,5250
0,3,0,1,1,0,5,1028,2,2,2 BHK Apartment ,5,Hadapsar,5000000,4863
0,3,0,1,0,0,5,611,1,1,1 BHK Apartment ,4,Hadapsar,3400000,5564
0,3,0,1,1,0,5,910,2,2,2 BHK Apartment ,9,Hadapsar,4200000,4615
0,2,0,1,1,0,4,1037,2,2,2 BHK Apartment ,3,Bavdhan,6500000,6268
0,3,0,1,1,0,5,1100,1,1,2 BHK Apartment ,6,Vishrantwadi,5800000,5272
0,3,1,1,1,0,5,1130,1,1,2 BHK Apartment ,2,Tingre Nagar,7800000,6902
0,3,0,1,1,0,4,560,1,1,1 BHK Apartment ,1,Hadapsar,2900000,5178
0,3,0,1,0,0,5,561,1,1,1 BHK Apartment ,4,Hadapsar,2700000,4812
1,3,3,1,1,0,0,3600,2,4,4 BHK Apartment ,5,Baner,50000000,13888
0,3,0,1,1,0,2,1063,2,2,2 BHK Apartment ,7,Bavdhan,6700000,6302
0,3,1,1,1,1,0,1145,2,2,2 BHK Apartment ,8,Baner,8000000,6986
0,3,1,1,1,0,2,1450,1,3,3 BHK Apartment ,5,Bavdhan,10000000,6896
0,3,0,1,0,0,5,670,1,1,1 BHK Apartment ,2,Hadapsar,2800000,4179
0,3,0,1,1,0,5,1150,1,1,2 BHK Apartment ,5,Tingre Nagar,6800000,5913
0,3,0,1,1,0,6,1140,2,1,2 BHK Apartment ,7,Kharadi,6800000,5964
0,3,1,1,1,0,6,954,1,1,2 BHK Apartment ,4,Kharadi,7500000,7861
0,3,0,1,1,0,5,1060,1,1,2 BHK Apartment ,3,Viman Nagar,7000000,6603
0,3,0,0,1,0,5,1100,2,1,2 BHK Apartment ,5,Kharadi,6600000,6000
0,3,1,1,1,0,5,1030,1,1,2 BHK Apartment ,6,Vishrantwadi,7000000,6796
0,3,1,1,1,0,6,650,1,1,1 BHK Apartment ,3,Viman Nagar,6200000,9538
0,3,0,1,1,0,4,978,1,1,2 BHK Apartment ,6,Dhanori,5300000,5419
0,3,0,1,1,0,5,1179,1,1,2 BHK Apartment ,3,Viman Nagar,8200000,6955
0,3,0,1,1,0,3,1450,1,2,3 BHK Apartment ,2,Viman Nagar,11500000,7931
0,3,2,1,1,1,6,1490,2,3,3 BHK Apartment ,2,Aundh,15500000,10402
0,3,0,1,1,0,5,1060,2,2,2 BHK Apartment ,0,Viman Nagar,8500000,8018
0,3,0,1,1,0,7,615,2,1,1 BHK Apartment ,1,Manjari,3800000,6178
0,3,0,1,1,0,5,1012,1,1,2 BHK Apartment ,3,Dhanori,4800000,4743
1,3,3,1,1,0,2,630,1,1,1 BHK Apartment ,8,Manjari,3600000,5714
0,3,0,1,1,0,5,1670,3,2,3 BHK Apartment ,11,Kharadi,11200000,6706
0,3,0,1,1,0,5,950,1,1,2 BHK Apartment ,4,Tingre Nagar,5300000,5578
0,0,1,0,0,1,7,650,1,1,1 BHK Apartment ,4,Kharadi,4100000,6307
1,3,3,1,1,0,0,1405,1,3,3 BHK Apartment ,6,Bavdhan,9000000,6405
0,3,0,1,1,0,5,1560,3,2,3 BHK Apartment ,8,Viman Nagar,12200000,7820
1,3,3,1,1,0,1,635,2,1,1 BHK Apartment ,0,Hadapsar,2603500,4100
0,3,2,1,1,1,6,575,1,1,1 BHK Apartment ,2,Hadapsar,2300000,4000
0,3,0,1,1,0,10,850,1,1,1 BHK Apartment ,2,Hadapsar,3000000,3529
0,3,0,1,1,0,7,852,2,2,2 BHK Apartment ,1,Hadapsar,4900000,5751
0,3,0,1,1,0,5,728,2,2,2 BHK Apartment ,2,Hadapsar,4000000,5494
0,3,0,0,0,0,2,891,2,2,2 BHK Apartment ,2,Wagholi,3900000,4377
0,3,1,1,1,0,0,1355,1,3,3 BHK Apartment ,8,Bavdhan,10000000,7380
0,3,0,1,1,0,3,623,2,1,1 BHK Apartment ,2,Dhanori,2950000,4735
0,3,0,1,1,0,0,1443,2,3,3 BHK Apartment ,6,Bavdhan,8500000,5890
1,3,3,1,1,1,0,963,2,2,2 BHK Apartment ,14,Balewadi,6500000,6749
0,3,0,1,0,0,3,686,1,1,1 BHK Apartment ,3,Undri,3500000,5102
0,3,0,1,1,0,2,554,2,2,1 BHK Apartment ,2,Hadapsar,2500000,4512
1,3,3,1,1,0,2,561,2,1,1 BHK Apartment ,1,Handewadi,3000000,5347
0,3,0,1,1,0,2,1063,1,2,2 BHK Apartment ,7,Bavdhan,7000000,6585
1,3,3,1,1,0,0,1500,2,3,3 BHK Apartment ,6,Bavdhan,11000000,7333
1,3,3,1,1,0,0,2200,2,3,3 BHK Apartment ,6,Aundh,16000000,7272
0,3,1,1,1,0,5,1180,3,2,2 BHK Apartment ,9,Viman Nagar,8000000,6779
0,3,2,1,1,0,11,1930,3,3,3 BHK Apartment ,6,Kalyani Nagar,21800000,11295
0,3,0,0,0,0,6,1086,2,2,2 BHK Apartment ,10,Kharadi,7200000,6629
0,3,0,0,0,0,6,1150,2,2,2 BHK Apartment ,4,Kharadi,7000000,6086
0,3,1,0,1,0,5,1100,2,2,2 BHK Apartment ,4,Viman Nagar,9000000,8181
1,3,3,1,1,0,0,3023,3,5,5 BHK Apartment ,12,Bavdhan,20000000,6615
0,3,0,1,1,0,8,600,1,1,1 BHK Apartment ,2,Wakad,3800000,6333
0,3,0,1,1,0,3,857,2,2,2 BHK Apartment ,5,Hadapsar,4500000,5250
0,2,0,1,1,0,4,949,2,2,2 BHK Apartment ,5,Wakad,6300000,6638
0,3,0,1,1,1,5,1450,1,3,3 BHK Apartment ,7,Baner,9000000,6206
0,3,0,1,1,0,1,1200,1,1,2 BHK Apartment ,7,Vishrantwadi,6500000,5416
0,3,0,1,1,0,5,1495,2,2,3 BHK Apartment ,12,Tingre Nagar,11000000,7357
0,3,0,1,1,0,5,640,1,1,1 BHK Apartment ,7,Vishrantwadi,4000000,6250
0,3,0,1,1,0,5,927,1,1,2 BHK Apartment ,3,Dhanori,5500000,5933
0,3,1,1,1,0,0,1408,1,3,3 BHK Apartment ,5,Bavdhan,10000000,7102
0,3,1,0,0,0,4,1450,2,1,3 BHK Apartment ,5,Vishrantwadi,7500000,5172
0,3,0,1,1,0,3,2100,3,2,3 BHK Apartment ,2,Kharadi,13000000,6190
0,3,0,0,1,0,5,1600,2,2,3 BHK Apartment ,8,Tingre Nagar,10700000,6687
0,3,0,1,1,0,5,620,1,1,1 BHK Apartment ,3,Vishrantwadi,3500000,5645
1,3,3,1,1,0,0,2600,2,4,4 BHK Apartment ,2,Baner,30000000,11538
1,3,3,1,1,0,0,1183,1,2,2 BHK Apartment ,4,Baner,10300000,8706
0,3,0,1,1,0,8,1450,1,3,3 BHK Apartment ,6,Wakad,7700000,5310
1,3,3,1,1,0,2,1026,2,2,2 BHK Apartment ,7,Manjari,4800000,4678
0,3,0,0,0,0,10,950,2,2,2 BHK Apartment ,2,Sasane Nagar,4500000,4736
0,3,0,1,1,0,4,640,1,1,1 BHK Apartment ,11,Hadapsar,3000000,4687
1,3,3,1,1,0,2,930,2,2,2 BHK Apartment ,2,Hadapsar,4200000,4516
0,3,1,1,1,0,8,1640,2,3,3 BHK Apartment ,5,Wakad,7700000,4695
0,3,0,1,1,0,5,857,2,2,2 BHK Apartment ,10,Hadapsar,4500000,5250
0,3,0,1,1,0,6,540,1,1,1 BHK Apartment ,3,Handewadi,2600000,4814
0,3,0,1,1,0,8,916,2,2,2 BHK Apartment ,2,Hadapsar,7200000,7860
0,3,0,1,1,0,5,495,1,1,1 BHK Apartment ,3,Hadapsar,2500000,5050
0,3,0,1,1,0,1,1075,2,2,2 BHK Apartment ,3,Bavdhan,6800000,6325
0,3,0,1,1,0,5,900,1,1,2 BHK Apartment ,1,Tingre Nagar,4500000,5000
0,3,0,1,1,0,5,900,1,1,2 BHK Apartment ,1,Tingre Nagar,4500000,5000
0,3,0,1,1,0,5,950,1,1,2 BHK Apartment ,2,Viman Nagar,7000000,7368
0,0,0,1,1,1,0,1315,1,2,2 BHK Apartment ,3,Kharadi,8900000,6768
0,3,0,1,1,0,5,1150,2,1,2 BHK Apartment ,7,Vishrantwadi,8500000,7391
0,3,0,1,1,0,9,562,2,1,1 BHK Apartment ,1,Hadapsar,3850000,6850
0,3,1,1,1,0,2,1050,1,1,2 BHK Apartment ,6,Dhanori,5500000,5238
0,3,0,1,1,0,5,1000,1,1,1 BHK Apartment ,6,Viman Nagar,7000000,7000
0,3,1,1,1,1,5,789,2,2,2 BHK Apartment ,7,Hadapsar,4000000,5069
0,3,0,1,1,0,5,1400,2,3,3 BHK Apartment ,6,Hadapsar,7500000,5357
0,3,0,1,1,0,3,950,2,2,2 BHK Apartment ,1,Hadapsar,4500000,4736
0,3,1,1,1,0,9,990,1,2,2 BHK Apartment ,1,Dhanori,5000000,5050
0,3,1,1,1,1,2,891,2,2,2 BHK Apartment ,8,Bavdhan,7000000,7856
0,3,0,1,1,0,5,1255,2,1,2 BHK Apartment ,7,Kharadi,9500000,7569
1,3,3,1,1,0,2,780,1,1,2 BHK Apartment ,7,Dhanori,4300000,5512
0,3,0,1,1,0,1,1400,2,3,3 BHK Apartment ,8,Baner,9000000,6428
0,3,0,1,1,0,2,1668,2,3,3 BHK Apartment ,2,Wakad,8000000,4796
1,3,3,1,1,0,2,661,2,1,1 BHK Apartment ,2,Hadapsar,2800000,4236
0,3,0,1,1,0,2,970,2,2,2 BHK Apartment ,1,Hadapsar,4200000,4329
0,3,0,1,1,0,4,752,2,1,1 BHK Apartment ,7,Dhanori,4100000,5452
0,3,0,1,1,0,5,1050,1,1,2 BHK Apartment ,2,Viman Nagar,7000000,6666
0,3,0,1,1,0,5,1134,1,1,2 BHK Apartment ,4,Vishrantwadi,7800000,6878
0,3,1,1,1,0,5,1057,1,1,2 BHK Apartment ,6,Vishrantwadi,7000000,6622
0,3,0,1,1,0,0,1200,2,1,2 BHK Apartment ,7,Vishrantwadi,7500000,6250
1,3,3,1,1,0,2,1026,1,2,2 BHK Apartment ,5,Manjari,4700000,4580
0,1,0,1,1,1,3,1037,1,2,2 BHK Apartment ,3,Bavdhan,6100000,5882
1,3,3,1,1,0,0,1473,2,3,3 BHK Apartment ,9,Baner,10000000,6788
0,3,1,1,1,0,5,1150,1,1,2 BHK Apartment ,1,Tingre Nagar,8300000,7217
1,3,3,1,1,0,2,1645,2,3,3 BHK Apartment ,7,Manjari,7200000,4376
0,3,0,1,0,0,4,600,1,1,1 BHK Apartment ,6,Hadapsar,3500000,5833
0,3,0,1,1,0,5,950,1,1,2 BHK Apartment ,5,Dhanori,5500000,5789
0,3,2,1,1,0,5,1584,2,2,3 BHK Apartment ,8,Tingre Nagar,12500000,7891
1,3,3,1,1,0,2,800,2,2,2 BHK Apartment ,1,Hadapsar,4000000,5000
1,3,3,1,1,0,2,910,2,2,2 BHK Apartment ,1,Hadapsar,4900000,5384
1,3,3,1,1,0,0,1115,1,2,2 BHK Apartment ,12,Sus,7800000,6995
0,3,0,1,1,0,5,1050,1,1,2 BHK Apartment ,3,Vishrantwadi,5500000,5238
0,3,0,1,1,0,5,932,1,1,2 BHK Apartment ,11,Dhanori,5500000,5901
0,3,2,1,1,1,2,3350,2,4,4 BHK Apartment ,7,Baner,37500000,11194
0,3,0,1,1,0,5,900,1,1,2 BHK Apartment ,3,Tingre Nagar,4400000,4888
0,3,0,1,1,0,5,1629,2,2,3 BHK Apartment ,6,Kharadi,10200000,6261
0,3,0,0,1,0,4,1520,2,2,2 BHK Apartment ,3,Viman Nagar,11800000,7763
0,3,0,1,1,0,4,1600,3,2,3 BHK Apartment ,8,Tingre Nagar,10700000,6687
0,3,0,1,1,0,5,1760,3,3,3 BHK Apartment ,9,Kharadi,10800000,6136
0,3,0,1,1,0,5,1856,3,3,3 BHK Apartment ,10,Tingre Nagar,12800000,6896
0,3,0,0,1,0,4,1060,2,2,2 BHK Apartment ,3,Viman Nagar,8200000,7735
0,3,0,0,1,0,4,1525,3,2,3 BHK Apartment ,2,Viman Nagar,12000000,7868
0,3,1,1,1,0,5,1650,3,3,3 BHK Apartment ,8,Kalyani Nagar,12500000,7575
0,3,0,0,1,0,5,1455,2,2,3 BHK Apartment ,3,Tingre Nagar,10000000,6872
0,3,0,1,1,0,5,1251,2,2,2 BHK Apartment ,3,Kharadi,7800000,6235
0,3,0,1,1,0,4,1650,3,2,3 BHK Apartment ,6,Kharadi,13500000,8181
0,3,0,1,1,0,5,960,2,1,2 BHK Apartment ,2,Kalyani Nagar,7000000,7291
0,3,0,1,1,0,4,1500,3,3,3 BHK Apartment ,9,Tingre Nagar,11000000,7333
0,3,1,0,1,0,2,1050,2,2,2 BHK Apartment ,9,Viman Nagar,9500000,9047
0,3,0,1,1,0,6,1050,2,2,2 BHK Apartment ,5,Tingre Nagar,6600000,6285
0,3,2,1,1,0,3,2000,3,3,3 BHK Apartment ,8,Kharadi,14500000,7250
0,3,0,1,1,0,5,980,2,2,2 BHK Apartment ,3,Hadapsar,6000000,6122
0,3,2,1,1,1,5,540,1,1,1 BHK Apartment ,3,Hadapsar,2600000,4814
0,3,0,1,1,0,5,1040,1,1,2 BHK Apartment ,4,Vishrantwadi,6500000,6250
0,3,0,1,1,0,5,650,1,1,1 BHK Apartment ,4,Tingre Nagar,4300000,6615
0,3,0,0,0,0,6,833,2,2,2 BHK Apartment ,1,Hadapsar,6000000,7202
0,3,0,1,1,0,3,585,1,1,1 BHK Apartment ,3,Undri,3200000,5470
0,3,0,1,1,0,0,1084,1,2,2 BHK Apartment ,6,Balewadi,6800000,6273
0,3,0,1,1,0,5,927,1,1,2 BHK Apartment ,11,Dhanori,5500000,5933
0,3,1,1,1,0,5,660,1,1,1 BHK Apartment ,5,Tingre Nagar,5500000,8333
0,3,1,1,1,1,4,1220,2,2,2 BHK Apartment ,5,Bavdhan,7000000,5737
1,3,3,1,1,0,2,564,2,1,1 BHK Apartment ,2,Handewadi,3000000,5319
0,3,0,1,1,0,3,1118,2,2,2 BHK Apartment ,1,Manjari,6500000,5813
0,3,2,1,1,0,3,1304,2,3,3 BHK Apartment ,4,Hadapsar,5800000,4447
0,3,0,1,1,0,3,560,2,1,1 BHK Apartment ,2,Hadapsar,3000000,5357
0,3,0,1,1,0,3,800,2,2,2 BHK Apartment ,4,NIBM Annex Mohammadwadi,4800000,6000
0,3,0,1,1,0,2,940,2,2,2 BHK Apartment ,1,Hadapsar,4000000,4255
1,3,3,1,1,0,1,705,2,1,1 BHK Apartment ,2,Hadapsar,2890500,4100
0,3,0,1,1,0,2,684,2,1,1 BHK Apartment ,2,Hadapsar,3300000,4824
0,3,0,1,1,0,4,928,2,2,2 BHK Apartment ,3,Hadapsar,4600000,4956
0,3,0,1,0,0,4,800,1,2,2 BHK Apartment ,5,Handewadi,4600000,5750
0,3,0,1,1,0,5,1600,2,3,3 BHK Apartment ,6,Kharadi,7500000,4687
0,3,0,1,1,0,6,1410,2,3,3 BHK Apartment ,5,Kharadi,7700000,5460
0,3,0,1,1,0,3,654,1,1,1 BHK Apartment ,3,Sasane Nagar,3400000,5198
0,3,1,1,1,1,0,1113,2,2,2 BHK Apartment ,1,Sus,6500000,5840
0,0,1,0,1,0,2,2200,2,3,3 BHK Apartment ,4,Kharadi,12000000,5454
0,3,0,1,1,0,5,1025,2,2,2 BHK Apartment ,8,Hadapsar,5000000,4878
0,3,1,1,1,0,4,1500,1,3,3 BHK Apartment ,2,Aundh,14000000,9333
0,3,0,1,1,0,2,1668,1,3,3 BHK Apartment ,1,Wakad,7800000,4676
1,3,3,1,1,0,0,1370,2,3,3 BHK Apartment ,5,Bavdhan,7800000,5693
0,3,0,1,1,0,4,706,2,2,2 BHK Apartment ,7,Hadapsar,4600000,6515
0,3,0,1,1,0,4,1360,1,3,3 BHK Apartment ,8,Hinjewadi,6800000,5000
0,3,1,1,1,0,2,1660,1,3,3 BHK Apartment ,6,Wagholi,9100000,5481
1,3,3,1,1,0,2,890,2,2,2 BHK Apartment ,1,Handewadi,4200000,4719
0,3,0,1,1,0,11,1147,2,2,2 BHK Apartment ,1,Hadapsar,6500000,5666
0,3,1,1,1,0,1,670,2,1,1 BHK Apartment ,1,Hadapsar,5000000,7462
0,3,1,1,1,0,5,1750,2,2,3 BHK Apartment ,9,Kharadi,11500000,6571
0,3,0,1,1,0,4,1505,2,3,3 BHK Apartment ,4,Wakad,9000000,5980
0,3,0,1,1,0,6,1485,1,3,3 BHK Apartment ,7,Baner,9800000,6599
1,3,3,1,1,0,0,1370,2,2,2 BHK Apartment ,12,Balewadi,11000000,8029
0,3,0,1,1,0,7,1000,1,1,2 BHK Apartment ,7,Vishrantwadi,5800000,5800
0,3,0,1,1,0,5,925,1,1,2 BHK Apartment ,4,Dhanori,4100000,4432
0,3,0,1,1,0,3,959,1,1,2 BHK Apartment ,6,Dhanori,6200000,6465
0,3,1,1,1,0,3,1550,2,3,3 BHK Apartment ,5,NIBM Annex Mohammadwadi,11400000,7354
0,3,0,1,1,0,5,1000,1,1,2 BHK Apartment ,1,Vishrantwadi,7500000,7500
0,3,0,1,1,0,4,1350,2,2,3 BHK Apartment ,8,Hinjewadi,7000000,5185
0,3,0,1,1,0,4,605,1,1,1 BHK Apartment ,3,Hadapsar,3000000,4958
0,3,0,1,1,0,4,575,1,1,1 BHK Apartment ,6,Sasane Nagar,2950000,5130
0,3,2,1,1,1,7,1445,3,3,3 BHK Apartment ,1,Manjari,7500000,5190
0,3,0,1,1,0,5,675,2,1,1 BHK Apartment ,6,Wakad,4000000,5925
0,3,0,1,1,0,4,1600,3,2,3 BHK Apartment ,4,Kalyani Nagar,11500000,7187
0,3,2,1,1,0,4,630,1,1,1 BHK Apartment ,3,Hadapsar,3300000,5238
0,3,1,1,1,0,4,2500,2,3,3 BHK Apartment ,1,Kharadi,24000000,9600
0,3,0,1,1,0,12,630,1,1,1 BHK Apartment ,3,Hadapsar,3000000,4761
0,3,1,1,1,0,0,1374,2,3,3 BHK Apartment ,5,Balewadi,9500000,6914
0,3,0,1,1,0,5,1310,2,2,3 BHK Apartment ,1,Vishrantwadi,10000000,7633
1,3,3,0,1,0,5,550,1,1,1 BHK Apartment ,2,Kharadi,3300000,6000
0,3,0,1,1,0,4,600,1,1,1 BHK Apartment ,3,Hadapsar,3800000,6333
0,3,0,1,1,0,5,1200,2,1,2 BHK Apartment ,5,Kalyani Nagar,8100000,6750
0,3,0,1,1,0,6,975,2,2,2 BHK Apartment ,3,Hadapsar,4700000,4820
0,3,0,1,1,0,5,1242,2,2,2 BHK Apartment ,8,Kharadi,6800000,5475
0,3,0,1,1,0,5,1670,3,2,3 BHK Apartment ,5,Viman Nagar,12300000,7365
0,3,2,1,1,1,5,2600,3,3,3 BHK Apartment ,9,Viman Nagar,16400000,6307
0,3,0,1,1,0,7,1070,2,2,2 BHK Apartment ,5,Hadapsar,5000000,4672
0,3,0,1,0,0,4,572,1,1,1 BHK Apartment ,2,Hadapsar,3400000,5944
0,3,0,1,1,0,0,1150,1,2,2 BHK Apartment ,7,Sus,7200000,6260
0,3,1,1,1,1,4,575,1,1,1 BHK Apartment ,3,Sasane Nagar,3100000,5391
0,3,0,1,1,0,0,625,2,1,1 BHK Apartment ,3,Wakad,4000000,6400
0,3,0,1,1,0,3,693,2,1,1 BHK Apartment ,2,Wakad,5300000,7647
0,3,0,1,1,1,2,1560,1,3,3 BHK Apartment ,8,Bavdhan,11000000,7051
0,3,0,1,1,0,4,550,1,1,1 BHK Apartment ,3,Sasane Nagar,3000000,5454
0,3,0,1,1,0,6,1075,2,2,2 BHK Apartment ,5,Manjari,4900000,4558
0,3,0,1,1,0,7,995,2,2,2 BHK Apartment ,2,Hadapsar,7500000,7537
0,3,1,1,1,0,8,572,1,1,1 BHK Apartment ,3,Hadapsar,2800000,4895
1,3,3,0,0,0,0,900,2,2,2 BHK Apartment ,5,Mundhwa,5100000,5666
0,3,2,1,1,0,5,950,2,1,2 BHK Apartment ,7,Viman Nagar,8000000,8421
0,3,2,1,1,1,1,674,2,1,1 BHK Apartment ,5,Mundhwa,4000000,5934
0,3,0,1,1,0,5,1080,2,2,2 BHK Apartment ,4,Hadapsar,4500000,4166
0,3,2,1,1,1,4,755,1,1,1 BHK Apartment ,3,Hadapsar,5000000,6622
0,3,0,1,1,0,2,580,1,1,1 BHK Apartment ,3,Hadapsar,4100000,7068
0,3,1,1,1,0,2,1335,1,2,2 BHK Apartment ,12,Kharadi,9300000,6966
0,3,0,1,1,0,4,726,1,1,1 BHK Apartment ,9,Hadapsar,3000000,4132
0,3,2,1,1,0,1,674,2,1,1 BHK Apartment ,2,Mundhwa,3900000,5786
0,3,0,0,1,0,4,650,1,1,1 BHK Apartment ,3,Hadapsar,2500000,3846
0,3,1,1,1,0,7,1504,3,3,3 BHK Apartment ,1,NIBM Annex Mohammadwadi,8400000,5585
0,3,1,1,1,0,3,1040,2,2,2 BHK Apartment ,8,NIBM Annex Mohammadwadi,5000000,4807
1,3,3,0,1,0,6,600,1,1,1 BHK Apartment ,1,Kharadi,3800000,6333
1,3,3,1,1,0,3,668,2,2,1 BHK Apartment ,6,Handewadi,3000000,4491
0,3,1,1,1,0,2,1045,1,2,2 BHK Apartment ,8,Bavdhan,7000000,6698
0,3,2,1,1,1,14,1248,1,3,3 BHK Apartment ,6,Aundh,11000000,8814
0,3,0,1,1,0,8,1485,2,3,3 BHK Apartment ,6,Wakad,7700000,5185
0,3,1,1,1,0,5,2580,3,3,3 BHK Apartment ,2,Hadapsar,16500000,6395
0,3,1,1,1,0,6,1800,3,3,3 BHK Apartment ,7,Hadapsar,14000000,7777
0,3,0,1,1,0,6,730,1,1,1 BHK Apartment ,2,Hadapsar,3000000,4109
0,3,2,1,1,1,3,1230,2,2,2 BHK Apartment ,4,NIBM Annex Mohammadwadi,8800000,7154
0,3,0,1,1,0,5,1450,3,2,3 BHK Apartment ,10,Viman Nagar,14500000,10000
0,3,0,1,1,0,5,965,1,1,2 BHK Apartment ,6,Dhanori,6000000,6217
1,3,3,1,1,0,2,1645,2,3,3 BHK Apartment ,6,Manjari,7200000,4376
1,3,3,1,1,0,1,1546,2,2,2 BHK Apartment ,11,Kharadi,8500000,5498
0,3,1,1,1,0,7,1100,2,2,2 BHK Apartment ,6,Pimple Saudagar,7750000,7045
0,3,0,1,1,0,10,1250,2,3,3 BHK Apartment ,4,Aundh,11000000,8800
0,3,0,1,1,0,1,650,1,1,1 BHK Apartment ,8,Mundhwa,4100000,6307
0,3,0,1,1,0,5,905,1,2,2 BHK Apartment ,3,Sasane Nagar,3700000,4088
0,3,0,1,1,0,5,621,1,1,1 BHK Apartment ,3,Hadapsar,3500000,5636
0,3,0,1,1,0,2,775,1,1,1 BHK Apartment ,3,Hadapsar,3500000,4516
0,3,0,1,1,0,6,1454,3,3,3 BHK Apartment ,3,NIBM Annex Mohammadwadi,6700000,4607
0,3,0,1,1,0,14,400,1,1,1 BHK Apartment ,6,Hadapsar,2400000,6000
0,3,0,1,1,0,7,700,2,2,2 BHK Apartment ,1,Hadapsar,3700000,5285
0,3,0,0,0,0,5,736,2,2,2 BHK Apartment ,2,Hadapsar,5500000,7472
1,3,3,1,1,0,0,964,2,2,2 BHK Apartment ,1,Hadapsar,6500000,6742
1,3,3,1,1,1,0,1206,2,2,2 BHK Apartment ,8,Baner,8500000,7048
0,3,1,1,1,0,5,1366,1,1,2 BHK Apartment ,3,Tingre Nagar,10600000,7759
0,3,0,1,1,0,5,545,1,1,1 BHK Apartment ,3,Tingre Nagar,3700000,6788
1,3,3,1,1,0,0,859,1,1,2 BHK Apartment ,5,Dhanori,4000000,4656
0,3,0,1,1,0,5,1458,1,2,3 BHK Apartment ,1,Tingre Nagar,10900000,7475
0,3,1,1,1,0,5,1300,2,3,3 BHK Apartment ,2,Hadapsar,7800000,6000
0,3,0,0,1,0,2,652,1,1,1 BHK Apartment ,1,Dhanori,3000000,4601
1,3,3,1,1,0,1,1370,2,2,2 BHK Apartment ,12,Balewadi,10500000,7664
0,3,0,1,1,0,1,1088,2,2,2 BHK Apartment ,9,Baner,8000000,7352
1,3,3,1,1,0,2,630,1,1,1 BHK Apartment ,3,Manjari,3600000,5714
0,3,0,0,1,0,3,1353,2,3,3 BHK Apartment ,8,Sus,6800000,5025
0,3,0,1,1,0,2,1314,2,2,2 BHK Apartment ,1,Hinjewadi,7000000,5327
0,3,0,1,1,0,5,1242,2,2,2 BHK Apartment ,4,Kharadi,6900000,5555
0,3,0,1,1,0,5,900,2,1,2 BHK Apartment ,8,Viman Nagar,7000000,7777
0,3,0,1,1,0,5,990,2,1,2 BHK Apartment ,8,Viman Nagar,7000000,7070
0,3,0,1,1,0,4,958,2,2,2 BHK Apartment ,9,Viman Nagar,7200000,7515
0,3,1,1,1,0,5,1700,2,2,3 BHK Apartment ,5,Wadgaon Sheri,12000000,7058
0,3,1,1,1,0,2,1360,2,2,2 BHK Apartment ,12,Kharadi,10100000,7426
0,3,2,0,1,0,4,1430,2,2,2 BHK Apartment ,3,Viman Nagar,11800000,8251
0,3,0,0,1,0,4,1060,2,2,2 BHK Apartment ,1,Viman Nagar,9300000,8773
0,3,2,0,1,0,4,1425,2,2,2 BHK Apartment ,5,Viman Nagar,11800000,8280
0,3,0,1,1,0,3,969,1,2,2 BHK Apartment ,3,Hadapsar,4500000,4643
0,3,0,0,0,0,6,1370,3,2,3 BHK Apartment ,12,Kharadi,8000000,5839
0,3,0,1,1,0,5,1050,2,1,2 BHK Apartment ,6,Viman Nagar,9300000,8857
0,3,0,1,1,0,3,400,1,1,1 BHK Apartment ,1,Hadapsar,2400000,6000
1,3,3,1,1,0,2,900,2,2,2 BHK Apartment ,4,Hadapsar,5000000,5555
0,3,0,1,1,0,6,570,1,1,1 BHK Apartment ,3,Hadapsar,2800000,4912
0,0,1,1,1,0,1,1001,2,2,2 BHK Apartment ,17,Hadapsar,7700000,7692
0,3,1,1,1,0,6,1100,1,2,2 BHK Apartment ,5,Pimple Saudagar,7500000,6818
1,3,3,1,1,0,2,1426,3,3,3 BHK Apartment ,8,Manjari,6600000,4628
0,3,0,1,1,0,6,635,1,1,1 BHK Apartment ,10,Tingre Nagar,3600000,5669
0,3,0,1,1,0,6,1000,2,2,2 BHK Apartment ,1,Hadapsar,6700000,6700
0,3,0,1,1,0,3,765,1,1,2 BHK Apartment ,3,Hadapsar,4500000,5882
0,3,0,1,1,0,7,1023,1,2,2 BHK Apartment ,1,Hadapsar,6000000,5865
0,3,0,1,1,0,2,618,1,1,1 BHK Apartment ,3,Hadapsar,3900000,6310
1,2,3,0,0,0,1,2800,2,3,3 BHK Apartment ,8,Wakad,16000000,5714
0,2,0,1,1,0,14,1700,2,2,3 BHK Apartment ,5,Pimple Saudagar,12000000,7058
0,3,1,0,0,1,17,810,1,1,2 BHK Apartment ,5,Bibwewadi,6700000,8271
0,3,1,0,1,0,8,1350,3,3,3 BHK Apartment ,4,Hadapsar,6500000,4814
0,3,0,1,1,0,7,1286,2,2,2 BHK Apartment ,2,Hadapsar,6000000,4665
0,3,0,0,1,0,6,927,2,2,2 BHK Apartment ,2,Wakad,6500000,7011
0,2,1,0,1,0,10,1450,2,3,3 BHK Apartment ,4,Pimple Saudagar,7500000,5172
0,2,1,1,1,1,13,625,2,1,1 BHK Apartment ,2,Tingre Nagar,3600000,5760
1,3,3,0,1,0,1,1150,2,2,2 BHK Apartment ,2,Sinhgad Road,8500000,7391
0,3,1,0,1,0,19,480,2,1,1 BHK Apartment ,1,Kothrud,4200000,8750
0,3,2,0,1,0,7,915,1,2,2 BHK Apartment ,2,Kondhwa,6500000,7103
0,3,0,0,1,0,7,380,2,1,1 BHK Apartment ,1,Kondhwa,1100000,2894
0,3,0,0,0,0,11,856,1,1,2 BHK Apartment ,2,Sasane Nagar,3400000,3971
0,2,1,1,0,0,8,600,1,1,1 BHK Apartment ,3,Vishrantwadi,4250000,7083
0,2,0,0,0,0,12,870,1,2,2 BHK Apartment ,5,Sasane Nagar,3500000,4022
0,2,1,0,0,0,15,570,1,1,1 BHK Apartment ,3,Tingre Nagar,3700000,6491
0,2,2,1,0,0,12,850,2,2,2 BHK Apartment ,3,Sinhgad Road,7300000,8588
0,3,1,1,1,1,1,1315,2,2,2 BHK Apartment ,10,Kharadi,9000000,6844
0,3,0,0,1,0,2,985,2,2,2 BHK Apartment ,3,Mundhwa,5200000,5279
0,3,0,1,1,0,1,1985,2,3,3 BHK Apartment ,7,Kharadi,12500000,6297
1,3,3,1,1,0,1,575,1,1,1 BHK Apartment ,4,Lohegaon,2500000,4347
0,3,1,1,1,0,4,2250,2,3,3 BHK Apartment ,7,Kharadi,11900000,5288
0,3,1,1,1,0,1,1335,1,2,2 BHK Apartment ,10,Kharadi,9000000,6741
0,3,1,1,1,1,0,1315,2,2,2 BHK Apartment ,7,Kharadi,10500000,7984
0,3,0,1,1,0,6,1105,2,2,2 BHK Apartment ,7,Balewadi,7200000,6515
0,3,2,1,1,1,5,1000,2,2,2 BHK Apartment ,3,Hadapsar,5500000,5500
0,3,0,1,1,0,5,1000,2,2,2 BHK Apartment ,3,Hadapsar,4500000,4500
0,2,0,1,1,0,1,1545,1,3,3 BHK Apartment ,12,Bavdhan,10200000,6601
0,3,1,1,1,1,3,2580,2,3,3 BHK Apartment ,3,Hadapsar,15500000,6007
0,3,1,1,1,0,4,860,2,2,2 BHK Apartment ,4,Hadapsar,5500000,6395
0,2,0,0,1,0,1,1511,2,3,3 BHK Apartment ,9,Bavdhan,10200000,6750
0,3,0,1,0,0,6,900,2,2,2 BHK Apartment ,5,Hadapsar,6500000,7222
0,2,0,1,1,1,7,1117,1,2,2 BHK Apartment ,7,Kharadi,6400000,5729
0,3,0,1,1,0,2,2266,1,3,3 BHK Apartment ,5,Kharadi,11800000,5207
0,3,0,1,1,0,16,700,2,2,2 BHK Apartment ,2,Handewadi,2500000,3571
0,3,0,1,1,0,3,924,2,2,2 BHK Apartment ,2,Hadapsar,5000000,5411
0,3,1,1,1,1,0,1315,2,2,2 BHK Apartment ,5,Kharadi,10500000,7984
0,3,0,1,1,0,7,1117,1,2,2 BHK Apartment ,5,Kharadi,6700000,5998
0,3,1,1,1,0,2,1236,1,2,2 BHK Apartment ,5,Kharadi,8000000,6472
0,3,0,1,1,0,4,670,1,1,1 BHK Apartment ,3,Hadapsar,2700000,4029
0,3,0,1,1,0,6,825,2,2,2 BHK Apartment ,6,Sasane Nagar,4000000,4848
0,3,0,1,1,0,6,970,2,2,2 BHK Apartment ,5,Hadapsar,4200000,4329
0,3,0,1,1,0,6,840,2,2,2 BHK Apartment ,1,Hadapsar,3700000,4404
0,3,2,1,1,1,6,560,1,1,1 BHK Apartment ,3,Hadapsar,2600000,4642
0,3,1,1,1,1,3,4800,1,5,4 BHK Apartment ,10,Hadapsar,31000000,6458
0,3,1,1,1,1,3,2580,2,3,3 BHK Apartment ,3,Hadapsar,15500000,6007
0,3,0,0,1,0,1,625,1,1,1 BHK Apartment ,1,Dhanori,2700000,4320
0,3,0,1,1,0,6,1588,2,3,3 BHK Apartment ,5,Kharadi,8700000,5478
0,2,0,1,1,0,1,1000,1,2,2 BHK Apartment ,3,Bavdhan,6100000,6100
0,3,1,1,1,0,1,1315,2,2,2 BHK Apartment ,5,Kharadi,10000000,7604
0,2,0,1,1,0,2,1428,2,3,3 BHK Apartment ,10,Bavdhan,8900000,6232
0,3,0,1,1,0,6,1761,2,3,3 BHK Apartment ,1,Wakad,11000000,6246
0,3,0,1,1,0,6,1100,3,3,3 BHK Apartment ,8,NIBM Annex Mohammadwadi,8000000,7272
0,3,0,1,1,0,6,1173,2,2,2 BHK Apartment ,4,Hadapsar,7500000,6393
0,3,1,1,1,0,6,710,2,1,1 BHK Apartment ,2,Hadapsar,3100000,4366
0,3,1,1,1,0,4,1315,2,2,2 BHK Apartment ,5,Kharadi,10500000,7984
0,3,1,1,1,0,2,1979,2,3,3 BHK Apartment ,7,Kharadi,14000000,7074
0,3,1,1,1,0,3,4800,1,5,4 BHK Apartment ,10,Hadapsar,31000000,6458
0,3,0,1,1,0,3,1129,2,2,2 BHK Apartment ,4,Hadapsar,5400000,4782
0,2,2,1,1,0,3,1370,1,3,3 BHK Apartment ,7,Bavdhan,9900000,7226
0,3,0,1,1,0,1,1150,1,2,2 BHK Apartment ,11,Kharadi,7000000,6086
0,3,0,1,1,0,6,950,2,2,2 BHK Apartment ,2,Hadapsar,4300000,4526
0,3,0,1,1,0,5,1576,2,3,3 BHK Apartment ,4,Hadapsar,9800000,6218
0,3,0,1,1,0,6,430,2,1,1 BHK Apartment ,3,Sasane Nagar,2000000,4651
0,3,0,1,1,0,6,1358,3,3,3 BHK Apartment ,5,Hadapsar,7000000,5154
0,3,0,1,1,0,5,1588,2,3,3 BHK Apartment ,5,Kharadi,8400000,5289
0,3,1,1,1,1,1,1855,2,4,3 BHK Apartment ,7,Kharadi,13800000,7439
0,3,0,1,1,0,6,617,2,1,1 BHK Apartment ,1,Hadapsar,2450000,3970
0,3,0,1,1,0,1,1020,2,2,2 BHK Apartment ,7,Mundhwa,5900000,5784
0,3,0,1,1,0,6,1442,1,2,3 BHK Apartment ,5,Hadapsar,12000000,8321
0,3,0,1,1,0,7,800,2,2,2 BHK Apartment ,3,Hadapsar,3500000,4375
0,3,0,1,1,0,14,575,1,1,1 BHK Apartment ,3,Hadapsar,3300000,5739
0,3,0,1,1,0,5,1720,3,2,3 BHK Apartment ,4,Kharadi,10300000,5988
0,3,2,1,1,1,9,596,1,1,1 BHK Apartment ,3,Hadapsar,3200000,5369
0,3,0,1,1,0,6,1628,2,3,3 BHK Apartment ,11,Kharadi,12000000,7371
0,3,0,1,1,0,5,1700,3,2,3 BHK Apartment ,10,Kalyani Nagar,14500000,8529
0,3,0,1,1,0,5,1420,2,2,3 BHK Apartment ,4,Handewadi,6000000,4225
0,3,2,0,1,1,6,866,2,2,2 BHK Apartment ,1,Undri,5200000,6004
0,3,1,1,1,0,3,2070,2,4,3 BHK Apartment ,2,Kharadi,13500000,6521
0,3,0,1,1,0,6,1678,2,3,3 BHK Apartment ,9,Kharadi,11500000,6853
0,3,0,1,1,0,3,314,2,1,1 BHK Apartment ,2,Sasane Nagar,1600000,5095
0,3,2,1,1,0,4,1452,1,3,3 BHK Apartment ,3,Hadapsar,7000000,4820
0,3,0,0,0,0,9,578,1,1,1 BHK Apartment ,1,Tingre Nagar,2850000,4930
0,3,0,1,1,0,7,630,1,1,1 BHK Apartment ,1,Dhanori,3349710,5317
0,3,1,1,1,0,9,595,1,1,1 BHK Apartment ,3,Hadapsar,3200000,5378
0,3,0,1,1,0,16,610,1,1,1 BHK Apartment ,3,Hadapsar,2700000,4426
1,3,3,0,0,0,3,1200,2,2,2 BHK Apartment ,1,Hadapsar,5500000,4583
0,3,0,1,1,0,2,630,1,1,1 BHK Apartment ,3,Manjari,3500000,5555
0,3,0,1,1,0,6,2200,3,3,3 BHK Apartment ,4,Hadapsar,15000000,6818
0,3,0,1,1,0,4,1023,1,2,2 BHK Apartment ,2,Hadapsar,6000000,5865
0,3,1,1,1,1,4,575,1,1,1 BHK Apartment ,3,Sasane Nagar,3000000,5217
0,3,0,1,1,0,4,500,1,1,1 BHK Apartment ,1,Hadapsar,3500000,7000
0,3,0,1,1,0,3,640,2,1,1 BHK Apartment ,3,Dhanori,3100000,4843
0,3,1,1,1,0,5,1300,2,3,3 BHK Apartment ,5,Hadapsar,7700000,5923
0,3,0,1,1,0,16,670,1,1,1 BHK Apartment ,3,Hadapsar,2700000,4029
0,3,0,1,1,0,7,632,1,1,1 BHK Apartment ,1,Dhanori,3300000,5221
0,3,0,1,1,0,7,683,2,1,1 BHK Apartment ,9,Hadapsar,3000000,4392
0,3,0,1,1,0,6,950,2,2,2 BHK Apartment ,2,Manjari,5200000,5473
0,3,0,0,1,0,4,830,2,2,2 BHK Apartment ,4,Hadapsar,4800000,5783
0,3,0,1,1,0,8,600,1,1,1 BHK Apartment ,6,Sasane Nagar,2650000,4416
0,2,0,1,1,0,5,1362,2,3,3 BHK Apartment ,8,Kharadi,8555555,6281
0,2,0,1,1,1,4,1125,1,2,2 BHK Apartment ,2,Viman Nagar,12000000,10666
0,3,1,1,1,0,11,1350,2,3,3 BHK Apartment ,9,Kalyani Nagar,10000000,7407
0,3,0,0,0,0,3,425,2,1,1 BHK Apartment ,5,Kharadi,5200000,12235
1,3,3,0,1,0,2,1070,1,2,2 BHK Apartment ,2,Pashan,8900000,8317
0,2,0,1,1,0,3,1500,2,3,3 BHK Apartment ,2,Bavdhan,12000000,8000
1,3,3,1,1,0,0,820,2,2,2 BHK Apartment ,3,Wagholi,4400000,5365
0,2,0,1,1,0,3,1231,2,2,2 BHK Apartment ,9,NIBM Annex Mohammadwadi,8900000,7229
0,3,0,1,1,0,3,1200,2,2,2 BHK Apartment ,1,Wagholi,4900000,4083
0,3,0,1,1,0,1,544,1,2,2 BHK Apartment ,3,Hinjewadi,2100000,3860
0,3,0,1,1,0,2,1175,2,2,2 BHK Apartment ,4,Wagholi,5950000,5063
0,3,0,1,1,0,2,1810,2,2,2 BHK Apartment ,0,Viman Nagar,13600000,7513
1,3,3,0,0,0,6,2125,2,3,3 BHK Apartment ,4,Kalyani Nagar,30000000,14117
1,3,3,1,1,0,6,2060,2,4,4 BHK Apartment ,0,Viman Nagar,18000000,8737
0,3,1,0,1,0,11,1930,2,3,3 BHK Apartment ,5,Sangamvadi,26000000,13471
0,3,0,1,1,0,2,1400,2,2,2 BHK Apartment ,4,Kharadi,10000000,7142
0,3,2,1,1,0,2,2650,2,4,4 BHK Apartment ,3,Koregaon Park,39000000,14716
0,3,0,0,0,0,6,1300,2,3,3 BHK Apartment ,4,Koregaon Park,17000000,13076
0,3,1,1,1,0,11,1600,2,3,3 BHK Apartment ,5,Mundhwa,11600000,7250
1,3,3,1,1,0,11,1183,2,2,2 BHK Apartment ,2,Kharadi,5910100,4996
0,3,0,1,1,0,11,2000,2,3,3 BHK Apartment ,8,Kalyani Nagar,14000000,7000
0,3,0,1,1,0,11,965,2,2,2 BHK Apartment ,2,Koregaon Park,9000000,9326
0,3,1,1,1,1,5,1271,1,3,3 BHK Apartment ,8,Kondhwa,8999999,7081
0,3,0,1,1,0,4,1145,3,2,2 BHK Apartment ,6,Wagholi,5575000,4868
0,0,0,1,1,0,1,1115,1,2,2 BHK Apartment ,3,Hadapsar,7900000,7085
0,3,1,1,1,0,6,1200,2,2,3 BHK Apartment ,5,Undri,5300000,4416
0,2,2,1,1,0,3,907,1,2,2 BHK Apartment ,7,Wagholi,4200000,4630
0,2,0,1,1,0,8,1000,1,2,2 BHK Apartment ,6,Mundhwa,6800000,6800
0,3,1,1,1,0,1,1312,3,2,3 BHK Apartment ,7,Undri,7500000,5716
0,3,1,1,1,0,4,1604,2,3,3 BHK Apartment ,4,Undri,9850000,6140
0,3,1,1,1,0,5,1089,3,2,2 BHK Apartment ,5,Baner,7000000,6427
0,3,0,1,1,0,3,1205,1,2,2 BHK Apartment ,9,Hinjewadi,6200000,5145
0,3,1,1,1,0,5,600,1,2,1 BHK Apartment ,5,Tingre Nagar,5500000,9166
0,2,0,0,1,0,10,600,1,1,1 BHK Apartment ,3,Mundhwa,3000000,5000
0,3,0,1,1,0,6,900,1,2,2 BHK Apartment ,3,Kondhwa,4600000,5111
0,2,1,1,1,0,7,560,2,1,1 BHK Apartment ,3,Aundh,5100000,9107
0,2,1,0,0,0,12,2000,2,3,3 BHK Apartment ,5,Kondhwa,10000000,5000
1,3,3,0,1,0,1,866,2,2,2 BHK Apartment ,4,Hinjewadi,4800000,5542
1,3,3,1,1,0,2,1086,1,2,2 BHK Apartment ,11,Wakad,6500000,5985
0,3,0,1,1,0,11,1180,2,3,3 BHK Apartment ,2,Kalyani Nagar,7800000,6610
0,3,0,1,1,0,11,1140,2,2,2 BHK Apartment ,7,Kharadi,7000000,6140
0,3,0,0,0,0,11,1300,2,2,3 BHK Apartment ,4,Koregaon Park,12500000,9615
0,3,2,1,1,0,11,1500,2,3,3 BHK Apartment ,2,Viman Nagar,10000000,6667
0,3,0,1,1,0,11,1265,2,2,2 BHK Apartment ,4,Viman Nagar,8800000,6957
0,3,1,1,1,0,7,1500,2,3,3 BHK Apartment ,3,Kondhwa,8400000,5600
0,3,0,1,1,0,0,1060,3,2,2 BHK Apartment ,3,Wagholi,5000000,4716
0,3,0,1,1,0,3,784,2,2,1 BHK Apartment ,4,Kondhwa,3400000,4336
0,3,1,1,1,1,4,980,2,2,2 BHK Apartment ,3,Balewadi,7000000,7142
0,3,0,0,0,0,21,1250,2,1,1 BHK Apartment ,4,Viman Nagar,3500000,2800
0,2,0,1,1,0,9,1200,2,2,2 BHK Apartment ,1,Hadapsar,5000000,4166
0,3,1,1,1,1,4,1064,3,2,2 BHK Apartment ,5,Sasane Nagar,6000000,5639
0,3,0,1,1,0,4,741,2,1,1 BHK Apartment ,2,Wagholi,2400000,3238
0,3,1,1,1,0,12,500,2,1,1 BHK Apartment ,2,Hadapsar,2000000,4000
0,3,1,1,1,0,10,610,1,1,1 BHK Apartment ,3,Wakad,3599000,5900
0,3,1,1,1,0,2,1979,2,3,3 BHK Apartment ,2,Kharadi,16000000,8084
0,3,1,1,1,1,6,1600,2,3,3 BHK Apartment ,8,Kharadi,9200000,5750
1,3,3,1,1,1,1,1225,2,2,2 BHK Apartment ,1,Hinjewadi,6282600,5128
0,3,1,1,1,0,7,1100,2,2,2 BHK Apartment ,6,Pimple Saudagar,8100000,7363
0,3,0,1,1,0,8,630,2,1,1 BHK Apartment ,6,Wakad,4500000,7142
0,3,1,1,1,0,8,1255,3,3,3 BHK Apartment ,7,Hinjewadi,8500000,6772
0,3,1,1,1,0,13,1250,3,2,4 BHK Apartment ,2,Tingre Nagar,8000000,6400
0,3,2,0,1,1,1,1210,2,2,2 BHK Apartment ,6,NIBM Annex Mohammadwadi,7500000,6198
0,3,2,0,0,1,1,4550,2,4,4 BHK Apartment ,7,Boat Club Road,77000000,16923
0,3,0,1,1,0,3,888,2,2,2 BHK Apartment ,3,Handewadi,3400000,3828
0,3,0,0,0,0,11,780,2,2,2 BHK Apartment ,3,Yerawada,4500000,5769
0,3,2,1,1,0,11,550,2,1,1 BHK Apartment ,2,Kalyani Nagar,4000000,7273
0,3,2,1,1,0,9,1815,2,3,3 BHK Apartment ,7,Mundhwa,20000000,11019
0,3,0,1,1,0,10,1650,2,3,3 BHK Apartment ,8,Wadgaon Sheri,12500000,7575
0,3,0,1,1,0,6,836,2,2,2 BHK Apartment ,3,Lohegaon,3900000,4665
0,3,0,0,1,0,6,638,1,1,1 BHK Apartment ,3,Kharadi,4400000,6896
0,3,1,1,1,0,6,790,2,2,2 BHK Apartment ,2,Wagholi,3900000,4936
0,3,0,1,1,0,11,1000,2,2,2 BHK Apartment ,4,Viman Nagar,7500000,7500
0,3,1,1,1,0,11,1050,2,2,2 BHK Apartment ,5,Kharadi,5511000,5248
0,3,0,1,1,0,11,1902,2,3,3 BHK Apartment ,4,Viman Nagar,10500000,5520
0,3,0,1,1,0,11,2288,2,3,3 BHK Apartment ,0,Viman Nagar,11000000,4807
0,3,2,1,1,0,11,1780,2,3,3 BHK Apartment ,3,Koregaon Park,16000000,8988
0,3,0,1,1,0,11,610,2,1,1 BHK Apartment ,4,Viman Nagar,4000000,6557
0,3,1,1,1,0,11,850,2,2,2 BHK Apartment ,4,Kalyani Nagar,7300000,8588
0,3,0,1,1,0,2,1335,2,2,2 BHK Apartment ,3,Kharadi,8500000,6367
0,3,2,0,1,0,11,3500,2,5,5 BHK Villa ,0,Viman Nagar,45000000,12857
1,0,3,1,1,0,3,622,2,1,1 BHK Apartment ,2,Kharadi,3650000,5868
0,2,0,1,1,0,21,1450,2,3,3 BHK Apartment ,2,Bund Garden,18000000,12413
0,3,2,0,1,0,6,3050,2,5,5 BHK Villa ,0,Koregaon Park,60000000,19672
0,3,0,0,1,0,16,1000,2,2,2 BHK Villa ,0,Wagholi,3800000,3800
0,3,0,1,1,0,3,4100,2,4,4 BHK Apartment ,8,Sangamvadi,74000000,18048
0,3,0,1,1,0,11,1680,2,2,2 BHK Apartment ,4,Koregaon Park,12500000,7440
0,3,0,1,1,0,3,1280,2,2,2 BHK Apartment ,1,Yerawada,11000000,8593
0,3,0,1,1,0,3,2100,2,4,4 BHK Apartment ,6,Koregaon Park,24000000,11428
0,3,0,1,1,0,3,1800,2,3,3 BHK Apartment ,3,Wagholi,7800000,4333
0,3,0,1,1,0,3,2535,2,4,4 BHK Apartment ,0,Wagholi,11500000,4536
0,3,1,0,1,0,6,1150,2,2,2 BHK Apartment ,1,Kharadi,6700000,5826
1,3,3,1,1,0,2,3500,2,4,4 BHK Apartment ,4,Kalyani Nagar,43750000,12500
0,3,1,0,1,0,16,1400,2,3,3 BHK Apartment ,0,Koregaon Park,13000000,9285
0,3,1,0,0,0,11,1538,2,2,2 BHK Villa ,0,Kharadi,6000000,3901
0,3,0,1,0,0,6,671,2,1,1 BHK Apartment ,2,Wagholi,2850000,4247
0,3,0,1,0,0,6,671,2,1,1 BHK Apartment ,2,Wagholi,2850000,4247
0,3,2,0,1,0,11,4000,2,5,5 BHK Apartment ,2,Koregaon Park,42000000,10500
0,3,0,1,1,0,2,1350,2,2,2 BHK Apartment ,4,Kharadi,8700000,6444
0,3,0,1,1,0,11,720,2,1,1 BHK Apartment ,2,Viman Nagar,5300000,7361
0,3,0,1,1,0,11,1090,2,2,2 BHK Apartment ,2,Koregaon Park,14000000,12844
0,3,0,1,1,0,11,1950,2,3,3 BHK Apartment ,3,Koregaon Park,20000000,10256
0,3,0,1,1,0,6,815,2,2,2 BHK Apartment ,2,Wagholi,3800000,4662
0,3,1,1,1,0,11,1300,2,3,3 BHK Apartment ,4,Kharadi,8000000,6153
0,3,0,1,1,0,11,1550,2,3,3 BHK Apartment ,4,Viman Nagar,9500000,6129
0,3,0,1,1,0,11,2400,2,4,4 BHK Apartment ,2,Koregaon Park,22500000,9375
0,3,2,1,1,0,11,4400,2,4,4 BHK Apartment ,9,Kalyani Nagar,55000000,12500
0,3,0,1,1,0,2,1185,2,2,2 BHK Apartment ,6,Koregaon Park,14000000,11814
0,3,1,0,1,0,11,1830,2,3,3 BHK Villa ,0,Koregaon Park,22000000,12021
0,3,1,1,1,0,11,4335,2,4,4 BHK Apartment ,2,Sangamvadi,90000000,20761
0,3,1,1,1,0,16,2680,2,4,4 BHK Apartment ,6,Koregaon Park,28500000,10634
0,3,1,1,1,0,6,4100,2,4,4 BHK Apartment ,4,Sangamvadi,65000000,15853
0,3,1,0,1,0,16,3900,2,5,4 BHK Villa ,0,Kalyani Nagar,62500000,16025
0,3,0,1,1,0,6,960,2,2,2 BHK Apartment ,6,Wagholi,3999360,4166
0,3,0,1,1,0,6,900,2,2,2 BHK Apartment ,2,Wagholi,4500000,5000
1,3,3,1,1,0,2,700,2,2,2 BHK Apartment ,0,Kharadi,3605000,5150
0,3,0,1,1,0,3,775,2,2,2 BHK Apartment ,2,Viman Nagar,5600000,7225
0,3,1,1,1,0,3,3300,2,3,3 BHK Apartment ,4,Hadapsar,32500000,9848
0,3,0,1,1,0,6,3400,2,4,4 BHK Apartment ,7,Hadapsar,36500000,10735
0,3,0,1,1,0,11,650,2,1,1 BHK Apartment ,2,Yerawada,5200000,8000
0,3,0,1,1,0,11,3887,2,4,4 BHK Apartment ,1,Koregaon Park,47300000,12168
0,3,1,0,1,0,16,1385,2,2,2 BHK Villa ,0,Kalyani Nagar,16000000,11552
0,3,0,1,1,0,3,2800,2,3,3 BHK Apartment ,3,Hadapsar,35000000,12500
0,3,0,1,1,0,3,4700,2,4,4 BHK Apartment ,4,Hadapsar,43200000,9191
0,3,0,1,1,0,6,1180,2,2,2 BHK Apartment ,10,Koregaon Park,12500000,10593
0,2,0,0,1,0,11,1720,2,3,3 BHK Villa ,0,Kharadi,12800000,7441
0,2,1,1,1,0,11,1250,2,2,2 BHK Apartment ,5,Kalyani Nagar,16000000,12800
0,3,0,1,1,0,6,2300,2,4,4 BHK Apartment ,6,Viman Nagar,16000000,6956
0,3,0,1,0,0,16,500,2,1,1 BHK Apartment ,1,Koregaon Park,6000000,12000
0,3,2,0,0,0,11,565,2,1,1 BHK Apartment ,2,Koregaon Park,4500000,7964
0,3,0,0,0,0,10,3000,3,3,3 BHK Apartment ,7,Boat Club Road,34000000,11333
0,3,0,0,1,0,11,1300,2,2,2 BHK Villa ,0,Wagholi,7600000,5846
0,3,0,1,0,0,11,649,2,1,1 BHK Apartment ,3,Kharadi,4000000,6163
0,3,0,0,0,0,3,750,2,2,2 BHK Villa ,0,Kharadi,8500000,11333
0,3,0,1,0,0,11,1087,2,2,2 BHK Apartment ,1,Koregaon Park,13500000,12419
0,3,1,1,1,0,3,1700,2,3,3 BHK Apartment ,5,Kalyani Nagar,19000000,11176
0,3,0,1,0,0,3,4285,2,4,4 BHK Villa ,0,Wagholi,25000000,5834
0,3,0,1,0,0,3,3100,2,4,4 BHK Villa ,0,Wagholi,15500000,5000
0,3,2,1,0,0,11,2820,2,4,4 BHK Villa ,0,Koregaon Park,42500000,15070
0,3,1,1,0,0,11,3707,2,4,4 BHK Villa ,0,Kharadi,37500000,10115
0,3,2,1,1,0,11,3000,2,4,4 BHK Villa ,0,Koregaon Park,43000000,14333
1,3,3,1,0,0,3,4000,2,4,4 BHK Villa ,0,Kalyani Nagar,60000000,15000
0,3,0,1,0,0,2,3200,2,4,4 BHK Villa ,0,Viman Nagar,43000000,13437
0,3,1,1,1,0,2,2070,2,3,3 BHK Apartment ,10,Kharadi,12400000,5990
0,3,2,0,1,0,6,3800,2,5,5 BHK Villa ,0,Viman Nagar,42500000,11184
0,2,2,1,1,0,16,2625,2,4,3 BHK Apartment ,0,Koregaon Park,32500000,12380
0,3,1,1,1,0,11,1150,2,2,2 BHK Apartment ,5,Shastri Nagar,11099800,9652
0,3,0,0,1,0,3,1150,2,2,2 BHK Apartment ,4,Bund Garden,12000000,10434
0,3,0,1,1,0,11,636,2,1,1 BHK Apartment ,4,Viman Nagar,5500000,8647
0,3,0,0,0,0,3,1100,2,2,2 BHK Apartment ,6,Kharadi,6400000,5818
0,3,0,1,0,0,3,3200,2,3,3 BHK Villa ,0,Wagholi,14600000,4562
0,3,0,1,0,0,3,1350,2,3,3 BHK Villa ,0,Kalyani Nagar,15000000,11111
0,3,1,1,1,0,3,4200,2,4,4 BHK Apartment ,6,Hadapsar,32500000,7738
0,3,0,1,1,0,6,1800,2,3,3 BHK Apartment ,3,Wadgaon Sheri,18400000,10222
0,3,0,1,1,0,11,3200,2,4,4 BHK Apartment ,9,Kalyani Nagar,25000000,7812
0,3,0,1,1,0,11,1850,2,4,4 BHK Apartment ,4,Viman Nagar,22000000,11891
0,3,0,1,1,0,3,4200,2,4,4 BHK Apartment ,6,Hadapsar,32500000,7738
0,3,0,1,1,0,3,7500,2,4,5 BHK Apartment ,10,Koregaon Park,160000000,21333
0,3,0,1,0,0,11,4000,2,4,4 BHK Apartment ,3,Koregaon Park,60000000,15000
0,3,0,1,1,0,3,2310,2,3,3 BHK Apartment ,4,Viman Nagar,19800000,8571
0,3,2,1,1,0,11,2150,2,3,3 BHK Apartment ,5,Kalyani Nagar,29400000,13674
0,3,0,1,1,0,11,2281,2,4,4 BHK Apartment ,1,Kalyani Nagar,26000000,11398
0,3,0,1,1,0,2,1745,2,3,3 BHK Apartment ,9,Kharadi,10500000,6017
0,3,0,1,1,0,2,1335,2,2,2 BHK Apartment ,6,Kharadi,8600000,6441
0,3,2,1,1,0,3,4000,2,4,4 BHK Apartment ,4,Sangamvadi,80000000,20000
0,3,0,1,1,0,3,5550,2,4,4 BHK Apartment ,12,Sangamvadi,125000000,22522
0,3,0,1,1,0,3,7600,2,7,5 BHK Apartment ,0,Koregaon Park,130000000,17105
0,3,0,0,0,0,3,2200,2,4,4 BHK Villa ,0,Koregaon Park,35000000,15909
0,3,0,1,0,0,11,740,2,2,2 BHK Apartment ,2,Wagholi,3000000,4054
0,3,0,1,0,0,11,900,2,1,1 BHK Apartment ,2,Viman Nagar,5300000,5888
0,3,1,1,0,0,11,1185,2,2,2 BHK Apartment ,4,Kalyani Nagar,8500000,7172
0,3,1,1,0,0,11,815,2,2,2 BHK Apartment ,1,Wagholi,5500000,6748
0,3,0,1,0,0,11,577,2,1,1 BHK Apartment ,1,Viman Nagar,3800000,6585
0,3,2,1,1,0,11,1100,2,2,2 BHK Apartment ,2,Koregaon Park,9499600,8636
0,3,2,1,1,0,6,1480,2,3,3 BHK Apartment ,2,Bund Garden,12300000,8310
0,3,0,0,1,0,6,3707,2,3,3 BHK Villa ,0,Kharadi,11000000,2967
0,3,1,0,1,0,21,2800,2,4,4 BHK Villa ,0,Koregaon Park,50000000,17857
0,3,1,1,1,0,11,1224,2,2,2 BHK Apartment ,9,Kalyani Nagar,12000000,9803
0,3,0,1,1,0,11,2120,2,4,4 BHK Apartment ,3,Viman Nagar,15000000,7075
0,3,1,0,1,0,11,2300,2,3,3 BHK Villa ,0,Viman Nagar,16000000,6956
0,3,0,1,1,0,6,1000,2,2,2 BHK Apartment ,2,Viman Nagar,7400000,7400
0,3,0,1,1,0,11,530,2,1,1 BHK Apartment ,3,Kalyani Nagar,6000000,11320
0,2,0,1,1,0,8,965,1,2,2 BHK Apartment ,5,Kalyani Nagar,7850000,8134
0,3,0,1,1,0,2,1217,2,2,2 BHK Apartment ,4,Kalyani Nagar,8500000,6984
0,3,0,1,1,0,21,1225,2,3,3 BHK Apartment ,2,Bund Garden,19000000,15510
0,3,0,1,0,0,11,575,1,2,1 BHK Apartment ,4,Koregaon Park,5000000,8695
0,3,0,1,0,0,13,965,2,2,2 BHK Apartment ,2,Koregaon Park,6800000,7046
0,3,0,1,0,0,13,1085,2,2,2 BHK Apartment ,7,Koregaon Park,9000000,8294
0,3,0,0,1,0,11,1200,2,2,2 BHK Villa ,0,Viman Nagar,9500000,7916
0,3,0,1,1,0,6,850,2,2,2 BHK Apartment ,2,Kharadi,4699650,5529
0,3,1,1,0,0,6,1180,2,2,2 BHK Apartment ,4,Koregaon Park,12500000,10593
1,3,3,1,1,0,11,1850,2,3,3 BHK Apartment ,6,Koregaon Park,22500000,12162
0,3,0,1,1,0,11,900,2,2,2 BHK Apartment ,2,Viman Nagar,7400000,8222
0,3,1,1,1,0,6,1680,2,3,3 BHK Apartment ,7,Kharadi,14000000,8333
0,3,0,1,1,0,6,812,2,2,2 BHK Apartment ,2,Kharadi,5499676,6773
0,3,0,1,1,0,6,1576,2,3,3 BHK Apartment ,4,Kharadi,9299976,5901
0,3,2,0,0,0,11,2800,2,4,4 BHK Villa ,0,Koregaon Park,60000000,21428
0,3,1,1,0,0,11,618,2,1,1 BHK Apartment ,4,Kharadi,3500000,5663
0,3,0,1,0,0,11,900,2,2,2 BHK Apartment ,3,Kharadi,4500000,5000
0,3,0,0,1,0,2,3300,2,3,3 BHK Villa ,0,Wagholi,13500000,4090
0,3,1,1,1,0,11,3800,2,4,4 BHK Apartment ,3,Sangamvadi,60000000,15789
0,3,1,1,1,0,11,1175,2,2,2 BHK Apartment ,5,Kalyani Nagar,14900000,12680
0,3,0,1,1,0,2,2100,2,4,4 BHK Apartment ,4,Koregaon Park,23000000,10952
0,3,0,0,1,0,6,740,2,2,2 BHK Apartment ,4,Wagholi,3000000,4054
0,3,0,1,1,0,10,2350,3,3,3 BHK Apartment ,1,Kalyani Nagar,38000000,16170
0,3,1,0,0,0,20,550,1,1,1 BHK Apartment ,4,Bund Garden,7000000,12727
0,3,0,0,1,0,5,2500,3,4,4 BHK Apartment ,4,Wagholi,11000000,4400
0,3,1,1,1,1,3,1100,3,2,2 BHK Apartment ,7,Hinjewadi,7000000,6363
0,3,0,0,0,0,1,1105,1,2,2 BHK Apartment ,3,Wanowrie,6900000,6244
0,3,1,0,0,1,17,820,1,1,2 BHK Apartment ,5,Bibwewadi,6700000,8170
0,3,0,0,1,0,7,1306,2,2,2 BHK Apartment ,8,Boat Club Road,26000000,19908
0,3,0,0,0,0,10,1950,2,3,3 BHK Apartment ,3,Boat Club Road,8500000,4358
0,3,0,0,0,0,5,550,1,1,1 BHK Apartment ,5,Bund Garden,6600000,12000
0,2,1,0,0,0,8,1000,2,2,2 BHK Apartment ,2,Wadgaon Sheri,5900000,5900
0,3,0,1,1,0,3,604,2,1,1 BHK Apartment ,2,Wagholi,3000000,4966
0,3,0,0,0,0,11,1215,2,2,2 BHK Apartment ,3,Koregaon Park,12000000,9876
0,3,0,0,0,0,11,2400,2,4,4 BHK Villa ,0,Wagholi,4500000,1875
0,3,1,0,0,0,11,1600,2,4,4 BHK Villa ,0,Viman Nagar,17500000,10937
0,3,0,0,1,0,16,1200,2,2,2 BHK Villa ,0,Kharadi,9000000,7500
0,3,1,1,1,0,11,2000,2,3,3 BHK Apartment ,5,Kalyani Nagar,21500000,10750
0,3,0,1,1,0,2,1645,2,3,3 BHK Apartment ,1,Wagholi,7000000,4255
0,2,0,1,1,0,16,1280,2,2,2 BHK Apartment ,1,Kalyani Nagar,10500000,8203
0,3,2,1,1,1,10,1789,2,3,3 BHK Apartment ,4,Wadgaon Sheri,17000000,9502
0,3,2,1,0,0,6,1000,2,2,2 BHK Apartment ,2,Wagholi,4300000,4300
0,3,0,1,1,0,11,1025,2,2,2 BHK Apartment ,2,Viman Nagar,5500000,5366
0,3,0,1,0,0,11,600,2,1,1 BHK Apartment ,3,Viman Nagar,3500000,5833
0,3,0,1,1,0,11,2350,2,3,3 BHK Apartment ,2,Sangamvadi,25000000,10638
0,3,1,0,0,0,11,1600,2,4,4 BHK Villa ,0,Viman Nagar,17500000,10938
0,3,0,1,0,0,6,1210,2,2,2 BHK Apartment ,1,Viman Nagar,7000000,5785
0,3,1,1,0,0,16,930,2,2,2 BHK Apartment ,2,Viman Nagar,6500000,6989
0,3,0,1,0,0,6,1075,2,2,2 BHK Apartment ,2,Kharadi,3800000,3535
0,3,2,0,1,0,11,830,2,2,2 BHK Apartment ,2,Koregaon Park,6000000,7229
0,3,2,1,1,0,11,700,2,2,2 BHK Apartment ,2,Koregaon Park,6100000,8714
0,3,0,1,0,0,11,750,2,2,2 BHK Apartment ,3,Viman Nagar,4800000,6400
0,3,1,1,1,0,11,1950,2,4,5 BHK Apartment ,0,Yerawada,22500000,11538
0,3,0,1,0,0,11,2000,2,3,3 BHK Villa ,0,Kalyani Nagar,33000000,16500
0,3,0,0,1,0,11,3500,2,3,3 BHK Villa ,0,Viman Nagar,19500000,5571
0,3,0,0,1,0,10,1650,2,3,3 BHK Apartment ,4,Viman Nagar,12000000,7272
0,3,0,0,1,0,0,610,2,1,1 BHK Apartment ,3,Kharadi,3100000,5081
0,3,0,0,1,0,0,500,2,1,1 BHK Apartment ,2,Kharadi,3000000,6000
0,3,0,0,1,0,0,625,2,1,1 BHK Apartment ,1,Kharadi,3900000,6240
0,3,0,0,1,0,0,621,2,1,1 BHK Apartment ,2,Kharadi,3500000,5636
0,3,0,1,1,0,11,800,2,2,2 BHK Apartment ,5,Kharadi,4500000,5625
0,3,0,1,1,0,11,1300,2,3,3 BHK Apartment ,3,Koregaon Park,9500000,7307
0,3,1,0,0,0,11,1600,2,4,4 BHK Villa ,0,Viman Nagar,17500000,10937
0,3,0,1,1,0,16,3200,2,3,4 BHK Apartment ,2,Koregaon Park,50000000,15625
0,3,0,1,0,0,11,1100,2,2,2 BHK Apartment ,3,Koregaon Park,5000000,4545
0,3,0,1,0,0,10,1040,2,2,2 BHK Apartment ,1,Shastri Nagar,9200000,8846
0,3,2,1,0,0,11,4500,2,4,4 BHK Apartment ,9,Kalyani Nagar,55000000,12222
0,3,0,1,1,0,11,950,2,2,2 BHK Apartment ,0,Viman Nagar,5800000,6105
0,2,1,1,1,0,10,950,1,2,2 BHK Apartment ,7,Pimple Saudagar,6100000,6421
0,3,1,1,1,0,5,1100,2,2,2 BHK Apartment ,2,Rahatani,7500000,6818
0,3,1,0,1,1,5,1000,2,2,2 BHK Apartment ,2,Aundh,6500000,6500
0,3,1,1,1,0,1,1021,2,2,2 BHK Apartment ,1,Pimple Saudagar,6000000,5876
0,3,1,0,0,0,5,921,2,2,2 BHK Apartment ,3,Handewadi,4000000,4343
0,3,0,0,0,0,10,525,2,2,1 BHK Apartment ,3,Bund Garden,6500000,12380
0,3,2,1,1,1,8,630,2,1,1 BHK Apartment ,5,Wakad,4500000,7142
0,3,1,1,1,1,11,629,1,2,2 BHK Apartment ,7,Yerawada,5100000,8108
0,2,1,0,0,0,10,4000,2,4,4 BHK Apartment ,2,Sangamvadi,55000000,13750
0,3,0,0,0,0,5,2000,2,3,3 BHK Apartment ,2,Boat Club Road,25000000,12500
0,3,1,0,0,0,10,4850,1,4,4 BHK Apartment ,1,Boat Club Road,45000000,9278
0,3,0,1,1,0,4,1840,2,3,3 BHK Apartment ,2,Kalyani Nagar,12100000,6576
0,3,0,1,1,0,11,3000,2,4,2 BHK Apartment ,6,Kalyani Nagar,27500000,9166
0,2,0,1,1,0,16,3200,2,4,4 BHK Apartment ,6,Sangamvadi,46500000,14531
0,3,0,1,1,0,6,3500,2,4,4 BHK Apartment ,1,Hadapsar,28000000,8000
0,3,0,1,1,0,2,1965,2,3,3 BHK Apartment ,1,Viman Nagar,15700000,7989
0,2,0,0,1,0,6,1150,2,2,2 BHK Apartment ,6,Yerawada,8400000,7304
0,2,0,1,1,0,2,855,2,2,2 BHK Apartment ,1,Kharadi,5620000,6573
0,3,1,1,1,0,16,1760,2,3,3 BHK Apartment ,3,Yerawada,14080000,8000
0,3,0,0,1,0,11,2500,2,5,5 BHK Villa ,0,Wagholi,25000000,10000
0,3,2,0,1,0,16,1280,2,2,2 BHK Apartment ,2,Kalyani Nagar,8500000,6641
0,3,1,1,1,0,11,1235,2,2,2 BHK Apartment ,4,Koregaon Park,8000000,6478
0,3,0,1,1,0,11,965,2,2,2 BHK Apartment ,2,Koregaon Park,9500000,9845
0,3,0,1,1,0,11,2800,2,2,2 BHK Apartment ,0,Viman Nagar,13500000,4821
0,3,1,1,1,0,11,1000,2,2,2 BHK Apartment ,2,Kharadi,4700000,4700
0,3,0,1,1,0,11,1220,2,3,3 BHK Apartment ,2,Kharadi,5700000,4672
0,3,1,0,0,0,11,1000,2,2,2 BHK Apartment ,3,Viman Nagar,6500000,6500
0,3,0,1,0,0,11,1875,2,2,2 BHK Apartment ,2,Kalyani Nagar,14000000,7466
0,3,1,1,1,0,11,1000,2,2,2 BHK Apartment ,5,Viman Nagar,6500000,6500
0,3,0,1,1,0,11,1060,2,2,2 BHK Apartment ,3,Wagholi,4000000,3773
0,3,0,0,1,0,16,1450,2,3,3 BHK Apartment ,2,Viman Nagar,7500000,5172
0,3,0,0,1,0,0,800,2,2,2 BHK Apartment ,4,Kharadi,6000000,7500
0,3,0,0,1,0,0,580,2,1,1 BHK Apartment ,3,Kharadi,3100000,5344
0,3,2,1,1,0,11,1600,2,3,3 BHK Apartment ,1,Kalyani Nagar,13500000,8438
0,3,0,0,1,0,11,1800,2,4,4 BHK Villa ,0,Kalyani Nagar,25000000,13889
0,3,0,1,1,0,2,2036,2,3,3 BHK Apartment ,1,Kharadi,13900000,6827
0,3,0,1,0,0,11,1500,2,3,3 BHK Apartment ,3,Bund Garden,17500000,11666
0,3,0,1,0,0,3,7400,2,4,4 BHK Apartment ,5,Koregaon Park,111000000,15000
0,3,2,1,1,0,6,1735,2,3,3 BHK Apartment ,7,Kalyani Nagar,15000000,8645
0,3,0,1,1,0,11,1530,2,3,3 BHK Apartment ,4,Kalyani Nagar,13000000,8496
0,3,0,0,1,0,0,1500,1,3,3 BHK Apartment ,1,Viman Nagar,12000000,8000
0,3,1,1,0,0,11,840,2,2,2 BHK Apartment ,4,Viman Nagar,4700000,5595
0,3,0,1,1,0,11,1475,2,3,3 BHK Apartment ,3,Kalyani Nagar,15000000,10169
0,3,2,1,1,0,11,1100,2,2,2 BHK Apartment ,2,Kalyani Nagar,8000000,7273
0,3,0,1,1,0,6,1660,2,3,3 BHK Apartment ,5,Viman Nagar,12000000,7229
0,3,2,1,1,0,11,1270,2,3,3 BHK Apartment ,2,Kharadi,6300000,4961
0,3,0,0,1,0,16,1900,2,3,3 BHK Villa ,0,Viman Nagar,10000000,5263
0,3,1,1,1,0,11,1330,2,3,3 BHK Apartment ,3,Viman Nagar,7000000,5263
0,3,0,1,1,0,11,1300,2,3,3 BHK Apartment ,6,Kharadi,6500000,5000
0,3,0,1,1,0,11,1300,2,3,3 BHK Apartment ,6,Kharadi,6500000,5000
0,3,0,1,1,0,11,1000,2,2,2 BHK Apartment ,4,Sangamvadi,7000000,7000
0,3,0,1,1,0,11,1470,2,3,3 BHK Apartment ,5,Kharadi,7500000,5102
0,3,2,1,0,0,11,1100,2,2,2 BHK Apartment ,3,Kalyani Nagar,11500000,10455
0,3,0,1,1,0,11,1000,2,2,2 BHK Apartment ,7,Kalyani Nagar,8000000,8000
0,3,0,0,1,0,11,4100,2,4,4 BHK Apartment ,2,Koregaon Park,45000000,10975
0,3,2,1,1,0,11,1500,2,3,4 BHK Apartment ,3,Koregaon Park,19000000,12666
0,3,1,1,1,0,11,900,2,2,2 BHK Apartment ,3,Viman Nagar,6500000,7222
0,3,0,1,1,0,11,3200,2,3,3 BHK Apartment ,4,Koregaon Park,50000000,15625
0,3,2,1,1,0,11,3400,2,4,4 BHK Apartment ,9,Sangamvadi,47500000,13970
0,3,2,1,1,0,11,850,2,2,2 BHK Apartment ,1,Kharadi,5500000,6470
0,3,0,1,1,0,11,1500,2,3,3 BHK Apartment ,2,Viman Nagar,11000000,7333
0,3,0,0,1,0,0,1550,2,2,3 BHK Apartment ,10,Kalyani Nagar,12000000,7741
0,3,0,0,1,0,0,1365,3,3,3 BHK Apartment ,3,Kalyani Nagar,13000000,9523
0,3,0,1,1,0,11,1900,2,3,3 BHK Villa ,0,Viman Nagar,10000000,5263
0,3,0,1,1,0,11,1400,2,3,3 BHK Apartment ,3,Kalyani Nagar,10500000,7500
0,3,0,1,1,0,11,950,2,2,2 BHK Apartment ,1,Viman Nagar,6000000,6316
0,3,0,1,0,0,2,920,2,2,2 BHK Apartment ,2,Kharadi,4200000,4565
0,3,0,1,1,0,11,1240,2,2,2 BHK Apartment ,4,Kharadi,5300000,4274
0,3,1,1,1,0,11,2200,2,3,3 BHK Apartment ,3,Koregaon Park,18000000,8182
0,3,0,1,1,0,6,1800,2,3,3 BHK Apartment ,4,Koregaon Park,18000000,10000
0,3,2,1,1,0,3,4500,2,4,4 BHK Apartment ,10,Kalyani Nagar,55000000,12222
0,3,0,1,1,0,6,1200,2,2,2 BHK Apartment ,3,Koregaon Park,14000000,11667
0,3,1,1,1,0,11,2175,2,3,3 BHK Apartment ,6,Koregaon Park,20000000,9195
0,3,2,1,1,0,3,3000,2,3,3 BHK Apartment ,10,Kalyani Nagar,35000000,11667
0,3,0,1,1,0,11,1840,2,3,3 BHK Apartment ,2,Viman Nagar,10000000,5435
0,3,2,1,1,0,11,1000,2,2,2 BHK Apartment ,1,Viman Nagar,5000000,5000
0,3,0,1,1,0,11,1170,2,2,2 BHK Apartment ,3,Kalyani Nagar,8500000,7265
0,3,0,0,1,0,16,2900,2,3,3 BHK Villa ,0,Viman Nagar,14500000,5000
0,3,2,1,0,0,11,1650,2,3,3 BHK Apartment ,4,Koregaon Park,17000000,10303
0,3,2,1,1,0,11,3400,2,4,4 BHK Apartment ,11,Sangamvadi,47500000,13970
0,3,0,0,1,0,0,1550,1,3,3 BHK Apartment ,2,Boat Club Road,16700000,10774
0,3,0,1,1,0,11,1350,2,2,2 BHK Apartment ,5,Koregaon Park,8000000,5926
0,3,1,1,1,0,11,1300,2,2,3 BHK Apartment ,3,Koregaon Park,9200000,7077
0,3,2,0,1,0,11,2500,2,4,4 BHK Villa ,0,Viman Nagar,12500000,5000
0,3,0,0,1,0,9,750,1,1,1 BHK Apartment ,3,Kalyani Nagar,6800000,9066
0,3,0,0,1,0,0,700,1,1,1 BHK Apartment ,1,Viman Nagar,5500000,7857
0,3,0,0,1,0,0,700,1,1,1 BHK Apartment ,3,Viman Nagar,5500000,7857
0,3,0,0,1,0,0,1050,2,2,2 BHK Apartment ,5,Kalyani Nagar,8500000,8095
0,3,0,0,1,0,0,420,1,1,1 BHK Apartment ,2,Koregaon Park,6000000,14285
0,3,0,0,1,0,0,420,1,1,1 BHK Apartment ,3,Koregaon Park,7500000,17857
0,3,0,0,1,0,0,1400,2,2,2 BHK Apartment ,2,Kalyani Nagar,12500000,8928
0,3,0,1,1,0,11,650,2,1,1 BHK Apartment ,1,Koregaon Park,5800000,8923
0,3,0,1,1,0,11,830,2,2,2 BHK Apartment ,0,Kharadi,5100000,6145
0,3,0,1,1,0,11,1050,2,2,2 BHK Apartment ,3,Viman Nagar,5800000,5524
0,3,0,1,1,0,11,1495,2,3,3 BHK Apartment ,2,Kharadi,6800000,4548
0,3,0,1,1,0,11,700,2,1,1 BHK Apartment ,8,Wadgaon Sheri,4200000,6000
0,3,0,1,1,0,11,1190,2,2,2 BHK Apartment ,6,Kharadi,4600000,3866
0,3,0,0,1,0,0,1150,3,2,2 BHK Villa ,7,Kharadi,7800000,6782
0,3,0,0,1,0,0,1390,2,3,3 BHK Apartment ,5,Kharadi,7900000,5683
0,3,0,0,1,0,0,625,1,1,1 BHK Apartment ,2,Kharadi,3600000,5760
1,3,3,1,1,0,2,910,2,2,2 BHK Apartment ,6,Wagholi,3048500,3350
1,3,3,1,1,0,2,905,2,2,2 BHK Apartment ,2,Wagholi,3710500,4100
1,3,3,1,1,0,2,1700,2,4,4 BHK Apartment ,2,Viman Nagar,18400000,10823
1,3,3,1,1,0,2,1014,2,2,2 BHK Apartment ,11,Kalyani Nagar,8112000,8000
1,3,3,1,1,0,2,1368,2,4,3 BHK Apartment ,11,Kalyani Nagar,10944000,8000
0,3,0,1,1,0,11,1900,2,3,3 BHK Apartment ,10,Koregaon Park,22500000,11842
0,3,2,1,0,0,11,1760,2,3,3 BHK Apartment ,6,Kalyani Nagar,15500000,8806
0,3,0,1,0,0,3,7500,2,5,5 BHK Apartment ,9,Koregaon Park,100000000,13333
0,3,0,1,0,0,11,1200,2,3,3 BHK Apartment ,4,Shastri Nagar,10100000,8416
0,3,1,1,1,0,6,2500,2,5,5 BHK Apartment ,3,Koregaon Park,33332500,13333
0,3,0,1,0,0,3,4000,2,2,2 BHK Apartment ,3,Koregaon Park,66000000,16500
0,3,0,1,0,0,11,2800,2,4,4 BHK Apartment ,12,Koregaon Park,25000000,8928
0,3,0,1,1,0,11,3887,2,4,4 BHK Apartment ,10,Koregaon Park,49300000,12683
0,3,0,1,1,0,11,1448,2,3,3 BHK Apartment ,4,Kalyani Nagar,14500000,10013
0,3,0,1,1,0,3,1700,2,3,3 BHK Apartment ,9,Kharadi,11000000,6470
0,3,0,1,1,0,3,4100,2,4,4 BHK Apartment ,4,Sangamvadi,66000000,16097
0,3,1,1,1,0,11,1850,2,4,4 BHK Apartment ,7,Koregaon Park,22400000,12108
0,3,0,1,1,0,11,3000,2,3,3 BHK Apartment ,5,Kalyani Nagar,30200000,10066
0,3,0,1,1,0,3,2500,2,3,3 BHK Apartment ,2,Sangamvadi,32500000,13000
1,3,3,0,1,0,11,510,2,1,1 BHK Villa ,0,Kalyani Nagar,5000000,9803
1,3,3,1,1,0,11,1256,2,2,2 BHK Apartment ,1,Kalyani Nagar,13800000,10987
0,3,0,1,1,0,11,3200,2,4,4 BHK Villa ,0,Koregaon Park,52500000,16406
0,3,0,1,1,0,3,4000,2,4,4 BHK Villa ,0,Viman Nagar,42500000,10625
0,3,0,1,1,0,11,1160,2,2,2 BHK Villa ,0,Koregaon Park,15000000,12931
0,3,0,1,1,0,3,3000,2,3,3 BHK Villa ,0,Viman Nagar,18000000,6000
0,3,0,1,1,0,21,910,2,2,2 BHK Apartment ,1,Kalyani Nagar,5000000,5494
1,3,3,1,0,0,16,3000,2,4,4 BHK Villa ,0,Koregaon Park,45000000,15000
0,3,0,1,1,0,3,1800,2,3,3 BHK Apartment ,1,Kharadi,9000000,5000
0,3,0,1,0,0,3,2600,2,3,3 BHK Apartment ,6,Koregaon Park,28000000,10769
0,3,2,1,0,0,11,1490,2,3,3 BHK Apartment ,3,Wadgaon Sheri,10500000,7046
0,3,0,1,0,0,3,2600,2,3,3 BHK Villa ,0,Kharadi,18700000,7192
0,3,0,0,0,0,11,2008,2,3,3 BHK Villa ,0,Viman Nagar,15500000,7719
0,3,0,1,0,0,3,3200,2,5,5 BHK Villa ,0,Koregaon Park,40800000,12750
0,3,0,1,0,0,3,900,2,2,2 BHK Villa ,0,Koregaon Park,7200000,8000
0,3,0,0,0,0,6,4150,2,4,4 BHK Villa ,0,Kalyani Nagar,45000000,10843
0,3,0,0,0,0,11,2800,2,4,4 BHK Villa ,0,Viman Nagar,23000000,8214
0,3,0,0,0,0,11,2175,2,3,3 BHK Villa ,0,Koregaon Park,30000000,13793
0,3,0,1,1,0,3,1435,2,2,2 BHK Apartment ,3,Mundhwa,12000000,8362
0,3,0,1,1,0,11,1300,2,2,2 BHK Apartment ,2,Koregaon Park,9000000,6923
0,3,0,1,1,0,3,1220,2,2,2 BHK Apartment ,11,Wadgaon Sheri,10000000,8196
0,3,0,1,1,0,3,1755,2,3,3 BHK Apartment ,9,Wadgaon Sheri,15500000,8831
0,3,0,1,0,0,6,700,2,1,1 BHK Apartment ,5,Wagholi,3099000,4427
0,3,0,1,1,0,3,1700,2,2,3 BHK Apartment ,10,Koregaon Park,24000000,14117
0,3,0,1,0,0,11,730,2,2,2 BHK Apartment ,4,Bund Garden,6800000,9315
0,3,0,1,1,0,3,1700,2,3,3 BHK Apartment ,10,Koregaon Park,24000000,14117
0,3,0,1,0,0,11,2200,2,3,3 BHK Villa ,0,Shastri Nagar,13800000,6272
0,3,0,0,0,0,11,4500,2,4,4 BHK Villa ,0,Kalyani Nagar,75000000,16666
0,3,0,0,0,0,3,2200,2,4,4 BHK Villa ,0,Koregaon Park,35000000,15909
0,3,0,1,1,0,11,1935,2,3,3 BHK Apartment ,9,Kharadi,12500000,6459
0,3,2,1,1,0,11,1380,2,3,3 BHK Apartment ,4,Kalyani Nagar,15000000,10869
0,3,1,1,1,0,11,1425,2,2,3 BHK Apartment ,2,Koregaon Park,18000000,12631
0,3,0,1,1,0,11,1010,2,2,2 BHK Apartment ,3,Viman Nagar,6999300,6930
0,3,0,1,1,0,11,3200,2,3,3 BHK Apartment ,4,Koregaon Park,50000000,15625
1,3,3,1,1,0,2,1700,2,4,4 BHK Apartment ,5,Viman Nagar,19200000,11294
0,3,2,1,1,0,11,1900,2,3,3 BHK Apartment ,4,Kalyani Nagar,22500000,11842
0,3,0,1,1,0,11,3200,2,3,3 BHK Apartment ,2,Koregaon Park,50000000,15625
0,3,0,0,1,0,6,1000,2,2,2 BHK Villa ,0,Kharadi,5400000,5400
1,3,3,1,1,0,16,1470,2,3,3 BHK Apartment ,2,Koregaon Park,15200000,10340
0,3,0,1,0,0,6,1890,1,4,3 BHK Apartment ,1,Boat Club Road,25000000,13227
0,3,0,0,0,0,6,2412,3,3,3 BHK Apartment ,1,Koregaon Park,33000000,13681
0,3,0,0,1,0,11,1900,2,4,4 BHK Villa ,0,Wagholi,9000000,4736
0,3,0,1,1,0,11,940,2,2,2 BHK Apartment ,3,Yerawada,5500000,5851
0,3,0,0,1,0,11,1000,2,2,2 BHK Villa ,0,Kharadi,7500000,7500
0,3,0,1,1,0,6,1050,2,2,2 BHK Apartment ,3,Viman Nagar,5999700,5714
0,3,0,1,1,0,5,1000,2,2,2 BHK Apartment ,6,Wagholi,5000000,5000
0,3,0,0,1,0,2,1370,2,2,2 BHK Villa ,0,Viman Nagar,11000000,8029
0,3,0,0,1,0,2,3000,2,3,3 BHK Villa ,0,Wagholi,20000000,6666
0,3,2,1,1,0,6,3000,2,4,4 BHK Apartment ,5,Kalyani Nagar,60000000,20000
0,3,2,1,1,0,11,2520,2,4,4 BHK Apartment ,4,Kalyani Nagar,28000000,11111
0,3,2,1,1,0,16,1550,2,3,3 BHK Apartment ,3,Sangamvadi,26000000,16774
0,3,0,1,1,0,2,3660,2,4,4 BHK Apartment ,0,Kalyani Nagar,50500000,13797
1,3,3,0,1,0,11,550,2,1,1 BHK Apartment ,2,Viman Nagar,4000000,7272
0,3,0,1,1,0,11,650,2,1,1 BHK Apartment ,3,Viman Nagar,3700000,5692
0,2,0,0,1,0,11,3200,2,3,3 BHK Villa ,0,Kalyani Nagar,25000000,7812
0,3,0,0,1,0,6,4200,2,4,5 BHK Villa ,0,Koregaon Park,60000000,14285
0,3,0,0,1,0,11,2500,2,2,2 BHK Villa ,0,Wagholi,11000000,4400
0,3,0,1,1,0,6,746,2,2,2 BHK Apartment ,3,Wagholi,4000000,5361
0,3,1,1,1,0,6,900,2,2,2 BHK Apartment ,3,Wagholi,4500000,5000
0,3,0,1,1,0,11,535,2,1,1 BHK Apartment ,2,Yerawada,3800000,7102
0,3,0,1,1,0,6,600,2,1,1 BHK Apartment ,3,Wagholi,3199800,5333
0,3,2,1,1,0,11,660,2,1,1 BHK Apartment ,3,Koregaon Park,6499680,9848
0,3,0,0,1,0,6,1500,2,2,2 BHK Villa ,0,Wagholi,7500000,5000
0,3,0,1,1,0,11,1328,2,3,3 BHK Apartment ,8,Yerawada,10499168,7906
0,3,0,1,0,0,6,3118,3,5,4 BHK Apartment ,2,Koregaon Park,41000000,13149
0,3,0,1,1,0,3,3500,2,4,4 BHK Villa ,0,Kalyani Nagar,52500000,15000
0,3,0,1,1,0,6,2000,2,3,3 BHK Apartment ,0,Wagholi,10300000,5150
0,3,1,1,1,0,3,1900,2,3,3 BHK Apartment ,2,Sangamvadi,24500000,12894
0,3,1,1,1,0,11,2500,2,3,3 BHK Apartment ,3,Sangamvadi,40000000,16000
0,3,1,1,1,0,6,3150,2,4,4 BHK Apartment ,0,Sangamvadi,50000000,15873
0,3,0,1,1,0,11,4060,2,4,4 BHK Apartment ,6,Kalyani Nagar,77500000,19088
0,3,0,1,0,0,11,1750,2,4,3 BHK Apartment ,6,Koregaon Park,20000000,11428
0,3,0,1,0,0,6,6130,3,5,5 BHK Apartment ,3,Kalyani Nagar,85000000,13866
0,3,0,1,0,0,11,530,1,1,1 BHK Apartment ,3,Kalyani Nagar,7000000,13207
0,3,0,1,0,0,11,1750,2,4,3 BHK Apartment ,6,Koregaon Park,20000000,11428
0,3,0,1,0,0,6,4000,3,5,4 BHK Apartment ,6,Koregaon Park,50000000,12500
0,3,0,0,1,0,6,2143,2,3,3 BHK Apartment ,0,Hadapsar,13500000,6299
0,3,1,0,1,0,6,4000,2,4,4 BHK Villa ,0,Kharadi,33000000,8250
0,3,0,1,1,0,11,1576,2,3,3 BHK Apartment ,1,Wadgaon Sheri,11500000,7296
0,3,0,1,1,0,6,814,2,2,2 BHK Apartment ,5,Wagholi,4500000,5528
0,3,2,1,1,0,11,3887,2,4,4 BHK Apartment ,10,Koregaon Park,50000000,12863
0,3,1,0,1,0,11,4100,2,4,4 BHK Apartment ,3,Sangamvadi,55500000,13536
0,3,0,1,1,0,6,880,2,2,2 BHK Apartment ,3,Kharadi,6500000,7386
0,3,0,0,1,0,6,1160,1,2,2 BHK Apartment ,2,Viman Nagar,7800000,6724
0,3,2,1,0,0,11,1100,2,2,2 BHK Apartment ,3,Kalyani Nagar,11500000,10454
0,2,0,1,1,0,11,450,2,1,1 BHK Apartment ,4,Koregaon Park,7500000,16666
0,3,0,1,1,0,11,1600,2,2,2 BHK Apartment ,3,Kalyani Nagar,11000000,6875
0,2,1,1,1,0,11,1185,2,2,2 BHK Apartment ,7,Yerawada,9800000,8270
0,3,0,1,1,0,16,1850,2,3,3 BHK Apartment ,5,Kalyani Nagar,23000000,12432
0,3,0,1,1,0,6,1425,2,2,2 BHK Apartment ,4,Mundhwa,10300000,7228
0,3,2,1,0,0,11,6750,2,3,4 BHK Apartment ,4,Koregaon Park,80000000,11851
0,3,0,1,0,0,11,2000,2,3,3 BHK Villa ,0,Kalyani Nagar,30000000,15000
0,3,0,0,0,0,5,4595,2,5,4 BHK Apartment ,4,Sangamvadi,70000000,15233
0,3,0,0,1,0,10,550,2,1,1 BHK Apartment ,2,Kharadi,3300000,6000
0,3,1,1,1,0,15,650,2,1,1 BHK Apartment ,2,Yerawada,5800000,8923
0,3,0,1,1,0,10,700,2,1,1 BHK Apartment ,3,Viman Nagar,6200000,8857
0,3,0,0,0,0,1,1800,2,2,2 BHK Apartment ,5,Koregaon Park,26500000,14722
0,3,1,0,0,0,15,3500,1,3,3 BHK Apartment ,5,Koregaon Park,39000000,11142
0,3,1,1,1,0,5,2400,2,3,3 BHK Apartment ,1,Kharadi,25000000,10416
1,3,3,1,1,0,0,2140,1,3,3 BHK Apartment ,3,Baner,20000000,9345
1,3,3,1,1,0,0,1080,1,2,2 BHK Apartment ,5,Hadapsar,6200000,5740
0,3,1,1,1,0,5,2615,2,5,4 BHK Apartment ,8,Koregaon Park,40000000,15296
0,3,1,1,1,0,3,4335,2,6,4 BHK Apartment ,3,Kharadi,31000000,7151
0,3,0,1,1,0,0,600,2,1,1 BHK Apartment ,2,Kalyani Nagar,6250000,10416
0,2,0,1,1,0,10,1540,2,3,3 BHK Apartment ,10,Kalyani Nagar,12100000,7857
0,2,2,1,1,0,0,1650,2,3,3 BHK Apartment ,2,Bund Garden,20000000,12121
0,3,1,0,0,0,5,1050,1,2,2 BHK Apartment ,4,Bund Garden,8000000,7619
0,3,1,0,0,0,20,550,1,1,1 BHK Apartment ,5,Bund Garden,5800000,10545
1,3,3,1,1,0,2,1150,2,2,2 BHK Apartment ,3,Bavdhan,8000000,6956
0,3,2,1,1,1,5,1450,2,3,3 BHK Apartment ,7,Baner,10500000,7241
0,3,2,1,1,0,2,646,2,1,1 BHK Apartment ,1,Kondhwa,3500000,5417
1,3,3,1,1,1,0,1144,2,2,2 BHK Apartment ,7,Kothrud,9500000,8304
0,3,0,1,1,1,5,1040,2,2,2 BHK Apartment ,4,Baner,8100000,7788
0,3,0,0,0,0,6,750,2,2,2 BHK Apartment ,3,Wagholi,3500000,4666
0,2,0,1,1,0,5,1200,2,2,2 BHK Apartment ,4,Koregaon Park,12400000,10333
0,3,0,1,1,0,20,525,2,2,1 BHK Apartment ,1,Bund Garden,7000000,13333
0,3,0,1,1,0,6,1691,2,3,3 BHK Apartment ,5,Kalyani Nagar,11100000,6564
0,2,0,1,1,0,13,1470,2,3,3 BHK Apartment ,1,Kalyani Nagar,14300000,9727
0,3,0,0,1,0,10,1625,2,3,3 BHK Apartment ,4,Viman Nagar,12000000,7384
0,3,2,0,0,0,5,5500,2,6,4 BHK Villa ,2,Viman Nagar,55000000,10000
0,3,0,1,1,0,3,2300,2,4,3 BHK Villa ,0,Viman Nagar,35000000,15217
0,3,0,1,1,0,11,2700,2,3,3 BHK Villa ,0,Viman Nagar,23000000,8518
0,3,0,1,0,0,6,4150,2,4,4 BHK Villa ,0,Kalyani Nagar,45000000,10843
0,3,0,1,0,0,11,4000,2,4,4 BHK Villa ,0,Kalyani Nagar,52500000,13125
0,3,0,0,0,0,11,1900,2,4,4 BHK Villa ,0,Kharadi,10500000,5526
0,3,0,1,1,0,2,2680,2,3,3 BHK Apartment ,0,Wagholi,13000000,4850
0,3,0,1,0,0,3,8000,2,4,4 BHK Apartment ,10,Koregaon Park,140000000,17500
0,3,0,1,1,0,6,2400,2,4,4 BHK Apartment ,5,Kalyani Nagar,40000000,16666
0,3,2,1,1,0,11,1620,2,3,3 BHK Apartment ,1,Yerawada,12500000,7716
0,3,0,1,1,0,2,876,2,2,2 BHK Apartment ,4,Wagholi,4400000,5022
0,3,2,1,1,0,11,575,2,1,1 BHK Apartment ,1,Yerawada,4700000,8173
0,1,2,1,1,0,11,1120,2,2,2 BHK Apartment ,3,Yerawada,8500000,7589
0,3,0,1,1,0,6,525,2,1,1 BHK Apartment ,5,Kalyani Nagar,6000000,11428
0,3,2,1,1,0,11,1620,2,3,3 BHK Apartment ,1,Yerawada,12500000,7716
0,2,1,1,1,0,11,1950,2,4,4 BHK Apartment ,0,Yerawada,20000000,10256
0,3,1,1,1,0,11,2800,2,4,4 BHK Apartment ,10,Kalyani Nagar,32000000,11428
0,3,0,1,1,0,11,2700,2,5,5 BHK Apartment ,4,Kalyani Nagar,25000000,9259
0,3,2,0,1,0,6,3200,2,4,4 BHK Apartment ,10,Kalyani Nagar,26000000,8125
0,3,0,1,1,0,6,600,2,1,1 BHK Apartment ,5,Yerawada,5000000,8333
0,3,2,1,1,0,6,5876,2,4,4 BHK Apartment ,0,Kalyani Nagar,55000000,9360
0,2,0,1,1,0,21,530,2,1,1 BHK Apartment ,5,Yerawada,5100000,9622
0,2,0,1,1,0,11,1536,2,3,3 BHK Apartment ,3,Kalyani Nagar,13300000,8658
0,3,2,1,1,0,6,2500,2,3,3 BHK Apartment ,9,Sangamvadi,34200000,13680
0,3,1,1,1,0,6,2796,2,4,4 BHK Apartment ,1,Sangamvadi,38000000,13590
0,3,0,1,1,0,11,2500,2,3,3 BHK Apartment ,7,Sangamvadi,37000000,14800
0,3,0,1,1,0,11,2802,2,4,4 BHK Apartment ,5,Sangamvadi,26100000,9314
0,3,2,1,1,0,6,1690,2,3,3 BHK Apartment ,3,Viman Nagar,21500000,12721
0,3,2,0,1,0,11,865,2,1,1 BHK Apartment ,2,Viman Nagar,5600000,6473
0,3,0,1,1,0,2,4800,2,4,4 BHK Apartment ,1,Viman Nagar,60000000,12500
0,3,2,1,1,0,6,1078,2,2,2 BHK Apartment ,5,Wadgaon Sheri,8500000,7884
0,3,1,1,1,0,6,1950,2,3,3 BHK Apartment ,0,Yerawada,20000000,10256
0,3,0,1,1,0,11,660,2,1,1 BHK Apartment ,1,Yerawada,5000000,7575
0,2,0,1,1,0,21,1400,2,2,2 BHK Apartment ,6,Yerawada,9700000,6928
0,3,0,1,1,0,2,955,2,2,2 BHK Apartment ,10,Wagholi,4450000,4659
0,2,0,1,1,0,6,1750,2,3,3 BHK Apartment ,5,Wadgaon Sheri,13000000,7428
0,3,0,1,1,0,2,5300,2,4,4 BHK Apartment ,1,Viman Nagar,42400000,8000
0,2,2,1,1,0,21,610,2,1,1 BHK Apartment ,2,Yerawada,5400000,8852
0,3,0,1,1,0,21,610,2,1,1 BHK Apartment ,3,Yerawada,6500000,10655
0,3,2,1,1,0,6,2125,2,3,3 BHK Apartment ,4,Kalyani Nagar,30000000,14117
0,3,2,1,1,0,11,1620,2,3,3 BHK Apartment ,1,Yerawada,12500000,7716
0,2,1,1,1,0,11,1950,2,4,4 BHK Apartment ,0,Yerawada,20000000,10256
0,3,0,1,1,0,11,575,2,1,1 BHK Apartment ,3,Yerawada,5000000,8695
0,2,0,1,1,0,21,610,2,1,1 BHK Apartment ,3,Yerawada,6500000,10655
0,2,0,1,1,0,11,2796,2,4,4 BHK Apartment ,1,Sangamvadi,42500000,15200
0,2,0,1,1,0,3,3050,2,4,4 BHK Apartment ,4,Kalyani Nagar,38700000,12688
0,1,2,1,1,0,11,1120,2,2,2 BHK Apartment ,3,Yerawada,8500000,7589
0,2,0,1,1,0,3,1900,2,3,3 BHK Apartment ,2,Sangamvadi,24500000,12894
0,3,0,1,1,0,3,1930,2,3,3 BHK Apartment ,2,Sangamvadi,27000000,13989
0,3,0,1,1,0,2,700,2,2,2 BHK Apartment ,3,Yerawada,9000000,12857
0,3,0,1,1,0,11,1890,2,4,4 BHK Apartment ,4,Kalyani Nagar,20000000,10582
0,3,0,1,1,0,6,2800,2,3,3 BHK Apartment ,4,Kalyani Nagar,50000000,17857
0,3,0,1,1,0,3,860,2,2,2 BHK Apartment ,0,Kalyani Nagar,6600000,7674
0,3,0,1,1,0,11,1100,2,2,2 BHK Apartment ,4,Viman Nagar,8500000,7727
0,3,0,1,1,0,1,3200,2,3,3 BHK Apartment ,10,Viman Nagar,38500000,12031
0,2,1,1,1,0,16,1010,2,2,2 BHK Apartment ,1,Yerawada,8000000,7920
0,3,0,1,1,0,2,3000,2,3,3 BHK Apartment ,12,Kharadi,20000000,6666
0,3,1,1,1,0,11,2500,2,2,3 BHK Apartment ,6,Kalyani Nagar,15200000,6080
0,2,0,1,1,0,16,1080,2,2,2 BHK Apartment ,4,Yerawada,9300000,8611
0,3,0,0,1,0,21,836,2,2,2 BHK Apartment ,0,Viman Nagar,6500000,7775
0,3,0,1,0,0,3,4000,2,4,4 BHK Villa ,0,Kharadi,32000000,8000
0,3,2,1,1,0,11,2200,2,3,3 BHK Villa ,0,Viman Nagar,13500000,6136
0,3,0,1,0,0,11,1650,2,3,3 BHK Apartment ,0,Viman Nagar,31000000,18787
0,3,2,1,1,0,11,2500,2,3,3 BHK Apartment ,1,Koregaon Park,50000000,20000
0,3,1,1,1,0,3,4200,2,4,4 BHK Apartment ,6,Hadapsar,32500000,7738
0,3,0,1,0,0,3,7600,2,5,5 BHK Apartment ,6,Koregaon Park,152000000,20000
0,3,0,1,1,0,3,2860,2,4,4 BHK Apartment ,7,Yerawada,45000000,15734
0,3,2,0,1,0,16,2400,2,3,3 BHK Apartment ,3,Kalyani Nagar,26000000,10833
0,3,2,1,1,0,11,1236,2,2,2 BHK Apartment ,2,Kharadi,6645000,5376
0,3,0,1,0,0,11,1070,2,2,2 BHK Apartment ,9,Koregaon Park,10000000,9345
0,3,0,1,1,0,11,4200,2,5,5 BHK Villa ,0,Kalyani Nagar,50000000,11904
0,3,0,0,0,0,3,6106,3,4,4 BHK Apartment ,11,Koregaon Park,75000000,12283
0,3,1,1,1,0,11,560,2,1,1 BHK Apartment ,1,Koregaon Park,5999840,10714
0,3,0,1,1,0,11,1808,2,3,3 BHK Apartment ,2,Kalyani Nagar,22500000,12444
0,3,0,1,1,0,11,650,2,1,1 BHK Apartment ,5,Viman Nagar,5900000,9076
0,3,0,1,1,0,16,2078,2,3,3 BHK Apartment ,6,Viman Nagar,15500000,7459
0,3,2,1,1,1,10,1300,2,2,2 BHK Apartment ,7,Kalyani Nagar,16000000,12307
0,3,0,0,1,0,12,750,3,2,2 BHK Apartment ,1,Yerawada,6000000,8000
0,3,1,1,1,1,6,1600,2,3,3 BHK Apartment ,8,Kharadi,9200000,5750
1,3,3,1,1,1,1,1225,2,2,2 BHK Apartment ,1,Hinjewadi,6282600,5128
1,2,3,1,1,1,0,4300,2,4,4 BHK Apartment ,10,Kothrud,65300000,15186
0,3,2,1,1,0,3,2000,2,3,3 BHK Apartment ,7,Kalyani Nagar,24000000,12000
0,2,0,1,1,0,3,1231,2,2,2 BHK Apartment ,9,NIBM Annex Mohammadwadi,8900000,7229
0,3,2,0,1,1,1,1210,2,2,2 BHK Apartment ,6,NIBM Annex Mohammadwadi,7500000,6198
1,3,3,1,1,0,0,680,1,2,1 BHK Apartment ,3,Kharadi,3400000,5000
0,3,2,1,1,0,5,1240,2,1,2 BHK Apartment ,4,Wadgaon Sheri,11000000,8870
0,3,0,1,1,0,4,572,1,1,1 BHK Apartment ,2,Hadapsar,6200000,10839
0,3,0,1,1,0,5,1600,2,3,3 BHK Apartment ,6,Kharadi,7500000,4687
0,3,0,1,1,0,6,1410,2,3,3 BHK Apartment ,5,Kharadi,7700000,5460
1,2,3,1,1,0,6,1020,1,2,2 BHK Apartment ,3,Manjari,4650000,4558
0,3,0,1,1,0,5,1020,1,1,2 BHK Apartment ,1,Dhanori,4100000,4019
0,3,0,1,1,0,1,870,2,2,2 BHK Apartment ,7,Dhanori,5000000,5747
0,3,1,1,1,0,5,1300,1,1,2 BHK Apartment ,6,Vishrantwadi,7500000,5769
0,3,1,1,1,0,5,1045,1,1,2 BHK Apartment ,8,Dhanori,6800000,6507
0,3,0,1,1,0,5,1000,1,1,2 BHK Apartment ,6,Tingre Nagar,4800000,4800
0,3,2,1,1,0,5,1100,2,1,2 BHK Apartment ,7,Vishrantwadi,7800000,7090
0,3,0,1,1,0,5,1410,3,2,3 BHK Apartment ,9,Kharadi,8300000,5886
0,3,1,1,1,0,5,1650,3,2,3 BHK Apartment ,8,Viman Nagar,13800000,8363
0,3,0,1,1,0,5,1640,2,2,3 BHK Apartment ,6,Viman Nagar,12300000,7500
1,3,3,1,1,0,1,1170,2,1,2 BHK Apartment ,5,Kharadi,7800000,6666
0,3,1,1,1,0,5,1400,2,2,2 BHK Apartment ,2,Viman Nagar,11300000,8071
0,3,0,1,1,0,5,1470,3,2,3 BHK Apartment ,6,Viman Nagar,12200000,8299
0,3,2,1,1,0,5,1450,2,2,3 BHK Apartment ,6,Viman Nagar,14500000,10000
0,3,0,1,1,0,5,1650,3,2,3 BHK Apartment ,10,Viman Nagar,13000000,7878
0,3,0,0,0,0,6,1150,2,1,2 BHK Apartment ,5,Kharadi,6500000,5652
0,3,0,0,0,0,6,1100,3,2,2 BHK Apartment ,5,Kharadi,7000000,6363
0,2,0,1,1,1,7,1300,2,2,2 BHK Apartment ,2,Pimple Saudagar,7800000,6000
0,3,0,1,1,0,9,1109,2,2,2 BHK Apartment ,4,Kharadi,6400000,5770
0,3,0,1,1,0,1,1210,1,2,2 BHK Apartment ,3,Undri,7700000,6363
0,2,1,1,1,0,3,927,1,2,2 BHK Apartment ,5,Wagholi,3600000,3883
0,3,1,0,0,0,4,1313,2,3,2 BHK Apartment ,7,Baner,9200000,7006
0,3,0,1,1,0,5,845,1,2,2 BHK Apartment ,6,Wagholi,4200000,4970
0,3,1,0,0,0,15,750,2,1,2 BHK Apartment ,0,Sinhgad Road,3100000,4133
0,2,0,0,0,0,0,550,2,1,1 BHK Apartment ,1,Boat Club Road,660000,1200
0,3,2,0,0,0,10,1600,2,3,3 BHK Apartment ,5,Sangamvadi,27000000,16875
0,2,1,0,0,0,42,773,1,1,2 BHK Apartment ,2,Bund Garden,8000000,10349
0,3,1,1,1,0,8,1000,2,2,2 BHK Apartment ,1,Hadapsar,5400000,5400
0,3,2,1,1,1,7,1700,3,3,3 BHK Apartment ,9,Wanowrie,15000000,8823
0,3,0,0,0,0,11,1800,2,3,3 BHK Apartment ,3,Kharadi,17000000,9444
0,3,2,0,0,0,11,1650,2,3,3 BHK Apartment ,2,Koregaon Park,17500000,10606
0,3,2,0,0,0,11,1650,2,3,3 BHK Apartment ,2,Koregaon Park,17500000,10606
0,3,0,0,0,0,11,1100,2,2,2 BHK Apartment ,2,Koregaon Park,12000000,10909
0,3,0,0,0,0,11,1100,2,2,2 BHK Apartment ,2,Koregaon Park,9000000,8182
0,3,2,1,0,0,11,1400,2,3,3 BHK Apartment ,1,Koregaon Park,11000000,7857
0,3,0,1,0,0,11,520,2,1,1 BHK Apartment ,2,Koregaon Park,5200000,10000
0,3,0,1,0,0,11,1750,2,4,4 BHK Apartment ,3,Koregaon Park,30000000,17142
0,3,0,0,0,0,11,1100,2,2,2 BHK Apartment ,2,Koregaon Park,12000000,10909
0,3,0,0,0,0,11,1100,2,2,2 BHK Apartment ,2,Koregaon Park,12000000,10909
0,3,0,0,0,0,5,604,1,1,1 BHK Apartment ,5,Boat Club Road,8000000,13245
0,3,0,1,1,0,11,1850,2,4,4 BHK Apartment ,4,Viman Nagar,22000000,11891
0,3,2,0,1,1,19,482,1,1,1 BHK Apartment ,3,Kalyani Nagar,6500000,13485
0,2,1,0,0,0,0,3100,2,4,4 BHK Apartment ,7,Koregaon Park,30000000,9677
0,3,1,1,1,0,8,1255,3,3,3 BHK Apartment ,7,Hinjewadi,8500000,6772
0,3,1,1,1,0,13,1250,3,2,4 BHK Apartment ,2,Tingre Nagar,8000000,6400
0,3,0,1,1,0,3,888,2,2,2 BHK Apartment ,3,Handewadi,3400000,3828
0,2,1,1,1,1,3,970,1,2,2 BHK Apartment ,1,Lohegaon,4200000,4329
0,3,0,0,0,0,11,780,2,2,2 BHK Apartment ,3,Yerawada,4500000,5769
0,3,2,1,1,0,11,550,2,1,1 BHK Apartment ,2,Kalyani Nagar,4000000,7273
0,3,1,0,0,0,16,600,2,1,1 BHK Apartment ,2,Kalyani Nagar,6000000,10000
0,3,2,0,0,0,11,1200,2,2,2 BHK Apartment ,0,Koregaon Park,8500000,7083
0,3,0,0,0,0,3,425,2,1,1 BHK Apartment ,5,Kharadi,5200000,12235
1,3,3,0,1,0,2,1070,1,2,2 BHK Apartment ,2,Pashan,8900000,8317
0,2,0,1,1,0,3,1500,2,3,3 BHK Apartment ,2,Bavdhan,12000000,8000
1,3,3,1,1,0,0,820,2,2,2 BHK Apartment ,3,Wagholi,4400000,5365
0,3,0,1,1,0,3,1200,2,2,2 BHK Apartment ,1,Wagholi,4900000,4083
0,3,0,1,1,0,1,544,1,2,2 BHK Apartment ,3,Hinjewadi,2100000,3860
0,3,0,1,1,0,5,1100,2,1,2 BHK Apartment ,1,Tingre Nagar,8500000,7727
0,3,0,1,1,1,0,1001,1,2,2 BHK Apartment ,6,Bavdhan,5600000,5594
0,3,1,1,1,0,3,1550,2,3,3 BHK Apartment ,5,NIBM Annex Mohammadwadi,11400000,7354
0,3,0,1,1,0,5,1025,2,2,2 BHK Apartment ,8,Hadapsar,5000000,4878
0,3,0,0,1,0,4,1060,2,2,2 BHK Apartment ,3,Viman Nagar,8200000,7735
0,3,0,1,1,0,4,752,2,1,1 BHK Apartment ,7,Dhanori,4100000,5452
1,3,3,1,1,0,2,930,2,2,2 BHK Apartment ,2,Hadapsar,4200000,4516
0,0,1,1,1,0,1,1001,2,2,2 BHK Apartment ,17,Hadapsar,7700000,7692
0,3,0,1,1,0,5,640,1,1,1 BHK Apartment ,7,Vishrantwadi,4000000,6250
0,3,0,0,0,0,6,1086,2,2,2 BHK Apartment ,10,Kharadi,7200000,6629
0,2,0,1,1,0,4,949,2,2,2 BHK Apartment ,5,Wakad,6300000,6638
0,3,0,1,1,1,5,1450,1,3,3 BHK Apartment ,7,Baner,9000000,6206
0,3,0,1,1,0,3,857,2,2,2 BHK Apartment ,5,Hadapsar,4500000,5250
0,3,0,1,0,0,3,686,1,1,1 BHK Apartment ,3,Undri,3500000,5102
0,3,0,1,1,0,2,554,2,2,1 BHK Apartment ,2,Hadapsar,2500000,4512
1,3,3,1,1,0,2,561,2,1,1 BHK Apartment ,1,Handewadi,3000000,5347
0,3,0,1,1,0,8,600,1,1,1 BHK Apartment ,2,Wakad,3800000,6333
0,3,2,1,1,0,11,1930,3,3,3 BHK Apartment ,6,Kalyani Nagar,21800000,11295
0,3,0,0,0,0,6,1150,2,2,2 BHK Apartment ,4,Kharadi,7000000,6086
0,3,1,0,1,0,5,1100,2,2,2 BHK Apartment ,4,Viman Nagar,9000000,8181
1,3,3,1,1,0,0,1405,1,3,3 BHK Apartment ,6,Bavdhan,9000000,6405
0,3,0,1,1,0,1,1200,1,1,2 BHK Apartment ,7,Vishrantwadi,6500000,5416
0,3,0,1,1,0,5,620,1,1,1 BHK Apartment ,3,Vishrantwadi,3500000,5645
0,3,0,1,1,0,5,927,1,1,2 BHK Apartment ,3,Dhanori,5500000,5933
0,3,0,1,1,0,8,1450,1,3,3 BHK Apartment ,6,Wakad,7700000,5310
0,3,1,0,0,0,4,1450,2,1,3 BHK Apartment ,5,Vishrantwadi,7500000,5172
0,3,0,1,1,0,3,2100,3,2,3 BHK Apartment ,2,Kharadi,13000000,6190
0,3,0,0,1,0,5,1600,2,2,3 BHK Apartment ,8,Tingre Nagar,10700000,6687
0,3,1,1,1,0,5,1180,3,2,2 BHK Apartment ,9,Viman Nagar,8000000,6779
0,3,0,1,1,0,5,1560,3,2,3 BHK Apartment ,8,Viman Nagar,12200000,7820
0,3,1,1,1,0,8,1640,2,3,3 BHK Apartment ,5,Wakad,7700000,4695
0,3,0,0,0,0,10,950,2,2,2 BHK Apartment ,2,Sasane Nagar,4500000,4736
0,3,0,1,1,0,4,640,1,1,1 BHK Apartment ,11,Hadapsar,3000000,4687
1,3,3,1,1,0,2,1026,2,2,2 BHK Apartment ,7,Manjari,4800000,4678
0,3,0,1,1,0,1,1075,2,2,2 BHK Apartment ,3,Bavdhan,6800000,6325
1,3,3,1,1,0,0,2600,2,4,4 BHK Apartment ,2,Baner,30000000,11538
1,3,3,1,1,0,0,1183,1,2,2 BHK Apartment ,4,Baner,10300000,8706
0,3,0,1,1,0,5,900,1,1,2 BHK Apartment ,1,Tingre Nagar,4500000,5000
0,3,0,1,1,0,5,950,1,1,2 BHK Apartment ,2,Viman Nagar,7000000,7368
0,3,0,1,1,0,5,900,1,1,2 BHK Apartment ,1,Tingre Nagar,4500000,5000
0,3,0,1,1,0,5,1400,2,2,3 BHK Apartment ,3,Vishrantwadi,10000000,7142
0,3,0,1,1,0,5,1495,2,2,3 BHK Apartment ,12,Tingre Nagar,11000000,7357
0,3,0,1,1,0,2,1668,2,3,3 BHK Apartment ,2,Wakad,8000000,4796
0,3,0,1,1,0,1,1400,2,3,3 BHK Apartment ,8,Baner,9000000,6428
0,3,0,1,1,0,5,857,2,2,2 BHK Apartment ,10,Hadapsar,4500000,5250
0,3,0,1,1,0,5,495,1,1,1 BHK Apartment ,3,Hadapsar,2500000,5050
0,3,0,1,1,0,8,916,2,2,2 BHK Apartment ,2,Hadapsar,7200000,7860
0,3,0,1,1,0,6,540,1,1,1 BHK Apartment ,3,Handewadi,2600000,4814
0,3,1,1,1,1,2,891,2,2,2 BHK Apartment ,8,Bavdhan,7000000,7856
0,0,0,1,1,1,0,1315,1,2,2 BHK Apartment ,3,Kharadi,8900000,6768
0,3,0,1,1,0,9,562,2,1,1 BHK Apartment ,1,Hadapsar,3850000,6850
0,3,0,1,1,0,5,1000,1,1,1 BHK Apartment ,6,Viman Nagar,7000000,7000
0,3,1,1,1,0,2,1050,1,1,2 BHK Apartment ,6,Dhanori,5500000,5238
0,3,0,1,1,0,5,1050,1,1,2 BHK Apartment ,2,Viman Nagar,7000000,6666
0,3,0,1,1,0,5,1134,1,1,2 BHK Apartment ,4,Vishrantwadi,7800000,6878
0,3,0,1,1,0,5,1150,2,1,2 BHK Apartment ,7,Vishrantwadi,8500000,7391
0,3,0,1,1,0,0,1200,2,1,2 BHK Apartment ,7,Vishrantwadi,7500000,6250
0,3,1,1,1,0,5,1057,1,1,2 BHK Apartment ,6,Vishrantwadi,7000000,6622
0,3,0,1,1,0,5,1255,2,1,2 BHK Apartment ,7,Kharadi,9500000,7569
1,3,3,1,1,0,2,780,1,1,2 BHK Apartment ,7,Dhanori,4300000,5512
0,1,0,1,1,1,3,1037,1,2,2 BHK Apartment ,3,Bavdhan,6100000,5882
0,0,1,0,0,1,7,650,1,1,1 BHK Apartment ,4,Kharadi,4100000,6307
0,3,1,1,1,0,9,990,1,2,2 BHK Apartment ,1,Dhanori,5000000,5050
1,3,3,1,1,0,0,915,1,1,2 BHK Apartment ,11,Dhanori,5500000,6010
0,3,2,1,1,0,5,1584,2,2,3 BHK Apartment ,8,Tingre Nagar,12500000,7891
0,3,0,1,1,0,5,950,1,1,2 BHK Apartment ,5,Dhanori,5500000,5789
0,3,2,1,1,1,2,3350,2,4,4 BHK Apartment ,7,Baner,37500000,11194
1,3,3,1,1,0,2,800,2,2,2 BHK Apartment ,1,Hadapsar,4000000,5000
1,3,3,1,1,0,2,910,2,2,2 BHK Apartment ,1,Hadapsar,4900000,5384
1,3,3,1,1,0,0,1473,2,3,3 BHK Apartment ,9,Baner,10000000,6788
1,3,3,1,1,0,2,1645,2,3,3 BHK Apartment ,7,Manjari,7200000,4376
0,3,0,1,1,0,2,970,2,2,2 BHK Apartment ,1,Hadapsar,4200000,4329
1,3,3,1,1,0,2,661,2,1,1 BHK Apartment ,2,Hadapsar,2800000,4236
0,3,0,1,1,0,3,950,2,2,2 BHK Apartment ,1,Hadapsar,4500000,4736
0,3,1,1,1,1,5,789,2,2,2 BHK Apartment ,7,Hadapsar,4000000,5069
0,3,0,1,1,0,5,1400,2,3,3 BHK Apartment ,6,Hadapsar,7500000,5357
0,3,0,0,1,0,15,2600,2,2,2 BHK Apartment ,1,Viman Nagar,7000000,2692
0,3,0,1,1,0,5,1050,1,1,2 BHK Apartment ,3,Vishrantwadi,5500000,5238
0,3,1,1,1,0,5,1150,1,1,2 BHK Apartment ,1,Tingre Nagar,8300000,7217
0,3,0,1,0,0,4,600,1,1,1 BHK Apartment ,6,Hadapsar,3500000,5833
1,3,3,1,1,0,2,1026,1,2,2 BHK Apartment ,5,Manjari,4700000,4580
0,3,0,1,1,0,5,650,1,1,1 BHK Apartment ,4,Tingre Nagar,4300000,6615
0,3,0,1,1,0,5,932,1,1,2 BHK Apartment ,11,Dhanori,5500000,5901
0,3,0,1,1,0,5,900,1,1,2 BHK Apartment ,3,Tingre Nagar,4400000,4888
0,3,0,1,1,0,5,950,1,1,2 BHK Apartment ,4,Tingre Nagar,5300000,5578
0,3,0,0,1,0,4,1525,3,2,3 BHK Apartment ,2,Viman Nagar,12000000,7868
0,3,0,0,1,0,5,1455,2,2,3 BHK Apartment ,3,Tingre Nagar,10000000,6872
0,3,0,1,1,0,5,1760,3,3,3 BHK Apartment ,9,Kharadi,10800000,6136
0,3,0,1,1,0,0,1084,1,2,2 BHK Apartment ,6,Balewadi,6800000,6273
0,3,1,1,1,1,4,1220,2,2,2 BHK Apartment ,5,Bavdhan,7000000,5737
0,3,0,1,1,0,5,980,2,2,2 BHK Apartment ,3,Hadapsar,6000000,6122
1,3,3,1,1,0,0,1115,1,2,2 BHK Apartment ,12,Sus,7800000,6995
0,3,0,1,1,0,5,1040,1,1,2 BHK Apartment ,4,Vishrantwadi,6500000,6250
0,3,1,1,1,0,1,670,2,1,1 BHK Apartment ,1,Hadapsar,5000000,7462
0,3,0,1,1,0,5,1629,2,2,3 BHK Apartment ,6,Kharadi,10200000,6261
0,3,0,1,1,0,5,1670,3,2,3 BHK Apartment ,11,Kharadi,11200000,6706
0,3,0,1,1,0,6,1050,2,2,2 BHK Apartment ,5,Tingre Nagar,6600000,6285
0,3,1,0,1,0,2,1050,2,2,2 BHK Apartment ,9,Viman Nagar,9500000,9047
0,3,0,1,1,0,4,1500,3,3,3 BHK Apartment ,9,Tingre Nagar,11000000,7333
0,3,0,1,1,0,4,1650,3,2,3 BHK Apartment ,6,Kharadi,13500000,8181
0,3,0,1,1,0,5,1251,2,2,2 BHK Apartment ,3,Kharadi,7800000,6235
0,3,0,0,1,0,4,1520,2,2,2 BHK Apartment ,3,Viman Nagar,11800000,7763
0,3,0,1,1,0,5,960,2,1,2 BHK Apartment ,2,Kalyani Nagar,7000000,7291
0,3,0,1,1,0,4,1600,3,2,3 BHK Apartment ,8,Tingre Nagar,10700000,6687
0,3,0,1,1,0,5,1856,3,3,3 BHK Apartment ,10,Tingre Nagar,12800000,6896
0,3,2,1,1,0,3,2000,3,3,3 BHK Apartment ,8,Kharadi,14500000,7250
0,3,0,1,1,0,6,1485,1,3,3 BHK Apartment ,7,Baner,9800000,6599
0,3,0,1,1,0,3,585,1,1,1 BHK Apartment ,3,Undri,3200000,5470
0,3,0,0,0,0,6,833,2,2,2 BHK Apartment ,1,Hadapsar,6000000,7202
0,3,0,1,1,0,5,927,1,1,2 BHK Apartment ,11,Dhanori,5500000,5933
0,3,1,1,1,0,5,660,1,1,1 BHK Apartment ,5,Tingre Nagar,5500000,8333
0,3,2,1,1,0,3,1304,2,3,3 BHK Apartment ,4,Hadapsar,5800000,4447
0,3,0,1,1,0,3,560,2,1,1 BHK Apartment ,2,Hadapsar,3000000,5357
0,3,0,1,1,0,3,800,2,2,2 BHK Apartment ,4,NIBM Annex Mohammadwadi,4800000,6000
1,3,3,1,1,0,2,564,2,1,1 BHK Apartment ,2,Handewadi,3000000,5319
0,3,0,1,1,0,3,1118,2,2,2 BHK Apartment ,1,Manjari,6500000,5813
0,3,1,1,1,1,0,1113,2,2,2 BHK Apartment ,1,Sus,6500000,5840
0,3,1,1,1,0,4,1500,1,3,3 BHK Apartment ,2,Aundh,14000000,9333
0,3,0,1,1,0,2,1668,1,3,3 BHK Apartment ,1,Wakad,7800000,4676
0,3,0,1,1,0,3,654,1,1,1 BHK Apartment ,3,Sasane Nagar,3400000,5198
0,3,0,1,1,0,4,1360,1,3,3 BHK Apartment ,8,Hinjewadi,6800000,5000
0,3,1,1,1,0,5,1750,2,2,3 BHK Apartment ,9,Kharadi,11500000,6571
1,3,3,1,1,0,2,630,1,1,1 BHK Apartment ,8,Manjari,3600000,5714
0,3,0,1,1,0,3,959,1,1,2 BHK Apartment ,6,Dhanori,6200000,6465
0,3,0,1,1,0,5,925,1,1,2 BHK Apartment ,4,Dhanori,4100000,4432
0,3,0,1,1,0,7,1000,1,1,2 BHK Apartment ,7,Vishrantwadi,5800000,5800
1,3,3,1,1,0,2,890,2,2,2 BHK Apartment ,1,Handewadi,4200000,4719
0,3,0,1,1,0,11,1147,2,2,2 BHK Apartment ,1,Hadapsar,6500000,5666
0,3,0,1,1,0,2,684,2,1,1 BHK Apartment ,2,Hadapsar,3300000,4824
0,3,0,1,1,0,2,940,2,2,2 BHK Apartment ,1,Hadapsar,4000000,4255
1,3,3,1,1,0,1,705,2,1,1 BHK Apartment ,2,Hadapsar,2890500,4100
0,3,0,1,1,0,4,928,2,2,2 BHK Apartment ,3,Hadapsar,4600000,4956
0,3,0,1,0,0,4,800,1,2,2 BHK Apartment ,5,Handewadi,4600000,5750
0,3,1,1,1,0,1,1565,2,3,3 BHK Apartment ,1,Balewadi,9500000,6070
0,3,0,1,1,0,1,950,1,2,2 BHK Apartment ,5,Bavdhan,6500000,6842
0,3,0,1,1,0,3,905,2,2,2 BHK Apartment ,6,Hadapsar,3900000,4309
0,3,0,1,1,0,5,1000,1,1,2 BHK Apartment ,1,Vishrantwadi,7500000,7500
0,3,0,1,1,0,5,1012,1,1,2 BHK Apartment ,3,Dhanori,4800000,4743
0,3,0,1,1,0,4,706,2,2,2 BHK Apartment ,7,Hadapsar,4600000,6515
0,3,0,1,1,0,4,1505,2,3,3 BHK Apartment ,4,Wakad,9000000,5980
0,3,0,1,1,0,5,1025,1,1,2 BHK Apartment ,6,Vishrantwadi,5400000,5268
0,3,0,1,1,0,5,967,1,1,2 BHK Apartment ,6,Vishrantwadi,6000000,6204
0,3,0,1,1,0,5,950,1,1,2 BHK Apartment ,5,Vishrantwadi,5500000,5789
0,3,0,1,1,0,5,1150,2,1,2 BHK Apartment ,8,Kharadi,6500000,5652
0,3,0,1,1,0,5,1550,2,2,3 BHK Apartment ,9,Tingre Nagar,11000000,7096
0,3,1,1,1,0,2,1660,1,3,3 BHK Apartment ,6,Wagholi,9100000,5481
1,3,3,1,1,0,2,1775,2,2,2 BHK Apartment ,7,Manjari,8000000,4507
1,3,3,1,1,0,0,1370,2,2,2 BHK Apartment ,12,Balewadi,11000000,8029
0,3,0,1,1,0,6,635,1,1,1 BHK Apartment ,10,Tingre Nagar,3600000,5669
0,3,1,1,1,0,6,1100,1,2,2 BHK Apartment ,5,Pimple Saudagar,7500000,6818
0,3,0,1,1,0,1,650,1,1,1 BHK Apartment ,8,Mundhwa,4100000,6307
1,3,3,1,1,0,1,1370,2,2,2 BHK Apartment ,12,Balewadi,10500000,7664
0,3,2,1,1,1,6,595,1,1,1 BHK Apartment ,3,Hadapsar,3500000,5882
0,3,0,0,1,0,4,650,1,1,1 BHK Apartment ,3,Hadapsar,2500000,3846
0,3,0,1,1,0,0,625,2,1,1 BHK Apartment ,3,Wakad,4000000,6400
0,3,0,1,1,0,3,693,2,1,1 BHK Apartment ,2,Wakad,5300000,7647
0,3,0,1,1,0,0,1150,1,2,2 BHK Apartment ,7,Sus,7200000,6260
0,3,0,1,1,0,5,1550,3,2,3 BHK Apartment ,4,Kharadi,9500000,6129
0,3,2,1,1,1,5,2600,3,3,3 BHK Apartment ,9,Viman Nagar,16400000,6307
0,3,0,1,1,0,5,1670,3,2,3 BHK Apartment ,5,Viman Nagar,12300000,7365
0,3,0,1,1,0,7,1070,2,2,2 BHK Apartment ,5,Hadapsar,5000000,4672
0,3,0,1,0,0,4,572,1,1,1 BHK Apartment ,2,Hadapsar,3400000,5944
0,2,0,0,0,0,30,560,1,1,1 BHK Apartment ,0,Kothrud,5300000,9464
0,3,1,1,1,1,4,575,1,1,1 BHK Apartment ,3,Sasane Nagar,3100000,5391
0,3,0,1,1,0,5,1242,2,2,2 BHK Apartment ,8,Kharadi,6800000,5475
0,3,0,1,1,0,4,550,1,1,1 BHK Apartment ,3,Sasane Nagar,3000000,5454
0,3,2,1,1,0,4,630,1,1,1 BHK Apartment ,3,Hadapsar,3300000,5238
0,3,0,1,1,0,6,975,2,2,2 BHK Apartment ,3,Hadapsar,4700000,4820
0,3,1,1,1,0,4,2500,2,3,3 BHK Apartment ,1,Kharadi,24000000,9600
0,3,1,1,1,0,2,1045,1,2,2 BHK Apartment ,8,Bavdhan,7000000,6698
0,3,0,1,1,0,7,995,2,2,2 BHK Apartment ,2,Hadapsar,7500000,7537
0,3,0,1,1,0,6,1075,2,2,2 BHK Apartment ,5,Manjari,4900000,4558
0,3,0,1,1,0,2,631,2,1,1 BHK Apartment ,3,Hadapsar,3200000,5071
1,3,3,1,1,0,6,550,1,1,1 BHK Apartment ,2,Hadapsar,2200000,4000
0,3,1,1,1,0,8,572,1,1,1 BHK Apartment ,3,Hadapsar,2800000,4895
0,3,2,1,0,1,4,520,1,1,1 BHK Apartment ,3,Hadapsar,2200000,4230
0,3,2,1,1,0,5,950,2,1,2 BHK Apartment ,7,Viman Nagar,8000000,8421
0,3,0,1,1,0,4,1600,3,2,3 BHK Apartment ,4,Kalyani Nagar,11500000,7187
1,3,3,1,1,0,3,668,2,2,1 BHK Apartment ,6,Handewadi,3000000,4491
0,3,1,1,1,0,3,2340,2,4,3 BHK Apartment ,2,Kharadi,13000000,5555
0,3,0,1,1,0,2,580,1,1,1 BHK Apartment ,3,Hadapsar,4100000,7068
0,3,2,1,1,1,4,755,1,1,1 BHK Apartment ,3,Hadapsar,5000000,6622
0,3,0,1,1,0,5,1080,2,2,2 BHK Apartment ,4,Hadapsar,4500000,4166
0,3,0,1,1,0,6,789,2,2,2 BHK Apartment ,4,Hadapsar,5100000,6463
0,3,0,1,1,0,4,726,1,1,1 BHK Apartment ,9,Hadapsar,3000000,4132
0,3,2,1,1,1,1,674,2,1,1 BHK Apartment ,5,Mundhwa,4000000,5934
1,3,3,0,1,0,6,600,1,1,1 BHK Apartment ,1,Kharadi,3800000,6333
0,3,1,1,1,0,3,1040,2,2,2 BHK Apartment ,8,NIBM Annex Mohammadwadi,5000000,4807
0,3,2,1,1,0,1,674,2,1,1 BHK Apartment ,2,Mundhwa,3900000,5786
1,3,3,0,0,0,0,900,2,2,2 BHK Apartment ,5,Mundhwa,5100000,5666
0,3,0,1,1,0,8,1485,2,3,3 BHK Apartment ,6,Wakad,7700000,5185
0,3,1,1,1,1,2,1300,2,2,2 BHK Apartment ,2,Kharadi,9200000,7076
0,3,1,1,1,0,2,1335,1,2,2 BHK Apartment ,12,Kharadi,9300000,6966
0,3,1,1,1,0,6,1800,3,3,3 BHK Apartment ,7,Hadapsar,14000000,7777
0,3,1,1,1,0,5,2580,3,3,3 BHK Apartment ,2,Hadapsar,16500000,6395
0,3,0,1,1,0,6,730,1,1,1 BHK Apartment ,2,Hadapsar,3000000,4109
0,3,0,1,1,0,5,1588,2,3,3 BHK Apartment ,5,Kharadi,8500000,5352
0,3,2,1,1,1,14,1248,1,3,3 BHK Apartment ,6,Aundh,11000000,8814
0,3,1,1,1,0,7,1504,3,3,3 BHK Apartment ,1,NIBM Annex Mohammadwadi,8400000,5585
0,3,0,1,1,0,8,630,2,1,1 BHK Apartment ,6,Wakad,4500000,7142
0,3,0,1,1,0,5,675,2,1,1 BHK Apartment ,6,Wakad,4000000,5925
0,3,0,1,1,0,5,1450,3,2,3 BHK Apartment ,10,Viman Nagar,14500000,10000
0,3,0,1,1,0,5,965,1,1,2 BHK Apartment ,6,Dhanori,6000000,6217
0,3,2,1,1,1,3,1230,2,2,2 BHK Apartment ,4,NIBM Annex Mohammadwadi,8800000,7154
0,3,1,1,1,0,7,1100,2,2,2 BHK Apartment ,6,Pimple Saudagar,8100000,7363
0,3,1,1,1,0,7,1100,2,2,2 BHK Apartment ,6,Pimple Saudagar,7750000,7045
1,3,3,1,1,0,2,1645,2,3,3 BHK Apartment ,6,Manjari,7200000,4376
1,3,3,1,1,1,0,1206,2,2,2 BHK Apartment ,8,Baner,8500000,7048
0,3,0,1,1,0,3,560,1,1,1 BHK Apartment ,1,Hadapsar,2900000,5178
0,3,0,1,1,0,7,700,2,2,2 BHK Apartment ,1,Hadapsar,3700000,5285
0,3,2,1,1,1,7,1445,3,3,3 BHK Apartment ,1,Manjari,7500000,5190
0,3,0,1,1,0,5,905,1,2,2 BHK Apartment ,3,Sasane Nagar,3700000,4088
0,3,0,1,1,0,4,1010,2,2,2 BHK Apartment ,2,Manjari,4000000,3960
0,3,0,1,1,0,6,568,1,1,1 BHK Apartment ,3,Hadapsar,3000000,5281
0,3,0,1,1,0,5,621,1,1,1 BHK Apartment ,3,Hadapsar,3500000,5636
0,3,0,1,1,0,2,775,1,1,1 BHK Apartment ,3,Hadapsar,3500000,4516
1,3,3,0,1,0,7,852,2,2,2 BHK Apartment ,1,Hadapsar,4900000,5751
0,3,0,1,1,0,14,400,1,1,1 BHK Apartment ,6,Hadapsar,2400000,6000
0,3,0,1,1,0,6,1454,3,3,3 BHK Apartment ,3,NIBM Annex Mohammadwadi,6700000,4607
0,3,1,1,1,0,5,890,1,2,2 BHK Apartment ,5,Dhanori,4400000,4943
1,3,3,1,1,0,1,1546,2,2,2 BHK Apartment ,11,Kharadi,8500000,5498
0,3,0,1,1,0,2,1314,2,2,2 BHK Apartment ,1,Hinjewadi,7000000,5327
0,3,0,0,1,0,3,1353,2,3,3 BHK Apartment ,8,Sus,6800000,5025
0,3,0,1,1,0,4,765,1,2,2 BHK Apartment ,3,Hadapsar,4500000,5882
0,3,0,1,1,0,5,545,1,1,1 BHK Apartment ,3,Tingre Nagar,3700000,6788
0,3,0,1,1,0,5,1458,1,2,3 BHK Apartment ,1,Tingre Nagar,10900000,7475
1,3,3,1,1,0,0,859,1,1,2 BHK Apartment ,5,Dhanori,4000000,4656
0,3,1,1,1,0,5,1366,1,1,2 BHK Apartment ,3,Tingre Nagar,10600000,7759
1,3,3,1,1,0,0,964,2,2,2 BHK Apartment ,1,Hadapsar,6500000,6742
0,3,1,1,1,0,5,1300,2,3,3 BHK Apartment ,2,Hadapsar,7800000,6000
0,3,0,1,1,0,1,1088,2,2,2 BHK Apartment ,9,Baner,8000000,7352
0,3,0,0,1,0,2,652,1,1,1 BHK Apartment ,1,Dhanori,3000000,4601
0,3,0,1,1,0,4,575,1,1,1 BHK Apartment ,6,Sasane Nagar,2950000,5130
0,3,0,0,0,0,5,736,2,2,2 BHK Apartment ,2,Hadapsar,5500000,7472
0,3,2,0,1,0,2,1425,2,2,2 BHK Apartment ,9,Viman Nagar,12000000,8421
0,3,0,1,1,0,5,900,2,1,2 BHK Apartment ,8,Viman Nagar,7000000,7777
0,3,0,1,1,0,4,958,2,2,2 BHK Apartment ,9,Viman Nagar,7200000,7515
0,3,0,1,1,0,5,990,2,1,2 BHK Apartment ,8,Viman Nagar,7000000,7070
0,3,2,0,1,0,4,1425,2,2,2 BHK Apartment ,5,Viman Nagar,11800000,8280
0,3,1,1,1,0,5,1700,2,2,3 BHK Apartment ,5,Wadgaon Sheri,12000000,7058
0,3,1,1,1,0,2,1360,2,2,2 BHK Apartment ,12,Kharadi,10100000,7426
0,3,2,0,1,0,4,1430,2,2,2 BHK Apartment ,3,Viman Nagar,11800000,8251
0,3,0,0,1,0,4,1060,2,2,2 BHK Apartment ,1,Viman Nagar,9300000,8773
0,2,0,1,1,0,3,1026,2,2,2 BHK Apartment ,10,Bavdhan,7100000,6920
1,3,3,1,1,0,2,630,1,1,1 BHK Apartment ,3,Manjari,3600000,5714
0,3,0,1,1,0,8,1410,2,3,3 BHK Apartment ,7,Wakad,8000000,5673
0,3,0,1,1,0,3,969,1,2,2 BHK Apartment ,3,Hadapsar,4500000,4643
0,3,0,0,0,0,6,1370,3,2,3 BHK Apartment ,12,Kharadi,8000000,5839
0,3,0,1,1,0,5,1050,2,1,2 BHK Apartment ,6,Viman Nagar,9300000,8857
0,3,0,1,1,0,0,1443,2,3,3 BHK Apartment ,6,Bavdhan,8500000,5890
1,3,3,1,1,0,2,900,2,2,2 BHK Apartment ,4,Hadapsar,5000000,5555
0,3,0,1,1,0,10,1250,2,3,3 BHK Apartment ,4,Aundh,11000000,8800
0,3,0,1,1,0,5,1242,2,2,2 BHK Apartment ,4,Kharadi,6900000,5555
0,3,0,1,1,0,4,1350,2,2,3 BHK Apartment ,8,Hinjewadi,7000000,5185
1,3,3,1,1,0,0,1500,2,3,3 BHK Apartment ,6,Bavdhan,11000000,7333
1,3,3,1,1,0,0,2200,2,3,3 BHK Apartment ,6,Aundh,16000000,7272
1,3,3,1,1,1,0,963,2,2,2 BHK Apartment ,14,Balewadi,6500000,6749
0,3,0,1,1,0,14,400,1,1,1 BHK Apartment ,2,Hadapsar,2200000,5500
0,3,0,1,1,0,6,1000,2,2,2 BHK Apartment ,1,Hadapsar,6700000,6700
0,3,0,1,1,0,4,605,1,1,1 BHK Apartment ,3,Hadapsar,3000000,4958
0,3,0,1,1,0,3,765,1,1,2 BHK Apartment ,3,Hadapsar,4500000,5882
0,3,0,1,1,0,3,400,1,1,1 BHK Apartment ,1,Hadapsar,2400000,6000
0,3,0,1,1,0,5,728,2,2,2 BHK Apartment ,2,Hadapsar,4000000,5494
0,0,0,1,1,1,5,1167,1,2,2 BHK Apartment ,4,Kharadi,6500000,5569
0,3,0,0,0,0,2,891,2,2,2 BHK Apartment ,2,Wagholi,3900000,4377
0,3,1,1,1,0,0,1355,1,3,3 BHK Apartment ,8,Bavdhan,10000000,7380
1,3,3,1,1,0,2,1426,3,3,3 BHK Apartment ,8,Manjari,6600000,4628
0,3,0,1,1,0,6,570,1,1,1 BHK Apartment ,3,Hadapsar,2800000,4912
0,3,0,1,1,0,3,623,2,1,1 BHK Apartment ,2,Dhanori,2950000,4735
1,3,3,1,1,0,1,635,2,1,1 BHK Apartment ,0,Hadapsar,2603500,4100
0,3,2,1,1,1,6,575,1,1,1 BHK Apartment ,2,Hadapsar,2300000,4000
0,3,0,1,1,0,10,850,1,1,1 BHK Apartment ,2,Hadapsar,3000000,3529
0,3,0,1,1,0,7,852,2,2,2 BHK Apartment ,1,Hadapsar,4900000,5751
0,3,1,1,1,0,0,1408,1,3,3 BHK Apartment ,5,Bavdhan,10000000,7102
0,3,0,1,1,0,5,1600,2,3,3 BHK Apartment ,5,Kharadi,8500000,5312
0,3,0,1,1,0,2,1063,1,2,2 BHK Apartment ,7,Bavdhan,7000000,6585
1,3,3,1,1,0,0,3023,3,5,5 BHK Apartment ,12,Bavdhan,20000000,6615
0,3,1,1,1,1,3,2580,2,3,3 BHK Apartment ,3,Hadapsar,15500000,6007
0,3,2,1,1,1,5,1000,2,2,2 BHK Apartment ,3,Hadapsar,5500000,5500
0,3,1,1,1,1,1,1315,2,2,2 BHK Apartment ,10,Kharadi,9000000,6844
0,3,0,0,1,0,6,927,2,2,2 BHK Apartment ,2,Wakad,6500000,7011
0,2,1,1,1,0,8,1650,2,3,3 BHK Apartment ,10,Wakad,10000000,6060
1,3,3,0,1,0,1,1150,2,2,2 BHK Apartment ,2,Sinhgad Road,8500000,7391
0,3,1,0,1,0,8,1350,3,3,3 BHK Apartment ,4,Hadapsar,6500000,4814
0,2,1,0,1,0,10,1450,2,3,3 BHK Apartment ,4,Pimple Saudagar,7500000,5172
0,2,1,1,1,1,13,625,2,1,1 BHK Apartment ,2,Tingre Nagar,3600000,5760
0,3,0,1,1,0,7,1286,2,2,2 BHK Apartment ,2,Hadapsar,6000000,4665
0,3,2,0,1,0,7,915,1,2,2 BHK Apartment ,2,Kondhwa,6500000,7103
0,3,1,0,1,0,19,480,2,1,1 BHK Apartment ,1,Kothrud,4200000,8750
0,3,0,0,1,0,7,380,2,1,1 BHK Apartment ,1,Kondhwa,1100000,2894
0,3,0,0,0,0,11,856,1,1,2 BHK Apartment ,2,Sasane Nagar,3400000,3971
0,2,1,1,0,0,8,600,1,1,1 BHK Apartment ,3,Vishrantwadi,4250000,7083
0,2,0,0,0,0,12,870,1,2,2 BHK Apartment ,5,Sasane Nagar,3500000,4022
0,2,1,0,0,0,15,570,1,1,1 BHK Apartment ,3,Tingre Nagar,3700000,6491
0,2,2,1,0,0,12,850,2,2,2 BHK Apartment ,3,Sinhgad Road,7300000,8588
0,3,0,1,1,0,1,1985,2,3,3 BHK Apartment ,7,Kharadi,12500000,6297
0,3,0,0,1,0,2,985,2,2,2 BHK Apartment ,3,Mundhwa,5200000,5279
1,3,3,1,1,0,1,575,1,1,1 BHK Apartment ,4,Lohegaon,2500000,4347
0,3,1,1,1,0,4,2250,2,3,3 BHK Apartment ,7,Kharadi,11900000,5288
0,3,1,1,1,0,1,1335,1,2,2 BHK Apartment ,10,Kharadi,9000000,6741
0,3,1,1,1,1,0,1315,2,2,2 BHK Apartment ,7,Kharadi,10500000,7984
0,2,0,1,1,0,2,1428,2,3,3 BHK Apartment ,10,Bavdhan,8900000,6232
0,3,1,1,1,1,3,2580,2,3,3 BHK Apartment ,3,Hadapsar,15500000,6007
0,3,0,1,1,0,5,1000,2,2,2 BHK Apartment ,3,Hadapsar,4500000,4500
0,2,0,1,1,1,7,1117,1,2,2 BHK Apartment ,7,Kharadi,6400000,5729
0,2,0,1,1,0,1,1545,1,3,3 BHK Apartment ,12,Bavdhan,10200000,6601
0,3,1,1,1,0,4,860,2,2,2 BHK Apartment ,4,Hadapsar,5500000,6395
0,3,0,1,0,0,6,900,2,2,2 BHK Apartment ,5,Hadapsar,6500000,7222
0,2,0,0,1,0,1,1511,2,3,3 BHK Apartment ,9,Bavdhan,10200000,6750
0,3,0,1,1,0,2,2266,1,3,3 BHK Apartment ,5,Kharadi,11800000,5207
0,2,0,1,1,0,14,1700,2,2,3 BHK Apartment ,5,Pimple Saudagar,12000000,7058
0,3,0,1,1,0,3,924,2,2,2 BHK Apartment ,2,Hadapsar,5000000,5411
0,3,1,1,1,1,0,1315,2,2,2 BHK Apartment ,5,Kharadi,10500000,7984
0,3,1,1,1,0,2,1236,1,2,2 BHK Apartment ,5,Kharadi,8000000,6472
0,3,0,1,1,0,4,670,1,1,1 BHK Apartment ,3,Hadapsar,2700000,4029
0,3,0,1,1,0,6,825,2,2,2 BHK Apartment ,6,Sasane Nagar,4000000,4848
0,3,0,1,1,0,6,970,2,2,2 BHK Apartment ,5,Hadapsar,4200000,4329
0,3,0,1,1,0,6,840,2,2,2 BHK Apartment ,1,Hadapsar,3700000,4404
0,3,1,1,1,1,3,4800,1,5,4 BHK Apartment ,10,Hadapsar,31000000,6458
0,3,0,1,1,0,6,1588,2,3,3 BHK Apartment ,5,Kharadi,8700000,5478
0,3,1,1,1,0,1,1315,2,2,2 BHK Apartment ,5,Kharadi,10000000,7604
0,3,2,1,1,1,6,560,1,1,1 BHK Apartment ,3,Hadapsar,2600000,4642
0,3,0,0,1,0,1,625,1,1,1 BHK Apartment ,1,Dhanori,2700000,4320
0,2,0,1,1,0,1,1000,1,2,2 BHK Apartment ,3,Bavdhan,6100000,6100
0,3,0,1,1,0,6,1105,2,2,2 BHK Apartment ,7,Balewadi,7200000,6515
0,3,1,1,1,0,2,1979,2,3,3 BHK Apartment ,7,Kharadi,14000000,7074
0,3,1,1,1,0,3,4800,1,5,4 BHK Apartment ,10,Hadapsar,31000000,6458
0,3,0,1,1,0,6,1761,2,3,3 BHK Apartment ,1,Wakad,11000000,6246
1,2,3,0,0,0,1,2800,2,3,3 BHK Apartment ,8,Wakad,16000000,5714
0,3,0,1,1,0,6,1100,3,3,3 BHK Apartment ,8,NIBM Annex Mohammadwadi,8000000,7272
0,3,0,1,1,0,1,1150,1,2,2 BHK Apartment ,11,Kharadi,7000000,6086
0,3,0,1,1,0,6,1173,2,2,2 BHK Apartment ,4,Hadapsar,7500000,6393
0,3,1,1,1,0,6,710,2,1,1 BHK Apartment ,2,Hadapsar,3100000,4366
0,3,0,1,1,0,3,1129,2,2,2 BHK Apartment ,4,Hadapsar,5400000,4782
0,3,0,1,1,0,6,950,2,2,2 BHK Apartment ,2,Hadapsar,4300000,4526
0,3,0,1,1,0,16,700,2,2,2 BHK Apartment ,2,Handewadi,2500000,3571
0,3,0,1,1,0,7,1117,1,2,2 BHK Apartment ,5,Kharadi,6700000,5998
0,2,2,1,1,0,3,1370,1,3,3 BHK Apartment ,7,Bavdhan,9900000,7226
0,3,0,1,1,0,1,1020,2,2,2 BHK Apartment ,7,Mundhwa,5900000,5784
0,3,0,1,1,0,5,1576,2,3,3 BHK Apartment ,4,Hadapsar,9800000,6218
0,3,0,1,1,0,6,1358,3,3,3 BHK Apartment ,5,Hadapsar,7000000,5154
0,3,0,1,1,0,6,430,2,1,1 BHK Apartment ,3,Sasane Nagar,2000000,4651
0,3,1,1,1,0,4,1315,2,2,2 BHK Apartment ,5,Kharadi,10500000,7984
0,3,0,1,1,0,6,617,2,1,1 BHK Apartment ,1,Hadapsar,2450000,3970
0,3,0,1,1,0,7,800,2,2,2 BHK Apartment ,3,Hadapsar,3500000,4375
0,3,0,1,1,0,6,1442,1,2,3 BHK Apartment ,5,Hadapsar,12000000,8321
0,3,0,1,1,0,14,575,1,1,1 BHK Apartment ,3,Hadapsar,3300000,5739
0,3,0,1,1,0,5,1720,3,2,3 BHK Apartment ,4,Kharadi,10300000,5988
0,3,2,1,1,1,9,596,1,1,1 BHK Apartment ,3,Hadapsar,3200000,5369
0,3,1,1,1,0,3,2070,2,4,3 BHK Apartment ,2,Kharadi,13500000,6521
0,3,0,1,1,0,2,630,1,1,1 BHK Apartment ,3,Manjari,3500000,5555
0,3,0,1,1,0,6,1678,2,3,3 BHK Apartment ,9,Kharadi,11500000,6853
0,3,1,1,1,1,1,1855,2,4,3 BHK Apartment ,7,Kharadi,13800000,7439
0,3,0,1,1,0,5,1700,3,2,3 BHK Apartment ,10,Kalyani Nagar,14500000,8529
0,3,0,1,1,0,5,1420,2,2,3 BHK Apartment ,4,Handewadi,6000000,4225
0,3,2,0,1,1,6,866,2,2,2 BHK Apartment ,1,Undri,5200000,6004
0,3,0,1,1,0,5,1588,2,3,3 BHK Apartment ,5,Kharadi,8400000,5289
0,3,0,0,0,0,9,578,1,1,1 BHK Apartment ,1,Tingre Nagar,2850000,4930
0,3,0,1,1,0,6,1628,2,3,3 BHK Apartment ,11,Kharadi,12000000,7371
0,3,0,1,1,0,6,950,2,2,2 BHK Apartment ,2,Manjari,5200000,5473
0,3,0,0,1,0,4,830,2,2,2 BHK Apartment ,4,Hadapsar,4800000,5783
0,3,0,1,1,0,2,618,1,1,1 BHK Apartment ,3,Hadapsar,3900000,6310
0,3,0,1,1,0,7,630,1,1,1 BHK Apartment ,1,Dhanori,3349710,5317
0,3,0,1,1,0,3,314,2,1,1 BHK Apartment ,2,Sasane Nagar,1600000,5095
0,3,2,1,1,0,4,1452,1,3,3 BHK Apartment ,3,Hadapsar,7000000,4820
0,3,1,1,1,0,9,595,1,1,1 BHK Apartment ,3,Hadapsar,3200000,5378
0,3,0,1,1,0,16,610,1,1,1 BHK Apartment ,3,Hadapsar,2700000,4426
1,3,3,0,0,0,3,1200,2,2,2 BHK Apartment ,1,Hadapsar,5500000,4583
0,3,1,1,1,0,0,1374,2,3,3 BHK Apartment ,5,Balewadi,9500000,6914
0,3,0,1,1,0,3,640,2,1,1 BHK Apartment ,3,Dhanori,3100000,4843
0,3,0,1,1,0,7,1023,1,2,2 BHK Apartment ,1,Hadapsar,6000000,5865
0,3,0,1,1,0,4,1023,1,2,2 BHK Apartment ,2,Hadapsar,6000000,5865
0,3,0,1,1,0,6,2200,3,3,3 BHK Apartment ,4,Hadapsar,15000000,6818
0,3,0,1,1,0,7,632,1,1,1 BHK Apartment ,1,Dhanori,3300000,5221
0,3,1,1,1,1,4,575,1,1,1 BHK Apartment ,3,Sasane Nagar,3000000,5217
0,3,0,1,1,0,4,500,1,1,1 BHK Apartment ,1,Hadapsar,3500000,7000
0,3,1,1,1,0,5,1300,2,3,3 BHK Apartment ,5,Hadapsar,7700000,5923
0,3,0,1,1,0,16,670,1,1,1 BHK Apartment ,3,Hadapsar,2700000,4029
0,3,0,1,1,0,7,683,2,1,1 BHK Apartment ,9,Hadapsar,3000000,4392
0,3,0,1,1,1,2,1560,1,3,3 BHK Apartment ,8,Bavdhan,11000000,7051
0,3,0,1,1,0,12,630,1,1,1 BHK Apartment ,3,Hadapsar,3000000,4761
0,3,0,1,1,0,5,1310,2,2,3 BHK Apartment ,1,Vishrantwadi,10000000,7633
1,3,3,0,1,0,5,550,1,1,1 BHK Apartment ,2,Kharadi,3300000,6000
0,3,0,1,1,0,4,600,1,1,1 BHK Apartment ,3,Hadapsar,3800000,6333
0,3,0,1,1,0,5,1200,2,1,2 BHK Apartment ,5,Kalyani Nagar,8100000,6750
0,3,1,1,1,0,5,575,1,1,1 BHK Apartment ,6,Hadapsar,2350000,4086
1,3,3,0,1,0,1,866,2,2,2 BHK Apartment ,4,Hinjewadi,4800000,5542
1,3,3,1,1,0,3,1600,1,3,3 BHK Apartment ,2,Pimple Saudagar,11500000,7187
0,3,0,1,1,0,3,7500,2,5,5 BHK Apartment ,2,Koregaon Park,170000000,22666
0,3,1,0,0,0,11,2285,2,3,3 BHK Apartment ,1,Kalyani Nagar,38000000,16630
0,3,0,0,0,0,11,2400,2,4,4 BHK Villa ,0,Koregaon Park,32000000,13333
0,3,0,0,0,0,16,1280,2,2,2 BHK Apartment ,3,Koregaon Park,13000000,10156
0,3,2,1,0,0,16,1400,2,3,3 BHK Apartment ,2,Koregaon Park,13000000,9286
0,3,2,1,0,0,11,650,2,1,1 BHK Apartment ,3,Viman Nagar,4000000,6154
0,3,0,0,0,0,22,980,2,2,2 BHK Apartment ,1,Viman Nagar,4400000,4490
0,3,0,1,0,0,11,2450,2,3,4 BHK Apartment ,3,Koregaon Park,40000000,16326
0,3,1,1,1,0,11,640,2,1,1 BHK Apartment ,5,Viman Nagar,3700000,5781
0,3,2,1,1,0,11,1610,2,3,3 BHK Apartment ,3,Kharadi,7000000,4348
0,3,0,0,0,0,11,2050,2,2,2 BHK Villa ,0,Viman Nagar,10000000,4878
0,3,0,1,1,0,11,550,2,1,1 BHK Apartment ,2,Yerawada,3600000,6545
0,3,1,1,0,0,11,825,2,1,1 BHK Apartment ,4,Yerawada,3700000,4485
0,3,1,1,0,0,11,1022,2,2,2 BHK Apartment ,2,Viman Nagar,6500000,6360
0,3,0,1,0,0,16,800,2,2,2 BHK Apartment ,3,Viman Nagar,5200000,6500
0,3,0,1,0,0,11,1600,2,3,3 BHK Apartment ,2,Koregaon Park,12500000,7813
0,3,0,0,0,0,16,1215,2,2,2 BHK Apartment ,3,Koregaon Park,13500000,11111
0,3,0,0,0,0,11,1215,2,2,2 BHK Apartment ,3,Koregaon Park,12000000,9876
0,3,2,0,1,0,6,4000,2,5,5 BHK Apartment ,0,Viman Nagar,45000000,11250
0,3,0,1,1,0,21,1200,2,2,2 BHK Apartment ,2,Bund Garden,18000000,15000
0,2,2,0,1,0,21,2050,2,4,4 BHK Villa ,0,Viman Nagar,17000000,8292
0,3,0,1,0,0,9,945,2,2,2 BHK Apartment ,2,Kalyani Nagar,9600000,10158
0,3,0,1,0,0,6,820,2,2,2 BHK Apartment ,8,Kalyani Nagar,10600000,12926
0,3,0,1,1,0,11,965,2,2,2 BHK Apartment ,2,Koregaon Park,9000000,9326
0,3,1,1,1,0,11,1350,2,3,3 BHK Apartment ,9,Kalyani Nagar,10000000,7407
1,3,3,0,0,0,6,2125,2,3,3 BHK Apartment ,4,Kalyani Nagar,30000000,14117
0,3,0,1,1,0,11,2000,2,3,3 BHK Apartment ,8,Kalyani Nagar,14000000,7000
0,3,1,1,1,0,11,1600,2,3,3 BHK Apartment ,5,Mundhwa,11600000,7250
1,3,3,1,1,0,11,1183,2,2,2 BHK Apartment ,2,Kharadi,5910100,4996
0,3,0,1,1,0,2,1810,2,2,2 BHK Apartment ,0,Viman Nagar,13600000,7513
0,3,2,1,1,0,2,2650,2,4,4 BHK Apartment ,3,Koregaon Park,39000000,14716
0,3,0,1,1,0,2,1175,2,2,2 BHK Apartment ,4,Wagholi,5950000,5063
0,3,0,1,1,0,2,1400,2,2,2 BHK Apartment ,4,Kharadi,10000000,7142
1,3,3,1,1,0,6,2060,2,4,4 BHK Apartment ,0,Viman Nagar,18000000,8737
0,0,0,1,1,0,3,1495,2,3,3 BHK Apartment ,13,Hinjewadi,9000000,6020
0,3,2,1,1,0,11,1575,2,3,3 BHK Apartment ,5,Sangamvadi,20000000,12698
0,3,0,0,0,0,6,1300,2,3,3 BHK Apartment ,4,Koregaon Park,17000000,13076
0,3,1,0,1,0,11,1930,2,3,3 BHK Apartment ,5,Sangamvadi,26000000,13471
0,3,0,1,1,0,6,900,1,2,2 BHK Apartment ,3,Kondhwa,4600000,5111
0,2,0,1,1,1,4,1125,1,2,2 BHK Apartment ,2,Viman Nagar,12000000,10666
0,3,1,1,1,1,5,1271,1,3,3 BHK Apartment ,8,Kondhwa,8999999,7081
0,3,1,1,1,0,6,1200,2,2,3 BHK Apartment ,5,Undri,5300000,4416
0,0,0,1,1,0,1,1115,1,2,2 BHK Apartment ,3,Hadapsar,7900000,7085
0,2,2,1,1,0,3,907,1,2,2 BHK Apartment ,7,Wagholi,4200000,4630
0,3,0,1,1,0,4,1145,3,2,2 BHK Apartment ,6,Wagholi,5575000,4868
0,2,0,1,1,0,8,1000,1,2,2 BHK Apartment ,6,Mundhwa,6800000,6800
0,3,0,1,1,0,3,1205,1,2,2 BHK Apartment ,9,Hinjewadi,6200000,5145
0,3,1,1,1,0,5,1089,3,2,2 BHK Apartment ,5,Baner,7000000,6427
0,2,0,0,1,0,10,600,1,1,1 BHK Apartment ,3,Mundhwa,3000000,5000
0,2,1,1,1,0,7,560,2,1,1 BHK Apartment ,3,Aundh,5100000,9107
0,2,1,0,0,0,12,2000,2,3,3 BHK Apartment ,5,Kondhwa,10000000,5000
0,3,1,1,1,0,5,600,1,2,1 BHK Apartment ,5,Tingre Nagar,5500000,9166
0,3,0,1,1,0,11,1180,2,3,3 BHK Apartment ,2,Kalyani Nagar,7800000,6610
0,3,0,1,1,0,11,1140,2,2,2 BHK Apartment ,7,Kharadi,7000000,6140
0,3,0,0,0,0,11,1300,2,2,3 BHK Apartment ,4,Koregaon Park,12500000,9615
0,3,2,1,1,0,11,1500,2,3,3 BHK Apartment ,2,Viman Nagar,10000000,6667
0,3,0,1,1,0,11,1265,2,2,2 BHK Apartment ,4,Viman Nagar,8800000,6957
0,3,1,1,1,0,7,1500,2,3,3 BHK Apartment ,3,Kondhwa,8400000,5600
0,3,1,1,1,1,6,957,1,2,2 BHK Apartment ,5,Pimple Saudagar,7200000,7523
0,3,0,1,1,0,0,1060,3,2,2 BHK Apartment ,3,Wagholi,5000000,4716
0,2,0,1,1,0,5,1362,2,3,3 BHK Apartment ,8,Kharadi,8555555,6281
0,3,1,1,1,1,4,980,2,2,2 BHK Apartment ,3,Balewadi,7000000,7142
0,3,0,1,1,0,2,610,1,1,1 BHK Apartment ,1,Bavdhan,4100000,6721
0,3,0,1,1,0,3,784,2,2,1 BHK Apartment ,4,Kondhwa,3400000,4336
0,3,0,1,1,0,8,600,1,1,1 BHK Apartment ,6,Sasane Nagar,2650000,4416
1,3,3,1,1,0,2,1086,1,2,2 BHK Apartment ,11,Wakad,6500000,5985
0,3,1,1,1,0,2,1979,2,3,3 BHK Apartment ,2,Kharadi,16000000,8084
0,3,1,1,1,0,12,500,2,1,1 BHK Apartment ,2,Hadapsar,2000000,4000
0,3,1,1,1,1,4,1064,3,2,2 BHK Apartment ,5,Sasane Nagar,6000000,5639
0,2,0,1,1,0,9,1200,2,2,2 BHK Apartment ,1,Hadapsar,5000000,4166
0,3,0,1,1,0,4,741,2,1,1 BHK Apartment ,2,Wagholi,2400000,3238
0,3,1,1,1,0,10,610,1,1,1 BHK Apartment ,3,Wakad,3599000,5900
0,3,2,1,1,0,9,1815,2,3,3 BHK Apartment ,7,Mundhwa,20000000,11019
0,3,0,1,1,0,10,1650,2,3,3 BHK Apartment ,8,Wadgaon Sheri,12500000,7575
0,3,0,1,1,0,6,836,2,2,2 BHK Apartment ,3,Lohegaon,3900000,4665
0,3,2,1,1,1,10,1300,2,2,2 BHK Apartment ,7,Kalyani Nagar,16000000,12307
0,3,0,1,1,0,4,636,2,1,1 BHK Apartment ,5,Hadapsar,2800000,4402
0,3,0,0,1,0,1,1205,1,2,2 BHK Apartment ,3,Kothrud,8900000,7385
0,3,1,1,1,0,0,2800,2,5,4 BHK Apartment ,4,Mundhwa,31500000,11250
0,3,0,0,0,0,10,500,2,1,1 BHK Apartment ,2,Koregaon Park,6000000,12000
0,2,2,0,0,0,10,630,1,1,1 BHK Apartment ,1,Boat Club Road,8800000,13968
0,3,1,0,1,0,10,1460,2,3,2 BHK Apartment ,3,Bavdhan,13000000,8904
0,3,1,1,1,1,6,1600,2,3,3 BHK Apartment ,8,Kharadi,9200000,5750
1,3,3,1,1,1,1,1225,2,2,2 BHK Apartment ,1,Hinjewadi,6282600,5128
1,2,3,1,1,1,0,4300,2,4,4 BHK Apartment ,10,Kothrud,65300000,15186
0,3,2,1,1,0,9,1815,2,3,3 BHK Apartment ,7,Mundhwa,20000000,11019
0,3,0,1,1,0,10,1650,2,3,3 BHK Apartment ,8,Wadgaon Sheri,12500000,7575
1,3,3,1,1,0,2,1426,3,3,3 BHK Apartment ,6,Manjari,6600000,4628
0,3,0,1,1,1,1,1050,1,2,2 BHK Apartment ,5,Baner,6700000,6380
0,3,0,0,1,0,5,1750,3,2,3 BHK Apartment ,8,Viman Nagar,11800000,6742
0,3,0,1,1,0,2,1167,2,2,2 BHK Apartment ,3,Hadapsar,7500000,6426
0,3,0,1,1,0,2,505,2,1,1 BHK Apartment ,1,Hadapsar,3500000,6930
0,3,0,1,1,0,6,1400,2,3,3 BHK Apartment ,2,Hadapsar,7500000,5357
0,3,1,1,1,0,4,1200,3,3,3 BHK Apartment ,3,Rahatani,8100000,6750
1,2,3,1,1,0,6,550,2,1,1 BHK Apartment ,3,Hadapsar,2500000,4545
1,3,3,1,1,0,1,1330,2,2,2 BHK Apartment ,5,Hinjewadi,7500000,5639
0,3,0,1,1,0,5,1350,2,2,3 BHK Apartment ,5,Koregaon Park,10000000,7407
0,3,1,1,1,0,5,1250,2,2,2 BHK Apartment ,8,Viman Nagar,7600000,6080
0,3,1,1,1,0,2,1255,2,2,2 BHK Apartment ,2,Kharadi,9100000,7251
0,3,1,0,0,0,5,1195,2,2,2 BHK Apartment ,5,Viman Nagar,8500000,7112
0,2,0,1,1,1,7,1370,2,3,3 BHK Apartment ,7,Pimple Saudagar,8400000,6131
0,2,0,1,1,1,8,953,2,2,2 BHK Apartment ,4,Pimple Saudagar,6700000,7030
0,2,0,0,0,0,26,500,1,1,1 BHK Apartment ,1,Kothrud,4300000,8600
1,2,3,1,1,0,6,900,2,2,2 BHK Apartment ,7,Hadapsar,3500000,3888
0,2,0,1,1,0,6,630,2,1,1 BHK Apartment ,4,Hadapsar,2500000,3968
0,2,0,1,1,0,2,3315,2,2,2 BHK Apartment ,14,Hadapsar,25000000,7541
0,2,0,1,1,0,2,680,2,1,1 BHK Apartment ,13,Hadapsar,5500000,8088
0,2,0,1,1,0,3,725,2,1,1 BHK Apartment ,4,Manjari,3400000,4689
1,3,3,1,1,0,2,1632,2,3,3 BHK Apartment ,3,Handewadi,6581600,4032
0,3,0,1,1,0,3,1255,3,2,2 BHK Apartment ,9,Kharadi,9500000,7569
0,3,0,0,0,0,6,1150,2,1,2 BHK Apartment ,8,Kharadi,7000000,6086
0,0,1,0,1,0,2,2200,2,3,3 BHK Apartment ,4,Kharadi,12000000,5454
0,3,1,0,0,1,4,1400,1,3,3 BHK Apartment ,4,Bavdhan,8500000,6071
0,3,0,1,1,0,4,1150,3,2,2 BHK Apartment ,8,Kalyani Nagar,8500000,7391
0,3,2,0,1,0,5,1650,3,2,3 BHK Apartment ,6,Viman Nagar,15000000,9090
0,3,2,1,1,0,5,1560,2,2,2 BHK Apartment ,2,Viman Nagar,10000000,6410
0,3,2,1,1,0,5,1600,2,2,2 BHK Apartment ,9,Viman Nagar,13800000,8625
0,3,0,1,1,0,5,1450,2,2,3 BHK Apartment ,3,Kharadi,8300000,5724
0,3,2,1,1,0,5,1240,2,1,2 BHK Apartment ,4,Wadgaon Sheri,11000000,8870
0,3,1,1,1,0,5,1558,2,2,3 BHK Apartment ,8,Kharadi,9900000,6354
0,3,1,1,1,0,5,1650,3,2,3 BHK Apartment ,8,Viman Nagar,13800000,8363
1,3,3,1,1,0,2,1157,2,2,2 BHK Apartment ,8,Baner,7500000,6482
1,3,3,1,1,0,0,1100,1,2,2 BHK Apartment ,3,Bavdhan,6200000,5636
0,3,0,0,1,0,5,1500,2,1,3 BHK Apartment ,7,Kharadi,7500000,5000
0,3,0,1,0,0,3,900,2,2,2 BHK Apartment ,4,Handewadi,4300000,4777
0,3,0,1,1,0,5,1167,1,1,2 BHK Apartment ,3,Tingre Nagar,5600000,4798
1,3,3,1,1,0,2,1350,2,2,2 BHK Apartment ,2,Hadapsar,10000000,7407
1,3,3,1,1,0,1,785,2,1,1 BHK Apartment ,5,Hadapsar,3218500,4100
0,3,0,1,1,0,11,894,2,2,2 BHK Apartment ,2,Hadapsar,4500000,5033
1,3,3,1,1,1,0,1339,2,3,3 BHK Apartment ,6,Bavdhan,8300000,6198
0,3,0,1,1,0,8,640,1,1,1 BHK Apartment ,4,Wakad,3800000,5937
0,3,0,1,1,0,5,1550,2,2,2 BHK Apartment ,8,Kalyani Nagar,9200000,5935
0,3,0,1,1,0,4,1050,1,2,2 BHK Apartment ,4,Manjari,4000000,3809
0,3,0,1,1,0,5,1030,2,2,2 BHK Apartment ,2,Handewadi,5200000,5048
0,2,0,1,1,0,1,1550,1,3,3 BHK Apartment ,11,Wakad,10200000,6580
0,3,0,1,1,0,5,1620,1,1,3 BHK Apartment ,9,Kharadi,9500000,5864
0,3,0,1,1,0,5,840,2,2,2 BHK Apartment ,1,Hadapsar,4000000,4761
0,3,0,1,1,0,3,950,2,2,2 BHK Apartment ,10,Hadapsar,4700000,4947
1,3,3,1,1,0,0,2580,2,4,4 BHK Apartment ,7,Hinjewadi,15000000,5813
0,3,0,1,0,0,4,1028,2,2,2 BHK Apartment ,6,NIBM Annex Mohammadwadi,4200000,4085
0,3,0,1,1,0,5,762,1,1,2 BHK Apartment ,2,Tingre Nagar,4100000,5380
0,3,1,1,1,0,4,999,2,2,2 BHK Apartment ,1,Baner,6500000,6506
0,3,0,1,1,0,11,1025,2,2,2 BHK Apartment ,2,Hadapsar,5700000,5560
1,3,3,1,1,0,2,1000,2,2,2 BHK Apartment ,1,Kondhwa,6000000,6000
1,3,3,1,1,0,0,1167,2,2,2 BHK Apartment ,4,NIBM Annex Mohammadwadi,4609650,3950
0,3,0,1,1,0,5,750,1,1,1 BHK Apartment ,0,Dhanori,3500000,4666
0,3,0,1,0,0,5,631,1,1,1 BHK Apartment ,2,Hadapsar,3500000,5546
1,3,3,1,1,0,1,971,2,2,2 BHK Apartment ,4,NIBM Annex Mohammadwadi,4300000,4428
1,3,3,1,1,1,1,980,2,2,2 BHK Apartment ,6,Wakad,6000000,6122
0,3,1,1,1,0,5,900,2,2,2 BHK Apartment ,4,Sasane Nagar,4400000,4888
0,3,0,1,1,0,10,400,1,1,1 BHK Apartment ,2,Hadapsar,2300000,5750
0,3,2,1,1,1,2,1980,2,4,3 BHK Apartment ,11,Kharadi,14000000,7070
1,3,3,1,1,0,0,3600,3,5,5 BHK Apartment ,6,Baner,45000000,12500
0,3,0,1,1,0,5,950,2,2,2 BHK Apartment ,1,Hadapsar,4500000,4736
1,3,3,1,1,0,0,2650,2,4,4 BHK Apartment ,7,Baner,21000000,7924
1,3,3,1,1,0,0,2200,2,3,3 BHK Apartment ,4,Aundh,26000000,11818
1,3,3,1,1,1,0,1426,2,3,3 BHK Apartment ,6,Sus,8500000,5960
1,3,3,1,1,0,2,640,1,1,1 BHK Apartment ,2,Dhanori,2700000,4218
0,3,1,0,0,0,7,2000,3,3,3 BHK Apartment ,9,Koregaon Park,22000000,11000
0,3,1,1,1,0,5,1150,1,1,2 BHK Apartment ,2,Tingre Nagar,7500000,6521
0,3,0,1,1,0,5,1350,2,1,3 BHK Apartment ,6,Vishrantwadi,9500000,7037
1,3,3,1,1,0,2,1190,2,2,2 BHK Apartment ,9,Manjari,5500000,4621
1,3,3,1,1,0,0,650,2,1,1 BHK Apartment ,4,Hadapsar,3900000,6000
0,3,1,1,1,0,7,835,1,2,2 BHK Apartment ,2,Hadapsar,4800000,5748
0,3,1,1,1,0,5,1108,1,1,2 BHK Apartment ,6,Yerawada,8500000,7671
0,3,0,1,1,0,5,585,1,1,1 BHK Apartment ,10,Hadapsar,3200000,5470
0,0,1,1,1,0,1,1985,2,3,3 BHK Apartment ,3,Kharadi,13500000,6801
0,3,0,0,1,0,6,1450,2,2,3 BHK Apartment ,3,Kharadi,7500000,5172
0,3,0,1,1,0,5,1050,1,2,2 BHK Apartment ,7,Viman Nagar,9300000,8857
0,3,1,1,1,0,5,1320,2,2,2 BHK Apartment ,8,Kharadi,7200000,5454
0,3,0,1,0,0,0,995,2,2,2 BHK Apartment ,1,Baner,6200000,6231
0,3,0,1,1,0,6,1242,2,2,2 BHK Apartment ,8,Kharadi,6600000,5314
1,3,3,0,0,0,0,3145,2,4,4 BHK Apartment ,6,Baner,32000000,10174
0,3,0,1,1,0,1,1717,2,3,3 BHK Apartment ,10,Rahatani,11498749,6697
1,3,3,1,1,0,1,1167,2,2,2 BHK Apartment ,1,NIBM Annex Mohammadwadi,5301400,4542
0,3,0,1,1,0,3,610,2,1,1 BHK Apartment ,2,Manjari,3000000,4918
0,3,0,1,1,0,3,485,2,1,1 BHK Apartment ,4,Hadapsar,2499690,5154
0,3,0,1,1,0,3,690,2,1,1 BHK Apartment ,2,Hadapsar,3100000,4492
0,3,0,1,1,0,2,600,2,1,1 BHK Apartment ,3,Hadapsar,3200000,5333
0,3,0,1,1,0,2,1070,2,2,2 BHK Apartment ,2,Hadapsar,8000000,7476
0,3,0,1,1,0,2,950,2,2,2 BHK Apartment ,3,Hadapsar,4500000,4736
0,3,1,1,1,0,3,710,2,1,1 BHK Apartment ,3,Hadapsar,3000000,4225
1,3,3,1,1,0,2,1000,2,2,2 BHK Apartment ,2,Hadapsar,5500000,5500
1,3,3,1,1,0,2,750,2,2,2 BHK Apartment ,3,Undri,4500000,6000
1,3,3,1,1,0,2,600,2,1,1 BHK Apartment ,4,Handewadi,3240994,5401
0,3,2,1,1,0,11,971,2,2,2 BHK Apartment ,4,Hadapsar,6500000,6694
0,3,0,1,1,0,6,1400,2,3,3 BHK Apartment ,3,Manjari,7480000,5342
0,3,0,1,1,0,5,615,1,1,1 BHK Apartment ,3,Hadapsar,3000000,4878
1,3,3,1,1,0,2,1429,3,3,3 BHK Apartment ,8,Manjari,6600000,4618
0,3,0,1,1,0,3,980,2,2,2 BHK Apartment ,3,Manjari,5200000,5306
1,3,3,1,1,0,0,650,2,1,1 BHK Apartment ,8,Hadapsar,3900000,6000
0,3,1,1,1,1,1,2145,1,3,3 BHK Apartment ,11,Hadapsar,13500000,6293
0,3,0,1,1,0,5,950,2,2,2 BHK Apartment ,1,Hadapsar,4200000,4421
0,3,0,1,1,0,4,981,2,2,2 BHK Apartment ,2,Hadapsar,4200000,4281
0,3,1,1,1,0,2,1450,1,3,3 BHK Apartment ,5,Bavdhan,10000000,6896
0,3,0,1,1,0,8,1650,3,3,3 BHK Apartment ,5,Viman Nagar,12000000,7272
0,3,0,1,1,0,7,1350,2,2,2 BHK Apartment ,8,Viman Nagar,7200000,5333
0,3,0,1,1,0,8,1200,2,2,2 BHK Apartment ,7,Viman Nagar,8000000,6666
1,3,3,1,0,0,2,651,2,1,1 BHK Apartment ,2,Hadapsar,2500000,3840
0,3,0,1,1,0,2,1063,2,2,2 BHK Apartment ,7,Bavdhan,6700000,6302
1,3,3,1,1,0,3,927,1,1,2 BHK Apartment ,11,Dhanori,5500000,5933
0,3,0,0,0,0,5,1650,2,1,3 BHK Apartment ,7,Wadgaon Sheri,13000000,7878
0,3,0,1,1,0,5,1670,3,2,3 BHK Apartment ,9,Kharadi,11200000,6706
0,3,0,1,1,0,5,1445,2,2,2 BHK Apartment ,7,Kharadi,9800000,6782
0,3,0,1,1,0,3,1250,2,1,2 BHK Apartment ,10,Kalyani Nagar,8200000,6560
1,3,3,1,1,0,1,1355,2,2,2 BHK Apartment ,10,Kharadi,9700000,7158
0,3,0,1,1,0,3,1360,2,2,2 BHK Apartment ,11,Kharadi,10000000,7352
0,3,1,1,1,0,5,1160,3,2,2 BHK Apartment ,9,Kalyani Nagar,9200000,7931
0,3,0,0,1,0,3,1056,2,1,2 BHK Apartment ,7,Viman Nagar,8000000,7575
0,3,2,1,1,0,5,1500,2,2,3 BHK Apartment ,8,Kalyani Nagar,15500000,10333
0,3,0,1,1,0,3,605,2,1,1 BHK Apartment ,1,Hadapsar,3600000,5950
1,3,3,0,0,0,0,629,2,1,1 BHK Apartment ,5,Mundhwa,3800000,6041
0,3,0,1,1,0,7,975,2,2,2 BHK Apartment ,4,Sasane Nagar,9900000,10153
1,3,3,1,1,0,0,1898,2,3,3 BHK Apartment ,10,Baner,14300000,7534
0,3,0,1,1,0,5,1050,2,2,2 BHK Apartment ,4,Pimple Saudagar,6900000,6571
0,3,0,0,1,0,2,1050,2,2,2 BHK Apartment ,6,Wakad,6300000,6000
0,3,0,0,1,0,5,1180,2,2,2 BHK Apartment ,1,Rahatani,7865880,6666
0,3,0,1,0,0,11,540,2,1,1 BHK Apartment ,2,Hadapsar,2100000,3888
0,3,2,1,0,0,11,773,2,2,2 BHK Apartment ,3,Hadapsar,3600000,4657
1,3,3,1,1,0,11,600,2,1,1 BHK Apartment ,3,Hadapsar,3800000,6333
0,3,1,1,1,0,6,910,2,2,2 BHK Apartment ,3,Hadapsar,5200000,5714
0,3,2,1,1,0,3,985,1,2,2 BHK Apartment ,2,Hadapsar,4500000,4568
1,3,3,1,1,0,1,580,1,1,1 BHK Apartment ,2,Dhanori,2404100,4145
0,3,2,0,1,0,4,1200,2,2,2 BHK Apartment ,7,Hadapsar,10000000,8333
0,3,1,1,1,0,4,835,2,2,2 BHK Apartment ,1,Hadapsar,4800000,5748
0,3,0,0,1,0,5,1700,2,3,3 BHK Villa ,2,Pimple Saudagar,12277400,7222
1,3,3,1,1,0,2,1167,2,2,2 BHK Apartment ,6,Undri,5600000,4798
1,3,3,1,1,0,2,1023,2,2,2 BHK Apartment ,3,Undri,4700000,4594
1,3,3,1,1,0,0,1145,2,2,2 BHK Apartment ,1,NIBM Annex Mohammadwadi,4925000,4301
1,3,3,1,1,0,2,1167,2,2,2 BHK Apartment ,7,Undri,5600000,4798
0,3,2,1,1,0,5,1300,1,1,2 BHK Apartment ,4,Viman Nagar,9800000,7538
1,2,3,1,1,0,3,857,1,2,2 BHK Apartment ,10,Hadapsar,4350000,5075
1,2,3,1,1,0,1,1043,2,2,2 BHK Apartment ,9,Hadapsar,4700000,4506
1,2,3,1,1,0,2,850,2,2,2 BHK Apartment ,16,Hadapsar,6800000,8000
1,2,3,1,1,0,2,1070,2,2,2 BHK Apartment ,14,Hadapsar,8000000,7476
0,2,0,1,1,0,2,2200,2,3,3 BHK Apartment ,13,Hadapsar,17000000,7727
0,3,0,1,1,0,7,1130,1,2,2 BHK Apartment ,4,Pimple Saudagar,7700000,6814
0,3,0,1,1,0,3,1600,1,2,3 BHK Apartment ,1,Hinjewadi,7000000,4375
0,3,0,1,1,0,8,1080,1,2,2 BHK Apartment ,2,Bavdhan,7000000,6481
0,3,0,1,1,0,5,616,1,1,1 BHK Apartment ,3,Hadapsar,2500000,4058
0,3,0,1,1,0,11,732,2,2,2 BHK Apartment ,2,Hadapsar,5500000,7513
0,3,0,1,1,0,5,1197,2,2,2 BHK Apartment ,3,Undri,5500000,4594
0,3,0,1,0,0,6,824,2,2,2 BHK Apartment ,3,Hadapsar,4000000,4854
0,3,0,1,1,0,5,1045,1,1,2 BHK Apartment ,7,Dhanori,6800000,6507
0,3,1,1,1,0,5,1250,1,1,2 BHK Apartment ,5,Kalyani Nagar,9500000,7600
0,3,2,1,1,0,5,2360,3,2,4 BHK Apartment ,6,Kalyani Nagar,17000000,7203
0,3,0,1,1,0,4,1242,2,2,2 BHK Apartment ,7,Kharadi,6700000,5394
0,3,1,0,0,0,6,1200,2,2,2 BHK Apartment ,9,Kharadi,7700000,6416
0,3,2,1,1,0,5,3000,3,3,3 BHK Apartment ,8,Viman Nagar,25000000,8333
0,3,0,1,1,0,5,1420,3,3,3 BHK Apartment ,8,Kharadi,8500000,5985
0,3,0,0,0,0,7,1200,2,2,2 BHK Apartment ,10,Kharadi,7700000,6416
0,3,0,1,1,0,5,1260,2,2,2 BHK Apartment ,9,Kalyani Nagar,12500000,9920
0,3,1,1,1,0,5,1650,3,3,3 BHK Apartment ,7,Viman Nagar,12000000,7272
0,3,0,1,1,0,6,1300,1,2,3 BHK Apartment ,1,Pimple Saudagar,7000000,5384
1,2,3,1,1,0,1,4600,1,4,4 BHK Apartment ,11,Hadapsar,50000000,10869
0,3,2,1,1,0,5,1595,2,2,3 BHK Apartment ,6,Viman Nagar,14800000,9278
0,3,0,0,0,0,1,1070,2,2,2 BHK Apartment ,7,Kharadi,6000000,5607
0,3,1,0,0,0,7,1550,3,3,3 BHK Apartment ,8,Kharadi,8500000,5483
0,3,0,1,1,0,5,1000,2,2,2 BHK Apartment ,5,Tingre Nagar,4800000,4800
0,3,0,0,0,0,5,1550,3,3,3 BHK Apartment ,4,Wadgaon Sheri,10000000,6451
0,3,0,0,0,0,7,1600,3,3,3 BHK Apartment ,6,Wadgaon Sheri,10000000,6250
0,3,1,1,1,0,7,1255,2,2,2 BHK Apartment ,9,Viman Nagar,7400000,5896
0,3,1,0,0,0,6,1800,3,3,3 BHK Apartment ,7,Koregaon Park,17500000,9722
0,3,0,0,0,0,7,1600,3,3,3 BHK Apartment ,5,Viman Nagar,11500000,7187
0,3,0,1,1,0,6,1400,2,2,2 BHK Apartment ,6,Tingre Nagar,7500000,5357
0,2,1,1,1,0,14,1000,2,2,2 BHK Apartment ,5,Aundh,10000000,10000
0,3,0,0,1,0,3,1056,2,1,2 BHK Apartment ,8,Viman Nagar,8000000,7575
1,3,3,1,1,0,0,1029,2,2,2 BHK Apartment ,5,Manjari,5200000,5053
1,3,3,0,0,0,0,670,2,1,1 BHK Apartment ,8,Mundhwa,4500000,6716
1,3,3,0,0,0,0,670,2,1,1 BHK Apartment ,7,Mundhwa,3800000,5671
0,3,0,1,1,0,5,1360,2,2,3 BHK Apartment ,7,Kharadi,10000000,7352
0,3,0,0,1,0,3,1200,3,2,2 BHK Apartment ,8,Viman Nagar,11800000,9833
0,3,1,1,1,0,5,1145,2,2,2 BHK Apartment ,8,Vishrantwadi,8500000,7423
0,3,0,0,1,0,3,1165,2,2,2 BHK Apartment ,3,Viman Nagar,7200000,6180
0,3,0,1,1,0,5,1750,3,2,3 BHK Apartment ,5,Kalyani Nagar,13500000,7714
0,3,1,0,1,0,4,1360,3,3,3 BHK Apartment ,6,Viman Nagar,12000000,8823
0,3,0,0,1,0,4,1060,2,1,2 BHK Apartment ,4,Viman Nagar,8300000,7830
0,3,0,1,1,0,5,1120,1,1,2 BHK Apartment ,10,Kharadi,7500000,6696
0,3,0,0,1,0,4,1150,2,2,2 BHK Apartment ,3,Viman Nagar,7800000,6782
0,3,0,1,1,0,5,1135,1,1,2 BHK Apartment ,3,Kalyani Nagar,8500000,7488
0,3,1,0,1,0,4,1805,3,3,3 BHK Apartment ,4,Viman Nagar,15800000,8753
0,3,0,0,1,0,4,1360,2,2,3 BHK Apartment ,4,Viman Nagar,12000000,8823
0,3,2,0,1,0,5,1300,2,2,2 BHK Apartment ,5,Viman Nagar,11200000,8615
0,3,0,1,1,0,5,1755,3,2,3 BHK Apartment ,6,Kalyani Nagar,13200000,7521
0,3,0,1,1,0,3,1980,3,3,3 BHK Apartment ,11,Kharadi,14000000,7070
0,3,0,1,1,0,5,1160,2,1,2 BHK Apartment ,5,Kalyani Nagar,9500000,8189
1,3,3,1,1,0,1,1690,3,2,3 BHK Apartment ,6,Kharadi,11000000,6508
0,3,0,1,1,0,5,1340,2,2,2 BHK Apartment ,9,Kalyani Nagar,8200000,6119
0,3,0,0,1,0,4,1150,2,2,2 BHK Apartment ,6,Viman Nagar,7900000,6869
0,3,0,1,1,0,5,1250,2,1,2 BHK Apartment ,7,Kharadi,7600000,6080
0,3,0,1,1,0,5,1250,2,1,2 BHK Apartment ,4,Kharadi,7800000,6240
0,3,0,0,1,0,3,1150,2,1,2 BHK Apartment ,4,Viman Nagar,7800000,6782
0,3,0,1,1,0,5,1150,1,1,2 BHK Apartment ,10,Kharadi,7500000,6521
0,3,0,1,1,0,4,1250,2,2,2 BHK Apartment ,6,Kalyani Nagar,8200000,6560
1,3,3,1,1,0,1,1855,3,3,3 BHK Apartment ,9,Kharadi,14300000,7708
0,3,0,1,1,0,1,1315,2,2,2 BHK Apartment ,8,Kharadi,9800000,7452
1,3,3,1,1,0,1,1650,3,3,3 BHK Apartment ,7,Kharadi,12800000,7757
0,3,0,0,1,0,3,1380,3,3,3 BHK Apartment ,9,Viman Nagar,11500000,8333
0,3,0,0,1,0,3,1250,2,2,2 BHK Apartment ,5,Viman Nagar,9000000,7200
0,3,0,1,1,0,4,1250,2,2,2 BHK Apartment ,9,Kalyani Nagar,8000000,6400
0,3,0,1,1,0,4,1360,3,2,2 BHK Apartment ,11,Kharadi,10000000,7352
0,3,0,0,1,0,3,1150,2,1,2 BHK Apartment ,7,Viman Nagar,9000000,7826
0,3,1,0,1,0,3,1056,3,2,2 BHK Apartment ,9,Viman Nagar,8000000,7575
0,3,0,1,1,0,5,1630,2,2,3 BHK Apartment ,10,Kharadi,10200000,6257
0,3,0,0,1,0,5,1093,1,1,2 BHK Apartment ,5,Viman Nagar,7200000,6587
0,3,0,1,1,0,5,1175,2,1,2 BHK Apartment ,3,Vishrantwadi,6200000,5276
0,3,0,0,1,0,5,894,1,1,1 BHK Apartment ,2,Viman Nagar,6500000,7270
0,3,1,1,1,0,5,1150,2,1,2 BHK Apartment ,8,Kharadi,7000000,6086
0,3,0,0,1,0,5,1080,1,1,2 BHK Apartment ,4,Kharadi,6200000,5740
0,3,0,1,1,0,5,1250,2,1,2 BHK Apartment ,7,Kharadi,7500000,6000
0,3,0,0,1,0,5,1550,1,2,3 BHK Apartment ,5,Kharadi,7900000,5096
0,3,0,1,1,0,6,1050,2,2,2 BHK Apartment ,10,Viman Nagar,7800000,7428
0,3,0,0,1,0,3,894,2,1,1 BHK Apartment ,5,Viman Nagar,6300000,7046
0,3,0,1,1,0,5,910,2,1,2 BHK Apartment ,7,Viman Nagar,6800000,7472
0,3,0,1,1,0,5,600,2,1,1 BHK Apartment ,4,Kalyani Nagar,4500000,7500
0,3,0,1,1,0,5,1150,2,2,2 BHK Apartment ,5,Kalyani Nagar,8300000,7217
0,3,0,0,1,0,4,1170,2,1,2 BHK Apartment ,4,Viman Nagar,9500000,8119
0,3,0,0,1,0,4,1700,3,2,3 BHK Apartment ,4,Viman Nagar,14800000,8705
0,3,0,1,1,0,4,1550,3,2,3 BHK Apartment ,9,Tingre Nagar,10000000,6451
0,3,0,0,1,0,5,1455,2,2,3 BHK Apartment ,8,Tingre Nagar,10000000,6872
0,3,0,1,1,0,5,1360,2,2,2 BHK Apartment ,6,Kalyani Nagar,8200000,6029
0,3,0,0,1,0,4,1060,2,2,2 BHK Apartment ,6,Viman Nagar,8300000,7830
0,3,0,1,1,0,4,1700,2,2,3 BHK Apartment ,11,Wadgaon Sheri,11800000,6941
0,3,0,0,1,0,2,1150,2,1,2 BHK Apartment ,3,Viman Nagar,9000000,7826
0,3,0,0,1,0,3,1150,2,1,2 BHK Apartment ,7,Viman Nagar,9000000,7826
0,3,0,1,1,0,5,1630,3,2,3 BHK Apartment ,2,Kharadi,10200000,6257
0,3,0,1,1,0,2,1350,3,2,2 BHK Apartment ,6,Kharadi,10100000,7481
0,3,0,0,1,0,3,1150,2,2,2 BHK Apartment ,9,Viman Nagar,9000000,7826
0,3,0,1,1,0,5,1250,2,1,2 BHK Apartment ,6,Kalyani Nagar,8200000,6560
0,3,0,0,1,0,3,1150,2,2,2 BHK Apartment ,8,Viman Nagar,9000000,7826
0,3,0,0,1,0,3,1130,3,2,2 BHK Apartment ,4,Viman Nagar,9500000,8407
0,3,0,0,1,0,3,1100,2,2,2 BHK Apartment ,9,Viman Nagar,9300000,8454
0,3,0,0,1,0,5,1231,2,2,2 BHK Apartment ,8,Viman Nagar,12000000,9748
0,3,0,1,1,0,5,1154,2,1,2 BHK Apartment ,7,Kalyani Nagar,9500000,8232
0,3,0,1,1,0,5,1150,2,2,2 BHK Apartment ,7,Kalyani Nagar,8300000,7217
0,3,0,0,1,0,4,1800,3,3,3 BHK Apartment ,3,Viman Nagar,15800000,8777
0,3,2,1,1,0,5,1670,2,3,3 BHK Apartment ,8,Kharadi,11000000,6586
0,3,0,0,1,0,3,1150,2,2,2 BHK Apartment ,5,Viman Nagar,10300000,8956
0,3,0,1,1,0,5,1550,2,2,3 BHK Apartment ,3,Tingre Nagar,10800000,6967
0,3,0,0,1,0,5,1856,3,3,3 BHK Apartment ,5,Tingre Nagar,12800000,6896
0,3,0,0,1,0,4,1090,2,1,2 BHK Apartment ,4,Viman Nagar,8200000,7522
0,3,1,1,1,0,5,900,2,1,2 BHK Apartment ,7,Viman Nagar,7000000,7777
0,3,0,0,1,0,3,1035,2,2,2 BHK Apartment ,9,Viman Nagar,9300000,8985
0,3,0,1,1,0,5,1850,3,3,3 BHK Apartment ,9,Tingre Nagar,12800000,6918
0,3,0,1,1,0,1,1750,3,2,3 BHK Apartment ,7,Kharadi,13300000,7600
0,3,0,1,1,0,5,1740,3,2,3 BHK Apartment ,8,Kharadi,11000000,6321
1,3,3,1,1,0,1,1980,3,3,3 BHK Apartment ,11,Kharadi,13800000,6969
0,3,0,1,1,0,5,670,2,1,1 BHK Apartment ,8,Vishrantwadi,4300000,6417
0,3,0,1,1,0,2,1355,2,2,2 BHK Apartment ,10,Kharadi,9600000,7084
0,3,0,1,1,0,6,1750,3,2,3 BHK Apartment ,4,Kharadi,11000000,6285
0,3,0,1,1,0,5,1144,2,2,2 BHK Apartment ,5,Kalyani Nagar,8500000,7430
0,3,2,0,1,0,4,1425,2,2,2 BHK Apartment ,5,Viman Nagar,12000000,8421
0,3,1,0,1,0,4,1805,3,3,3 BHK Apartment ,4,Viman Nagar,16000000,8864
0,3,2,1,1,0,2,1355,2,2,2 BHK Apartment ,7,Kharadi,11800000,8708
0,3,0,1,1,0,5,1495,2,2,3 BHK Apartment ,4,Tingre Nagar,10800000,7224
0,3,0,1,1,0,5,1750,2,2,3 BHK Apartment ,9,Kalyani Nagar,13500000,7714
0,3,0,1,1,0,5,1650,2,2,2 BHK Apartment ,6,Kalyani Nagar,13200000,8000
0,3,0,0,1,0,4,1030,2,1,2 BHK Apartment ,5,Kharadi,6200000,6019
0,3,0,1,1,0,5,1670,3,2,3 BHK Apartment ,9,Kharadi,11200000,6706
0,3,0,1,1,0,1,1760,3,2,3 BHK Apartment ,9,Kharadi,13500000,7670
0,3,0,0,1,0,3,1060,2,1,2 BHK Apartment ,10,Viman Nagar,9500000,8962
0,3,0,1,1,0,5,998,2,1,2 BHK Apartment ,8,Viman Nagar,7500000,7515
0,3,0,1,1,0,4,980,2,2,2 BHK Apartment ,6,Viman Nagar,7200000,7346
0,3,0,1,1,0,5,1600,1,2,3 BHK Apartment ,6,Wadgaon Sheri,12000000,7500
0,3,0,0,1,0,3,1800,3,2,3 BHK Apartment ,11,Viman Nagar,15800000,8777
1,3,3,1,1,0,1,1980,3,3,3 BHK Apartment ,9,Kharadi,14000000,7070
0,3,0,0,1,0,2,1035,2,1,2 BHK Apartment ,7,Viman Nagar,9500000,9178
0,3,0,1,1,0,5,1100,2,1,2 BHK Apartment ,7,Tingre Nagar,6300000,5727
0,3,0,0,1,0,2,804,2,1,1 BHK Apartment ,2,Viman Nagar,7000000,8706
0,3,0,1,1,0,5,980,2,2,2 BHK Apartment ,7,Viman Nagar,7200000,7346
0,3,0,0,1,0,2,894,2,1,1 BHK Apartment ,8,Viman Nagar,6500000,7270
0,3,0,0,1,0,2,1060,2,2,2 BHK Apartment ,10,Viman Nagar,9500000,8962
0,3,0,1,1,0,4,1100,2,2,2 BHK Apartment ,3,Kharadi,7700000,7000
0,3,1,1,1,0,2,1600,3,3,3 BHK Apartment ,7,Wadgaon Sheri,12000000,7500
0,3,0,1,1,0,1,1089,2,2,2 BHK Apartment ,1,Hadapsar,5500000,5050
1,3,3,1,1,0,0,1084,2,2,2 BHK Apartment ,8,Balewadi,6504000,6000
1,3,3,1,1,0,0,872,1,2,2 BHK Apartment ,17,Hinjewadi,5028000,5766
1,3,3,1,1,0,0,972,1,2,2 BHK Apartment ,6,Sus,5041300,5186
1,3,3,1,1,0,0,1027,2,2,2 BHK Apartment ,3,Wakad,6037000,5878
0,3,0,0,1,0,2,642,2,1,1 BHK Apartment ,2,Dhanori,2600000,4049
0,2,0,1,1,0,2,1000,2,2,2 BHK Apartment ,9,Hadapsar,4800000,4800
1,2,3,1,1,0,2,720,2,2,2 BHK Apartment ,9,Hadapsar,4000000,5555
0,3,0,1,1,1,5,1360,2,3,3 BHK Apartment ,4,Baner,9500000,6985
0,3,0,1,1,0,4,560,1,1,1 BHK Apartment ,6,Manjari,2800000,5000
0,3,0,1,1,0,8,830,2,2,2 BHK Apartment ,2,Hadapsar,5500000,6626
0,3,0,1,1,0,6,980,2,2,2 BHK Apartment ,2,Hadapsar,7000000,7142
0,3,0,1,1,0,7,971,2,2,2 BHK Apartment ,3,Hadapsar,6600000,6797
0,3,0,1,1,0,3,993,1,2,2 BHK Apartment ,2,Hadapsar,4300000,4330
0,3,1,0,0,0,5,1150,1,1,2 BHK Apartment ,9,Vishrantwadi,8300000,7217
0,3,0,1,1,0,6,646,1,1,1 BHK Apartment ,2,Hadapsar,3600000,5572
0,3,0,1,1,0,1,1400,2,3,3 BHK Apartment ,5,Undri,7000000,5000
0,3,0,0,1,0,5,1030,2,2,2 BHK Apartment ,1,Hadapsar,6000000,5825
1,3,3,1,1,0,0,2704,2,4,4 BHK Apartment ,2,Baner,28000000,10355
0,2,0,1,1,0,2,551,2,1,1 BHK Apartment ,2,Hadapsar,2450000,4446
0,3,0,1,0,0,2,462,2,1,1 BHK Apartment ,2,Hadapsar,2000000,4329
0,3,1,1,1,0,5,1150,1,1,2 BHK Apartment ,1,Tingre Nagar,8300000,7217
0,3,0,1,1,0,5,585,1,1,1 BHK Apartment ,10,Hadapsar,3200000,5470
0,3,2,1,1,0,5,1266,2,2,2 BHK Apartment ,5,Kalyani Nagar,9500000,7503
0,3,0,1,1,0,5,1100,2,1,2 BHK Apartment ,2,Viman Nagar,7000000,6363
0,3,2,1,1,0,5,1050,2,1,2 BHK Apartment ,6,Tingre Nagar,7000000,6666
0,3,0,1,1,0,7,1750,3,3,3 BHK Apartment ,9,Kalyani Nagar,10000000,5714
0,3,1,0,0,0,7,1121,2,2,2 BHK Apartment ,8,Kharadi,6300000,5619
0,3,0,1,1,0,4,1250,2,2,2 BHK Apartment ,7,Tingre Nagar,8300000,6640
0,3,0,0,0,0,7,1350,2,2,2 BHK Apartment ,8,Kharadi,8000000,5925
0,3,0,0,0,0,6,1200,2,2,2 BHK Apartment ,3,Viman Nagar,8000000,6666
0,3,1,1,1,0,5,1850,3,3,3 BHK Apartment ,8,Kharadi,13500000,7297
0,3,1,1,1,1,13,1882,3,3,3 BHK Villa ,2,Wakad,15000000,7970
1,3,3,1,1,0,0,650,1,1,1 BHK Apartment ,5,Hadapsar,3900000,6000
1,3,3,1,1,0,1,573,2,1,1 BHK Apartment ,7,Undri,3000000,5235
1,3,3,1,1,0,0,1608,3,3,3 BHK Apartment ,8,Hadapsar,9300000,5783
0,3,1,1,1,0,5,1300,2,2,2 BHK Apartment ,7,Koregaon Park,11000000,8461
1,3,3,1,1,0,1,1050,2,2,2 BHK Apartment ,4,Dhanori,5200000,4952
0,3,2,1,1,0,5,1534,2,2,2 BHK Apartment ,4,Viman Nagar,12000000,7822
0,3,0,1,1,0,5,1100,1,1,2 BHK Apartment ,9,Kharadi,6800000,6181
0,3,2,0,0,0,5,1475,2,2,3 BHK Apartment ,11,Viman Nagar,14500000,9830
0,3,1,0,0,0,4,1060,2,2,2 BHK Apartment ,5,Viman Nagar,8300000,7830
0,3,2,1,1,0,5,1750,3,2,3 BHK Apartment ,7,Kalyani Nagar,12400000,7085
0,3,1,1,1,1,1,800,1,1,1 BHK Apartment ,1,Wagholi,3500000,4375
1,3,3,1,1,1,0,3145,3,4,4 BHK Apartment ,8,Baner,32000000,10174
1,3,3,1,1,0,1,1750,3,3,3 BHK Apartment ,10,Kharadi,12800000,7314
0,3,0,1,1,0,6,2509,3,3,3 BHK Apartment ,9,Kalyani Nagar,30000000,11956
0,3,1,1,1,0,8,1250,2,2,2 BHK Apartment ,7,Kalyani Nagar,10000000,8000
0,2,2,1,1,1,6,1193,2,2,2 BHK Apartment ,4,Kharadi,8100000,6789
0,3,2,0,0,0,4,650,2,1,1 BHK Apartment ,3,Shastri Nagar,5300000,8153
0,3,0,1,1,0,5,1350,3,2,2 BHK Apartment ,10,Kalyani Nagar,10000000,7407
0,3,2,1,1,0,5,2880,3,3,3 BHK Apartment ,8,Kalyani Nagar,29500000,10243
0,3,1,0,0,0,5,1150,2,2,3 BHK Apartment ,4,Vishrantwadi,9000000,7826
0,3,2,0,0,0,5,1200,3,2,2 BHK Apartment ,6,Viman Nagar,8300000,6916
0,3,0,1,1,0,5,1275,3,3,3 BHK Apartment ,9,Tingre Nagar,7800000,6117
0,3,1,0,0,0,6,1100,2,2,2 BHK Apartment ,10,Viman Nagar,8300000,7545
0,3,0,0,0,0,3,1650,3,3,3 BHK Apartment ,4,Wadgaon Sheri,10500000,6363
0,3,2,0,0,0,4,1260,2,2,2 BHK Apartment ,11,Kalyani Nagar,12500000,9920
0,3,0,1,1,0,6,900,2,1,2 BHK Apartment ,2,Viman Nagar,5500000,6111
1,3,3,1,1,0,2,1147,2,2,2 BHK Apartment ,5,Undri,5400000,4707
0,2,0,1,1,0,5,1100,2,2,2 BHK Apartment ,4,Wakad,7600000,6909
0,2,2,1,1,1,3,683,2,1,1 BHK Apartment ,7,Hadapsar,3000000,4392
0,3,2,1,1,0,9,734,1,2,2 BHK Apartment ,2,Hadapsar,4500000,6130
0,3,2,0,0,0,5,1255,2,1,2 BHK Apartment ,6,Viman Nagar,8700000,6932
0,3,0,1,1,0,5,1000,1,1,2 BHK Apartment ,6,Vishrantwadi,5500000,5500
0,3,0,1,1,0,5,916,1,1,2 BHK Apartment ,2,Dhanori,4500000,4912
1,3,3,1,1,0,3,1400,2,3,3 BHK Apartment ,10,Undri,7800000,5571
1,3,3,1,1,0,0,1167,2,2,2 BHK Apartment ,5,NIBM Annex Mohammadwadi,5009650,4292
1,3,3,1,1,0,0,1444,2,3,3 BHK Apartment ,5,Baner,9800000,6786
1,3,3,1,1,1,0,1565,2,3,3 BHK Apartment ,1,Balewadi,9500000,6070
0,3,0,1,1,1,5,1250,2,2,2 BHK Apartment ,5,Baner,7500000,6000
1,3,3,1,1,1,0,1087,1,2,2 BHK Apartment ,12,Baner,6900000,6347
1,3,3,1,1,1,1,998,2,2,2 BHK Apartment ,1,Wakad,5500000,5511
1,3,3,1,1,0,0,915,1,2,2 BHK Apartment ,5,Sus,5000000,5464
0,3,1,1,1,1,4,1470,2,3,3 BHK Apartment ,7,Bavdhan,9500000,6462
1,3,3,1,1,1,3,1420,2,2,2 BHK Apartment ,2,Baner,11000000,7746
0,3,0,1,1,1,4,1145,2,2,2 BHK Apartment ,7,Baner,7500000,6550
0,3,1,1,1,1,4,1405,1,2,3 BHK Apartment ,8,Baner,12000000,8540
1,3,3,1,1,1,1,3585,2,4,4 BHK Apartment ,8,Baner,40000000,11157
0,3,0,1,1,0,6,650,1,1,1 BHK Apartment ,5,Sasane Nagar,3500000,5384
0,3,1,1,1,0,6,1980,3,3,3 BHK Apartment ,9,Kharadi,14000000,7070
0,3,0,1,0,0,2,700,2,1,1 BHK Apartment ,2,Hadapsar,2500000,3571
0,3,0,1,0,0,11,755,2,1,1 BHK Apartment ,2,Hadapsar,4000000,5298
0,3,2,1,0,0,11,550,2,1,1 BHK Apartment ,2,Sasane Nagar,3000000,5454
0,3,0,1,0,0,11,630,2,1,1 BHK Apartment ,4,Hadapsar,2400000,3809
0,3,0,1,0,0,11,590,2,1,1 BHK Apartment ,2,Hadapsar,4400000,7457
0,3,1,1,0,0,11,550,2,1,1 BHK Apartment ,3,Hadapsar,2800000,5090
1,3,3,1,0,0,11,517,2,1,1 BHK Apartment ,2,Hadapsar,4000000,7736
0,3,0,1,0,0,11,630,2,1,1 BHK Apartment ,3,Sasane Nagar,3000000,4761
1,3,3,1,0,0,11,428,2,1,1 BHK Apartment ,2,Hadapsar,2000000,4672
0,3,0,1,0,0,11,650,2,1,1 BHK Apartment ,3,Handewadi,2800000,4307
0,3,0,1,0,0,11,692,2,1,1 BHK Apartment ,4,Hadapsar,4000000,5780
0,3,0,1,0,0,11,580,2,1,1 BHK Apartment ,3,Sasane Nagar,3200000,5517
0,3,0,1,0,0,11,623,2,1,1 BHK Apartment ,2,Hadapsar,2500000,4012
0,3,0,1,1,0,3,934,2,2,2 BHK Apartment ,1,Hadapsar,4400000,4710
0,3,0,1,0,0,3,1100,2,2,2 BHK Apartment ,2,Hadapsar,7000000,6363
0,3,1,1,1,0,4,1100,2,2,2 BHK Apartment ,1,Manjari,6200000,5636
1,3,3,1,1,0,0,615,1,1,1 BHK Apartment ,3,Bavdhan,3813000,6200
0,3,0,1,1,0,3,780,1,1,2 BHK Apartment ,11,Pimple Saudagar,5499780,7051
0,3,0,1,1,0,5,1500,2,3,3 BHK Apartment ,5,Baner,10600000,7066
1,3,3,1,0,0,2,710,2,2,2 BHK Apartment ,2,Hadapsar,2700000,3802
0,3,0,1,1,0,2,1217,2,2,2 BHK Apartment ,3,Hadapsar,8400000,6902
0,3,0,1,0,0,2,940,2,2,2 BHK Apartment ,1,Hadapsar,7000000,7446
0,3,0,1,0,0,2,844,2,2,2 BHK Apartment ,3,Hadapsar,4500000,5331
0,3,0,1,0,0,2,650,2,2,2 BHK Apartment ,2,Hadapsar,5200000,8000
0,3,0,1,1,1,2,804,1,1,1 BHK Apartment ,1,Wagholi,3500000,4353
0,2,0,1,1,0,3,717,1,1,2 BHK Apartment ,2,Hadapsar,3600000,5020
0,3,1,1,1,0,5,1200,2,1,2 BHK Apartment ,8,Vishrantwadi,8000000,6666
0,3,0,1,1,0,5,1285,1,1,2 BHK Apartment ,10,Viman Nagar,8500000,6614
0,3,0,1,0,0,4,1085,2,2,2 BHK Apartment ,1,Hadapsar,7300000,6728
0,3,1,1,1,0,5,600,1,1,2 BHK Apartment ,4,Tingre Nagar,3300000,5500
0,3,2,1,1,0,5,1650,2,1,3 BHK Apartment ,7,Kharadi,11500000,6969
0,3,0,1,1,0,6,1129,2,2,2 BHK Apartment ,8,Hadapsar,5400000,4782
1,2,3,1,1,0,1,966,2,2,2 BHK Apartment ,2,Hadapsar,8000000,8281
0,3,1,1,1,0,5,1110,1,1,2 BHK Apartment ,3,Kalyani Nagar,8500000,7657
0,3,0,1,1,0,4,1084,2,2,2 BHK Apartment ,3,Hadapsar,4300000,3966
0,3,0,1,1,0,6,1000,2,2,2 BHK Apartment ,1,Hadapsar,6700000,6700
0,3,0,1,1,0,6,575,1,1,1 BHK Apartment ,4,Sasane Nagar,2950000,5130
0,3,0,0,1,0,7,550,1,1,1 BHK Apartment ,1,Sasane Nagar,2500000,4545
0,3,1,1,1,1,4,575,1,1,1 BHK Apartment ,3,Hadapsar,3100000,5391
0,3,0,0,1,0,5,1222,1,1,2 BHK Apartment ,1,Kalyani Nagar,10000000,8183
0,3,0,0,1,0,5,1340,1,1,3 BHK Apartment ,2,Kharadi,8500000,6343
0,2,0,1,1,0,3,613,2,1,1 BHK Apartment ,2,Wakad,4000000,6525
0,2,0,1,1,0,5,1050,2,2,2 BHK Apartment ,4,Pimple Saudagar,7000000,6666
0,2,0,1,1,1,0,785,1,1,2 BHK Apartment ,4,Pimple Saudagar,5300000,6751
0,3,0,1,1,0,5,1740,1,1,2 BHK Apartment ,10,Kharadi,13000000,7471
0,3,0,1,1,0,5,1350,1,1,2 BHK Apartment ,4,Viman Nagar,9900000,7333
0,3,0,0,1,0,5,1000,1,1,2 BHK Apartment ,7,Kharadi,6800000,6800
0,3,0,1,1,0,5,1150,1,1,2 BHK Apartment ,4,Kharadi,7000000,6086
0,3,0,1,1,0,5,1125,1,1,2 BHK Apartment ,7,Kharadi,7500000,6666
1,3,3,1,1,0,0,5115,2,4,4 BHK Apartment ,8,Aundh,60000000,11730
1,3,3,1,1,0,0,2800,2,4,4 BHK Apartment ,3,Bavdhan,23000000,8214
1,3,3,1,1,0,0,1330,2,2,2 BHK Apartment ,10,Balewadi,10500000,7894
0,3,0,1,1,0,4,1450,2,2,2 BHK Apartment ,6,Kalyani Nagar,8700000,6000
1,3,3,1,1,0,1,800,1,1,1 BHK Apartment ,5,Dhanori,4000000,5000
0,3,0,1,1,1,5,1550,3,3,3 BHK Apartment ,8,Wadgaon Sheri,10500000,6774
0,3,0,1,1,0,8,1620,3,2,3 BHK Apartment ,8,Kharadi,10500000,6481
0,3,0,1,1,0,8,1250,2,2,2 BHK Apartment ,5,Viman Nagar,8300000,6640
0,3,0,1,1,0,5,1150,2,2,2 BHK Apartment ,9,Viman Nagar,9500000,8260
1,3,3,0,0,0,0,985,2,2,2 BHK Apartment ,11,Kharadi,6100000,6192
1,3,3,0,0,0,0,976,2,2,2 BHK Apartment ,7,Kharadi,6000000,6147
0,3,0,1,0,0,5,580,1,1,1 BHK Apartment ,1,Hadapsar,3000000,5172
1,3,3,1,1,0,0,1645,2,3,3 BHK Apartment ,8,Manjari,7500000,4559
1,3,3,0,0,0,0,1299,2,3,3 BHK Apartment ,6,Mundhwa,7500000,5773
0,3,1,1,1,1,3,1500,2,3,3 BHK Apartment ,7,Baner,9600000,6400
0,3,0,1,1,0,7,1100,2,2,2 BHK Apartment ,6,Viman Nagar,7500000,6818
1,3,3,0,0,0,0,670,2,1,1 BHK Apartment ,5,Mundhwa,3800000,5671
1,3,3,0,0,0,0,1299,3,3,3 BHK Apartment ,10,Mundhwa,7500000,5773
1,3,3,1,1,0,6,1025,2,2,2 BHK Apartment ,8,Hadapsar,5000000,4878
1,3,3,1,1,0,0,900,2,2,2 BHK Apartment ,2,Bavdhan,5980000,6644
1,3,3,0,0,0,2,1119,2,2,2 BHK Apartment ,8,Baner,7500000,6702
1,3,3,0,1,0,2,875,1,2,2 BHK Apartment ,4,Lohegaon,3825000,4371
0,2,0,1,1,0,4,605,2,2,1 BHK Apartment ,11,Hadapsar,2750000,4545
1,3,3,1,1,0,0,1029,2,2,2 BHK Apartment ,6,Manjari,5400000,5247
0,2,0,1,1,0,10,649,2,1,1 BHK Apartment ,3,Vishrantwadi,4200000,6471
1,3,3,1,1,0,1,578,1,1,1 BHK Apartment ,4,Dhanori,2600000,4498
0,3,2,0,0,0,16,890,1,2,2 BHK Apartment ,2,Bavdhan,6500000,7303
1,3,3,1,1,1,0,1100,2,2,2 BHK Apartment ,3,Bavdhan,7000000,6363
0,3,0,1,1,0,10,610,1,2,1 BHK Apartment ,5,Bavdhan,4500000,7377
0,3,0,1,1,0,1,1170,2,3,3 BHK Apartment ,2,Undri,6700000,5726
0,3,2,1,1,0,6,1400,2,1,2 BHK Apartment ,8,Kharadi,12000000,8571
0,3,1,1,1,0,5,1450,1,2,3 BHK Apartment ,2,Kalyani Nagar,12500000,8620
0,0,0,1,1,1,0,2015,2,3,3 BHK Apartment ,3,Kharadi,13000000,6451
0,3,0,1,0,0,11,1544,2,3,3 BHK Apartment ,3,Handewadi,6000000,3886
0,3,1,1,1,0,6,980,2,2,2 BHK Apartment ,3,Hadapsar,6000000,6122
0,2,0,1,1,0,5,1355,2,3,3 BHK Apartment ,3,Pimple Saudagar,8500000,6273
0,0,0,1,1,1,0,1720,2,3,3 BHK Apartment ,1,Kharadi,13000000,7558
0,3,0,0,1,0,5,1100,1,1,2 BHK Apartment ,8,Kharadi,7000000,6363
0,3,0,1,1,0,2,600,2,1,1 BHK Apartment ,2,Hadapsar,3500000,5833
1,3,3,1,1,0,0,1052,2,2,2 BHK Apartment ,8,Manjari,5400000,5133
1,3,3,1,1,1,0,1260,2,2,2 BHK Apartment ,10,Balewadi,8000000,6349
0,3,0,0,0,0,6,530,1,1,1 BHK Apartment ,3,Sasane Nagar,3000000,5660
0,3,1,1,1,0,5,1000,1,1,2 BHK Apartment ,3,Vishrantwadi,4900000,4900
0,3,1,1,1,0,5,1366,2,2,2 BHK Apartment ,3,Tingre Nagar,10600000,7759
0,3,1,0,0,0,6,1100,2,1,2 BHK Apartment ,4,Viman Nagar,8300000,7545
0,3,0,1,1,0,5,940,2,1,2 BHK Apartment ,8,Vishrantwadi,4200000,4468
1,3,3,1,1,0,2,1026,1,2,2 BHK Apartment ,7,Manjari,4750000,4629
0,3,0,1,1,1,2,1522,2,3,3 BHK Apartment ,12,Baner,11000000,7227
1,3,3,1,1,1,0,1407,1,3,3 BHK Apartment ,2,Sus,8500000,6041
0,3,0,0,0,0,3,1550,2,2,2 BHK Apartment ,8,Kharadi,10400000,6709
0,3,1,1,1,0,5,1980,3,3,3 BHK Apartment ,10,Kharadi,14000000,7070
0,3,0,0,0,0,6,1900,3,3,3 BHK Apartment ,5,Koregaon Park,17500000,9210
0,3,0,0,0,0,8,1050,2,2,2 BHK Apartment ,8,Kharadi,8000000,7619
0,3,0,1,1,0,5,551,2,1,1 BHK Apartment ,6,Hadapsar,3000000,5444
0,3,0,1,1,0,8,1310,1,3,3 BHK Apartment ,7,Pimple Saudagar,8350000,6374
1,3,3,1,1,0,2,502,2,2,1 BHK Apartment ,3,Hadapsar,2300000,4581
0,3,0,1,0,0,2,890,2,2,2 BHK Apartment ,3,Hadapsar,4200000,4719
1,3,3,1,1,0,2,950,2,2,2 BHK Apartment ,3,Hadapsar,3500000,3684
0,3,0,1,0,0,11,636,2,1,1 BHK Apartment ,2,Hadapsar,4200000,6603
0,3,0,1,0,0,11,734,2,1,1 BHK Apartment ,3,Hadapsar,3700000,5040
0,2,0,1,1,0,6,1120,2,2,2 BHK Apartment ,3,Pimple Saudagar,7100000,6339
1,3,3,1,1,0,2,1145,2,2,2 BHK Apartment ,8,NIBM Annex Mohammadwadi,4900000,4279
1,3,3,1,1,0,0,650,2,1,1 BHK Apartment ,7,Hadapsar,3900000,6000
0,3,1,1,1,1,4,1220,1,2,2 BHK Apartment ,8,Baner,9000000,7377
1,3,3,1,1,1,1,1307,2,2,2 BHK Apartment ,10,Baner,9000000,6885
0,3,0,1,1,0,7,1050,2,2,2 BHK Apartment ,8,Viman Nagar,8000000,7619
0,3,2,1,1,0,8,1800,3,3,3 BHK Apartment ,8,Viman Nagar,13000000,7222
0,3,1,1,1,0,9,2120,3,3,3 BHK Apartment ,11,Kharadi,14500000,6839
0,3,0,1,1,0,8,1213,2,2,2 BHK Apartment ,7,Balewadi,7900000,6512
0,3,0,1,1,0,0,1035,1,2,2 BHK Apartment ,8,Bavdhan,6500000,6280
0,3,0,1,1,0,2,891,2,2,2 BHK Apartment ,1,Bavdhan,7000000,7856
1,3,3,1,1,0,2,680,2,1,1 BHK Apartment ,1,Hadapsar,2600000,3823
0,3,0,1,1,0,2,629,2,1,1 BHK Apartment ,0,Hadapsar,3200000,5087
0,3,0,1,0,0,2,562,2,1,1 BHK Apartment ,1,NIBM Annex Mohammadwadi,3500000,6227
1,3,3,1,1,0,2,950,2,2,2 BHK Apartment ,2,Hadapsar,3500000,3684
0,3,0,1,1,0,2,1200,2,2,2 BHK Apartment ,2,Hadapsar,4700000,3916
0,3,0,1,1,0,2,1070,2,2,2 BHK Apartment ,3,Hadapsar,7200000,6728
1,3,3,1,0,0,2,760,2,2,2 BHK Apartment ,1,Undri,6000000,7894
1,3,3,1,1,0,2,980,2,2,2 BHK Apartment ,2,Manjari,5200000,5306
0,3,0,1,1,0,3,561,2,1,1 BHK Apartment ,4,Hadapsar,2900000,5169
0,3,0,1,1,0,5,965,1,1,2 BHK Apartment ,6,Dhanori,6000000,6217
0,3,0,1,1,0,5,1050,1,1,2 BHK Apartment ,4,Kharadi,7000000,6666
0,3,0,0,1,0,2,590,1,1,1 BHK Apartment ,2,Vishrantwadi,2600000,4406
0,3,0,1,1,1,3,1600,2,3,3 BHK Apartment ,8,Baner,13000000,8125
1,3,3,1,1,0,2,980,2,2,2 BHK Apartment ,1,Hadapsar,6200000,6326
1,3,3,1,0,0,2,932,2,2,2 BHK Apartment ,1,Hadapsar,5900000,6330
1,3,3,1,1,0,2,1410,2,3,3 BHK Apartment ,3,Hadapsar,15000000,10638
0,3,0,1,0,0,2,585,2,1,1 BHK Apartment ,3,Hadapsar,2600000,4444
0,3,0,1,1,0,2,830,2,2,2 BHK Apartment ,1,Hadapsar,5400000,6506
1,3,3,1,0,0,2,1200,2,2,2 BHK Apartment ,2,Hadapsar,7900000,6583
0,3,0,1,0,0,2,1170,2,2,2 BHK Apartment ,2,Hadapsar,9100000,7777
0,3,0,1,0,0,3,600,2,1,1 BHK Apartment ,3,Hadapsar,3000000,5000
0,3,0,1,1,0,2,1390,2,2,3 BHK Apartment ,2,Hadapsar,6700000,4820
1,3,3,1,1,0,2,925,2,2,2 BHK Apartment ,2,Hadapsar,4200000,4540
1,3,3,1,1,0,2,1119,2,2,2 BHK Apartment ,6,Baner,7500000,6702
0,3,0,1,1,0,0,1550,3,3,3 BHK Apartment ,7,Balewadi,9500000,6129
0,3,1,1,1,0,4,1550,2,3,3 BHK Apartment ,11,Bavdhan,9500000,6129
0,3,1,1,1,0,5,860,1,1,2 BHK Apartment ,5,Kharadi,4500000,5232
0,3,0,1,1,0,5,1125,1,1,2 BHK Apartment ,7,Viman Nagar,7500000,6666
0,3,0,1,1,0,5,2300,2,2,3 BHK Apartment ,0,Wagholi,9000000,3913
0,2,0,1,1,1,7,1200,2,2,2 BHK Apartment ,9,Rahatani,7400000,6166
0,2,1,1,1,1,5,1050,2,2,2 BHK Apartment ,7,Pimple Saudagar,7000000,6666
0,3,1,0,0,0,5,1850,2,2,3 BHK Apartment ,8,Tingre Nagar,12800000,6918
0,3,0,1,1,0,5,638,1,1,1 BHK Apartment ,4,Vishrantwadi,3500000,5485
0,3,0,1,1,0,2,1315,2,2,2 BHK Apartment ,4,Kharadi,9200000,6996
0,3,0,1,1,0,3,991,2,2,2 BHK Apartment ,3,Manjari,5500000,5549
0,0,0,1,1,1,2,1255,2,2,2 BHK Apartment ,3,Wagholi,6500000,5179
1,3,3,1,1,0,2,1026,1,2,2 BHK Apartment ,9,Manjari,4700000,4580
0,3,0,1,1,0,6,1000,2,2,2 BHK Apartment ,5,Hadapsar,5000000,5000
1,3,3,1,1,0,0,1450,2,3,3 BHK Apartment ,7,Bavdhan,10000000,6896
1,3,3,1,1,0,0,1206,1,2,2 BHK Apartment ,7,Balewadi,8500000,7048
1,3,3,1,1,0,0,1015,1,2,2 BHK Apartment ,7,Bavdhan,7000000,6896
1,3,3,1,1,0,0,1450,2,3,3 BHK Apartment ,8,Bavdhan,9500000,6551
1,3,3,1,1,0,0,1015,1,2,2 BHK Apartment ,7,Balewadi,7000000,6896
1,3,3,1,1,0,0,1600,2,3,3 BHK Apartment ,5,Bavdhan,105000000,65625
0,3,0,1,1,0,5,1340,1,1,3 BHK Apartment ,1,Vishrantwadi,7800000,5820
1,3,3,1,1,0,0,1470,3,3,3 BHK Apartment ,6,Hadapsar,8000000,5442
0,3,0,1,1,1,2,1500,2,3,3 BHK Apartment ,5,Baner,9500000,6333
0,3,0,0,1,0,4,1500,2,3,3 BHK Apartment ,4,Pimple Saudagar,9000000,6000
0,3,0,1,1,0,7,1800,3,3,3 BHK Apartment ,2,Koregaon Park,17500000,9722
0,3,1,1,1,0,7,1950,3,3,3 BHK Apartment ,8,Viman Nagar,13000000,6666
0,3,1,1,1,0,8,1500,3,3,3 BHK Apartment ,7,Kharadi,11100000,7400
1,3,3,0,0,0,0,1070,2,2,2 BHK Apartment ,10,Dhanori,6200000,5794
0,3,0,1,1,0,4,638,1,1,1 BHK Apartment ,8,Kharadi,5100000,7993
0,3,0,1,1,0,5,575,1,1,1 BHK Apartment ,6,Tingre Nagar,4000000,6956
0,3,1,1,1,0,5,1060,1,1,2 BHK Apartment ,6,Kharadi,7300000,6886
0,3,0,1,1,0,0,1200,2,2,2 BHK Apartment ,3,Bavdhan,5900000,4916
1,3,3,1,1,0,0,1062,2,2,2 BHK Apartment ,7,Baner,7600000,7156
0,3,0,1,1,0,5,1034,1,1,2 BHK Apartment ,8,Dhanori,5700000,5512
0,3,0,1,1,0,6,1550,2,2,3 BHK Apartment ,6,Dhanori,7800000,5032
0,3,0,1,1,0,3,950,2,2,2 BHK Apartment ,4,Pimple Saudagar,7199100,7578
0,3,0,1,1,0,1,975,1,2,2 BHK Apartment ,4,Pimple Saudagar,7100000,7282
0,3,0,1,1,0,8,1665,2,3,3 BHK Apartment ,5,Wakad,7700000,4624
1,2,3,1,1,0,1,1032,2,2,2 BHK Apartment ,2,Baner,7000000,6782
0,3,0,1,0,0,11,580,2,1,1 BHK Apartment ,2,Hadapsar,3200000,5517
1,3,3,1,1,0,1,600,1,1,1 BHK Apartment ,4,Dhanori,2450000,4083
0,3,0,1,1,0,5,1700,2,2,3 BHK Apartment ,11,Kalyani Nagar,14000000,8235
1,3,3,1,1,0,2,1145,1,2,2 BHK Apartment ,1,NIBM Annex Mohammadwadi,5209000,4549
1,3,3,1,1,0,1,800,2,2,2 BHK Apartment ,7,Manjari,4200000,5250
0,3,0,1,1,0,6,1500,3,3,3 BHK Apartment ,4,Hadapsar,10250000,6833
0,3,0,0,1,0,2,900,1,2,2 BHK Apartment ,1,Pimple Saudagar,6443100,7159
0,3,0,1,0,0,2,565,2,1,1 BHK Apartment ,2,Hadapsar,3000000,5309
0,3,0,1,1,0,3,650,2,2,2 BHK Apartment ,2,Hadapsar,4100000,6307
0,3,0,1,0,0,2,550,2,1,1 BHK Apartment ,2,Hadapsar,2200000,4000
0,3,0,1,1,0,2,924,2,2,2 BHK Apartment ,2,Hadapsar,4500000,4870
0,3,0,1,1,0,2,923,2,2,2 BHK Apartment ,2,Hadapsar,4599309,4983
0,3,0,1,0,0,2,852,2,2,2 BHK Apartment ,2,Hadapsar,5200000,6103
0,3,0,1,1,0,2,890,2,2,2 BHK Apartment ,2,Hadapsar,4350000,4887
0,3,0,1,0,0,2,535,2,1,1 BHK Apartment ,2,Hadapsar,2700000,5046
1,3,3,1,0,0,2,611,2,1,1 BHK Apartment ,2,Hadapsar,3400000,5564
1,3,3,1,1,0,2,604,2,1,1 BHK Apartment ,1,Hadapsar,3400000,5629
0,3,0,1,0,0,2,763,2,1,1 BHK Apartment ,1,Hadapsar,3500000,4587
1,3,3,1,1,0,2,906,2,2,2 BHK Apartment ,1,Hadapsar,4600000,5077
1,3,3,1,1,0,2,1080,2,2,2 BHK Apartment ,2,Hadapsar,5600000,5185
0,3,0,1,1,0,0,3500,3,4,4 BHK Villa ,1,Sus,18000000,5142
0,3,1,1,1,1,5,1100,2,2,2 BHK Apartment ,3,Bavdhan,7200000,6545
1,2,3,1,1,1,2,1079,2,2,2 BHK Apartment ,4,Pimple Saudagar,7000000,6487
0,3,1,1,1,0,5,1250,2,1,2 BHK Apartment ,9,Wadgaon Sheri,10500000,8400
0,3,0,1,1,0,5,1200,1,1,2 BHK Apartment ,5,Kharadi,7500000,6250
1,3,3,1,1,0,0,1147,2,2,2 BHK Apartment ,4,NIBM Annex Mohammadwadi,4922000,4291
1,3,3,1,1,0,1,944,2,2,2 BHK Apartment ,6,Wagholi,4200000,4449
0,3,1,1,1,0,5,1000,1,1,2 BHK Apartment ,3,Vishrantwadi,4900000,4900
0,3,1,1,1,0,5,1100,1,1,2 BHK Apartment ,6,Vishrantwadi,5500000,5000
0,3,2,1,1,0,5,1856,2,2,3 BHK Apartment ,5,Tingre Nagar,13000000,7004
0,3,0,1,1,0,6,1154,2,2,3 BHK Apartment ,6,Hadapsar,5600000,4852
0,3,0,1,1,0,5,1356,2,2,3 BHK Apartment ,7,Vishrantwadi,9500000,7005
0,3,0,1,1,0,5,1250,1,1,2 BHK Apartment ,5,Kalyani Nagar,9500000,7600
0,3,2,1,1,0,5,1750,2,2,3 BHK Apartment ,9,Kharadi,11500000,6571
0,3,1,1,1,0,5,630,1,1,1 BHK Apartment ,3,Vishrantwadi,3600000,5714
0,3,0,1,1,0,8,1100,1,1,2 BHK Apartment ,6,Vishrantwadi,5800000,5272
0,3,2,1,1,0,5,1250,1,1,2 BHK Apartment ,6,Kalyani Nagar,8800000,7040
0,3,1,1,1,0,5,850,1,1,1 BHK Apartment ,4,Viman Nagar,6300000,7411
0,3,0,1,1,0,6,840,2,2,2 BHK Apartment ,2,Hadapsar,3500000,4166
0,3,0,1,0,0,4,537,1,1,1 BHK Apartment ,1,Hadapsar,3000000,5586
0,3,1,1,1,0,6,750,1,1,1 BHK Apartment ,7,Viman Nagar,5500000,7333
0,3,2,1,1,0,4,2450,3,2,3 BHK Apartment ,12,Kharadi,23000000,9387
0,3,1,1,1,0,5,1800,3,2,3 BHK Apartment ,4,Viman Nagar,15000000,8333
0,3,0,1,1,0,5,1320,1,1,2 BHK Apartment ,3,Viman Nagar,9500000,7196
0,3,1,1,1,0,5,1150,2,1,2 BHK Apartment ,12,Kharadi,7500000,6521
0,3,1,1,1,0,5,1251,1,1,2 BHK Apartment ,9,Kharadi,7800000,6235
0,3,0,1,1,0,6,711,1,1,1 BHK Apartment ,3,Vishrantwadi,4500000,6329
0,3,1,1,1,0,5,1580,2,2,3 BHK Apartment ,6,Tingre Nagar,12500000,7911
0,3,0,1,1,0,5,1200,2,1,2 BHK Apartment ,8,Vishrantwadi,7800000,6500
0,3,0,1,1,0,6,1150,1,1,2 BHK Apartment ,9,Kharadi,7100000,6173
0,3,0,1,1,0,6,1200,1,1,2 BHK Apartment ,5,Kharadi,6200000,5166
0,3,0,1,1,0,5,1150,1,1,2 BHK Apartment ,7,Kharadi,7500000,6521
1,3,3,1,1,0,2,600,2,1,1 BHK Apartment ,1,Hadapsar,2500000,4166
0,3,0,1,1,0,2,804,1,1,1 BHK Apartment ,1,Wagholi,3500000,4353
0,3,0,1,1,0,3,500,1,1,1 BHK Apartment ,3,Dhanori,2800000,5600
0,3,0,1,1,0,5,1167,1,1,2 BHK Apartment ,5,Tingre Nagar,5600000,4798
0,3,0,1,1,0,5,950,1,1,2 BHK Apartment ,7,Dhanori,5400000,5684
0,2,0,1,1,0,2,1428,2,3,3 BHK Apartment ,10,Bavdhan,8700000,6092
1,3,3,1,1,0,0,2250,2,3,3 BHK Apartment ,6,Aundh,26000000,11555
0,3,2,1,1,1,7,1250,1,2,2 BHK Apartment ,9,Hadapsar,9600000,7680
1,3,3,1,1,0,2,704,2,2,2 BHK Apartment ,2,Hadapsar,3400000,4829
0,3,0,1,1,0,3,920,2,2,2 BHK Apartment ,2,Undri,5500000,5978
0,3,0,1,1,0,2,720,2,2,2 BHK Apartment ,2,Hadapsar,7300000,10138
0,3,0,1,1,0,6,1045,2,2,2 BHK Apartment ,2,Hadapsar,5000000,4784
0,3,0,1,1,0,3,948,2,3,3 BHK Apartment ,3,Handewadi,4500000,4746
0,3,0,1,1,0,2,1015,2,2,2 BHK Apartment ,8,Hadapsar,5000000,4926
0,3,0,1,1,0,3,675,2,1,1 BHK Apartment ,5,Hadapsar,3500000,5185
0,3,0,1,1,0,5,1547,2,2,3 BHK Apartment ,9,Kharadi,10500000,6787
0,3,0,1,1,0,6,1612,2,1,3 BHK Apartment ,7,Kharadi,9500000,5893
0,3,0,1,1,0,5,1255,1,1,2 BHK Apartment ,4,Viman Nagar,8500000,6772
1,3,3,1,1,0,0,1400,2,3,3 BHK Apartment ,5,Bavdhan,9500000,6785
0,3,0,1,1,0,5,850,2,2,2 BHK Apartment ,1,Hadapsar,4500000,5294
0,2,0,1,1,0,14,928,2,2,2 BHK Apartment ,3,Bavdhan,7000000,7543
0,0,0,1,1,1,4,1167,2,2,2 BHK Apartment ,4,Kharadi,6500000,5569
0,3,0,1,1,0,3,1007,1,2,2 BHK Apartment ,11,Hinjewadi,6200000,6156
0,3,0,1,1,0,2,765,2,2,2 BHK Apartment ,2,Hadapsar,4200000,5490
0,3,1,1,1,0,2,1650,3,3,3 BHK Apartment ,7,Kalyani Nagar,11800000,7151
0,3,2,1,1,0,8,1250,2,2,2 BHK Apartment ,6,Kalyani Nagar,10500000,8400
0,3,2,1,1,0,8,1850,3,3,3 BHK Apartment ,10,Kharadi,14000000,7567
0,3,1,1,1,0,8,2100,3,3,3 BHK Apartment ,5,Kharadi,13000000,6190
0,3,0,1,1,0,0,620,2,1,1 BHK Apartment ,9,Baner,3900000,6290
0,3,0,1,1,0,7,630,1,1,1 BHK Apartment ,1,Dhanori,3500000,5555
0,3,0,1,0,0,5,555,1,1,1 BHK Apartment ,4,Hadapsar,2400000,4324
1,3,3,1,1,0,0,1565,2,3,3 BHK Apartment ,4,Balewadi,10000000,6389
0,3,1,1,1,0,6,1100,1,2,2 BHK Apartment ,5,Pimple Saudagar,7500000,6818
0,3,2,0,0,0,5,560,1,1,1 BHK Apartment ,8,Tingre Nagar,3500000,6250
1,3,3,1,1,0,2,1026,1,2,2 BHK Apartment ,8,Manjari,4800000,4678
1,3,3,1,1,1,2,1464,2,3,3 BHK Apartment ,10,Baner,10000000,6830
0,3,1,1,1,0,3,1040,2,2,2 BHK Apartment ,2,Bavdhan,6600000,6346
1,3,3,1,1,0,2,1465,2,2,3 BHK Apartment ,6,Wagholi,6000000,4095
0,3,0,1,1,0,6,600,1,1,1 BHK Apartment ,3,Hadapsar,2700000,4500
0,3,2,1,1,0,5,1060,2,2,2 BHK Apartment ,8,Viman Nagar,8500000,8018
0,3,0,1,1,0,5,600,1,1,1 BHK Apartment ,8,Tingre Nagar,3500000,5833
1,3,3,1,1,1,1,2012,3,3,3 BHK Apartment ,3,Undri,7000000,3479
0,0,0,1,1,1,5,1600,2,3,3 BHK Apartment ,5,Kharadi,8600000,5375
0,2,0,0,0,0,10,650,1,1,1 BHK Apartment ,4,Pimple Saudagar,4200000,6461
1,3,3,1,1,1,2,3585,2,4,4 BHK Apartment ,5,Baner,38000000,10599
1,3,3,1,1,0,2,1611,3,2,3 BHK Apartment ,1,Wakad,7500000,4655
1,3,3,1,1,1,0,1286,2,2,2 BHK Apartment ,11,Baner,8500000,6609
0,3,1,1,1,1,1,1507,2,3,3 BHK Apartment ,1,Wakad,7500000,4976
0,3,1,1,1,0,5,1000,1,1,2 BHK Apartment ,1,Tingre Nagar,4800000,4800
0,3,0,1,1,0,5,1490,2,3,3 BHK Apartment ,5,Rahatani,11000000,7382
1,3,3,1,1,0,1,1145,2,2,2 BHK Apartment ,1,NIBM Annex Mohammadwadi,5300000,4628
1,3,3,1,1,0,2,1145,2,2,2 BHK Apartment ,5,Undri,5300000,4628
0,3,1,0,0,0,5,800,2,2,2 BHK Apartment ,5,Undri,3700000,4625
0,3,0,1,0,0,2,920,2,2,2 BHK Apartment ,2,Hadapsar,5500000,5978
1,3,3,1,1,0,2,596,2,1,1 BHK Apartment ,1,Hadapsar,3500000,5872
1,3,3,1,0,0,2,700,2,1,1 BHK Apartment ,2,Hadapsar,3000000,4285
1,3,3,1,1,0,2,960,2,2,2 BHK Apartment ,2,Hadapsar,4500000,4687
0,3,0,1,1,0,2,1310,2,2,2 BHK Apartment ,3,Hadapsar,9000000,6870
0,3,0,1,0,0,2,485,2,2,2 BHK Apartment ,1,Hadapsar,2500000,5154
0,3,0,1,1,0,2,575,2,2,2 BHK Apartment ,2,Hadapsar,2900000,5043
0,3,0,1,1,1,0,757,2,2,2 BHK Apartment ,9,Bavdhan,5900000,7793
0,3,0,1,1,0,7,1450,2,2,3 BHK Apartment ,7,Kharadi,9600000,6620
0,3,0,1,1,0,8,1250,2,2,2 BHK Apartment ,7,Viman Nagar,7500000,6000
0,3,0,1,1,0,7,1150,2,2,2 BHK Apartment ,6,Kharadi,7300000,6347
0,3,0,1,1,0,8,1200,1,2,2 BHK Apartment ,7,Viman Nagar,8000000,6666
1,3,3,0,0,0,1,655,1,1,1 BHK Apartment ,11,Dhanori,3500000,5343
1,3,3,1,1,0,0,1070,2,2,2 BHK Apartment ,1,Balewadi,6500000,6074
0,3,1,1,1,0,5,987,1,1,2 BHK Apartment ,2,Dhanori,5300000,5369
1,3,3,1,1,0,0,1123,1,2,2 BHK Apartment ,7,Balewadi,8300000,7390
0,3,0,1,1,0,0,1062,2,2,2 BHK Apartment ,12,Baner,7800000,7344
0,3,0,1,1,0,6,1450,2,3,3 BHK Apartment ,6,Baner,10500000,7241
0,3,0,1,1,0,11,1200,2,2,2 BHK Apartment ,2,NIBM Annex Mohammadwadi,6800000,5666
0,3,0,1,0,0,3,1400,2,2,2 BHK Apartment ,2,Hadapsar,5000000,3571
0,3,0,1,0,0,3,850,2,2,2 BHK Apartment ,2,Hadapsar,3000000,3529
0,3,0,1,1,0,1,1392,1,3,3 BHK Apartment ,5,Baner,9000000,6465
1,3,3,1,1,1,0,1444,2,3,3 BHK Apartment ,10,Baner,10000000,6925
0,3,0,0,0,0,7,540,1,1,1 BHK Apartment ,2,Sasane Nagar,2800000,5185
1,3,3,1,1,0,0,1618,2,3,3 BHK Apartment ,7,Hadapsar,9400000,5809
1,3,3,1,1,0,0,1645,3,3,3 BHK Apartment ,6,Manjari,7500000,4559
1,3,3,1,1,0,0,1015,2,2,2 BHK Apartment ,6,Hadapsar,5800000,5714
0,3,0,1,1,1,2,1100,1,2,2 BHK Apartment ,9,Bavdhan,7600000,6909
0,0,0,1,1,1,0,1720,2,3,3 BHK Apartment ,2,Kharadi,13000000,7558
0,3,0,1,1,0,3,985,2,2,2 BHK Apartment ,1,Manjari,5500000,5583
1,3,3,1,1,0,0,1837,3,3,3 BHK Apartment ,6,Hadapsar,10500000,5715
0,3,0,1,0,0,2,511,2,2,2 BHK Apartment ,2,Hadapsar,3500000,6849
0,3,0,1,1,0,2,849,2,2,2 BHK Apartment ,2,Hadapsar,7500000,8833
0,3,0,1,0,0,6,750,2,2,2 BHK Apartment ,5,NIBM,5000000,6666
0,3,0,1,1,0,2,916,2,2,2 BHK Apartment ,1,Hadapsar,4200000,4585
0,3,0,1,1,0,2,1129,2,2,2 BHK Apartment ,2,Hadapsar,5400000,4782
0,3,0,1,1,0,2,950,2,2,2 BHK Apartment ,2,Hadapsar,4200000,4421
1,3,3,1,1,0,3,605,2,1,1 BHK Apartment ,1,Hadapsar,3600000,5950
0,3,0,1,1,0,3,875,2,2,2 BHK Apartment ,3,Hadapsar,4700000,5371
0,3,0,1,1,0,1,775,2,1,1 BHK Apartment ,3,Hadapsar,3177500,4100
0,3,0,1,1,0,3,1185,2,2,2 BHK Apartment ,2,Hadapsar,8500000,7172
0,3,0,1,1,0,6,540,2,1,1 BHK Apartment ,3,Hadapsar,2700000,5000
0,3,0,1,1,0,3,576,2,1,1 BHK Apartment ,2,Handewadi,2200000,3819
1,3,3,1,1,0,3,1070,2,2,2 BHK Apartment ,2,Hadapsar,5500000,5140
0,3,0,1,1,0,3,630,2,1,1 BHK Apartment ,3,Hadapsar,2900000,4603
0,3,0,0,0,0,0,560,1,1,1 BHK Apartment ,2,Handewadi,2100000,3750
0,3,2,1,1,0,5,1150,1,1,2 BHK Apartment ,3,Tingre Nagar,7000000,6086
0,3,0,0,1,0,5,1450,2,1,3 BHK Apartment ,3,Viman Nagar,11000000,7586
0,3,1,1,1,0,11,550,2,1,1 BHK Apartment ,2,Manjari,2800000,5090
0,3,0,1,1,0,4,625,2,1,1 BHK Apartment ,6,Manjari,4000000,6400
0,3,0,1,1,0,5,585,1,1,1 BHK Apartment ,7,Hadapsar,3000000,5128
0,3,0,1,0,0,4,525,1,1,1 BHK Apartment ,1,Sasane Nagar,2500000,4761
0,3,0,1,1,0,3,560,1,1,1 BHK Apartment ,6,Pimple Saudagar,4600000,8214
0,3,0,1,1,1,5,1603,2,3,3 BHK Apartment ,5,Baner,10000000,6238
1,3,3,1,1,0,0,1286,2,2,2 BHK Apartment ,11,Baner,9000000,6998
0,2,1,1,1,0,9,1300,3,3,3 BHK Apartment ,4,Baner,8000000,6153
0,3,0,1,1,0,8,630,2,1,1 BHK Apartment ,5,Wakad,3850000,6111
1,3,3,1,1,0,3,839,2,1,1 BHK Apartment ,0,Handewadi,4500000,5363
0,3,1,1,1,0,5,1115,2,1,2 BHK Apartment ,8,Dhanori,7500000,6726
0,3,0,1,1,0,3,1017,1,1,2 BHK Apartment ,6,Vishrantwadi,6500000,6391
0,3,0,1,1,0,5,1250,1,1,2 BHK Apartment ,4,Kalyani Nagar,11000000,8800
0,3,2,1,1,0,5,950,1,1,2 BHK Apartment ,3,Kharadi,7500000,7894
0,3,1,1,1,0,5,1675,2,1,3 BHK Apartment ,9,Tingre Nagar,12500000,7462
0,3,0,1,1,0,5,1500,2,1,3 BHK Apartment ,8,Vishrantwadi,11300000,7533
0,3,0,1,1,0,5,1467,1,1,2 BHK Apartment ,10,Vishrantwadi,9000000,6134
0,3,0,1,1,0,5,1000,1,1,2 BHK Apartment ,8,Tingre Nagar,8700000,8700
0,3,1,1,1,0,5,1584,2,2,3 BHK Apartment ,8,Tingre Nagar,12500000,7891
0,3,1,1,1,0,5,1250,1,1,2 BHK Apartment ,9,Kalyani Nagar,9500000,7600
0,3,1,1,1,0,5,1210,2,2,3 BHK Apartment ,4,Tingre Nagar,11800000,9752
0,3,0,1,1,0,5,1315,2,1,2 BHK Apartment ,3,Kharadi,7800000,5931
0,3,2,1,1,0,6,1035,1,1,2 BHK Apartment ,7,Tingre Nagar,9500000,9178
0,3,0,1,1,0,5,1355,2,1,3 BHK Apartment ,5,Kharadi,9500000,7011
0,0,0,1,1,1,5,1256,2,2,2 BHK Apartment ,8,Kharadi,6500000,5175
0,0,0,1,1,1,0,1855,2,4,3 BHK Apartment ,3,Kharadi,13000000,7008
0,3,0,1,1,0,2,1170,1,2,2 BHK Apartment ,4,Baner,6800000,5811
0,3,1,1,1,0,5,1100,2,1,2 BHK Apartment ,1,Kalyani Nagar,8000000,7272
0,3,0,1,0,1,0,1193,2,2,2 BHK Apartment ,3,Bavdhan,6500000,5448
0,3,0,1,1,0,5,1050,1,1,2 BHK Apartment ,5,Kharadi,6200000,5904
0,3,1,1,1,0,5,823,1,1,1 BHK Apartment ,4,Dhanori,4100000,4981
1,3,3,1,1,0,0,1147,2,2,2 BHK Apartment ,5,Undri,4922000,4291
0,3,1,1,1,0,5,1262,2,2,2 BHK Apartment ,2,Viman Nagar,8300000,6576
1,3,3,1,1,0,0,1099,1,2,2 BHK Apartment ,12,Balewadi,8700000,7916
0,3,0,1,1,0,5,543,1,1,1 BHK Apartment ,7,Hadapsar,3000000,5524
0,3,1,0,0,0,6,1245,2,1,2 BHK Apartment ,6,Viman Nagar,8500000,6827
0,3,1,0,0,0,5,1260,2,1,2 BHK Apartment ,2,Kalyani Nagar,12500000,9920
0,3,1,0,0,0,4,1550,2,2,2 BHK Apartment ,5,Viman Nagar,10000000,6451
0,3,1,0,0,0,5,1640,2,2,3 BHK Apartment ,5,Kharadi,10500000,6402
1,3,3,1,1,0,2,1175,2,2,2 BHK Apartment ,8,Undri,5000000,4255
0,3,2,1,1,1,5,1500,2,3,3 BHK Apartment ,7,Hadapsar,9500000,6333
0,3,0,1,1,1,2,1064,2,2,2 BHK Apartment ,2,Bavdhan,6700000,6296
0,3,0,1,1,0,5,728,2,2,2 BHK Apartment ,2,Hadapsar,4000000,5494
1,3,3,1,1,0,0,2200,2,3,3 BHK Apartment ,3,Aundh,25000000,11363
1,3,3,1,1,0,2,1280,1,2,2 BHK Apartment ,12,Mundhwa,7500000,5859
1,3,3,1,1,0,2,630,1,1,1 BHK Apartment ,6,Manjari,3800000,6031
0,3,0,1,1,0,13,865,1,2,2 BHK Apartment ,4,Kothrud,10000000,11560
0,3,0,1,1,0,5,1350,2,2,3 BHK Apartment ,7,Vishrantwadi,9500000,7037
0,3,0,1,1,1,1,1040,2,2,2 BHK Apartment ,2,Bavdhan,7000000,6730
0,3,0,1,1,0,6,836,2,2,2 BHK Apartment ,3,Lohegaon,3900000,4665
0,3,2,1,1,1,10,1300,2,2,2 BHK Apartment ,7,Kalyani Nagar,16000000,12307
0,3,0,1,1,0,6,1100,2,3,3 BHK Apartment ,2,Manjari,5600000,5090
0,3,0,1,0,0,3,585,1,1,1 BHK Apartment ,10,Hadapsar,3200000,5470
1,3,3,1,1,0,1,904,2,2,2 BHK Apartment ,2,Hadapsar,3600000,3982
0,3,0,1,1,0,5,950,1,1,2 BHK Apartment ,4,Dhanori,5400000,5684
0,3,0,1,1,0,5,1179,1,1,2 BHK Apartment ,3,Viman Nagar,8200000,6955
0,2,0,1,1,0,4,1037,2,2,2 BHK Apartment ,3,Bavdhan,6500000,6268
0,2,0,1,1,0,8,1060,2,2,2 BHK Apartment ,2,Aundh,9200000,8679
0,2,1,1,1,0,6,980,1,2,2 BHK Apartment ,3,Balewadi,7500000,7653
0,3,1,0,0,0,8,550,1,1,1 BHK Apartment ,6,Hadapsar,2300000,4181
0,3,0,1,1,0,6,942,2,2,2 BHK Apartment ,3,Handewadi,3800000,4033
0,3,0,1,1,0,4,545,1,1,1 BHK Apartment ,2,Hadapsar,3500000,6422
0,3,1,1,1,1,0,1145,2,2,2 BHK Apartment ,8,Baner,8000000,6986
1,3,3,1,1,0,0,700,1,1,1 BHK Apartment ,2,Undri,2500000,3571
1,3,3,1,1,0,0,873,2,2,2 BHK Apartment ,9,Undri,3000000,3436
0,3,0,1,1,0,5,860,1,1,2 BHK Apartment ,6,Tingre Nagar,5600000,6511
0,3,1,1,1,0,5,1130,1,1,2 BHK Apartment ,2,Tingre Nagar,7800000,6902
0,3,0,1,1,0,5,1100,1,1,2 BHK Apartment ,6,Vishrantwadi,5800000,5272
1,3,3,1,0,0,2,1250,2,2,2 BHK Apartment ,2,Undri,8300000,6640
0,3,0,1,0,0,2,500,2,2,2 BHK Apartment ,3,Hadapsar,2000000,4000
0,3,1,1,1,1,4,1218,1,2,2 BHK Apartment ,3,Manjari,6200000,5090
0,3,0,1,1,0,11,800,2,2,2 BHK Apartment ,4,NIBM Annex Mohammadwadi,4200000,5250
0,3,0,1,1,0,5,1028,2,2,2 BHK Apartment ,5,Hadapsar,5000000,4863
0,3,0,1,1,0,5,910,2,2,2 BHK Apartment ,9,Hadapsar,4200000,4615
0,3,0,1,0,0,5,611,1,1,1 BHK Apartment ,4,Hadapsar,3400000,5564
1,3,3,1,1,0,0,3600,2,4,4 BHK Apartment ,5,Baner,50000000,13888
0,3,1,1,1,0,6,650,1,1,1 BHK Apartment ,3,Viman Nagar,6200000,9538
0,3,1,1,1,0,6,954,1,1,2 BHK Apartment ,4,Kharadi,7500000,7861
0,3,0,1,1,0,5,1060,1,1,2 BHK Apartment ,3,Viman Nagar,7000000,6603
0,3,1,1,1,0,5,1030,1,1,2 BHK Apartment ,6,Vishrantwadi,7000000,6796
0,3,0,1,1,0,5,1340,1,1,3 BHK Apartment ,6,Vishrantwadi,7800000,5820
0,3,0,1,1,0,5,1150,1,1,2 BHK Apartment ,5,Tingre Nagar,6800000,5913
0,3,0,1,1,0,5,1500,2,2,3 BHK Apartment ,7,Tingre Nagar,10900000,7266
1,3,3,1,1,0,0,1050,1,1,2 BHK Apartment ,8,Dhanori,5500000,5238
0,3,1,1,1,0,5,1550,2,2,3 BHK Apartment ,4,Vishrantwadi,11500000,7419
0,3,0,1,1,0,6,1140,2,1,2 BHK Apartment ,7,Kharadi,6800000,5964
0,3,0,0,1,0,5,1100,2,1,2 BHK Apartment ,5,Kharadi,6600000,6000
0,3,0,1,1,0,4,978,1,1,2 BHK Apartment ,6,Dhanori,5300000,5419
0,3,0,1,1,0,3,1450,1,2,3 BHK Apartment ,2,Viman Nagar,11500000,7931
0,3,0,1,1,0,4,560,1,1,1 BHK Apartment ,1,Hadapsar,2900000,5178
0,3,2,1,1,1,6,1490,2,3,3 BHK Apartment ,2,Aundh,15500000,10402
0,3,0,1,1,0,6,1760,2,3,3 BHK Apartment ,4,Manjari,6000000,3409
0,0,0,1,1,1,4,1901,2,3,3 BHK Apartment ,7,Kharadi,11500000,6049
0,3,0,1,0,0,5,670,1,1,1 BHK Apartment ,2,Hadapsar,2800000,4179
0,3,0,1,1,0,1,1010,2,1,2 BHK Apartment ,9,Vishrantwadi,6200000,6138
0,3,2,1,1,0,5,800,2,1,1 BHK Apartment ,7,Viman Nagar,7000000,8750
0,3,0,1,1,0,5,1155,2,1,2 BHK Apartment ,11,Kharadi,7500000,6493
0,3,0,1,1,0,5,1100,1,1,2 BHK Apartment ,6,Vishrantwadi,7500000,6818
0,3,1,1,1,0,5,1224,2,2,2 BHK Apartment ,5,Viman Nagar,10000000,8169
0,3,1,1,1,0,5,1015,1,1,2 BHK Apartment ,4,Viman Nagar,7000000,6896
0,3,0,1,1,0,5,1265,2,1,2 BHK Apartment ,5,Tingre Nagar,6800000,5375
0,3,0,1,1,0,5,700,1,1,1 BHK Apartment ,3,Vishrantwadi,3500000,5000
0,3,0,1,1,0,3,991,2,2,2 BHK Apartment ,9,Manjari,5600000,5650
0,3,0,1,1,0,5,1060,2,2,2 BHK Apartment ,0,Viman Nagar,8500000,8018
0,3,0,1,1,0,7,615,2,1,1 BHK Apartment ,1,Manjari,3800000,6178
0,3,2,0,0,0,7,1500,3,3,3 BHK Apartment ,3,Kalyani Nagar,13000000,8666
0,3,2,1,1,0,7,2000,3,3,3 BHK Apartment ,9,Kharadi,13800000,6900
0,3,2,1,1,0,8,1450,3,3,3 BHK Apartment ,4,Kharadi,8500000,5862
0,3,0,1,0,0,5,561,1,1,1 BHK Apartment ,4,Hadapsar,2700000,4812
0,3,0,1,1,0,0,1473,1,3,3 BHK Apartment ,6,Baner,9000000,6109
0,3,1,0,0,0,5,800,1,1,2 BHK Apartment ,5,Tingre Nagar,4200000,5250
0,2,1,1,1,0,0,2945,3,4,4 BHK Apartment ,5,Baner,32000000,10865
0,3,0,1,1,0,5,575,1,1,1 BHK Apartment ,4,Sasane Nagar,3000000,5217
0,3,0,1,1,0,6,950,1,1,2 BHK Apartment ,6,Viman Nagar,6000000,6315
0,3,1,1,1,1,2,1604,1,3,3 BHK Apartment ,2,Bavdhan,11500000,7169
0,3,0,1,1,0,5,1560,2,2,3 BHK Apartment ,5,Kharadi,8400000,5384
1,3,3,1,1,0,1,1400,2,3,3 BHK Apartment ,11,Baner,9000000,6428
0,3,0,1,1,0,5,600,1,1,1 BHK Apartment ,2,Dhanori,2902800,4838
0,2,0,1,1,0,5,1162,2,3,3 BHK Apartment ,4,Rahatani,8100000,6970
0,3,0,1,1,0,7,850,1,1,1 BHK Apartment ,1,Hadapsar,5700000,6705
0,3,0,1,1,0,5,990,1,1,2 BHK Apartment ,5,Dhanori,5200000,5252
0,3,1,1,1,0,5,1150,1,1,2 BHK Apartment ,2,Tingre Nagar,7500000,6521
0,3,1,1,1,0,5,987,1,1,2 BHK Apartment ,4,Dhanori,5300000,5369
0,3,0,1,0,0,6,600,1,1,1 BHK Apartment ,3,Hadapsar,2700000,4500
1,3,3,1,1,0,2,890,2,2,2 BHK Apartment ,2,Handewadi,4000000,4494
0,3,0,1,1,0,2,540,2,1,1 BHK Apartment ,1,Hadapsar,2500000,4629
0,3,0,1,1,0,2,810,2,1,1 BHK Apartment ,2,Hadapsar,4000000,4938
0,3,0,1,0,0,2,980,2,2,2 BHK Apartment ,1,Hadapsar,6200000,6326
1,3,3,1,0,0,2,1011,2,2,2 BHK Apartment ,2,NIBM Annex Mohammadwadi,5000000,4945
0,3,0,1,1,0,3,1220,2,2,3 BHK Apartment ,2,Hadapsar,9000000,7377
0,3,0,1,1,0,7,850,2,2,2 BHK Apartment ,2,Hadapsar,4000000,4705
0,3,1,1,1,0,5,1475,2,2,3 BHK Apartment ,5,Kalyani Nagar,13300000,9016
0,3,2,1,1,1,6,1980,3,3,3 BHK Apartment ,8,Kharadi,14000000,7070
0,3,0,1,1,0,2,500,2,1,1 BHK Apartment ,4,Hadapsar,3000000,6000
1,3,3,1,0,0,2,922,2,2,2 BHK Apartment ,2,Hadapsar,3200000,3470
0,3,0,1,0,0,2,1170,2,2,2 BHK Apartment ,2,Hadapsar,6200000,5299
1,3,3,1,0,0,2,2020,2,3,3 BHK Apartment ,2,Hadapsar,10500000,5198
0,3,0,1,0,0,2,625,2,1,1 BHK Apartment ,2,Hadapsar,3600000,5760
0,3,0,1,0,0,2,500,2,2,2 BHK Apartment ,2,Hadapsar,3500000,7000
1,3,3,1,1,0,11,1425,2,3,3 BHK Apartment ,3,Hadapsar,6800000,4771
0,3,0,1,1,0,11,548,2,1,1 BHK Apartment ,2,NIBM Annex Mohammadwadi,2880000,5255
0,3,0,1,1,0,11,900,2,2,2 BHK Apartment ,4,Hadapsar,4050000,4500
0,3,0,1,1,0,4,585,1,1,1 BHK Apartment ,3,Undri,3200000,5470
0,3,0,1,1,0,3,544,1,1,1 BHK Apartment ,3,Manjari,2800000,5147
0,2,0,1,1,0,8,600,1,1,1 BHK Apartment ,2,Bibwewadi,3900000,6500
1,3,3,1,1,0,1,1565,2,3,3 BHK Apartment ,1,Balewadi,9000000,5750
0,3,0,1,1,0,0,1045,1,2,2 BHK Apartment ,6,Bavdhan,7800000,7464
0,0,0,1,1,1,5,1600,2,3,3 BHK Apartment ,3,Kharadi,8600000,5375
1,3,3,1,1,0,0,1095,2,2,2 BHK Apartment ,10,Balewadi,8400000,7671
1,3,3,1,1,0,0,650,2,1,1 BHK Apartment ,5,Hadapsar,3900000,6000
0,3,1,1,1,1,6,1600,2,3,3 BHK Apartment ,8,Kharadi,9200000,5750
1,3,3,1,1,1,1,1225,2,2,2 BHK Apartment ,1,Hinjewadi,6282600,5128
1,2,3,1,1,1,0,4300,2,4,4 BHK Apartment ,10,Kothrud,65300000,15186
0,3,2,1,0,0,11,850,2,2,2 BHK Apartment ,5,Hadapsar,6500000,7647
0,3,2,1,1,0,9,1815,2,3,3 BHK Apartment ,7,Mundhwa,20000000,11019
0,3,0,1,1,0,10,1650,2,3,3 BHK Apartment ,8,Wadgaon Sheri,12500000,7575
0,3,0,1,1,0,6,836,2,2,2 BHK Apartment ,3,Lohegaon,3900000,4665
0,3,2,1,1,1,10,1300,2,2,2 BHK Apartment ,7,Kalyani Nagar,16000000,12307
0,3,1,1,1,1,6,1600,2,3,3 BHK Apartment ,8,Kharadi,9200000,5750
1,3,3,1,1,0,1,1650,3,3,3 BHK Apartment ,11,Kharadi,13500000,8181
0,3,2,1,1,0,5,1475,2,2,2 BHK Apartment ,7,Kalyani Nagar,17500000,11864
0,3,0,0,1,0,3,800,1,1,1 BHK Apartment ,9,Viman Nagar,6000000,7500
0,3,0,1,1,0,5,980,2,2,2 BHK Apartment ,1,Viman Nagar,7000000,7142
0,3,0,1,1,0,7,1000,2,2,2 BHK Apartment ,1,Viman Nagar,7000000,7000
0,3,0,1,1,0,7,950,2,2,2 BHK Apartment ,7,Kharadi,5200000,5473
0,3,2,1,1,0,8,2100,3,3,3 BHK Apartment ,7,Kharadi,13000000,6190
0,3,2,1,1,0,8,1350,2,2,2 BHK Apartment ,8,Viman Nagar,10000000,7407
0,3,0,1,1,0,6,1245,2,2,2 BHK Apartment ,7,Viman Nagar,8500000,6827
1,3,3,0,0,0,1,1022,2,2,2 BHK Apartment ,9,Kharadi,6300000,6164
1,3,3,0,0,0,1,1013,2,2,2 BHK Apartment ,9,Kharadi,6200000,6120
0,3,1,1,1,0,4,720,2,2,2 BHK Apartment ,9,Hadapsar,5500000,7638
0,3,0,1,1,0,4,850,2,2,2 BHK Apartment ,1,Hadapsar,4500000,5294
0,3,0,1,0,0,5,600,1,1,1 BHK Apartment ,3,Hadapsar,2700000,4500
0,3,0,1,1,0,3,780,1,1,2 BHK Apartment ,2,Hadapsar,4000000,5128
0,3,0,1,1,0,5,1050,1,2,2 BHK Apartment ,3,Hadapsar,4800000,4571
0,2,0,1,0,0,6,865,2,2,2 BHK Apartment ,2,Hadapsar,3600000,4161
0,2,0,1,1,0,13,780,1,2,2 BHK Apartment ,1,Sinhgad Road,4500000,5769
0,3,0,1,1,0,5,1095,1,1,2 BHK Apartment ,3,Kharadi,7500000,6849
0,3,0,1,1,0,5,1050,1,1,2 BHK Apartment ,3,Viman Nagar,8300000,7904
0,3,0,1,1,0,5,1350,2,1,2 BHK Apartment ,3,Viman Nagar,8000000,5925
1,3,3,0,0,0,0,995,2,2,2 BHK Apartment ,8,Dhanori,6000000,6030
1,3,3,0,0,0,1,785,1,1,2 BHK Apartment ,8,Dhanori,4200000,5350
0,2,0,1,1,0,3,650,1,1,1 BHK Apartment ,12,Manjari,3900000,6000
0,2,0,1,1,0,6,860,1,2,2 BHK Apartment ,5,Hadapsar,3500000,4069
1,3,3,0,0,0,0,1299,2,3,3 BHK Apartment ,7,Mundhwa,7500000,5773
0,3,0,1,1,0,5,1240,2,2,2 BHK Apartment ,7,Viman Nagar,8400000,6774
0,3,0,0,0,0,7,1250,2,2,2 BHK Apartment ,9,Rahatani,7400000,5920
0,3,0,1,1,0,7,633,1,1,1 BHK Apartment ,4,Hadapsar,3000000,4739
1,3,3,1,1,0,1,1206,2,2,2 BHK Apartment ,8,Baner,8600000,7131
0,3,0,1,1,0,8,572,1,1,1 BHK Apartment ,2,Hadapsar,3000000,5244
0,2,0,1,1,0,6,1000,2,2,2 BHK Apartment ,2,Pimple Saudagar,6500000,6500
0,3,1,0,0,0,3,1500,3,2,3 BHK Apartment ,8,Vishrantwadi,10900000,7266
0,3,0,1,1,0,5,1600,3,2,3 BHK Apartment ,6,Kalyani Nagar,12400000,7750
0,2,0,1,1,0,8,1020,2,2,2 BHK Apartment ,5,Pimple Saudagar,7000000,6862
0,3,0,1,1,0,4,1600,3,3,3 BHK Apartment ,5,Kalyani Nagar,12400000,7750
0,3,0,0,1,0,5,1630,3,2,3 BHK Apartment ,8,Viman Nagar,12000000,7361
0,3,1,0,0,0,5,750,1,1,1 BHK Apartment ,6,Viman Nagar,5500000,7333
1,3,3,1,1,0,0,908,3,2,2 BHK Apartment ,4,Hinjewadi,5837000,6428
1,3,3,0,0,0,0,935,2,2,2 BHK Apartment ,7,Mundhwa,5600000,5989
1,3,3,0,0,0,0,629,1,1,1 BHK Apartment ,5,Mundhwa,3800000,6041
1,3,3,0,0,0,0,935,1,1,2 BHK Apartment ,7,Mundhwa,5600000,5989
1,3,3,0,0,0,0,1299,3,3,3 BHK Apartment ,5,Mundhwa,7500000,5773
1,3,3,0,0,0,0,935,2,2,2 BHK Apartment ,4,Mundhwa,5500000,5882
0,3,1,1,1,0,2,1715,1,3,3 BHK Apartment ,11,Wakad,12500000,7288
1,3,3,1,0,0,2,685,2,1,1 BHK Apartment ,2,Hadapsar,2466130,3600
0,3,0,1,0,0,2,900,2,2,2 BHK Apartment ,4,Hadapsar,4800000,5333
0,3,0,1,0,0,11,545,2,1,1 BHK Apartment ,3,Hadapsar,3000000,5504
0,3,0,1,0,0,2,924,2,2,2 BHK Apartment ,1,Hadapsar,3300000,3571
0,3,0,1,0,0,11,552,2,1,1 BHK Apartment ,3,Hadapsar,3300000,5978
0,3,1,1,1,0,11,900,2,2,2 BHK Apartment ,3,Hadapsar,4400000,4888
0,3,0,1,1,0,11,631,2,1,1 BHK Apartment ,3,Hadapsar,2600000,4120
0,3,1,1,1,0,11,630,2,1,1 BHK Apartment ,3,Hadapsar,2900000,4603
0,3,2,1,0,0,11,660,2,1,1 BHK Apartment ,2,Hadapsar,2200000,3333
0,3,2,1,0,0,11,600,2,1,1 BHK Apartment ,3,Hadapsar,3800000,6333
0,3,0,1,1,1,4,1600,2,3,3 BHK Apartment ,7,Baner,9500000,5937
1,3,3,1,1,0,1,971,2,2,2 BHK Apartment ,4,NIBM Annex Mohammadwadi,4300000,4428
1,3,3,1,1,0,1,1023,2,2,2 BHK Apartment ,4,NIBM Annex Mohammadwadi,4500000,4398
0,2,0,1,1,1,3,729,2,2,1 BHK Apartment ,5,Pimple Saudagar,5500000,7544
0,3,0,1,1,0,5,1450,2,2,3 BHK Apartment ,12,Kalyani Nagar,13500000,9310
0,3,0,1,1,0,5,1200,2,1,2 BHK Apartment ,7,Viman Nagar,8000000,6666
0,3,0,1,1,0,5,1150,1,1,2 BHK Apartment ,2,Kharadi,7500000,6521
0,3,0,1,1,0,5,1350,2,1,3 BHK Apartment ,6,Kalyani Nagar,13500000,10000
0,3,1,1,1,0,5,1122,1,1,2 BHK Apartment ,7,Kharadi,8000000,7130
0,3,0,0,0,0,1,1600,1,2,3 BHK Apartment ,5,Wakad,7750000,4843
0,3,0,1,1,0,5,543,1,1,1 BHK Apartment ,7,Hadapsar,3000000,5524
1,3,3,1,1,0,0,3034,2,4,4 BHK Apartment ,5,Baner,28500000,9393
0,2,0,1,0,0,6,900,2,2,2 BHK Apartment ,6,Hadapsar,5800000,6444
0,2,0,1,1,0,11,650,2,1,1 BHK Apartment ,4,Hadapsar,2500000,3846
0,3,1,0,0,0,4,1525,2,2,2 BHK Apartment ,6,Viman Nagar,10000000,6557
0,3,1,0,0,0,6,1155,2,2,2 BHK Apartment ,8,Vishrantwadi,7500000,6493
1,3,3,1,1,0,0,3600,2,4,4 BHK Apartment ,10,Baner,45000000,12500
1,3,3,1,1,0,1,1650,2,3,3 BHK Apartment ,7,Hinjewadi,9500000,5757
0,2,0,0,0,0,6,1023,2,2,2 BHK Apartment ,4,Wakad,6000000,5865
0,2,0,1,1,0,6,1000,2,2,2 BHK Apartment ,4,Pimple Saudagar,7200000,7200
0,2,1,0,0,0,6,670,2,1,1 BHK Apartment ,3,Pimple Saudagar,4200000,6268
0,2,0,1,1,0,13,850,2,2,2 BHK Apartment ,2,Undri,3500000,4117
0,3,1,0,0,0,5,1934,3,3,3 BHK Apartment ,8,Kalyani Nagar,30000000,15511
0,3,0,1,1,0,5,1012,1,1,2 BHK Apartment ,2,Dhanori,4800000,4743
0,3,1,0,0,0,3,615,2,1,1 BHK Apartment ,1,Hadapsar,3300000,5365
0,3,0,1,1,0,5,1250,2,1,2 BHK Apartment ,5,Kharadi,7500000,6000
0,3,0,1,1,0,5,1166,1,1,2 BHK Apartment ,5,Kharadi,7500000,6432
1,2,3,1,1,0,3,1300,1,2,3 BHK Apartment ,12,Hadapsar,11000000,8461
0,3,0,1,1,0,8,1050,2,2,2 BHK Apartment ,6,Wakad,7000000,6666
0,3,2,1,1,0,4,950,2,2,2 BHK Apartment ,8,Hadapsar,4800000,5052
1,3,3,1,1,0,0,1166,2,2,2 BHK Apartment ,5,Undri,5064000,4343
0,3,0,1,1,0,4,857,1,2,2 BHK Apartment ,10,Hadapsar,4500000,5250
0,3,1,1,1,0,5,1255,1,1,2 BHK Apartment ,4,Viman Nagar,9000000,7171
0,3,1,1,1,0,5,1400,2,2,2 BHK Apartment ,2,Viman Nagar,8000000,5714
0,3,0,1,1,0,5,1645,2,2,3 BHK Apartment ,5,Viman Nagar,10800000,6565
0,3,2,1,1,0,5,1750,3,2,3 BHK Apartment ,4,Viman Nagar,15800000,9028
0,3,0,1,1,0,10,1200,2,2,2 BHK Apartment ,3,Viman Nagar,8000000,6666
0,3,1,1,1,0,3,2015,3,3,3 BHK Apartment ,11,Kharadi,14800000,7344
0,3,0,1,1,0,5,2185,3,2,3 BHK Apartment ,3,Kalyani Nagar,21000000,9610
0,3,0,1,1,0,6,1100,1,1,2 BHK Apartment ,3,Kharadi,7000000,6363
0,3,0,1,1,0,5,1000,2,1,2 BHK Apartment ,7,Vishrantwadi,7500000,7500
1,3,3,0,0,0,0,1299,2,3,3 BHK Apartment ,5,Mundhwa,7500000,5773
1,3,3,0,0,0,0,1299,2,3,3 BHK Apartment ,7,Mundhwa,7500000,5773
0,3,1,1,1,0,5,1581,2,2,3 BHK Apartment ,7,Tingre Nagar,12600000,7969
0,3,0,1,1,0,5,980,1,1,2 BHK Apartment ,6,Wagholi,5500000,5612
0,3,0,1,1,0,2,745,1,1,1 BHK Apartment ,7,Wagholi,3600000,4832
0,3,1,0,0,0,5,1334,2,1,2 BHK Apartment ,8,Viman Nagar,8300000,6221
0,2,0,1,1,0,11,700,2,1,1 BHK Apartment ,2,Hadapsar,2590000,3700
0,3,0,1,1,0,5,1620,2,1,3 BHK Apartment ,9,Tingre Nagar,10500000,6481
0,3,0,1,1,0,3,1400,2,3,3 BHK Apartment ,1,Undri,7000000,5000
0,3,2,0,0,1,4,900,1,2,2 BHK Apartment ,3,Handewadi,4400000,4888
0,3,1,0,0,1,4,930,1,2,2 BHK Apartment ,3,Hadapsar,4500000,4838
0,3,0,1,0,0,11,806,2,2,2 BHK Apartment ,2,Handewadi,4300000,5334
0,3,0,1,0,0,11,900,2,2,2 BHK Apartment ,3,Undri,3000000,3333
0,3,0,1,1,0,11,1250,2,3,3 BHK Apartment ,3,Hadapsar,6100000,4880
0,3,0,1,0,0,11,485,2,1,1 BHK Apartment ,3,Hadapsar,2500000,5154
1,3,3,1,1,0,3,1046,2,2,2 BHK Apartment ,2,Hadapsar,6000000,5736
0,3,0,1,0,0,2,1485,2,3,3 BHK Apartment ,1,Hadapsar,9500000,6397
0,3,0,1,0,0,6,1130,2,2,2 BHK Apartment ,2,Undri,7000000,6194
0,3,0,1,0,0,6,940,2,2,2 BHK Apartment ,2,Hadapsar,3500000,3723
0,2,0,1,1,0,10,600,2,1,1 BHK Apartment ,1,Vishrantwadi,3700000,6166
0,2,0,0,1,0,10,650,1,1,1 BHK Apartment ,2,Vishrantwadi,3600000,5538
0,3,1,1,1,0,5,1150,2,1,2 BHK Apartment ,2,Tingre Nagar,7500000,6521
0,3,0,1,1,0,4,1180,2,2,3 BHK Apartment ,3,Rahatani,8000000,6779
0,3,1,1,1,0,9,1160,1,2,2 BHK Apartment ,3,Pimple Saudagar,7400000,6379
1,3,3,1,0,0,2,1210,2,2,2 BHK Apartment ,3,Hadapsar,8200000,6776
1,3,3,1,1,0,2,1060,2,2,2 BHK Apartment ,1,Hadapsar,6800000,6415
1,3,3,1,0,0,2,1006,2,2,2 BHK Apartment ,3,Undri,5900000,5864
0,3,2,0,0,1,3,900,1,2,2 BHK Apartment ,3,Hadapsar,4300000,4777
0,3,0,1,1,0,5,4000,3,4,4 BHK Villa ,1,Wakad,30000000,7500
0,3,0,1,1,0,7,1240,1,2,2 BHK Apartment ,5,Pimple Saudagar,8500000,6854
0,3,0,0,1,0,7,2142,2,3,3 BHK Villa ,1,Wakad,12700000,5929
0,3,0,1,1,0,4,1366,2,3,3 BHK Apartment ,8,Hinjewadi,6800000,4978
0,3,0,1,1,0,3,1314,2,2,2 BHK Apartment ,1,Hinjewadi,7000000,5327
0,3,0,1,1,0,5,1300,1,1,2 BHK Apartment ,4,Vishrantwadi,7700000,5923
1,3,3,1,1,0,1,1023,2,2,2 BHK Apartment ,7,NIBM Annex Mohammadwadi,4100000,4007
0,3,0,0,1,0,2,1100,2,2,2 BHK Apartment ,3,Bavdhan,7500000,6818
0,3,0,1,1,0,2,950,2,2,2 BHK Apartment ,3,Baner,6500000,6842
0,3,0,1,1,0,2,1061,2,2,2 BHK Apartment ,5,Bavdhan,6800000,6409
0,3,2,1,1,0,5,1100,2,1,2 BHK Apartment ,6,Vishrantwadi,7500000,6818
0,3,0,0,1,0,5,1350,2,2,3 BHK Apartment ,6,Viman Nagar,11000000,8148
0,3,0,1,1,0,5,1085,1,1,2 BHK Apartment ,4,Kharadi,7800000,7188
0,3,1,1,1,0,5,850,1,1,1 BHK Apartment ,4,Viman Nagar,6300000,7411
0,3,0,1,1,0,5,1300,1,1,2 BHK Apartment ,7,Viman Nagar,9500000,7307
0,3,1,1,1,0,5,1700,2,2,3 BHK Apartment ,4,Viman Nagar,13500000,7941
0,3,2,1,1,0,5,1200,1,1,2 BHK Apartment ,10,Kharadi,8100000,6750
0,3,0,1,1,0,5,1550,1,1,3 BHK Apartment ,6,Tingre Nagar,10000000,6451
1,3,3,1,1,0,0,1400,2,1,2 BHK Apartment ,15,Kharadi,10000000,7142
0,3,0,1,1,0,6,1150,1,1,2 BHK Apartment ,5,Vishrantwadi,7800000,6782
0,3,0,1,1,0,6,1478,2,1,3 BHK Apartment ,6,Kharadi,9900000,6698
0,3,0,1,1,0,6,891,1,1,2 BHK Apartment ,4,Viman Nagar,6000000,6734
0,3,1,1,1,0,5,1250,1,1,2 BHK Apartment ,6,Viman Nagar,8500000,6800
0,3,1,1,1,0,7,1450,1,1,2 BHK Apartment ,5,Vishrantwadi,7500000,5172
0,3,0,1,1,0,6,1578,2,1,3 BHK Apartment ,1,Kharadi,11000000,6970
0,2,0,1,1,0,2,1660,2,2,2 BHK Apartment ,13,Hadapsar,12500000,7530
0,2,0,1,1,0,6,1500,2,3,3 BHK Apartment ,8,Handewadi,6100000,4066
0,2,0,1,1,0,6,650,2,1,1 BHK Apartment ,4,Mundhwa,3100000,4769
0,2,0,1,1,0,11,650,2,1,1 BHK Apartment ,1,Hadapsar,5200000,8000
0,2,0,1,1,0,6,1200,2,2,2 BHK Apartment ,5,Hadapsar,10500000,8750
0,3,0,0,0,0,10,535,1,1,1 BHK Apartment ,2,Sasane Nagar,2500000,4672
0,3,1,1,1,0,6,1144,1,1,2 BHK Apartment ,2,Viman Nagar,8500000,7430
0,3,0,0,1,0,3,1350,1,1,3 BHK Apartment ,3,Viman Nagar,11000000,8148
0,3,0,1,1,0,3,1100,1,1,2 BHK Apartment ,7,Vishrantwadi,6300000,5727
0,2,0,1,1,0,11,2250,2,3,3 BHK Apartment ,1,Hadapsar,18000000,8000
0,2,0,1,1,0,6,1400,2,3,3 BHK Apartment ,4,Hadapsar,7500000,5357
0,2,0,1,1,0,2,635,2,1,1 BHK Apartment ,2,Hadapsar,2200000,3464
0,2,0,1,1,0,6,570,2,1,1 BHK Apartment ,3,Hadapsar,3700000,6491
0,2,0,1,1,0,6,1111,2,2,2 BHK Apartment ,5,Hadapsar,6300000,5670
1,2,3,1,1,0,2,2145,2,3,3 BHK Apartment ,6,Hadapsar,14500000,6759
0,3,1,0,0,0,4,1450,3,2,3 BHK Apartment ,8,Kalyani Nagar,14000000,9655
0,3,0,1,1,0,5,1115,2,2,3 BHK Apartment ,7,Tingre Nagar,8500000,7623
0,3,0,1,1,0,4,1400,3,2,2 BHK Apartment ,9,Kalyani Nagar,10300000,7357
0,3,0,1,1,0,6,1000,1,1,2 BHK Apartment ,1,Tingre Nagar,5600000,5600
0,3,0,1,1,0,5,1149,2,2,2 BHK Apartment ,8,Kalyani Nagar,8500000,7397
0,3,1,0,0,0,2,2000,3,3,2 BHK Apartment ,12,Kharadi,14800000,7400
0,3,1,0,0,0,2,2000,3,3,2 BHK Apartment ,12,Kharadi,14800000,7400
0,3,0,1,1,0,5,1600,3,3,3 BHK Apartment ,10,Kalyani Nagar,12400000,7750
0,3,1,0,1,0,5,1200,2,2,2 BHK Apartment ,10,Viman Nagar,8000000,6666
0,3,1,0,0,0,5,1250,2,2,2 BHK Apartment ,2,Viman Nagar,9000000,7200
0,3,0,1,1,0,5,1000,1,1,2 BHK Apartment ,5,Viman Nagar,5500000,5500
0,3,0,1,1,0,5,1000,1,1,2 BHK Apartment ,7,Viman Nagar,6500000,6500
0,3,1,0,0,0,5,1380,3,3,3 BHK Apartment ,12,Kharadi,8800000,6376
0,3,2,0,0,0,4,530,2,1,1 BHK Apartment ,6,Shastri Nagar,5300000,10000
0,3,0,1,1,0,5,1300,3,2,2 BHK Apartment ,12,Kalyani Nagar,10300000,7923
0,3,0,1,1,0,5,1300,2,2,2 BHK Apartment ,7,Kalyani Nagar,10200000,7846
0,3,2,0,0,0,6,1250,2,2,2 BHK Apartment ,9,Shastri Nagar,8300000,6640
0,3,0,1,1,0,5,1600,3,2,3 BHK Apartment ,10,Kalyani Nagar,11500000,7187
0,3,0,1,1,0,5,990,2,1,2 BHK Apartment ,6,Viman Nagar,5800000,5858
0,3,0,1,1,0,5,1000,2,1,2 BHK Apartment ,5,Viman Nagar,5500000,5500
0,3,0,1,1,0,5,1300,2,2,2 BHK Apartment ,9,Kalyani Nagar,10000000,7692
0,3,0,1,1,0,5,1275,3,2,3 BHK Apartment ,5,Tingre Nagar,8000000,6274
0,3,1,0,0,0,5,1750,3,2,3 BHK Apartment ,7,Viman Nagar,12000000,6857
0,3,1,0,0,0,5,1100,2,1,2 BHK Apartment ,7,Kharadi,6500000,5909
0,3,1,0,0,0,5,1120,1,1,2 BHK Apartment ,3,Kharadi,7200000,6428
0,3,1,0,0,0,5,2200,3,3,3 BHK Apartment ,10,Viman Nagar,18500000,8409
0,3,0,1,1,0,4,920,2,1,2 BHK Apartment ,6,Viman Nagar,6000000,6521
0,3,2,0,0,0,5,2630,3,3,3 BHK Apartment ,7,Viman Nagar,18200000,6920
0,3,0,1,1,0,5,1000,2,1,2 BHK Apartment ,3,Viman Nagar,5300000,5300
0,3,0,1,1,0,5,1500,2,2,3 BHK Apartment ,5,Tingre Nagar,7300000,4866
0,3,0,1,1,0,5,1700,3,2,3 BHK Apartment ,3,Kalyani Nagar,11600000,6823
0,3,0,1,1,0,5,1450,3,2,3 BHK Apartment ,10,Tingre Nagar,7500000,5172
0,3,0,0,1,0,5,1750,3,2,3 BHK Apartment ,6,Viman Nagar,11800000,6742
0,3,0,1,1,0,5,895,1,1,2 BHK Apartment ,8,Kharadi,5100000,5698
1,3,3,1,1,0,1,800,1,1,2 BHK Apartment ,3,Manjari,4200000,5250
1,3,3,1,1,0,0,4000,2,4,4 BHK Apartment ,4,Balewadi,35000000,8750
1,3,3,1,1,0,0,2600,2,4,4 BHK Apartment ,8,Balewadi,28600000,11000
0,2,0,1,1,0,6,650,2,1,1 BHK Apartment ,4,Hadapsar,3800000,5846
0,3,0,1,0,0,2,560,2,1,1 BHK Apartment ,2,Undri,3100000,5535
1,3,3,1,1,0,0,2550,2,4,4 BHK Apartment ,5,Baner,20000000,7843
0,3,0,1,1,0,5,1350,3,2,3 BHK Apartment ,9,Vishrantwadi,7500000,5555
0,3,0,0,0,0,5,1550,3,2,3 BHK Apartment ,9,Wadgaon Sheri,10500000,6774
0,3,0,1,1,0,6,1120,2,1,2 BHK Apartment ,8,Vishrantwadi,6300000,5625
0,3,0,1,1,0,6,860,2,1,2 BHK Apartment ,8,Vishrantwadi,4200000,4883
0,3,0,0,0,0,6,1550,2,2,3 BHK Apartment ,12,Wadgaon Sheri,10300000,6645
0,3,0,1,1,0,5,1335,2,2,3 BHK Apartment ,7,Vishrantwadi,7500000,5617
0,3,2,0,0,0,4,1700,3,2,3 BHK Apartment ,2,Viman Nagar,15000000,8823
0,3,0,1,1,0,5,1200,1,2,2 BHK Apartment ,6,Vishrantwadi,7300000,6083
0,3,0,1,1,0,5,1300,3,2,2 BHK Apartment ,5,Vishrantwadi,7200000,5538
0,3,0,0,0,0,5,1450,2,2,3 BHK Apartment ,10,Wadgaon Sheri,10300000,7103
0,3,0,1,1,0,5,1400,1,1,2 BHK Apartment ,3,Vishrantwadi,7200000,5142
0,3,0,1,1,0,5,1242,3,2,3 BHK Apartment ,7,Vishrantwadi,7500000,6038
0,3,0,1,1,1,1,1084,1,2,2 BHK Apartment ,6,Balewadi,7500000,6918
0,3,0,1,1,0,0,1084,1,2,2 BHK Apartment ,6,Balewadi,7500000,6918
0,3,0,1,1,0,3,646,1,1,1 BHK Apartment ,3,Handewadi,3300000,5108
0,2,2,1,1,0,3,650,1,1,1 BHK Apartment ,1,Manjari,3400000,5230
1,3,3,1,0,0,2,750,2,1,1 BHK Apartment ,2,Hadapsar,2500000,3333
1,3,3,1,1,0,2,576,2,1,1 BHK Apartment ,2,Sasane Nagar,3000000,5208
0,3,0,1,1,0,2,763,2,1,1 BHK Apartment ,1,Hadapsar,3500000,4587
0,3,0,1,0,0,2,570,2,1,2 BHK Apartment ,1,Hadapsar,4200000,7368
1,3,3,1,0,0,2,490,2,1,1 BHK Apartment ,2,Hadapsar,2300000,4693
1,3,3,1,1,0,2,560,2,1,1 BHK Apartment ,1,Hadapsar,3500000,6250
0,3,0,1,1,0,2,1050,2,2,2 BHK Apartment ,1,Hadapsar,7000000,6666
0,3,0,1,0,0,2,820,2,2,2 BHK Apartment ,2,Hadapsar,5500000,6707
0,3,0,1,0,0,2,1200,2,2,2 BHK Apartment ,2,Hadapsar,6200000,5166
1,3,3,1,0,0,2,855,2,2,2 BHK Apartment ,2,Hadapsar,5600000,6549
0,3,1,1,1,0,2,645,2,1,1 BHK Apartment ,5,Sasane Nagar,3000000,4651
0,3,0,1,1,0,2,1015,2,2,2 BHK Apartment ,2,Hadapsar,4000000,3940
1,3,3,1,0,0,2,707,2,2,2 BHK Apartment ,2,Hadapsar,4000000,5657
0,3,1,1,1,0,11,800,2,2,2 BHK Apartment ,3,Undri,3400000,4250
1,3,3,1,1,0,2,865,2,2,2 BHK Apartment ,2,Hadapsar,3800000,4393
0,3,0,1,0,0,2,1700,2,2,3 BHK Villa ,0,Hadapsar,10500000,6176
0,3,0,1,1,0,2,555,2,1,1 BHK Apartment ,1,Hadapsar,2800000,5045
0,3,0,1,0,0,2,1357,2,3,3 BHK Apartment ,1,Hadapsar,13000000,9579
1,3,3,1,0,0,11,1031,2,2,2 BHK Apartment ,6,Undri,6200000,6013
0,3,0,1,0,0,2,480,2,1,1 BHK Apartment ,1,Hadapsar,2700000,5625
1,3,3,1,0,0,2,562,2,1,1 BHK Apartment ,1,Hadapsar,2250000,4003
1,3,3,1,0,0,2,1048,2,2,2 BHK Apartment ,1,Hadapsar,8500000,8110
0,3,2,0,0,0,5,2250,3,3,3 BHK Apartment ,7,Viman Nagar,18000000,8000
1,2,3,1,1,1,0,1390,3,3,3 BHK Apartment ,2,Kothrud,14500000,10431
0,3,0,0,0,0,11,850,2,2,2 BHK Apartment ,2,Sasane Nagar,3350000,3941
0,3,0,1,1,0,5,653,1,1,1 BHK Apartment ,10,Manjari,4000000,6125
0,2,0,1,1,1,7,1085,3,2,2 BHK Apartment ,4,Pimple Saudagar,7300000,6728
0,2,0,1,1,0,5,1050,2,2,2 BHK Apartment ,7,Pimple Saudagar,7200000,6857
0,3,1,1,1,0,5,1426,1,1,3 BHK Apartment ,8,Tingre Nagar,11000000,7713
1,3,3,1,1,0,0,1533,2,3,3 BHK Apartment ,7,Hinjewadi,9500000,6196
1,3,3,1,1,0,0,1530,2,3,3 BHK Apartment ,5,Bavdhan,10000000,6535
1,3,3,1,1,0,0,1206,1,2,2 BHK Apartment ,6,Baner,8000000,6633
1,3,3,1,1,0,0,3500,2,4,4 BHK Apartment ,4,Baner,40000000,11428
1,3,3,1,1,0,0,1206,1,2,2 BHK Apartment ,8,Balewadi,8000000,6633
1,2,3,1,1,0,2,860,2,2,2 BHK Apartment ,2,Hadapsar,4500000,5232
1,2,3,1,1,0,11,950,2,2,2 BHK Apartment ,7,Hadapsar,7900000,8315
1,3,3,1,1,0,0,1210,2,2,2 BHK Apartment ,5,Baner,8500000,7024
1,3,3,1,1,0,0,2550,2,4,4 BHK Apartment ,6,Balewadi,20000000,7843
1,3,3,1,1,0,0,1210,1,2,2 BHK Apartment ,6,Balewadi,8500000,7024
1,3,3,1,1,0,0,5115,2,4,4 BHK Apartment ,7,Aundh,61400000,12003
1,3,3,1,1,0,0,1206,1,2,2 BHK Apartment ,9,Baner,9000000,7462
1,3,3,1,1,0,0,3500,2,4,4 BHK Apartment ,7,Baner,40000000,11428
1,3,3,1,1,0,0,1206,1,2,2 BHK Apartment ,4,Balewadi,9000000,7462
1,3,3,1,1,0,0,5115,2,4,4 BHK Apartment ,8,Aundh,60000000,11730
1,3,3,1,0,0,0,1333,2,2,2 BHK Apartment ,6,Balewadi,9000000,6751
1,3,3,1,1,0,0,1800,2,3,3 BHK Apartment ,5,Hinjewadi,12000000,6666
1,3,3,1,1,0,0,1206,1,2,2 BHK Apartment ,5,Baner,8000000,6633
1,3,3,1,1,0,0,1206,2,2,2 BHK Apartment ,7,Balewadi,8000000,6633
1,3,3,1,1,0,0,1600,2,3,3 BHK Apartment ,4,Hinjewadi,10000000,6250
1,3,3,1,1,0,0,2800,2,4,4 BHK Apartment ,3,Bavdhan,22000000,7857
1,3,3,1,1,0,0,1099,1,2,2 BHK Apartment ,5,Balewadi,8000000,7279
1,3,3,1,1,0,0,1206,1,2,2 BHK Apartment ,7,Balewadi,8600000,7131
0,3,0,1,1,0,5,1150,2,2,2 BHK Apartment ,4,Kharadi,7000000,6086
1,3,3,1,1,0,0,1427,2,3,3 BHK Apartment ,7,Bavdhan,8583000,6014
1,3,3,1,1,0,0,1099,1,2,2 BHK Apartment ,5,Baner,8000000,7279
0,3,0,0,1,0,5,865,2,2,2 BHK Apartment ,4,Undri,4500000,5202
0,3,0,1,1,0,3,1280,2,2,2 BHK Apartment ,6,Mundhwa,7500000,5859
1,3,3,1,1,0,0,1000,3,2,2 BHK Apartment ,4,Hadapsar,5500000,5500
1,3,3,1,0,0,0,1042,2,2,2 BHK Apartment ,6,Kharadi,6900000,6621
1,3,3,1,1,0,1,1200,1,2,2 BHK Apartment ,6,NIBM Annex Mohammadwadi,7500000,6250
1,3,3,1,1,0,1,1200,1,2,2 BHK Apartment ,8,NIBM Annex Mohammadwadi,7500000,6250
1,3,3,1,1,0,0,1029,2,2,2 BHK Apartment ,5,Manjari,5400000,5247
1,3,3,1,1,0,2,1280,1,2,2 BHK Apartment ,12,Mundhwa,7500000,5859
1,3,3,1,1,0,0,2015,2,3,3 BHK Apartment ,5,NIBM Annex Mohammadwadi,11700000,5806
1,3,3,1,1,0,1,1751,3,3,3 BHK Apartment ,12,Mundhwa,10000000,5711
1,3,3,0,0,0,0,629,1,1,1 BHK Apartment ,7,Mundhwa,3800000,6041
1,3,3,1,1,0,1,650,1,1,1 BHK Apartment ,6,Manjari,3200000,4923
1,3,3,1,1,0,0,1029,2,2,2 BHK Apartment ,6,Manjari,5400000,5247
0,3,0,0,0,0,5,1050,2,1,2 BHK Apartment ,7,Viman Nagar,7300000,6952
0,3,0,1,0,0,2,600,2,1,1 BHK Apartment ,1,Hadapsar,3200000,5333
0,3,0,0,1,0,4,1100,2,2,2 BHK Apartment ,8,Viman Nagar,7500000,6818
0,3,0,1,1,0,2,932,2,2,2 BHK Apartment ,2,Manjari,5500000,5901
0,3,0,1,1,0,3,680,1,2,2 BHK Apartment ,3,Hadapsar,5200000,7647
0,3,0,1,0,0,4,850,1,2,2 BHK Apartment ,3,Hadapsar,3800000,4470
0,2,0,1,1,0,4,1167,2,2,2 BHK Apartment ,7,Baner,7800000,6683
0,3,0,1,1,0,6,1295,2,3,3 BHK Apartment ,3,Hadapsar,9800000,7567
0,3,2,1,1,0,3,890,2,2,2 BHK Apartment ,4,Hadapsar,6200000,6966
0,3,0,1,1,0,6,546,2,1,1 BHK Apartment ,3,Hadapsar,2800000,5128
0,3,2,1,1,0,3,971,1,1,2 BHK Apartment ,2,Hadapsar,6000000,6179
0,3,0,1,1,0,4,844,1,1,2 BHK Apartment ,2,Hadapsar,4200000,4976
0,2,0,1,1,0,3,800,2,2,2 BHK Apartment ,6,Hadapsar,4000000,5000
0,3,1,1,0,0,5,996,2,2,2 BHK Apartment ,2,Hadapsar,7000000,7028
0,3,0,1,1,1,2,1000,1,2,2 BHK Apartment ,5,Bavdhan,6500000,6500
0,2,0,1,1,0,4,1500,1,2,3 BHK Apartment ,7,Hadapsar,6200000,4133
0,2,2,1,1,1,7,1140,1,2,2 BHK Apartment ,7,Hadapsar,4700000,4122
1,3,3,1,1,0,3,1000,2,2,2 BHK Apartment ,1,Undri,4785000,4785
0,3,0,1,1,0,3,1170,2,2,3 BHK Apartment ,1,Undri,5598450,4785
0,2,1,1,1,0,5,1450,2,3,3 BHK Apartment ,5,Hadapsar,7000000,4827
0,3,0,1,1,0,5,1200,1,1,2 BHK Apartment ,7,Vishrantwadi,8100000,6750
0,2,0,0,1,0,4,625,1,1,1 BHK Apartment ,1,Wagholi,27000000,43200
1,3,3,1,1,0,4,1680,2,3,3 BHK Apartment ,11,Baner,15200000,9047
0,2,0,1,1,0,3,1093,2,2,2 BHK Apartment ,6,Hadapsar,9300000,8508
0,3,0,1,1,0,6,910,2,2,2 BHK Apartment ,8,Hadapsar,4400000,4835
0,3,0,1,1,0,5,1500,3,2,3 BHK Apartment ,7,Kharadi,11100000,7400
0,3,0,1,1,0,5,1070,2,1,2 BHK Apartment ,2,Dhanori,5300000,4953
0,3,0,0,0,0,5,1180,2,2,2 BHK Apartment ,8,Viman Nagar,8500000,7203
0,3,0,1,1,0,4,1700,2,3,3 BHK Apartment ,8,Kharadi,13500000,7941
0,3,0,1,1,0,5,891,2,1,2 BHK Apartment ,5,Viman Nagar,6000000,6734
0,3,0,1,1,0,5,900,2,1,2 BHK Apartment ,6,Viman Nagar,6000000,6666
0,3,0,1,1,0,5,650,1,1,1 BHK Apartment ,7,Viman Nagar,6300000,9692
0,3,0,1,1,0,5,1200,2,1,2 BHK Apartment ,4,Viman Nagar,8300000,6916
0,3,0,1,1,0,5,1020,1,1,2 BHK Apartment ,4,Viman Nagar,6000000,5882
0,3,0,1,1,0,5,1250,2,1,2 BHK Apartment ,4,Viman Nagar,7800000,6240
0,3,0,1,1,0,5,1000,2,1,2 BHK Apartment ,6,Viman Nagar,5800000,5800
0,3,0,1,1,0,4,1190,2,2,2 BHK Apartment ,5,Viman Nagar,8800000,7394
0,3,0,1,1,0,5,1350,2,2,2 BHK Apartment ,2,Viman Nagar,7800000,5777
0,3,1,1,1,0,3,1250,2,1,2 BHK Apartment ,8,Viman Nagar,8000000,6400
1,3,3,1,1,0,1,1564,2,2,3 BHK Apartment ,11,Kharadi,8500000,5434
1,3,3,1,1,0,1,1540,2,2,2 BHK Apartment ,11,Kharadi,8500000,5519
0,3,1,1,1,0,13,600,1,1,1 BHK Apartment ,4,Kondhwa,3800000,6333
0,3,0,0,0,0,7,1330,2,3,3 BHK Apartment ,7,Pimple Saudagar,8275260,6222
0,3,0,0,1,0,3,900,1,2,2 BHK Apartment ,4,Pimple Saudagar,6449400,7166
0,3,0,1,1,0,3,890,1,2,2 BHK Apartment ,3,Hadapsar,4200000,4719
0,3,1,1,1,1,3,935,1,2,2 BHK Apartment ,3,Manjari,5600000,5989
0,3,0,1,0,0,3,1000,1,2,2 BHK Apartment ,3,Hadapsar,6000000,6000
0,3,0,1,1,0,3,900,1,2,2 BHK Apartment ,3,Hadapsar,4000000,4444
0,3,0,1,0,0,4,1000,1,2,2 BHK Apartment ,3,Hadapsar,7500000,7500
0,3,0,1,1,0,3,873,1,2,2 BHK Apartment ,3,Hadapsar,5600000,6414
0,3,2,1,0,1,3,1125,1,2,2 BHK Apartment ,3,Hadapsar,6900000,6133
0,3,0,1,0,0,3,1020,1,2,2 BHK Apartment ,3,Undri,5000000,4901
0,3,2,1,1,0,4,580,2,1,1 BHK Apartment ,3,Hadapsar,2900000,5000
0,3,0,1,0,0,4,863,1,2,2 BHK Apartment ,3,Hadapsar,4200000,4866
0,2,0,1,1,0,6,1488,2,3,3 BHK Apartment ,2,Baner,13000000,8736
0,3,0,1,1,0,1,2500,2,4,4 BHK Apartment ,2,Aundh,31500000,12600
0,2,0,1,1,0,6,1931,2,3,3 BHK Apartment ,11,Baner,14500000,7509
0,2,0,1,1,0,14,2000,2,3,3 BHK Apartment ,5,Aundh,22500000,11250
0,3,0,1,0,0,3,810,1,2,2 BHK Apartment ,3,Undri,3500000,4320
0,3,0,1,1,0,3,1104,1,2,2 BHK Apartment ,3,NIBM Annex Mohammadwadi,4900000,4438
0,3,1,1,1,0,3,915,1,2,2 BHK Apartment ,3,Hadapsar,4600000,5027
0,3,0,1,1,0,3,850,1,2,2 BHK Apartment ,3,Hadapsar,4000000,4705
0,3,1,1,1,0,3,1192,1,2,2 BHK Apartment ,3,Hadapsar,9500000,7969
0,3,0,1,1,0,3,950,1,2,2 BHK Apartment ,4,Hadapsar,5500000,5789
0,3,2,1,1,1,3,720,1,2,2 BHK Apartment ,3,Hadapsar,4200000,5833
0,3,0,1,1,0,4,989,1,2,2 BHK Apartment ,3,Hadapsar,5000000,5055
0,3,1,1,1,0,3,1085,1,2,2 BHK Apartment ,3,Hadapsar,6500000,5990
0,3,0,1,1,0,3,1000,1,2,2 BHK Apartment ,3,Undri,6000000,6000
0,3,1,1,0,0,4,830,1,2,2 BHK Apartment ,3,Hadapsar,4200000,5060
0,3,0,1,1,0,3,671,2,1,1 BHK Apartment ,3,Hadapsar,3500000,5216
0,3,2,1,1,0,3,550,2,1,1 BHK Apartment ,2,Hadapsar,3700000,6727
0,3,0,1,1,0,3,680,2,1,1 BHK Apartment ,3,Manjari,4200000,6176
0,3,0,1,1,0,3,560,2,1,1 BHK Apartment ,4,Hadapsar,3000000,5357
0,3,0,1,1,0,3,560,2,1,1 BHK Apartment ,4,Hadapsar,3000000,5357
0,3,0,1,1,0,2,850,2,2,2 BHK Apartment ,3,Hadapsar,3700000,4352
0,3,0,1,1,0,2,868,2,2,2 BHK Apartment ,1,Hadapsar,6800000,7834
0,3,0,1,1,0,6,1278,2,2,3 BHK Apartment ,3,Hadapsar,10600000,8294
0,3,0,1,1,0,3,1355,2,3,3 BHK Apartment ,3,NIBM Annex Mohammadwadi,7999920,5904
1,3,3,1,1,0,3,999,2,2,2 BHK Apartment ,4,Hadapsar,6000000,6006
0,3,0,1,0,0,3,923,2,2,2 BHK Apartment ,1,Handewadi,4399941,4767
0,3,0,1,1,0,3,627,2,1,1 BHK Villa ,0,Hadapsar,3500000,5582
0,3,0,1,1,0,3,604,2,1,1 BHK Apartment ,2,Hadapsar,3300000,5463
0,3,0,1,1,0,3,400,2,1,1 BHK Apartment ,2,Hadapsar,2100000,5250
0,3,0,1,1,0,3,1031,2,2,2 BHK Apartment ,3,Undri,6600000,6401
0,3,1,0,0,0,3,1170,1,2,2 BHK Apartment ,4,Baner,6000000,5128
0,3,0,1,1,0,0,1062,1,2,2 BHK Apartment ,5,Baner,7500000,7062
0,3,0,1,1,0,2,1464,2,3,3 BHK Apartment ,7,Baner,9500000,6489
1,3,3,1,1,0,0,1268,2,2,2 BHK Apartment ,4,Balewadi,8090000,6380
1,3,3,1,1,0,0,1367,2,3,3 BHK Apartment ,6,Hinjewadi,8000000,5852
1,3,3,1,1,0,0,3672,2,4,4 BHK Apartment ,4,Baner,51600000,14052
0,3,2,1,1,0,3,545,2,1,1 BHK Apartment ,4,Hadapsar,2600000,4770
0,3,0,1,1,0,3,600,2,1,1 BHK Apartment ,2,Hadapsar,5500000,9166
0,3,0,1,1,0,3,600,2,1,1 BHK Apartment ,3,Handewadi,2600000,4333
0,3,0,1,1,0,2,875,2,2,2 BHK Apartment ,1,Hadapsar,4700000,5371
1,3,3,1,0,0,2,865,2,2,2 BHK Apartment ,1,Hadapsar,4000000,4624
0,3,0,1,1,0,3,569,2,1,1 BHK Apartment ,1,Hadapsar,2800000,4920
0,3,0,1,1,0,2,976,2,2,2 BHK Apartment ,2,Manjari,5200000,5327
0,3,0,1,1,0,2,1414,2,2,3 BHK Apartment ,18,Hinjewadi,7300000,5162
1,3,3,0,0,0,0,2800,2,4,4 BHK Apartment ,7,Bavdhan,21000000,7500
1,3,3,0,0,0,0,2662,2,4,4 BHK Apartment ,8,Balewadi,20600000,7738
1,3,3,0,0,0,0,3672,2,4,4 BHK Apartment ,5,Baner,47700000,12990
1,2,3,1,1,0,2,1120,1,2,2 BHK Apartment ,12,Hadapsar,4800000,4285
0,2,0,1,1,0,6,450,1,1,1 BHK Apartment ,1,Handewadi,2300000,5111
0,2,0,1,1,0,6,950,2,2,2 BHK Apartment ,7,Hadapsar,4600000,4842
0,2,2,1,1,0,5,775,1,2,2 BHK Apartment ,1,Hadapsar,3900000,5032
0,2,2,1,1,1,5,900,2,2,3 BHK Apartment ,5,Sasane Nagar,4200000,4666
0,3,1,0,0,0,6,1250,2,2,2 BHK Apartment ,9,Viman Nagar,6800000,5440
0,3,0,1,1,0,5,1300,2,2,2 BHK Apartment ,7,Kalyani Nagar,11800000,9076
0,3,0,1,1,0,5,650,1,1,1 BHK Apartment ,2,Tingre Nagar,4500000,6923
0,3,0,0,1,0,5,1150,2,1,2 BHK Apartment ,3,Viman Nagar,7600000,6608
0,3,0,1,1,0,5,600,1,1,1 BHK Apartment ,6,Tingre Nagar,3800000,6333
0,3,0,1,1,0,5,1320,2,2,2 BHK Apartment ,5,Viman Nagar,9300000,7045
0,3,0,1,1,0,5,1320,2,1,2 BHK Apartment ,7,Viman Nagar,9200000,6969
0,3,0,1,1,0,5,660,1,1,1 BHK Apartment ,2,Tingre Nagar,4000000,6060
0,3,1,0,1,0,5,1260,2,2,2 BHK Apartment ,7,Viman Nagar,7600000,6031
0,3,0,0,1,0,5,1170,2,1,2 BHK Apartment ,5,Viman Nagar,7600000,6495
0,3,0,0,1,0,5,1060,2,1,2 BHK Apartment ,5,Viman Nagar,7200000,6792
0,3,0,1,1,0,5,1265,3,2,3 BHK Apartment ,8,Tingre Nagar,8500000,6719
0,3,2,1,1,0,6,900,2,2,2 BHK Apartment ,5,Hadapsar,3700000,4111
0,2,1,1,1,0,8,1800,2,3,3 BHK Apartment ,6,Wakad,9500000,5277
0,2,0,1,1,0,10,650,1,1,1 BHK Apartment ,3,Vishrantwadi,3500000,5384
0,3,0,1,1,0,6,1170,2,2,2 BHK Apartment ,8,Manjari,6000000,5128
0,3,0,1,1,1,4,1370,1,3,3 BHK Apartment ,7,Bavdhan,10500000,7664
0,3,1,1,1,0,5,1200,2,2,2 BHK Apartment ,6,Hadapsar,4000000,3333
0,3,1,1,1,0,6,570,1,1,1 BHK Apartment ,4,Hadapsar,5200000,9122
0,3,0,1,1,0,7,550,1,1,1 BHK Apartment ,3,Hadapsar,2700000,4909
0,3,1,1,1,0,4,1350,3,2,3 BHK Apartment ,7,Tingre Nagar,10000000,7407
0,3,0,1,1,0,4,915,1,1,2 BHK Apartment ,8,Tingre Nagar,5600000,6120
0,3,0,0,1,0,4,1150,2,1,2 BHK Apartment ,4,Viman Nagar,7500000,6521
0,3,0,1,1,0,2,875,2,2,2 BHK Apartment ,3,Hadapsar,4700000,5371
0,3,0,1,0,0,2,900,2,2,2 BHK Apartment ,3,Hadapsar,5700000,6333
0,3,0,1,0,0,2,1145,2,2,2 BHK Apartment ,3,Hadapsar,9500000,8296
0,3,0,1,0,0,2,611,2,1,1 BHK Apartment ,1,Hadapsar,3200000,5237
0,3,0,1,1,0,3,865,2,2,2 BHK Apartment ,3,Sasane Nagar,4000000,4624
0,3,0,1,1,0,2,600,2,1,1 BHK Apartment ,1,Manjari,2700000,4500
0,3,0,1,1,0,2,570,2,1,1 BHK Apartment ,2,Hadapsar,5000000,8771
0,3,0,1,0,0,3,595,2,1,1 BHK Apartment ,4,Hadapsar,2900000,4873
0,3,0,1,0,0,3,950,1,1,2 BHK Apartment ,3,Hadapsar,5500000,5789
0,3,0,1,0,0,5,1000,1,1,2 BHK Apartment ,3,Hadapsar,4000000,4000
0,3,0,1,0,0,4,1109,1,1,2 BHK Apartment ,2,Hadapsar,6000000,5410
0,3,1,1,0,0,6,1292,2,3,3 BHK Apartment ,3,Handewadi,8000000,6191
0,3,0,1,1,0,2,670,2,1,1 BHK Apartment ,2,Hadapsar,2999590,4477
0,3,2,0,0,0,5,1100,1,1,2 BHK Apartment ,5,Tingre Nagar,5400000,4909
0,3,1,0,1,0,5,1200,2,1,2 BHK Apartment ,11,Kharadi,9000000,7500
0,3,0,1,1,0,2,1186,1,2,2 BHK Apartment ,6,Baner,10000000,8431
1,2,3,1,1,0,3,780,2,2,2 BHK Apartment ,2,Hadapsar,2800000,3589
0,3,0,1,0,0,2,991,2,2,2 BHK Apartment ,3,Hadapsar,5800000,5852
0,3,0,1,0,0,2,950,2,2,2 BHK Apartment ,3,Hadapsar,6000000,6315
0,3,0,1,0,0,2,582,2,1,1 BHK Apartment ,2,Hadapsar,2600000,4467
0,3,0,1,1,0,5,1350,2,2,3 BHK Apartment ,7,Vishrantwadi,7500000,5555
0,3,0,0,0,0,4,1080,2,1,2 BHK Apartment ,2,Viman Nagar,8300000,7685
0,3,0,1,1,0,5,1200,2,1,2 BHK Apartment ,8,Viman Nagar,8300000,6916
0,3,0,0,0,0,5,1450,2,2,3 BHK Apartment ,10,Wadgaon Sheri,10500000,7241
0,3,1,0,0,0,5,1500,2,2,3 BHK Apartment ,5,Kharadi,8500000,5666
0,2,1,1,1,0,14,1400,2,3,3 BHK Apartment ,5,Kalyani Nagar,14000000,10000
0,2,1,1,1,1,2,986,1,2,1 BHK Apartment ,5,Viman Nagar,7100000,7200
0,2,0,0,1,0,7,1000,3,2,2 BHK Apartment ,5,Wakad,5800000,5800
0,3,0,1,1,0,7,960,2,2,2 BHK Apartment ,2,Hadapsar,4000000,4166
0,0,1,1,1,1,4,1625,2,3,3 BHK Apartment ,4,Kharadi,12000000,7384
1,3,3,1,1,0,0,1000,1,2,2 BHK Apartment ,5,Bavdhan,6300000,6300
0,2,0,1,1,0,11,1050,2,2,2 BHK Apartment ,2,Hadapsar,6000000,5714
0,2,0,1,1,0,6,1150,2,2,2 BHK Apartment ,4,Hadapsar,9300000,8086
0,2,1,1,1,1,11,860,2,2,2 BHK Apartment ,6,Hadapsar,7400000,8604
0,3,1,0,0,0,3,1260,2,2,2 BHK Apartment ,4,Kalyani Nagar,12500000,9920
0,3,0,1,1,0,5,1050,2,1,2 BHK Apartment ,7,Viman Nagar,9500000,9047
0,3,2,1,1,0,3,560,1,1,1 BHK Apartment ,3,Hadapsar,2800000,5000
0,3,2,1,1,0,3,864,1,2,2 BHK Apartment ,2,Hadapsar,5200000,6018
0,3,0,1,1,0,5,700,1,1,1 BHK Apartment ,3,Hadapsar,3100000,4428
0,3,0,0,0,0,4,1020,2,1,2 BHK Apartment ,10,Vishrantwadi,6200000,6078
0,3,0,0,0,0,5,1470,3,1,3 BHK Apartment ,8,Kharadi,8000000,5442
0,3,0,1,1,0,5,1700,3,2,3 BHK Apartment ,7,Kalyani Nagar,16200000,9529
0,3,0,1,1,0,5,1700,3,2,3 BHK Apartment ,8,Kharadi,9500000,5588
0,3,0,1,1,0,5,1350,3,2,2 BHK Apartment ,10,Viman Nagar,8800000,6518
0,3,0,1,1,0,5,1050,2,2,2 BHK Apartment ,7,Viman Nagar,7600000,7238
0,3,0,1,1,0,5,1170,2,2,2 BHK Apartment ,8,Vishrantwadi,7300000,6239
0,3,0,0,0,0,6,1500,3,2,3 BHK Apartment ,10,Kharadi,9300000,6200
0,3,0,0,0,0,8,1600,2,2,3 BHK Apartment ,3,Kharadi,9300000,5812
0,3,0,1,1,0,5,1110,2,2,2 BHK Apartment ,6,Viman Nagar,6800000,6126
0,3,0,1,1,0,4,1750,3,3,3 BHK Apartment ,5,Viman Nagar,13000000,7428
0,3,0,1,1,0,5,1150,2,2,2 BHK Apartment ,7,Kharadi,7000000,6086
0,3,0,0,0,0,6,1100,2,1,2 BHK Apartment ,9,Kharadi,6600000,6000
0,3,0,0,0,0,5,1400,2,1,2 BHK Apartment ,6,Viman Nagar,8200000,5857
0,3,0,1,1,0,5,1550,3,2,3 BHK Apartment ,9,Viman Nagar,14000000,9032
0,3,0,0,0,0,6,1005,1,1,2 BHK Apartment ,4,Kharadi,7000000,6965
0,3,0,0,0,0,6,1100,2,1,2 BHK Apartment ,6,Kharadi,6800000,6181
0,3,0,0,0,0,6,1200,2,2,2 BHK Apartment ,7,Mundhwa,11000000,9166
0,3,0,0,0,0,5,1283,2,2,3 BHK Apartment ,5,Koregaon Park,10300000,8028
0,3,0,1,1,0,4,1235,2,1,2 BHK Apartment ,6,Wadgaon Sheri,10800000,8744
0,3,1,1,1,0,4,1270,3,2,2 BHK Apartment ,6,Kalyani Nagar,12300000,9685
0,3,0,1,1,0,5,1620,3,2,3 BHK Apartment ,9,Kharadi,10500000,6481
0,3,0,1,1,0,3,2100,3,2,3 BHK Apartment ,7,Kharadi,12800000,6095
0,3,0,0,0,0,6,1200,2,1,2 BHK Apartment ,9,Kharadi,7000000,5833
0,3,1,1,1,0,5,1340,2,2,2 BHK Apartment ,3,Wadgaon Sheri,10800000,8059
0,3,0,0,0,0,5,1100,2,1,2 BHK Apartment ,9,Vishrantwadi,6300000,5727
0,3,0,1,1,0,5,1150,2,2,2 BHK Apartment ,6,Viman Nagar,7800000,6782
0,3,0,0,0,0,6,1200,2,2,2 BHK Apartment ,5,Kharadi,6800000,5666
0,3,0,1,1,0,5,1560,2,2,3 BHK Apartment ,1,Viman Nagar,11800000,7564
0,3,1,1,1,0,5,1650,3,2,3 BHK Apartment ,5,Kalyani Nagar,13100000,7939
0,3,0,0,0,0,6,1230,2,1,2 BHK Apartment ,11,Kharadi,7300000,5934
0,3,0,1,1,0,5,1250,2,1,2 BHK Apartment ,7,Kalyani Nagar,8200000,6560
0,3,0,0,0,0,6,1350,3,2,3 BHK Apartment ,9,Kharadi,9000000,6666
0,3,0,0,0,0,4,1538,3,2,3 BHK Apartment ,8,Kharadi,10000000,6501
0,3,0,1,1,0,7,1600,2,2,3 BHK Apartment ,5,Wadgaon Sheri,11800000,7375
0,3,0,1,1,0,5,1250,2,2,2 BHK Apartment ,4,Viman Nagar,8300000,6640
1,3,3,1,1,0,1,1450,2,2,2 BHK Apartment ,9,Kharadi,9600000,6620
0,3,0,0,0,0,6,1200,2,2,2 BHK Apartment ,8,Kharadi,6500000,5416
0,3,0,1,1,0,5,1250,2,1,2 BHK Apartment ,4,Kharadi,6500000,5200
0,3,0,0,0,0,5,1500,3,2,3 BHK Apartment ,7,Kharadi,9300000,6200
0,3,0,1,1,0,5,1895,3,3,3 BHK Apartment ,4,Kharadi,13800000,7282
0,3,0,1,1,0,5,1675,3,3,3 BHK Apartment ,10,Kalyani Nagar,14300000,8537
0,3,0,1,1,0,5,660,2,1,1 BHK Apartment ,8,Dhanori,3000000,4545
0,3,0,0,0,0,4,1000,1,1,2 BHK Apartment ,1,Wadgaon Sheri,5500000,5500
0,3,0,1,1,0,2,1750,3,2,3 BHK Apartment ,9,Kharadi,13500000,7714
0,3,0,1,1,0,5,1150,2,2,2 BHK Apartment ,6,Viman Nagar,7800000,6782
0,3,0,1,1,0,5,1145,2,2,2 BHK Apartment ,9,Kalyani Nagar,8500000,7423
0,3,0,1,1,0,5,1200,2,1,2 BHK Apartment ,4,Viman Nagar,7500000,6250
0,3,0,1,1,0,5,1500,2,2,3 BHK Apartment ,9,Kharadi,8500000,5666
0,3,0,1,1,0,5,1450,2,2,3 BHK Apartment ,3,Viman Nagar,14800000,10206
0,3,0,0,0,0,5,1335,2,2,3 BHK Apartment ,9,Kharadi,9600000,7191
0,3,0,0,0,0,5,1554,2,2,3 BHK Apartment ,12,Kharadi,9900000,6370
0,3,1,0,0,0,5,1300,2,2,2 BHK Apartment ,11,Mundhwa,10900000,8384
0,3,0,1,1,0,5,1242,2,2,2 BHK Apartment ,10,Kharadi,6600000,5314
0,3,0,0,0,0,5,1100,2,2,2 BHK Apartment ,9,Vishrantwadi,6300000,5727
0,3,1,1,1,0,5,1400,2,2,2 BHK Apartment ,10,Viman Nagar,11300000,8071
0,3,2,1,0,0,5,1856,2,2,3 BHK Apartment ,11,Tingre Nagar,12800000,6896
0,3,0,1,1,0,7,1500,2,2,3 BHK Apartment ,7,Kharadi,8300000,5533
0,3,0,0,0,0,6,700,1,1,1 BHK Apartment ,11,Kharadi,4000000,5714
0,3,0,0,0,0,5,950,1,1,2 BHK Apartment ,2,Koregaon Park,8500000,8947
0,3,0,0,0,0,5,1100,2,1,2 BHK Apartment ,6,Kharadi,7000000,6363
0,3,0,1,1,0,5,1560,2,1,2 BHK Apartment ,6,Viman Nagar,10000000,6410
0,3,0,1,1,0,5,1460,3,2,3 BHK Apartment ,10,Viman Nagar,12500000,8561
0,3,0,0,0,0,2,1255,3,2,3 BHK Apartment ,5,Kharadi,10000000,7968
0,3,0,1,1,0,5,1550,3,2,3 BHK Apartment ,9,Viman Nagar,12500000,8064
0,3,0,1,1,0,4,1255,2,1,2 BHK Apartment ,10,Viman Nagar,9000000,7171
0,3,0,1,1,0,5,1500,2,2,3 BHK Apartment ,8,Kharadi,8300000,5533
0,3,0,0,0,0,6,1100,2,1,2 BHK Apartment ,7,Kharadi,6800000,6181
0,3,0,0,0,0,5,1050,2,2,2 BHK Apartment ,7,Wadgaon Sheri,5600000,5333
0,3,2,1,1,0,6,1545,3,3,3 BHK Apartment ,10,Kalyani Nagar,14500000,9385
0,3,0,1,1,0,5,1300,2,2,2 BHK Apartment ,10,Viman Nagar,7300000,5615
0,3,0,0,0,0,5,1350,2,1,2 BHK Apartment ,8,Shastri Nagar,8800000,6518
0,3,0,1,0,0,5,1600,2,2,3 BHK Apartment ,9,Tingre Nagar,10700000,6687
0,3,0,1,1,0,5,1175,3,2,2 BHK Apartment ,8,Kalyani Nagar,12500000,10638
0,3,0,1,1,0,4,1200,2,2,2 BHK Apartment ,5,Kalyani Nagar,9300000,7750
0,3,0,1,1,0,5,1350,2,2,2 BHK Apartment ,4,Viman Nagar,8600000,6370
0,3,0,0,0,0,4,1050,2,1,2 BHK Apartment ,3,Dhanori,5000000,4761
0,3,0,0,0,0,4,1030,1,1,2 BHK Apartment ,7,Dhanori,5800000,5631
0,3,0,1,1,0,5,1160,2,2,2 BHK Apartment ,10,Kharadi,7300000,6293
0,3,0,1,1,0,5,1580,3,2,3 BHK Apartment ,7,Kharadi,10000000,6329
0,3,0,0,0,0,6,1500,2,2,3 BHK Apartment ,11,Kharadi,8500000,5666
0,3,0,1,1,0,5,1720,3,2,3 BHK Apartment ,4,Kharadi,10300000,5988
0,3,0,0,0,0,5,1645,3,2,3 BHK Apartment ,4,Kharadi,9800000,5957
0,3,0,1,1,0,5,1100,2,1,2 BHK Apartment ,10,Kalyani Nagar,9500000,8636
0,3,0,1,1,0,5,1270,2,2,2 BHK Apartment ,9,Kharadi,7500000,5905
0,3,0,1,1,0,5,1585,3,2,3 BHK Apartment ,8,Kalyani Nagar,14500000,9148
0,3,0,0,0,0,5,1370,3,2,3 BHK Apartment ,7,Kharadi,8800000,6423
0,3,0,0,0,0,5,565,1,1,1 BHK Apartment ,9,Kharadi,4300000,7610
0,3,0,0,0,0,4,1538,3,2,3 BHK Apartment ,8,Kharadi,10100000,6566
0,3,0,0,0,0,6,1100,2,1,2 BHK Apartment ,10,Kharadi,7000000,6363
0,3,0,1,1,0,6,891,2,1,2 BHK Apartment ,10,Kharadi,6000000,6734
0,3,0,0,0,0,5,1255,3,2,3 BHK Apartment ,9,Kharadi,10000000,7968
0,3,0,1,1,0,5,1050,2,1,2 BHK Apartment ,7,Viman Nagar,7300000,6952
0,3,0,1,1,0,5,1410,3,2,3 BHK Apartment ,9,Kharadi,8500000,6028
0,3,0,1,1,0,3,1255,2,2,2 BHK Apartment ,7,Viman Nagar,9000000,7171
0,3,0,0,0,0,5,1100,2,2,2 BHK Apartment ,10,Kharadi,7200000,6545
0,3,0,1,1,0,4,1255,2,2,2 BHK Apartment ,8,Viman Nagar,9000000,7171
0,3,0,1,1,0,6,1235,2,1,2 BHK Apartment ,5,Wadgaon Sheri,9500000,7692
0,3,0,0,0,0,6,1200,2,1,2 BHK Apartment ,9,Kharadi,8000000,6666
0,3,0,1,1,0,5,900,2,1,2 BHK Apartment ,4,Kharadi,6100000,6777
0,3,0,1,1,0,5,1050,2,1,2 BHK Apartment ,8,Wadgaon Sheri,8500000,8095
0,3,0,1,1,0,5,562,1,1,1 BHK Apartment ,2,Hadapsar,2850000,5071
0,2,2,1,1,0,3,857,2,2,2 BHK Apartment ,5,Hadapsar,6800000,7934
0,2,0,1,0,0,3,995,1,2,2 BHK Apartment ,3,Baner,6300000,6331
0,3,0,1,1,0,10,650,1,1,1 BHK Apartment ,5,Sasane Nagar,3000000,4615
1,3,3,1,1,1,1,1300,2,2,2 BHK Apartment ,7,Baner,9500000,7307
0,3,0,1,1,0,5,1030,2,2,2 BHK Apartment ,1,Hadapsar,7000000,6796
0,3,0,1,0,0,5,575,1,1,1 BHK Apartment ,4,Sasane Nagar,3000000,5217
1,3,3,1,1,0,5,671,1,1,1 BHK Apartment ,1,Hadapsar,3500000,5216
1,3,3,1,1,0,2,1145,2,2,2 BHK Apartment ,8,Undri,5500000,4803
1,3,3,1,1,0,0,1151,2,2,2 BHK Apartment ,1,NIBM Annex Mohammadwadi,4951000,4301
0,3,0,1,1,0,5,2835,2,4,4 BHK Apartment ,7,Kharadi,14500000,5114
1,3,3,1,1,0,0,1420,2,2,2 BHK Apartment ,5,Baner,10600000,7464
0,3,0,1,1,0,4,612,1,1,1 BHK Apartment ,3,Hadapsar,3000000,4901
0,3,0,1,1,0,5,631,1,1,1 BHK Apartment ,3,Hadapsar,2500000,3961
0,3,0,1,1,0,4,840,1,1,1 BHK Apartment ,3,Hadapsar,3200000,3809
0,3,2,1,1,0,5,530,1,1,1 BHK Apartment ,3,Hadapsar,4500000,8490
0,3,2,1,1,0,5,576,1,1,1 BHK Apartment ,3,Hadapsar,2750000,4774
0,3,0,1,1,0,5,615,1,1,1 BHK Apartment ,4,Manjari,3450000,5609
0,3,0,1,1,0,3,689,1,1,1 BHK Apartment ,3,Hadapsar,4400000,6386
0,3,0,1,1,0,4,575,1,1,1 BHK Apartment ,2,Hadapsar,3500000,6086
0,3,0,1,1,0,5,665,1,2,2 BHK Apartment ,3,Hadapsar,2700000,4060
0,3,0,1,1,0,4,665,1,2,2 BHK Apartment ,3,Hadapsar,2500000,3759
0,3,0,1,1,0,4,913,1,2,2 BHK Apartment ,2,Handewadi,3500000,3833
0,3,0,1,1,0,3,775,1,2,2 BHK Apartment ,2,Hadapsar,3500000,4516
0,3,0,1,1,0,3,720,1,2,2 BHK Apartment ,2,Hadapsar,3500000,4861
0,3,0,1,1,0,3,559,1,1,1 BHK Apartment ,2,Hadapsar,3000000,5366
0,3,0,1,1,0,3,851,1,2,2 BHK Apartment ,3,Hadapsar,7000000,8225
0,3,0,1,1,0,4,913,1,2,2 BHK Apartment ,3,Hadapsar,3500000,3833
0,3,0,1,1,0,4,902,1,2,2 BHK Apartment ,3,Handewadi,4298000,4764
0,3,1,1,1,1,3,1030,1,2,2 BHK Apartment ,3,NIBM Annex Mohammadwadi,6300000,6116
0,3,0,1,1,0,4,1011,1,2,2 BHK Apartment ,4,Hadapsar,8500000,8407
0,3,0,1,1,0,3,900,1,2,2 BHK Apartment ,3,Manjari,5300000,5888
0,3,0,1,1,0,3,850,1,2,2 BHK Apartment ,3,NIBM Annex Mohammadwadi,4400000,5176
0,3,2,1,1,1,4,950,1,2,2 BHK Apartment ,3,Hadapsar,7500000,7894
0,3,1,1,1,1,4,850,1,2,2 BHK Apartment ,4,Hadapsar,4200000,4941
0,3,1,1,1,0,3,1140,1,2,2 BHK Apartment ,3,Hadapsar,5100000,4473
0,3,0,1,1,0,4,630,1,1,1 BHK Apartment ,3,Hadapsar,2400000,3809
0,3,0,1,1,0,4,650,1,1,1 BHK Apartment ,3,Hadapsar,3000000,4615
0,3,2,1,1,0,3,495,1,1,1 BHK Apartment ,3,Hadapsar,2800000,5656
0,3,0,1,1,0,3,670,1,1,1 BHK Apartment ,3,Handewadi,2500000,3731
0,3,0,1,1,0,3,600,1,1,1 BHK Apartment ,3,Hadapsar,3000000,5000
0,3,0,1,1,0,3,635,1,1,1 BHK Apartment ,4,NIBM Annex Mohammadwadi,3000000,4724
0,3,0,1,1,0,4,634,1,1,1 BHK Apartment ,3,Undri,2621000,4134
0,3,2,1,1,0,4,580,1,1,1 BHK Apartment ,3,Hadapsar,3300000,5689
0,3,0,1,1,0,5,700,1,1,1 BHK Apartment ,4,Handewadi,2700000,3857
0,3,2,1,1,0,4,580,1,1,1 BHK Apartment ,3,Hadapsar,2500000,4310
0,3,2,1,1,0,3,563,1,1,1 BHK Apartment ,3,Hadapsar,3400000,6039
0,3,2,1,1,0,3,605,1,1,1 BHK Apartment ,2,Hadapsar,2400000,3966
0,3,0,1,1,0,3,680,1,1,1 BHK Apartment ,2,Hadapsar,3500000,5147
0,3,0,1,1,0,4,670,1,1,1 BHK Apartment ,2,Hadapsar,4000000,5970
0,3,0,1,1,0,3,650,1,1,1 BHK Apartment ,2,Hadapsar,3200000,4923
0,3,0,1,1,0,3,640,1,1,1 BHK Apartment ,2,Hadapsar,3300000,5156
0,3,0,1,1,0,4,550,1,1,1 BHK Apartment ,2,Hadapsar,3500000,6363
0,3,0,1,1,0,4,1050,1,1,2 BHK Apartment ,3,Hadapsar,7500000,7142
0,3,0,1,1,0,3,458,1,1,1 BHK Apartment ,2,Hadapsar,2500000,5458
0,3,0,1,1,0,3,631,1,1,1 BHK Apartment ,2,Handewadi,2500000,3961
0,3,0,1,1,0,4,712,1,1,1 BHK Apartment ,2,Hadapsar,3400000,4775
0,2,0,1,1,0,5,1100,1,2,2 BHK Apartment ,12,Kondhwa,8500000,7727
1,2,3,1,1,0,2,1078,2,2,2 BHK Apartment ,2,Hadapsar,8200000,7606
0,3,0,0,1,0,5,1200,1,1,2 BHK Apartment ,6,Viman Nagar,7200000,6000
1,2,3,1,1,0,6,880,2,2,2 BHK Apartment ,6,Handewadi,4100000,4659
0,2,2,0,1,1,9,6000,2,4,4 BHK Villa ,1,Hadapsar,60000000,10000
0,2,0,1,1,0,5,1140,1,2,2 BHK Apartment ,7,Hadapsar,4600000,4035
0,2,0,1,1,0,5,555,1,1,1 BHK Apartment ,3,Manjari,2400000,4324
0,3,1,0,1,0,3,650,1,1,1 BHK Apartment ,2,Dhanori,2800000,4307
0,3,0,1,0,0,7,540,1,1,1 BHK Apartment ,1,Hadapsar,2600000,4814
0,3,0,1,1,0,7,650,1,1,1 BHK Apartment ,1,Dhanori,3350000,5153
0,2,0,1,1,0,2,1080,2,2,2 BHK Apartment ,6,Hadapsar,4800000,4444
1,3,3,1,1,0,1,1013,2,2,2 BHK Apartment ,4,Kharadi,6200000,6120
0,3,0,1,1,0,2,1250,2,2,2 BHK Apartment ,10,Kharadi,7000000,5600
0,3,0,1,1,0,5,1075,2,2,2 BHK Apartment ,8,Kharadi,6700000,6232
1,3,3,1,1,0,1,1350,2,2,2 BHK Apartment ,9,Kharadi,9800000,7259
0,3,0,1,1,0,4,923,2,2,2 BHK Apartment ,10,Wakad,6100000,6608
0,2,0,1,1,0,2,1093,2,2,2 BHK Apartment ,15,Hadapsar,9300000,8508
0,3,0,1,1,0,7,1025,2,2,2 BHK Apartment ,7,Hadapsar,4900000,4780
0,2,1,0,1,1,5,1180,3,2,2 BHK Apartment ,3,Rahatani,8200000,6949
0,3,0,1,1,0,4,1150,3,2,2 BHK Apartment ,7,Viman Nagar,10000000,8695
1,3,3,1,1,0,1,1355,2,2,2 BHK Apartment ,10,Kharadi,9800000,7232
0,3,0,1,1,0,5,1600,3,2,3 BHK Apartment ,10,Kharadi,10900000,6812
0,3,0,1,1,0,6,1600,2,2,3 BHK Apartment ,12,Kharadi,10900000,6812
0,3,0,1,1,0,5,1250,2,2,2 BHK Apartment ,8,Viman Nagar,8000000,6400
0,3,0,1,1,0,5,1250,3,2,2 BHK Apartment ,9,Viman Nagar,8000000,6400
0,3,0,1,1,0,5,1350,2,2,2 BHK Apartment ,2,Viman Nagar,8000000,5925
0,3,0,1,1,0,5,1235,2,2,2 BHK Apartment ,7,Wadgaon Sheri,9200000,7449
0,3,0,1,1,0,5,1250,2,1,2 BHK Apartment ,7,Viman Nagar,9800000,7840
0,3,0,1,1,0,5,1780,3,2,3 BHK Apartment ,10,Kharadi,14300000,8033
0,3,0,1,1,0,5,1200,2,2,2 BHK Apartment ,8,Viman Nagar,8300000,6916
0,3,0,1,1,0,5,1200,2,2,2 BHK Apartment ,4,Viman Nagar,8300000,6916
0,3,1,1,1,0,5,1250,3,2,2 BHK Apartment ,5,Viman Nagar,7700000,6160
0,3,0,1,1,0,5,1250,2,2,2 BHK Apartment ,8,Viman Nagar,8000000,6400
0,3,0,1,1,0,5,1250,2,1,2 BHK Apartment ,5,Viman Nagar,8000000,6400
0,3,0,1,1,0,5,1350,3,2,2 BHK Apartment ,3,Viman Nagar,7700000,5703
0,3,0,1,1,0,5,1500,2,2,3 BHK Apartment ,10,Kharadi,10900000,7266
0,3,0,1,1,0,6,958,1,1,2 BHK Apartment ,5,Tingre Nagar,7500000,7828
0,3,0,1,1,0,5,610,2,1,1 BHK Apartment ,4,Hadapsar,2300000,3770
0,2,2,1,1,0,15,550,1,1,1 BHK Apartment ,3,Koregaon Park,8000000,14545
0,3,1,1,0,0,15,1350,1,2,2 BHK Apartment ,3,Koregaon Park,12000000,8888
0,2,0,0,0,0,20,560,1,1,1 BHK Apartment ,3,Koregaon Park,6500000,11607
0,3,0,0,1,0,10,580,1,1,1 BHK Apartment ,3,Koregaon Park,6500000,11206
1,3,3,0,1,0,1,1085,2,2,2 BHK Apartment ,3,Pimple Saudagar,8599710,7926
0,3,0,1,1,0,10,2350,1,3,2 BHK Apartment ,12,Pashan,30000000,12765
1,3,3,1,1,1,1,1225,2,2,2 BHK Apartment ,1,Hinjewadi,6282600,5128
1,2,3,1,1,1,0,4300,2,4,4 BHK Apartment ,10,Kothrud,65300000,15186
0,2,0,1,1,0,6,2240,2,3,3 BHK Apartment ,5,Hadapsar,14200000,6339
0,3,0,1,0,0,4,665,1,2,2 BHK Apartment ,3,Hadapsar,2700000,4060
1,3,3,0,0,0,0,2660,2,4,4 BHK Apartment ,2,Baner,28000000,10526
0,3,0,1,1,0,5,1135,2,2,2 BHK Apartment ,7,Viman Nagar,7800000,6872
0,3,0,1,1,0,5,750,2,1,1 BHK Apartment ,10,Viman Nagar,6500000,8666
0,3,0,0,0,0,5,1120,2,1,2 BHK Apartment ,10,Vishrantwadi,6500000,5803
0,3,1,1,1,0,5,750,2,1,1 BHK Apartment ,9,Viman Nagar,6300000,8400
0,3,2,1,1,0,5,1450,2,2,3 BHK Apartment ,9,Kalyani Nagar,14300000,9862
0,3,0,0,0,0,5,1300,2,1,2 BHK Apartment ,8,Vishrantwadi,7500000,5769
0,3,0,1,1,0,5,1263,2,2,2 BHK Apartment ,7,Kharadi,7200000,5700
0,3,0,1,1,0,5,1050,2,1,2 BHK Apartment ,10,Viman Nagar,8000000,7619
0,3,2,1,1,0,5,1175,3,2,2 BHK Apartment ,5,Kalyani Nagar,12500000,10638
0,3,0,0,0,0,6,1200,2,1,2 BHK Apartment ,4,Kharadi,7000000,5833
0,3,0,0,0,0,4,1540,3,2,3 BHK Apartment ,7,Kharadi,10100000,6558
0,3,0,1,1,0,5,1480,3,2,3 BHK Apartment ,8,Viman Nagar,12300000,8310
0,3,0,1,1,0,4,1200,2,1,2 BHK Apartment ,4,Viman Nagar,7500000,6250
0,3,0,0,1,0,5,950,2,1,2 BHK Apartment ,7,Viman Nagar,7000000,7368
0,3,0,0,0,0,3,1540,3,2,3 BHK Apartment ,8,Kharadi,10000000,6493
0,3,0,1,0,0,5,1455,2,2,3 BHK Apartment ,7,Tingre Nagar,10000000,6872
0,3,0,1,1,0,5,1700,3,3,3 BHK Apartment ,11,Viman Nagar,12800000,7529
0,3,2,1,1,0,9,2000,2,3,3 BHK Apartment ,12,Koregaon Park,17000000,8500
0,3,1,1,1,0,5,1030,3,2,2 BHK Apartment ,7,Koregaon Park,8500000,8252
0,3,0,1,1,0,6,836,2,2,2 BHK Apartment ,3,Lohegaon,3900000,4665
0,2,0,1,1,0,5,630,1,2,2 BHK Apartment ,1,Hadapsar,2350000,3730
0,3,0,1,1,0,7,1165,2,2,2 BHK Apartment ,8,Viman Nagar,9500000,8154
0,3,0,1,1,0,10,1100,1,2,2 BHK Apartment ,3,NIBM,6500000,5909
0,3,2,1,1,0,10,1906,2,3,3 BHK Apartment ,4,Wanowrie,14000000,7345
0,3,2,1,1,0,10,1395,1,3,3 BHK Apartment ,3,Wanowrie,11000000,7885
0,3,0,1,1,0,10,1200,1,3,3 BHK Apartment ,1,Wanowrie,8500000,7083
0,3,0,0,1,0,10,502,2,1,1 BHK Apartment ,0,Wanowrie,3300000,6573
0,3,0,1,1,0,15,565,2,1,1 BHK Apartment ,0,Wanowrie,4000000,7079
0,2,0,0,1,0,4,600,1,1,1 BHK Apartment ,4,Hadapsar,4000000,6666
0,2,0,1,1,0,14,1050,1,2,2 BHK Apartment ,5,Hadapsar,7800000,7428
0,2,0,1,1,0,5,900,1,2,2 BHK Apartment ,4,Hadapsar,5300000,5888
1,2,3,1,1,0,1,1300,2,2,3 BHK Apartment ,14,Hadapsar,10700000,8230
0,2,0,0,1,0,7,550,1,1,1 BHK Apartment ,2,Sasane Nagar,4000000,7272
1,2,3,1,1,0,1,4600,1,4,4 BHK Apartment ,11,Hadapsar,50000000,10869
1,2,3,1,1,0,1,4600,1,4,4 BHK Apartment ,11,Hadapsar,50000000,10869
0,3,1,0,0,0,1,1305,2,2,2 BHK Apartment ,9,Kharadi,7300000,5593
0,3,0,0,0,0,8,1550,3,3,3 BHK Apartment ,7,Wadgaon Sheri,10500000,6774
0,3,0,1,1,0,7,1750,3,3,3 BHK Apartment ,6,Viman Nagar,12300000,7028
0,3,0,0,0,0,1,1070,2,2,2 BHK Apartment ,8,Kharadi,6000000,5607
0,3,1,1,1,0,5,1980,3,3,3 BHK Apartment ,10,Kharadi,14000000,7070
0,3,0,0,0,0,7,1750,3,3,3 BHK Apartment ,8,Kalyani Nagar,11500000,6571
0,3,0,0,0,0,6,1080,2,2,2 BHK Apartment ,6,Dhanori,5400000,5000
0,3,1,0,0,0,7,1250,2,2,2 BHK Apartment ,6,Viman Nagar,8500000,6800
0,3,0,0,0,0,7,1350,2,2,2 BHK Apartment ,8,Kalyani Nagar,8700000,6444
0,3,0,0,0,0,7,900,2,2,2 BHK Apartment ,5,Viman Nagar,6500000,7222
0,3,0,1,1,0,6,638,1,1,1 BHK Apartment ,7,Kharadi,5100000,7993
0,3,0,1,1,0,5,1050,2,1,2 BHK Apartment ,5,Viman Nagar,8000000,7619
0,3,0,1,1,0,5,1550,3,3,3 BHK Apartment ,5,Kharadi,11200000,7225
0,3,0,0,1,0,2,1000,2,2,2 BHK Apartment ,10,Viman Nagar,9500000,9500
0,3,1,1,1,0,5,625,1,1,1 BHK Apartment ,8,Viman Nagar,5000000,8000
1,3,3,0,1,0,2,894,1,1,1 BHK Apartment ,12,Viman Nagar,6500000,7270
1,3,3,0,1,0,2,800,1,1,1 BHK Apartment ,8,Viman Nagar,6000000,7500
0,3,1,1,1,0,5,2500,3,3,3 BHK Apartment ,11,Kalyani Nagar,30000000,12000
0,3,0,1,1,0,4,1150,2,2,2 BHK Apartment ,7,Tingre Nagar,6800000,5913
0,3,0,0,1,0,3,894,1,1,1 BHK Apartment ,8,Viman Nagar,6500000,7270
0,3,0,0,1,0,6,877,2,2,2 BHK Apartment ,6,Vishrantwadi,5500000,6271
1,3,3,1,1,0,1,699,1,1,1 BHK Apartment ,7,Dhanori,3500000,5007
0,3,0,1,1,0,5,950,2,2,2 BHK Apartment ,6,Viman Nagar,7000000,7368
0,3,0,1,1,0,6,1000,2,2,2 BHK Apartment ,7,Vishrantwadi,7500000,7500
0,3,0,1,1,0,6,1630,3,3,3 BHK Apartment ,7,Kharadi,9100000,5582
0,3,0,1,1,0,2,1580,3,3,3 BHK Apartment ,6,Kharadi,10500000,6645
1,3,3,0,1,0,1,2250,3,3,3 BHK Apartment ,8,Viman Nagar,20000000,8888
0,3,0,1,1,0,6,1450,2,2,2 BHK Apartment ,8,Tingre Nagar,7500000,5172
0,3,0,0,0,0,7,1340,2,2,2 BHK Apartment ,5,Viman Nagar,8500000,6343
0,2,0,1,1,0,7,980,1,3,2 BHK Apartment ,7,Pimple Saudagar,6200000,6326
0,2,0,1,1,0,5,1055,2,2,2 BHK Apartment ,6,Wakad,6700000,6350
0,2,0,1,1,0,8,1350,1,3,3 BHK Apartment ,2,Wakad,8000000,5925
0,2,0,1,1,0,6,2021,1,3,3 BHK Apartment ,8,Wakad,13000000,6432
0,2,0,1,1,0,5,1055,2,2,2 BHK Apartment ,6,Wakad,6700000,6350
0,2,0,1,0,0,3,995,1,2,2 BHK Apartment ,3,Baner,6300000,6331
0,3,0,1,1,0,5,1100,1,1,2 BHK Apartment ,1,Viman Nagar,7200000,6545
0,3,2,1,1,1,10,3000,1,5,4 BHK Apartment ,9,Kharadi,22000000,7333
0,3,0,1,1,0,4,600,1,1,1 BHK Apartment ,1,Hadapsar,2500000,4166
0,2,0,1,1,0,6,1680,1,3,3 BHK Apartment ,2,Baner,12700000,7559
0,2,0,1,1,0,4,950,1,2,2 BHK Apartment ,3,Baner,7000000,7368
0,2,0,1,1,0,6,1500,1,3,3 BHK Apartment ,3,Baner,11500000,7666
0,2,0,1,1,0,8,1150,1,2,2 BHK Apartment ,5,Wakad,7500000,6521
0,2,0,1,1,0,6,1150,1,2,2 BHK Apartment ,3,Pimple Saudagar,7000000,6086
0,2,0,1,1,0,6,1680,1,3,3 BHK Apartment ,2,Baner,13000000,7738
0,2,0,1,1,0,2,4600,2,5,5 BHK Apartment ,1,Baner,45000000,9782
0,3,0,0,1,0,10,1100,2,2,2 BHK Apartment ,2,NIBM,6700000,6090
0,2,0,1,1,0,6,860,2,2,2 BHK Apartment ,6,Handewadi,3800000,4418
0,3,1,1,1,0,10,1119,1,2,2 BHK Apartment ,10,Baner,7500000,6702
0,3,2,1,1,0,18,720,1,2,2 BHK Apartment ,2,Sinhgad Road,4900000,6805
0,3,0,1,0,0,2,795,1,2,2 BHK Apartment ,5,Kondhwa,4600000,5786
0,3,0,1,1,0,9,1440,3,3,3 BHK Apartment ,1,Kondhwa,9050000,6284
0,3,0,1,1,0,9,535,1,1,1 BHK Apartment ,3,Wanowrie,3300000,6168
0,3,2,1,1,0,10,2450,1,3,3 BHK Apartment ,6,Wanowrie,32200000,13142
0,3,1,1,1,0,13,1220,2,2,2 BHK Apartment ,3,Wanowrie,12200000,10000
0,3,0,1,1,0,9,1550,3,3,3 BHK Apartment ,3,Wanowrie,12700000,8193
0,3,1,1,1,0,9,1550,3,3,3 BHK Apartment ,3,Wanowrie,12700000,8193
0,3,0,1,1,0,10,910,2,2,2 BHK Apartment ,3,Wanowrie,5600000,6153
0,3,2,1,1,0,3,1206,1,2,2 BHK Apartment ,7,Undri,7000000,5804
0,3,0,1,1,0,5,1085,2,2,2 BHK Apartment ,1,Undri,5600000,5161
0,3,2,1,1,0,10,675,1,1,1 BHK Apartment ,3,Wanowrie,3300000,4888
0,3,0,1,1,0,20,1305,1,2,2 BHK Apartment ,5,Bibwewadi,10000000,7662
0,3,2,1,1,0,5,1098,1,2,2 BHK Apartment ,10,NIBM,7300000,6648
0,3,0,1,1,0,10,620,1,1,1 BHK Apartment ,7,Bibwewadi,5400000,8709
0,3,0,1,1,0,10,1100,3,2,2 BHK Apartment ,6,Bibwewadi,9300000,8454
0,3,1,1,1,0,1,1133,2,2,2 BHK Apartment ,9,Kharadi,7500000,6619
0,2,0,1,1,0,5,1414,2,3,3 BHK Apartment ,9,Balewadi,10000000,7072
0,3,2,1,1,0,5,1430,3,3,3 BHK Apartment ,7,Balewadi,11000000,7692
0,3,1,1,1,0,10,860,1,2,2 BHK Apartment ,4,Bibwewadi,6500000,7558
1,3,3,1,1,0,1,2562,2,4,4 BHK Apartment ,7,Baner,20200000,7884
0,3,1,1,1,0,7,987,1,2,2 BHK Apartment ,3,Sinhgad Road,7800000,7902
0,3,0,1,1,0,12,1000,2,2,2 BHK Apartment ,4,Aundh,8000000,8000
0,3,0,1,1,0,5,1015,2,2,2 BHK Apartment ,5,Baner,7200000,7093
0,3,0,1,1,0,7,1045,2,2,2 BHK Apartment ,2,Baner,7500000,7177
0,3,0,1,1,0,5,1145,1,2,2 BHK Apartment ,5,Balewadi,8200000,7161
0,3,2,1,1,0,10,1500,3,3,3 BHK Apartment ,3,Undri,9300000,6200
0,3,0,1,1,0,5,1560,2,3,2 BHK Apartment ,3,NIBM Annex Mohammadwadi,8800000,5641
0,3,1,1,1,0,10,1180,1,2,2 BHK Apartment ,1,NIBM,5300000,4491
0,3,2,1,1,0,11,1622,2,3,2 BHK Apartment ,3,Kondhwa,9700000,5980
0,3,0,1,1,0,5,645,1,1,2 BHK Apartment ,4,NIBM Annex Mohammadwadi,3100000,4806
0,3,2,1,1,0,10,1200,1,2,3 BHK Apartment ,3,NIBM,7800000,6500
0,3,1,1,1,0,15,1135,1,2,3 BHK Apartment ,6,Bibwewadi,9500000,8370
0,3,1,1,1,0,10,1317,2,2,2 BHK Apartment ,1,NIBM,6650000,5049
0,3,1,1,1,0,10,1035,1,2,2 BHK Apartment ,7,Kondhwa,4900000,4734
0,3,2,1,1,0,10,1000,2,2,2 BHK Apartment ,2,Wanowrie,6500000,6500
1,3,3,1,1,0,0,2200,2,3,3 BHK Apartment ,9,Aundh,25000000,11363
0,3,0,1,1,0,8,630,1,1,1 BHK Apartment ,1,Sinhgad Road,4400000,6984
0,3,0,1,1,0,5,775,1,2,2 BHK Apartment ,8,Sinhgad Road,5500000,7096
0,3,1,1,1,0,10,940,2,2,2 BHK Apartment ,3,Sinhgad Road,7500000,7978
0,3,0,1,1,0,7,987,1,2,2 BHK Apartment ,4,Sinhgad Road,7500000,7598
0,3,0,1,1,0,15,1380,2,3,3 BHK Apartment ,7,Aundh,11500000,8333
0,3,1,1,1,0,12,880,1,2,2 BHK Apartment ,3,Aundh,8200000,9318
0,3,0,1,1,0,15,830,1,2,2 BHK Apartment ,2,Aundh,7200000,8674
0,3,0,1,1,0,10,1375,1,3,3 BHK Apartment ,6,Balewadi,10000000,7272
0,3,0,1,1,0,10,1498,3,3,3 BHK Apartment ,1,Baner,10500000,7009
1,3,3,1,1,0,1,1426,2,3,3 BHK Apartment ,6,Sus,8300000,5820
0,3,0,1,1,0,8,1190,2,2,2 BHK Apartment ,5,Baner,6200000,5210
0,3,1,1,1,0,5,1000,1,2,2 BHK Apartment ,8,Undri,6800000,6800
0,3,0,1,1,0,5,800,2,2,2 BHK Apartment ,3,Undri,2800000,3500
0,3,2,1,1,0,10,955,1,2,2 BHK Apartment ,4,NIBM,6300000,6596
0,3,0,1,1,0,5,1290,1,3,3 BHK Apartment ,5,NIBM Annex Mohammadwadi,6800000,5271
0,3,1,1,1,0,10,950,1,2,2 BHK Apartment ,1,NIBM,6300000,6631
0,3,0,1,1,0,5,1010,1,2,2 BHK Apartment ,6,NIBM Annex Mohammadwadi,6800000,6732
0,3,2,1,1,0,10,1566,1,3,3 BHK Apartment ,5,NIBM Annex Mohammadwadi,10200000,6513
0,3,0,0,1,0,10,1003,2,2,2 BHK Apartment ,2,Kondhwa,3100000,3090
0,3,2,1,1,0,10,1556,1,3,3 BHK Apartment ,7,NIBM,10600000,6812
0,3,0,1,1,0,10,1115,1,2,2 BHK Apartment ,4,Kondhwa,6200000,5560
0,3,0,1,1,0,6,1472,2,2,3 BHK Apartment ,5,Kondhwa,6800000,4619
0,3,0,1,1,0,10,920,2,2,2 BHK Apartment ,5,Wanowrie,6600000,7173
0,3,1,1,1,0,5,1050,2,2,2 BHK Apartment ,7,Kondhwa,6300000,6000
0,3,0,1,1,0,9,1500,2,2,2 BHK Apartment ,3,Kondhwa,5800000,3866
0,3,0,1,1,0,4,902,2,2,2 BHK Apartment ,6,Undri,4800000,5321
0,3,0,1,1,0,2,938,2,2,2 BHK Apartment ,7,Undri,5300000,5650
0,3,0,1,1,0,2,938,2,2,2 BHK Apartment ,5,Undri,4400000,4690
1,3,3,1,1,0,2,938,2,2,2 BHK Apartment ,7,Undri,4400000,4690
0,3,0,1,1,0,10,1058,2,2,2 BHK Apartment ,3,Balewadi,6300000,5954
0,3,0,1,1,0,5,1465,2,3,3 BHK Apartment ,9,Balewadi,9000000,6143
0,3,0,1,1,0,15,890,1,2,2 BHK Apartment ,2,Aundh,7200000,8089
0,3,0,1,1,0,7,1196,2,2,2 BHK Apartment ,6,Pashan,8400000,7023
0,3,0,1,1,0,3,1550,1,3,3 BHK Apartment ,2,Balewadi,10000000,6451
1,3,3,1,1,1,0,1405,2,3,3 BHK Apartment ,6,Bavdhan,9000000,6405
0,3,0,1,1,0,5,988,1,2,2 BHK Apartment ,4,Baner,7500000,7591
0,3,1,1,1,0,2,1070,1,2,2 BHK Apartment ,8,Kharadi,8000000,7476
0,3,0,1,1,0,10,1100,2,2,2 BHK Apartment ,8,Wanowrie,11500000,10454
1,3,3,1,1,0,4,926,1,2,2 BHK Apartment ,5,Manjari,5700000,6155
1,3,3,1,1,0,2,1100,2,2,2 BHK Apartment ,3,Sus,15000000,13636
0,3,0,0,1,0,5,1319,3,2,2 BHK Apartment ,1,Kondhwa,7300000,5534
0,3,2,1,1,0,5,922,1,2,2 BHK Apartment ,1,Kondhwa,4800000,5206
0,3,2,1,1,0,5,863,1,2,2 BHK Apartment ,1,Kondhwa,6300000,7300
0,3,1,1,1,0,3,1100,2,2,2 BHK Apartment ,9,Wagholi,5000000,4545
1,3,3,1,1,1,0,1500,3,3,3 BHK Apartment ,6,Bavdhan,8700000,5800
0,3,0,1,1,0,10,1100,1,2,2 BHK Apartment ,5,Wanowrie,7300000,6636
0,3,0,1,1,0,10,935,1,2,2 BHK Apartment ,6,Pimple Saudagar,6600000,7058
0,3,0,1,1,0,9,2725,2,4,4 BHK Apartment ,11,Bibwewadi,17700000,6495
0,3,0,1,1,0,10,650,2,1,1 BHK Apartment ,5,NIBM,3800000,5846
0,3,0,1,1,0,10,826,2,2,2 BHK Apartment ,2,Undri,3400000,4116
1,3,3,1,1,0,0,2220,3,3,3 BHK Villa ,1,Sus,15000000,6756
0,3,0,1,1,0,7,910,1,2,2 BHK Apartment ,4,Sinhgad Road,8300000,9120
0,3,0,1,1,0,5,910,1,2,2 BHK Apartment ,4,Balewadi,6500000,7142
0,3,0,1,1,0,9,690,1,1,1 BHK Apartment ,1,Kondhwa,3600000,5217
0,3,0,1,1,0,10,1600,1,3,3 BHK Apartment ,7,NIBM,10700000,6687
0,3,1,1,1,0,7,1117,1,2,2 BHK Apartment ,7,Kharadi,7000000,6266
0,3,0,1,1,0,10,630,2,1,1 BHK Apartment ,1,Bibwewadi,4200000,6666
0,3,2,1,1,0,10,1130,2,2,2 BHK Apartment ,9,Bibwewadi,9300000,8230
0,3,2,1,1,0,10,1500,2,3,3 BHK Apartment ,1,Bibwewadi,24700000,16466
0,3,2,1,1,0,10,599,1,1,1 BHK Apartment ,3,Bibwewadi,5200000,8681
0,3,0,1,1,0,10,600,2,1,1 BHK Apartment ,5,Bibwewadi,4100000,6833
0,3,0,1,1,0,10,1000,1,2,2 BHK Apartment ,9,Bibwewadi,9300000,9300
0,3,0,1,1,0,10,875,1,2,2 BHK Apartment ,7,Bibwewadi,4500000,5142
0,3,1,1,1,0,5,1109,2,2,2 BHK Apartment ,5,Bibwewadi,7800000,7033
0,3,2,1,1,0,10,810,1,1,2 BHK Apartment ,5,Bibwewadi,6500000,8024
0,3,0,0,1,0,10,550,2,1,1 BHK Apartment ,4,Bibwewadi,3800000,6909
0,3,0,1,1,0,10,850,1,1,2 BHK Apartment ,2,Bibwewadi,6800000,8000
0,3,0,1,1,0,10,570,1,1,1 BHK Apartment ,3,Bibwewadi,4300000,7543
0,3,1,1,1,0,15,1200,2,2,2 BHK Apartment ,3,Baner,8000000,6666
0,3,0,1,1,0,5,686,2,1,1 BHK Apartment ,6,Bibwewadi,3700000,5393
0,3,0,1,0,0,10,550,2,1,1 BHK Apartment ,1,Bibwewadi,3800000,6909
0,3,0,1,1,0,10,575,2,1,1 BHK Apartment ,3,Bibwewadi,4800000,8347
0,3,0,1,1,0,10,750,2,1,1 BHK Apartment ,3,Bibwewadi,7300000,9733
0,3,0,1,1,0,10,925,1,2,2 BHK Apartment ,8,Bibwewadi,7100000,7675
0,3,1,0,1,0,10,1400,2,2,2 BHK Apartment ,3,Bibwewadi,8300000,5928
0,3,2,1,1,0,10,850,2,2,2 BHK Apartment ,5,Bibwewadi,5800000,6823
0,3,0,1,1,0,10,600,2,1,1 BHK Apartment ,3,Bibwewadi,3800000,6333
0,3,0,1,1,0,10,580,2,1,1 BHK Apartment ,2,Bibwewadi,4900000,8448
0,3,2,1,1,1,5,951,2,2,2 BHK Apartment ,2,Pashan,7500000,7886
0,3,1,1,1,0,3,1070,1,2,2 BHK Apartment ,8,Kharadi,7500000,7009
0,3,0,1,1,0,10,825,2,2,2 BHK Apartment ,1,Bibwewadi,6300000,7636
0,3,2,1,1,0,9,2725,2,4,4 BHK Apartment ,11,Bibwewadi,19700000,7229
0,3,1,1,1,1,2,630,1,1,1 BHK Apartment ,5,Bavdhan,4600000,7301
0,2,0,1,1,0,10,1530,3,2,2 BHK Apartment ,2,Pashan,14500000,9477
0,3,2,1,1,0,10,590,1,1,1 BHK Apartment ,6,Bibwewadi,4000000,6779
0,3,0,1,1,0,10,2600,2,1,2 BHK Apartment ,1,Bibwewadi,27700000,10653
0,3,0,1,1,0,10,535,2,1,1 BHK Apartment ,1,Bibwewadi,4300000,8037
0,3,0,1,1,0,10,576,2,1,1 BHK Apartment ,1,Bibwewadi,3800000,6597
1,3,3,1,1,0,0,650,1,1,1 BHK Apartment ,2,Kharadi,4300000,6615
0,3,0,1,1,0,7,1200,1,3,3 BHK Apartment ,3,Sinhgad Road,10700000,8916
0,3,1,1,1,1,2,630,1,1,1 BHK Apartment ,5,Bavdhan,4600000,7301
0,3,1,1,1,0,5,775,2,1,1 BHK Apartment ,3,Kharadi,4000000,5161
1,3,3,1,1,0,1,2610,2,4,3 BHK Apartment ,5,Kharadi,18500000,7088
0,3,0,0,0,0,10,640,2,2,2 BHK Apartment ,2,Bibwewadi,3300000,5156
0,3,1,0,1,0,9,1600,3,3,3 BHK Apartment ,2,Sinhgad Road,12500000,7812
0,3,0,1,1,0,5,585,1,1,1 BHK Apartment ,2,Undri,3000000,5128
0,3,0,1,1,0,5,548,1,1,1 BHK Apartment ,3,Undri,2800000,5109
0,3,2,1,1,0,10,1700,3,3,3 BHK Apartment ,9,Wanowrie,14700000,8647
0,3,0,0,1,0,5,1170,1,2,2 BHK Apartment ,6,NIBM Annex Mohammadwadi,6800000,5811
1,3,3,1,1,1,0,1530,2,3,3 BHK Apartment ,10,Sus,7600000,4967
0,3,1,0,1,0,10,850,1,2,2 BHK Apartment ,6,Sinhgad Road,5300000,6235
0,3,1,1,1,0,1,528,1,1,1 BHK Apartment ,3,Manjari,2800000,5303
0,3,0,0,1,0,3,1550,1,3,3 BHK Apartment ,2,Balewadi,10000000,6451
1,3,3,1,1,1,0,1206,2,2,2 BHK Apartment ,10,Baner,8500000,7048
0,3,0,1,1,0,5,1050,2,2,2 BHK Apartment ,2,NIBM Annex Mohammadwadi,5400000,5142
0,3,0,1,1,0,5,1326,2,2,2 BHK Apartment ,1,NIBM Annex Mohammadwadi,5800000,4374
0,3,0,1,1,0,5,1085,2,2,2 BHK Apartment ,5,NIBM Annex Mohammadwadi,5400000,4976
0,3,0,0,1,0,10,1050,2,2,2 BHK Apartment ,7,Wanowrie,7300000,6952
0,3,0,1,1,0,5,1200,2,2,2 BHK Apartment ,5,Wanowrie,6500000,5416
0,3,0,1,1,0,10,1000,2,2,2 BHK Apartment ,1,Kondhwa,4050000,4050
0,3,1,1,1,0,10,650,1,1,1 BHK Apartment ,1,Sinhgad Road,4200000,6461
1,3,3,1,1,1,0,1500,3,3,2 BHK Apartment ,12,Baner,12000000,8000
1,3,3,1,1,0,0,2600,2,4,4 BHK Apartment ,5,Baner,31800000,12230
1,3,3,1,1,0,0,2200,2,3,3 BHK Apartment ,5,Aundh,25000000,11363
1,3,3,1,1,1,0,2315,3,3,3 BHK Apartment ,10,Baner,22900000,9892
1,3,3,1,1,1,0,1500,3,3,3 BHK Apartment ,12,Baner,12000000,8000
0,3,0,1,1,0,5,560,1,1,1 BHK Apartment ,4,Sinhgad Road,4500000,8035
0,3,0,1,1,0,17,620,1,1,1 BHK Apartment ,1,Sinhgad Road,5200000,8387
1,3,3,1,1,0,0,1019,2,2,2 BHK Apartment ,8,Baner,6500000,6378
0,3,1,1,1,1,2,665,1,1,1 BHK Apartment ,5,Bavdhan,4600000,6917
1,3,3,1,1,1,0,2315,3,3,3 BHK Apartment ,10,Baner,22900000,9892
0,3,0,1,1,0,5,1330,1,2,2 BHK Apartment ,6,Baner,8500000,6390
1,3,3,1,1,1,0,1405,3,3,3 BHK Apartment ,6,Bavdhan,9000000,6405
0,3,1,1,1,1,2,665,1,1,1 BHK Apartment ,5,Bavdhan,4600000,6917
0,3,0,1,1,0,5,548,1,1,1 BHK Apartment ,3,Undri,3000000,5474
0,3,2,1,1,0,5,575,1,1,1 BHK Apartment ,3,Undri,3000000,5217
0,3,0,1,1,0,2,704,1,2,1 BHK Apartment ,9,Undri,3300000,4687
0,3,0,1,1,0,9,800,1,2,2 BHK Apartment ,0,Undri,2890000,3612
0,3,0,1,1,0,5,1261,2,2,1 BHK Apartment ,6,Undri,5800000,4599
0,3,0,1,1,0,5,873,1,2,2 BHK Apartment ,1,Kondhwa,5500000,6300
0,3,1,1,1,0,9,1581,1,3,3 BHK Apartment ,2,Kondhwa,9800000,6198
0,3,0,1,1,0,9,805,1,2,2 BHK Apartment ,2,Undri,3300000,4099
0,3,2,1,1,0,5,955,1,2,2 BHK Apartment ,4,Undri,5000000,5235
0,3,0,1,1,0,9,2050,2,3,3 BHK Apartment ,2,Undri,11300000,5512
0,3,0,1,1,0,6,1200,1,2,2 BHK Apartment ,6,Baner,8000000,6666
1,2,3,0,0,0,1,986,1,2,2 BHK Apartment ,5,Baner,8499320,8620
0,3,0,1,1,0,10,635,1,1,2 BHK Apartment ,2,Bibwewadi,4800000,7559
0,3,1,1,1,1,2,665,1,1,1 BHK Apartment ,5,Bavdhan,4600000,6917
0,3,0,1,1,0,5,1124,2,2,2 BHK Apartment ,2,Undri,3700000,3291
0,3,0,1,1,0,4,1300,2,2,2 BHK Apartment ,6,Kalyani Nagar,10300000,7923
1,2,3,1,1,0,3,570,2,1,1 BHK Apartment ,2,Hadapsar,2550000,4473
1,3,3,0,0,0,0,1018,2,2,2 BHK Apartment ,10,Dhanori,6200000,6090
0,3,1,0,0,0,5,870,2,2,2 BHK Apartment ,2,Tingre Nagar,4200000,4827
0,3,1,0,0,0,4,957,2,2,2 BHK Apartment ,2,Tingre Nagar,5700000,5956
0,3,0,1,1,0,5,1550,3,3,3 BHK Apartment ,9,Kalyani Nagar,10500000,6774
0,2,0,0,0,0,6,850,2,2,2 BHK Apartment ,4,Hadapsar,3100000,3647
0,3,0,0,0,0,2,1100,2,2,2 BHK Apartment ,6,Hadapsar,5200000,4727
0,2,0,1,1,0,2,1150,2,3,3 BHK Apartment ,7,Hadapsar,5500000,4782
1,2,3,1,1,0,2,932,2,2,2 BHK Apartment ,12,Hadapsar,6600000,7081
0,3,0,1,1,0,6,870,2,2,2 BHK Apartment ,7,Undri,3200000,3678
0,3,1,1,1,0,5,1668,2,4,3 BHK Apartment ,3,Kondhwa,12700000,7613
0,3,0,1,1,0,5,700,1,1,2 BHK Apartment ,2,Undri,3900000,5571
0,3,0,1,1,0,5,1250,2,2,2 BHK Apartment ,4,Undri,6790000,5432
0,3,0,1,1,0,6,1832,3,2,2 BHK Apartment ,9,Kondhwa,7200000,3930
0,3,2,1,0,0,3,883,2,2,2 BHK Apartment ,3,Undri,7300000,8267
0,3,1,1,1,0,9,1050,2,2,2 BHK Apartment ,4,Kondhwa,6600000,6285
0,3,0,1,1,0,15,600,2,2,2 BHK Apartment ,2,Undri,2300000,3833
0,3,0,1,1,0,6,650,2,1,1 BHK Apartment ,3,Undri,2800000,4307
0,3,0,0,1,0,10,1150,2,2,2 BHK Apartment ,8,Wanowrie,9800000,8521
0,3,0,1,1,1,2,630,1,1,1 BHK Apartment ,5,Bavdhan,4600000,7301
0,3,0,1,1,0,10,2700,2,4,4 BHK Villa ,1,Bibwewadi,24700000,9148
0,3,0,1,1,0,5,1450,2,3,3 BHK Apartment ,8,Bibwewadi,14700000,10137
0,3,0,1,1,1,2,630,1,1,1 BHK Apartment ,6,Bavdhan,4600000,7301
0,3,2,1,1,0,5,1474,1,2,3 BHK Apartment ,2,Bibwewadi,12700000,8616
0,3,0,1,1,0,10,600,2,1,1 BHK Apartment ,4,Bibwewadi,3800000,6333
0,3,1,1,1,1,2,630,1,1,1 BHK Apartment ,6,Bavdhan,4600000,7301
0,3,0,1,1,0,10,800,1,2,2 BHK Apartment ,9,Bibwewadi,4200000,5250
0,3,2,1,1,0,5,985,1,2,2 BHK Apartment ,5,Bibwewadi,8300000,8426
0,3,0,1,1,0,10,969,3,2,2 BHK Apartment ,7,Bibwewadi,5100000,5263
0,3,1,1,1,0,10,730,1,1,2 BHK Apartment ,3,Bibwewadi,4200000,5753
0,3,0,1,1,0,5,995,2,2,2 BHK Apartment ,5,Bibwewadi,5800000,5829
0,3,0,1,1,0,5,1000,2,2,2 BHK Apartment ,7,Bibwewadi,8800000,8800
0,3,0,1,1,0,5,637,1,1,1 BHK Apartment ,10,Bibwewadi,5300000,8320
0,3,0,1,1,0,4,1200,1,2,2 BHK Apartment ,5,Kondhwa,5100000,4250
0,3,0,1,1,0,10,1050,2,2,3 BHK Apartment ,2,Bibwewadi,6500000,6190
0,3,1,1,1,0,10,820,2,2,2 BHK Apartment ,1,Bibwewadi,5000000,6097
0,2,0,1,1,0,6,900,2,2,2 BHK Apartment ,5,Hadapsar,3500000,3888
1,3,3,0,0,0,0,2600,2,4,4 BHK Apartment ,1,Baner,28000000,10769
1,3,3,0,0,0,0,5115,3,4,5 BHK Apartment ,8,Aundh,61400000,12003
0,3,2,0,0,1,5,2450,2,4,4 BHK Apartment ,2,Wakad,23000000,9387
0,3,0,1,1,0,8,1485,2,3,3 BHK Apartment ,6,Wakad,7700000,5185
0,3,0,0,1,0,10,550,2,1,1 BHK Apartment ,2,Dhanori,2400000,4363
0,3,0,1,1,0,9,400,1,1,1 BHK Apartment ,3,Hadapsar,2300000,5750
0,2,0,1,1,0,1,1170,2,2,2 BHK Apartment ,10,Wakad,7300000,6239
0,3,0,1,1,0,4,1265,3,2,3 BHK Apartment ,10,Tingre Nagar,8500000,6719
0,3,0,1,1,0,4,600,1,1,1 BHK Apartment ,8,Tingre Nagar,3100000,5166
0,3,0,0,1,0,5,1180,2,1,2 BHK Apartment ,6,Viman Nagar,7800000,6610
0,3,0,0,1,0,5,1425,1,2,3 BHK Apartment ,2,Dhanori,7100000,4982
0,3,0,1,1,0,5,1350,1,1,2 BHK Apartment ,7,Wadgaon Sheri,8800000,6518
0,3,1,0,0,0,5,1100,1,1,2 BHK Apartment ,7,Vishrantwadi,8300000,7545
0,3,1,0,0,0,5,1200,1,1,2 BHK Apartment ,8,Kharadi,8000000,6666
0,3,0,1,1,0,5,1237,2,2,3 BHK Apartment ,8,Kharadi,10500000,8488
0,3,1,1,1,0,5,1700,2,2,3 BHK Apartment ,11,Kalyani Nagar,13500000,7941
0,3,0,1,1,0,5,1340,2,1,3 BHK Apartment ,2,Tingre Nagar,8000000,5970
0,2,0,1,1,0,11,550,2,1,1 BHK Apartment ,10,Hadapsar,2550000,4636
0,2,0,1,1,0,6,605,2,1,1 BHK Apartment ,10,Hadapsar,2750000,4545
1,2,3,0,0,0,11,900,2,2,2 BHK Apartment ,3,Wanowrie,6800000,7555
0,3,0,0,1,0,4,1300,2,2,2 BHK Apartment ,8,Baner,7400000,5692
0,2,0,1,1,0,4,1300,2,2,2 BHK Apartment ,8,Baner,7400000,5692
1,2,3,1,1,0,6,1350,2,3,3 BHK Apartment ,6,Hadapsar,7100000,5259
1,2,3,1,1,0,2,1200,2,2,2 BHK Apartment ,1,Manjari,6900000,5750
0,3,0,0,1,0,6,1150,2,2,2 BHK Apartment ,3,Viman Nagar,5000000,4347
0,3,0,1,1,0,5,1300,2,1,2 BHK Apartment ,9,Vishrantwadi,7500000,5769
0,3,0,1,0,0,7,500,1,1,1 BHK Apartment ,0,Hadapsar,3500000,7000
0,3,0,1,1,0,10,620,1,1,1 BHK Apartment ,3,Hadapsar,4000000,6451
0,2,0,0,1,0,11,450,2,1,1 BHK Apartment ,0,Sasane Nagar,2200000,4888
0,2,0,1,1,0,11,880,2,2,2 BHK Apartment ,6,Hadapsar,4000000,4545
1,2,3,1,1,0,6,600,2,1,1 BHK Apartment ,6,Hadapsar,2499600,4166
1,2,3,1,1,0,6,600,2,1,1 BHK Apartment ,5,Hadapsar,2600000,4333
0,3,0,1,1,0,2,610,2,1,1 BHK Apartment ,5,Hadapsar,2650000,4344
1,2,3,1,1,0,2,700,2,1,1 BHK Apartment ,4,Manjari,3600000,5142
1,2,3,1,1,0,2,1500,2,3,3 BHK Apartment ,6,Hadapsar,6100000,4066
0,2,0,1,1,0,16,1400,2,3,3 BHK Apartment ,2,NIBM,9000000,6428
0,2,0,1,1,0,6,640,2,1,1 BHK Apartment ,11,Hadapsar,2700000,4218
0,3,0,1,1,0,5,1115,2,1,2 BHK Apartment ,8,Tingre Nagar,8500000,7623
0,2,0,1,1,0,16,720,2,2,2 BHK Apartment ,1,Hadapsar,2600000,3611
0,2,1,1,1,0,2,572,2,1,1 BHK Apartment ,11,Hadapsar,4800000,8391
0,3,0,1,1,0,4,684,1,1,1 BHK Apartment ,5,Dhanori,3700000,5409
0,3,2,1,1,1,10,1300,2,2,2 BHK Apartment ,7,Kalyani Nagar,16000000,12307
0,2,0,1,1,0,8,1485,2,3,3 BHK Apartment ,9,Wakad,8000000,5387
1,3,3,1,1,0,1,1750,3,3,3 BHK Apartment ,7,Kharadi,12800000,7314
0,2,0,1,1,0,5,2050,2,3,3 BHK Apartment ,5,Hadapsar,18000000,8780
0,2,0,1,1,0,3,617,2,1,1 BHK Apartment ,2,Hadapsar,2600000,4213
0,2,0,1,1,0,5,620,1,1,1 BHK Apartment ,3,Handewadi,2600000,4193
0,2,0,1,1,0,3,1050,1,2,2 BHK Apartment ,7,Hadapsar,6500000,6190
0,2,0,1,1,0,4,1520,2,3,3 BHK Apartment ,4,Hadapsar,12500000,8223
0,2,0,1,1,0,5,850,2,2,2 BHK Apartment ,5,Hadapsar,4500000,5294
0,2,0,1,1,0,13,620,1,1,1 BHK Apartment ,1,Hadapsar,3400000,5483
0,2,0,1,1,0,7,1100,1,2,2 BHK Apartment ,4,Hadapsar,4700000,4272
0,2,0,1,1,0,5,850,1,2,2 BHK Apartment ,7,Hadapsar,4100000,4823
0,2,0,0,1,0,5,750,1,2,2 BHK Apartment ,2,Wakad,4650000,6200
1,2,3,1,1,0,3,1000,1,2,2 BHK Apartment ,4,Manjari,5100000,5100
0,2,0,1,1,0,5,650,1,1,1 BHK Apartment ,4,Hadapsar,4100000,6307
0,2,0,1,1,0,5,980,1,2,2 BHK Apartment ,3,Hadapsar,6500000,6632
0,2,0,1,1,0,5,630,1,1,1 BHK Apartment ,5,Hadapsar,4500000,7142
0,2,0,1,1,0,5,950,1,2,2 BHK Apartment ,2,Hadapsar,6500000,6842
1,2,3,1,1,0,3,875,1,2,2 BHK Apartment ,5,Hadapsar,4500000,5142
0,2,0,1,1,0,5,910,2,2,2 BHK Apartment ,4,Hadapsar,4500000,4945
0,2,0,1,1,0,5,910,2,2,2 BHK Apartment ,4,Hadapsar,4500000,4945
0,3,0,0,0,0,5,1200,2,2,2 BHK Apartment ,8,Kharadi,8000000,6666
0,3,0,1,1,0,5,1550,3,3,3 BHK Apartment ,7,Viman Nagar,8500000,5483
1,3,3,1,1,0,1,1315,2,2,2 BHK Apartment ,11,Kharadi,9800000,7452
0,3,0,1,1,0,4,1275,2,2,2 BHK Apartment ,7,Kharadi,7500000,5882
0,3,1,1,1,0,6,1250,2,2,2 BHK Apartment ,3,Viman Nagar,9500000,7600
0,3,0,1,1,0,5,1750,3,3,3 BHK Apartment ,7,Kharadi,12000000,6857
0,3,0,1,1,0,6,1150,2,2,2 BHK Apartment ,12,Kalyani Nagar,10000000,8695
0,3,0,0,1,0,4,1500,3,3,3 BHK Apartment ,5,Kharadi,8500000,5666
0,3,1,1,1,0,3,1150,2,2,2 BHK Apartment ,10,Kharadi,9700000,8434
0,3,1,1,1,0,5,1250,2,2,2 BHK Apartment ,3,Viman Nagar,9500000,7600
0,3,0,0,0,0,6,650,1,1,1 BHK Apartment ,9,Kharadi,4300000,6615
0,3,0,1,1,0,5,1740,3,3,3 BHK Apartment ,6,Kalyani Nagar,21000000,12068
0,3,0,1,1,0,5,1340,2,1,3 BHK Apartment ,5,Vishrantwadi,7800000,5820
0,3,0,1,1,0,5,1200,1,1,2 BHK Apartment ,7,Viman Nagar,8500000,7083
0,3,1,1,1,0,5,550,1,1,1 BHK Apartment ,1,Handewadi,3000000,5454
1,3,3,1,1,0,3,1010,2,2,2 BHK Apartment ,1,Undri,4832850,4785
0,2,1,1,1,1,7,1200,2,2,2 BHK Apartment ,5,Hadapsar,9000000,7500
0,2,1,1,1,1,4,950,2,2,2 BHK Apartment ,5,Hadapsar,7700000,8105
0,2,0,0,1,0,14,570,1,1,1 BHK Apartment ,2,Hadapsar,2400000,4210
1,3,3,1,1,0,1,1350,2,2,2 BHK Apartment ,10,Kharadi,9800000,7259
0,2,0,1,1,0,2,1080,2,3,2 BHK Apartment ,11,Hadapsar,7600000,7037
0,2,0,1,1,0,8,590,2,1,1 BHK Apartment ,4,Hadapsar,5400000,9152
0,2,0,1,1,0,5,1049,2,2,2 BHK Apartment ,5,Wakad,6500000,6196
0,2,0,1,1,0,3,928,2,2,2 BHK Apartment ,2,Wakad,6300000,6788
0,2,0,1,1,0,5,1079,2,2,2 BHK Apartment ,9,Wakad,8000000,7414
0,2,0,1,1,0,4,2403,2,3,3 BHK Apartment ,2,Baner,22500000,9363
0,3,0,1,1,0,5,1540,3,3,3 BHK Apartment ,11,Mundhwa,11500000,7467
1,3,3,1,1,0,1,1885,3,3,3 BHK Apartment ,12,Kharadi,14300000,7586
0,2,0,1,1,0,6,1070,2,2,2 BHK Apartment ,26,Hadapsar,7000000,6542
1,3,3,0,1,0,1,590,1,1,1 BHK Apartment ,3,Dhanori,2600000,4406
0,2,0,1,1,0,5,1049,2,2,2 BHK Apartment ,5,Wakad,6500000,6196
0,2,0,1,1,0,4,1860,2,3,3 BHK Apartment ,11,Baner,13500000,7258
0,2,0,1,1,0,3,1028,2,2,2 BHK Apartment ,3,Baner,7000000,6809
0,2,0,1,1,0,3,1028,2,2,2 BHK Apartment ,3,Baner,7000000,6809
0,2,0,1,1,0,7,908,2,2,2 BHK Apartment ,1,Balewadi,4800000,5286
0,2,0,1,1,0,11,1050,2,2,2 BHK Apartment ,6,Hadapsar,4500000,4285
1,3,3,0,0,0,0,2704,2,4,4 BHK Apartment ,7,Balewadi,29800000,11020
1,3,3,0,0,0,0,2792,2,4,4 BHK Apartment ,3,Bavdhan,22000000,7879
1,3,3,0,0,0,0,5115,3,5,5 BHK Apartment ,8,Aundh,60000000,11730
0,3,1,1,1,1,6,1600,2,3,3 BHK Apartment ,8,Kharadi,9200000,5750
1,3,3,1,1,1,1,1225,2,2,2 BHK Apartment ,1,Hinjewadi,6282600,5128
1,2,3,1,1,1,0,4300,2,4,4 BHK Apartment ,10,Kothrud,65300000,15186
0,3,2,1,1,0,9,2000,2,3,3 BHK Apartment ,12,Koregaon Park,17000000,8500
0,3,1,1,1,0,5,1030,3,2,2 BHK Apartment ,7,Koregaon Park,8500000,8252
0,3,1,1,1,0,3,980,2,2,2 BHK Apartment ,4,Baner,6700000,6836
0,3,0,1,1,0,5,1145,1,2,2 BHK Apartment ,5,Balewadi,8200000,7161
0,3,0,1,1,0,10,1382,3,3,3 BHK Apartment ,3,NIBM Annex Mohammadwadi,6500000,4703
0,3,1,1,1,0,10,1357,1,3,3 BHK Apartment ,8,Kondhwa,8000000,5895
1,3,3,1,1,0,2,1185,2,2,2 BHK Apartment ,3,Wagholi,4700000,3966
0,3,0,1,1,0,5,1020,2,2,2 BHK Apartment ,2,Kothrud,12500000,12254
0,2,0,1,1,0,14,585,2,1,1 BHK Apartment ,2,Pimple Saudagar,3750000,6410
0,3,0,1,1,0,5,1095,1,1,2 BHK Apartment ,3,Kharadi,7500000,6849
0,3,0,1,1,0,5,1458,2,2,3 BHK Apartment ,9,Balewadi,10500000,7201
0,3,0,1,1,0,6,1200,1,2,2 BHK Apartment ,6,Baner,8000000,6666
0,3,0,1,1,0,8,2000,2,4,4 BHK Apartment ,4,Baner,18000000,9000
0,3,0,1,1,0,5,1458,2,3,3 BHK Apartment ,9,Balewadi,10500000,7201
0,3,0,1,1,0,10,970,1,2,2 BHK Apartment ,1,Pashan,6500000,6701
0,3,0,1,1,0,9,1276,2,3,3 BHK Apartment ,2,Balewadi,11000000,8620
0,3,0,1,1,0,10,1060,1,2,2 BHK Apartment ,3,Balewadi,7000000,6603
0,3,1,1,1,0,10,946,2,3,2 BHK Apartment ,0,Kondhwa,2950000,3118
0,3,0,1,1,0,10,650,2,1,1 BHK Apartment ,2,Kondhwa,3800000,5846
0,3,0,1,1,0,10,1236,2,2,3 BHK Apartment ,6,Kondhwa,8300000,6715
1,3,3,1,1,0,2,931,1,2,2 BHK Apartment ,6,Hadapsar,4200000,4511
0,3,0,1,1,0,5,1290,2,3,3 BHK Apartment ,5,NIBM,7000000,5426
0,3,2,1,1,0,10,1200,2,2,3 BHK Apartment ,4,NIBM,7700000,6416
0,3,0,1,1,0,1,802,2,1,2 BHK Apartment ,2,Wagholi,3500000,4364
1,3,3,1,1,0,0,2210,2,3,3 BHK Apartment ,6,Aundh,26000000,11764
0,3,0,1,1,0,5,1015,2,2,2 BHK Apartment ,5,Baner,7200000,7093
0,3,0,1,1,0,6,1200,1,2,2 BHK Apartment ,6,Baner,8000000,6666
0,3,1,1,1,0,7,910,1,2,2 BHK Apartment ,6,Kharadi,7000000,7692
0,3,1,1,1,0,10,1000,2,2,2 BHK Apartment ,3,Kondhwa,4600000,4600
0,3,1,1,1,0,2,1700,3,3,3 BHK Apartment ,9,Wagholi,9200000,5411
1,3,3,1,1,0,0,1770,2,3,3 BHK Apartment ,7,Baner,19400000,10960
0,3,0,1,1,0,10,1250,2,2,2 BHK Apartment ,8,Baner,8000000,6400
0,3,2,1,1,0,1,1365,1,2,2 BHK Apartment ,7,Undri,7000000,5128
0,3,1,1,1,0,5,1039,2,2,2 BHK Apartment ,6,Kharadi,7100000,6833
0,3,1,1,1,1,4,662,1,1,1 BHK Apartment ,3,Wagholi,2900000,4380
0,3,1,0,1,0,10,1240,2,2,2 BHK Apartment ,9,Kondhwa,6800000,5483
1,3,3,1,1,0,1,1426,2,3,3 BHK Apartment ,9,Sus,8000000,5610
1,3,3,0,0,0,0,980,2,2,2 BHK Apartment ,1,Baner,6000000,6122
0,3,1,1,1,0,5,987,1,2,2 BHK Apartment ,5,Sinhgad Road,7000000,7092
0,3,0,0,1,0,5,1015,2,2,2 BHK Apartment ,5,Baner,7200000,7093
0,3,0,1,1,0,6,1200,1,2,2 BHK Apartment ,6,Baner,8000000,6666
0,3,1,1,1,0,2,2200,1,3,4 BHK Apartment ,9,Kharadi,14000000,6363
0,3,0,1,1,0,5,950,1,2,2 BHK Apartment ,4,Sinhgad Road,6500000,6842
0,3,0,1,1,0,4,662,1,1,1 BHK Apartment ,4,Wagholi,2800000,4229
0,3,0,1,1,0,2,675,1,1,1 BHK Apartment ,1,Wagholi,2500000,3703
0,3,1,1,1,0,3,1063,2,2,2 BHK Apartment ,6,Kharadi,7500000,7055
1,3,3,1,1,0,0,3600,2,4,4 BHK Apartment ,5,Baner,45000000,12500
0,2,1,1,1,1,4,1540,2,3,3 BHK Apartment ,6,Baner,10000000,6493
0,3,0,1,1,0,8,1190,2,2,2 BHK Apartment ,5,Baner,6200000,5210
0,3,0,1,1,0,10,1240,2,2,2 BHK Apartment ,1,Baner,8500000,6854
1,3,3,1,1,0,4,2269,3,3,3 BHK Apartment ,11,NIBM Annex Mohammadwadi,15000000,6610
0,3,0,1,1,0,5,1015,2,2,2 BHK Apartment ,11,Baner,7500000,7389
0,3,2,1,1,0,1,2500,2,3,3 BHK Apartment ,7,NIBM,22500000,9000
1,3,3,1,1,1,0,1473,2,3,3 BHK Apartment ,8,Baner,10500000,7128
1,3,3,1,1,0,2,1890,2,3,3 BHK Apartment ,1,Wakad,7700000,4074
1,3,3,1,1,0,0,1600,2,3,3 BHK Apartment ,4,NIBM Annex Mohammadwadi,10000000,6250
0,3,1,1,1,0,0,1473,2,3,3 BHK Apartment ,12,Baner,9000000,6109
0,3,0,1,1,0,7,1250,2,2,2 BHK Apartment ,8,Baner,9000000,7200
0,2,0,1,1,0,4,1680,2,3,3 BHK Apartment ,11,Baner,13500000,8035
0,3,0,1,1,0,5,910,2,2,2 BHK Apartment ,4,Balewadi,6500000,7142
0,3,2,1,1,0,15,870,1,2,2 BHK Apartment ,5,Aundh,8500000,9770
0,3,0,1,1,0,15,850,1,2,2 BHK Apartment ,1,Aundh,9000000,10588
0,3,0,1,1,0,10,1058,2,2,2 BHK Apartment ,3,Balewadi,6300000,5954
0,3,0,1,1,0,10,1060,1,2,2 BHK Apartment ,3,Balewadi,7000000,6603
0,3,0,1,1,0,9,1035,2,2,2 BHK Apartment ,5,Balewadi,7500000,7246
0,3,0,0,1,0,5,1000,1,2,2 BHK Apartment ,2,Balewadi,7500000,7500
0,3,0,1,1,0,10,1140,2,2,2 BHK Apartment ,7,Balewadi,7700000,6754
1,3,3,1,1,1,1,1778,2,3,3 BHK Apartment ,14,Baner,17000000,9561
1,3,3,1,1,0,1,1330,2,2,2 BHK Apartment ,5,Hinjewadi,7500000,5639
1,3,3,1,1,1,4,2010,2,3,3 BHK Apartment ,4,Baner,18000000,8955
0,3,0,1,1,0,11,950,1,2,2 BHK Apartment ,7,Bavdhan,6000000,6315
1,3,3,1,1,1,0,1015,2,2,2 BHK Apartment ,3,Baner,5600000,5517
1,3,3,1,1,0,0,1250,1,2,2 BHK Apartment ,5,Bavdhan,8500000,6800
0,2,1,1,1,1,6,1775,1,3,3 BHK Apartment ,3,Kalyani Nagar,16000000,9014
0,3,1,1,0,0,10,850,1,2,2 BHK Apartment ,6,Sinhgad Road,5800000,6823
0,3,1,1,1,0,10,1070,1,2,2 BHK Apartment ,5,Sinhgad Road,6500000,6074
0,3,2,1,1,0,14,846,1,2,2 BHK Apartment ,3,Sinhgad Road,7100000,8392
0,2,0,1,1,0,3,1183,2,2,2 BHK Apartment ,6,Kharadi,7400000,6255
0,3,0,1,1,0,5,1600,2,3,3 BHK Apartment ,4,Baner,10200000,6375
0,3,0,1,1,1,1,989,2,2,2 BHK Apartment ,5,Wakad,6500000,6572
1,3,3,1,1,0,3,589,1,1,1 BHK Apartment ,5,Wagholi,3100000,5263
0,2,0,1,1,0,5,600,1,1,1 BHK Apartment ,2,Dhanori,2500000,4166
1,3,3,0,1,0,0,1100,1,2,2 BHK Apartment ,5,Balewadi,8200000,7454
1,3,3,0,1,0,0,1395,1,2,3 BHK Apartment ,4,Balewadi,9000000,6451
0,3,1,1,1,0,3,1129,2,2,2 BHK Apartment ,4,Kharadi,7100000,6288
0,3,0,0,1,0,4,3800,2,3,3 BHK Apartment ,0,NIBM,20000000,5263
0,3,0,1,1,0,5,1039,2,2,2 BHK Apartment ,5,Kharadi,7300000,7025
1,3,3,0,0,0,2,1443,3,3,3 BHK Apartment ,7,Baner,10000000,6930
0,3,0,0,1,0,4,1648,2,2,3 BHK Apartment ,5,Wakad,9800000,5946
0,2,2,1,1,1,2,840,2,2,2 BHK Apartment ,2,Wakad,5500000,6547
0,3,0,1,0,0,10,600,1,1,1 BHK Apartment ,5,Pimple Saudagar,4300000,7166
0,2,1,1,1,1,3,1750,2,3,3 BHK Apartment ,3,Pashan,16500000,9428
0,3,0,1,1,0,0,1220,2,2,2 BHK Apartment ,8,Undri,8200000,6721
0,2,0,1,1,0,4,3075,1,3,3 BHK Apartment ,3,NIBM,25000000,8130
0,3,0,1,1,0,8,1255,1,2,2 BHK Apartment ,4,NIBM,10000000,7968
0,3,0,1,1,0,5,979,1,2,2 BHK Apartment ,2,Baner,7500000,7660
0,3,0,0,0,0,13,875,1,1,2 BHK Apartment ,0,Sinhgad Road,5500000,6285
1,3,3,1,1,0,0,900,1,2,2 BHK Apartment ,1,Baner,6300000,7000
0,3,0,0,0,0,5,725,1,2,2 BHK Apartment ,1,Sinhgad Road,4500000,6206
0,3,0,1,1,0,5,1158,2,2,2 BHK Apartment ,10,Baner,8700000,7512
0,3,0,1,1,0,7,850,1,2,2 BHK Apartment ,9,Sinhgad Road,5800000,6823
1,2,3,1,1,0,0,653,2,1,1 BHK Apartment ,3,Baner,5000000,7656
0,3,0,1,1,0,2,1200,2,2,2 BHK Apartment ,4,Pashan,8500000,7083
0,3,0,1,1,0,5,1145,1,2,2 BHK Apartment ,5,Baner,8200000,7161
0,3,0,1,1,0,15,1280,2,2,2 BHK Apartment ,2,Aundh,10000000,7812
0,3,0,1,1,0,12,960,1,2,2 BHK Apartment ,6,Aundh,8000000,8333
1,3,3,1,1,0,1,1400,2,3,3 BHK Apartment ,7,Bavdhan,11000000,7857
0,2,0,1,1,0,9,1100,2,2,2 BHK Apartment ,4,Wakad,7200000,6545
1,3,3,1,1,0,0,5115,3,5,5 BHK Apartment ,5,Aundh,61400000,12003
0,3,1,1,1,1,10,1540,1,3,3 BHK Apartment ,2,Balewadi,12500000,8116
0,3,1,0,1,0,2,3100,2,3,3 BHK Villa ,1,Wagholi,13500000,4354
1,3,3,0,0,0,0,2500,2,4,4 BHK Apartment ,3,Wakad,19500000,7800
1,3,3,1,1,0,0,1020,1,2,2 BHK Apartment ,7,Hinjewadi,6000000,5882
0,3,0,1,1,0,5,1016,1,2,2 BHK Apartment ,10,Baner,7800000,7677
0,3,0,1,0,0,12,875,1,2,2 BHK Apartment ,4,Sinhgad Road,6500000,7428
0,3,0,1,1,0,5,775,1,1,2 BHK Apartment ,8,Sinhgad Road,5500000,7096
0,3,0,1,1,0,7,987,1,2,2 BHK Apartment ,1,Baner,7000000,7092
1,3,3,0,0,1,0,915,1,2,2 BHK Apartment ,11,Baner,5500000,6010
0,3,0,1,1,1,0,1340,2,2,2 BHK Apartment ,14,Balewadi,9200000,6865
0,3,0,1,1,0,13,900,1,2,2 BHK Apartment ,6,Pashan,7100000,7888
0,3,0,1,1,0,10,887,2,2,2 BHK Apartment ,1,Pashan,7500000,8455
0,3,0,1,1,0,7,1196,2,2,2 BHK Apartment ,6,Pashan,8400000,7023
0,3,0,1,1,0,10,970,1,2,2 BHK Apartment ,1,Pashan,6500000,6701
0,3,0,1,1,0,6,1475,2,3,3 BHK Apartment ,1,Pashan,12000000,8135
1,3,3,1,1,0,0,1110,2,2,2 BHK Apartment ,8,Balewadi,7430000,6693
0,2,0,1,1,0,7,1115,2,2,2 BHK Apartment ,2,Wakad,7500000,6726
0,3,0,1,1,0,7,915,1,2,2 BHK Apartment ,5,Pimple Saudagar,6500000,7103
1,3,3,0,1,0,1,1161,2,2,2 BHK Apartment ,5,Wakad,6900000,5943
0,3,0,1,1,0,4,925,1,2,2 BHK Apartment ,5,NIBM,6000000,6486
0,3,0,1,1,0,10,1240,1,2,2 BHK Apartment ,4,Aundh,9500000,7661
0,3,0,1,1,0,5,570,1,1,1 BHK Apartment ,9,Sinhgad Road,4400000,7719
0,3,0,1,1,0,30,3000,1,1,4 BHK Apartment ,3,Aundh,35000000,11666
0,3,1,1,0,0,10,621,1,1,1 BHK Apartment ,3,Sinhgad Road,5500000,8856
0,3,0,1,1,0,15,1325,2,2,3 BHK Apartment ,2,Aundh,11500000,8679
0,3,0,1,1,0,15,1500,3,3,3 BHK Apartment ,1,Aundh,15000000,10000
0,3,0,1,1,0,6,924,2,2,2 BHK Apartment ,3,Rahatani,6800000,7359
0,3,0,1,1,0,6,1063,1,2,2 BHK Apartment ,5,Baner,7300000,6867
0,3,0,1,1,0,2,550,2,2,1 BHK Apartment ,4,Wagholi,2500000,4545
0,2,0,1,1,0,8,2199,2,3,3 BHK Apartment ,11,Baner,25000000,11368
0,2,0,1,1,1,10,1100,1,2,2 BHK Apartment ,11,Pashan,8000000,7272
0,3,0,1,1,1,4,1037,1,2,2 BHK Apartment ,2,Bavdhan,6600000,6364
0,3,0,1,1,0,4,1200,2,2,2 BHK Apartment ,8,Baner,8500000,7083
0,3,1,1,1,0,2,1186,1,2,2 BHK Apartment ,9,Baner,9000000,7588
1,3,3,1,1,0,0,1473,2,3,3 BHK Apartment ,5,Baner,9500000,6449
0,2,0,1,1,0,8,1010,2,2,2 BHK Apartment ,4,Pimple Saudagar,6700000,6633
0,3,0,1,1,0,4,611,2,1,1 BHK Apartment ,1,Hinjewadi,2900000,4746
0,3,1,1,1,1,2,1000,1,2,2 BHK Apartment ,3,Wagholi,4200000,4200
0,3,0,1,1,0,10,1600,2,3,3 BHK Apartment ,6,Baner,12500000,7812
0,3,0,1,1,0,11,1700,2,3,3 BHK Apartment ,7,Baner,10000000,5882
0,3,0,1,1,0,7,1495,2,3,3 BHK Apartment ,12,Baner,11000000,7357
0,3,0,1,1,0,7,1350,2,3,3 BHK Apartment ,4,Baner,10500000,7777
0,3,0,1,1,0,7,1620,2,3,3 BHK Apartment ,3,Baner,11000000,6790
0,3,0,1,1,0,6,1500,2,3,3 BHK Apartment ,8,Baner,15000000,10000
1,3,3,1,1,1,2,948,2,2,2 BHK Apartment ,3,Wagholi,3800000,4008
0,3,0,1,1,0,5,1362,1,3,3 BHK Apartment ,5,Baner,13500000,9911
0,3,0,1,1,0,4,2695,1,4,3 BHK Apartment ,3,Hadapsar,17500000,6493
0,3,0,1,1,0,4,1265,2,2,3 BHK Apartment ,5,Undri,6800000,5375
0,3,0,1,1,0,4,887,1,2,2 BHK Apartment ,7,NIBM,5500000,6200
0,3,0,1,1,0,0,1335,2,2,2 BHK Apartment ,9,NIBM,8000000,5992
1,3,3,0,1,0,1,1156,1,2,2 BHK Apartment ,3,Undri,4550000,3935
0,2,0,1,1,1,3,1050,2,2,2 BHK Apartment ,8,Baner,6900000,6571
0,3,0,1,1,0,1,1026,1,2,2 BHK Apartment ,2,Undri,5600000,5458
0,3,0,1,1,0,6,1013,1,2,2 BHK Apartment ,7,Baner,7500000,7403
0,3,0,1,1,0,8,1190,2,2,2 BHK Apartment ,5,Baner,6200000,5210
0,3,0,1,1,0,10,1425,2,3,3 BHK Apartment ,3,Baner,11000000,7719
0,3,0,1,1,0,6,2000,2,4,4 BHK Apartment ,4,Baner,18000000,9000
0,3,0,1,1,0,12,880,1,2,2 BHK Apartment ,3,Aundh,8200000,9318
0,3,0,0,1,0,15,890,1,2,2 BHK Apartment ,2,Aundh,7200000,8089
0,3,0,1,1,0,12,1000,2,2,2 BHK Apartment ,1,Baner,7200000,7200
1,3,3,1,1,0,0,1041,2,2,2 BHK Apartment ,1,Baner,8200000,7877
0,3,0,1,1,0,6,1137,1,2,2 BHK Apartment ,7,Baner,8000000,7036
0,3,0,1,1,0,15,965,2,2,2 BHK Apartment ,5,Baner,7000000,7253
1,3,3,1,1,0,0,1206,2,2,2 BHK Apartment ,4,Baner,9000000,7462
0,3,0,1,1,0,6,1374,2,2,2 BHK Apartment ,8,Balewadi,10500000,7641
0,2,0,1,1,0,5,1350,2,3,3 BHK Apartment ,4,Wakad,8000000,5925
0,3,1,1,1,0,8,953,2,2,2 BHK Apartment ,5,Pimple Saudagar,6500000,6820
0,3,0,1,1,1,4,1680,2,3,3 BHK Apartment ,11,Baner,15700000,9345
0,3,0,0,1,0,9,1550,2,3,3 BHK Apartment ,1,Pimple Saudagar,11000000,7096
1,3,3,1,1,0,1,1150,2,2,2 BHK Apartment ,10,Manjari,6500000,5652
0,2,1,0,1,0,5,700,1,1,1 BHK Apartment ,4,Baner,4700000,6714
0,2,1,1,1,1,4,1405,2,2,3 BHK Apartment ,10,Baner,11900000,8469
0,2,1,1,1,0,6,1680,2,3,3 BHK Apartment ,2,Baner,13000000,7738
0,2,0,1,1,0,2,1469,2,2,3 BHK Apartment ,9,Baner,8700000,5922
0,2,0,0,1,0,5,1025,1,2,2 BHK Apartment ,9,Baner,6500000,6341
0,3,0,0,0,0,0,1513,3,3,3 BHK Apartment ,8,Baner,9500000,6278
0,3,0,1,1,0,2,1186,1,2,2 BHK Apartment ,3,Baner,9500000,8010
0,3,1,0,0,0,6,570,1,1,1 BHK Apartment ,2,Sinhgad Road,3500000,6140
0,3,0,1,0,0,13,527,1,1,1 BHK Apartment ,3,Sinhgad Road,5500000,10436
0,3,0,0,1,0,2,745,2,1,1 BHK Apartment ,9,Wagholi,3300000,4429
0,3,0,1,1,0,9,959,1,2,2 BHK Apartment ,5,Kondhwa,5700000,5943
1,3,3,1,1,1,1,1770,1,3,3 BHK Apartment ,9,Baner,18500000,10451
0,3,1,1,1,0,14,700,1,1,2 BHK Apartment ,2,Hadapsar,3500000,5000
0,3,0,1,1,0,4,2001,2,3,4 BHK Apartment ,2,Wakad,13000000,6496
1,3,3,1,1,1,4,2250,2,3,3 BHK Apartment ,1,Baner,22500000,10000
0,2,0,1,1,0,5,1048,2,2,2 BHK Apartment ,6,Rahatani,7200000,6870
0,3,0,1,1,0,8,1190,2,2,2 BHK Apartment ,5,Baner,6200000,5210
0,3,0,1,1,0,5,1145,1,2,2 BHK Apartment ,5,Balewadi,8200000,7161
0,2,2,1,1,1,3,1831,2,3,3 BHK Apartment ,5,Viman Nagar,13999999,7646
0,3,0,1,1,1,5,1545,2,3,3 BHK Apartment ,6,Baner,13000000,8414
0,2,2,1,1,1,8,2500,2,4,4 BHK Apartment ,4,Aundh,30000000,12000
0,3,1,1,1,1,1,1070,2,2,2 BHK Apartment ,8,Balewadi,6300000,5887
1,2,3,1,1,0,0,1035,2,2,2 BHK Apartment ,5,Manjari,6200000,5990
1,3,3,1,1,0,4,1196,2,2,2 BHK Apartment ,7,Baner,7800000,6521
1,3,3,1,1,1,0,1027,2,2,2 BHK Apartment ,11,Balewadi,7000000,6815
0,3,0,1,1,0,1,3240,3,6,5 BHK Apartment ,13,Hinjewadi,22200000,6851
0,3,1,1,1,0,1,1610,1,3,3 BHK Apartment ,9,Wakad,12200000,7577
0,3,1,1,1,0,1,1600,2,3,3 BHK Apartment ,5,Baner,15500000,9687
1,3,3,1,1,0,1,4100,2,5,5 BHK Apartment ,8,Aundh,60000000,14634
0,3,1,0,1,0,1,2600,2,3,3 BHK Villa ,1,Aundh,18300000,7038
0,3,0,1,1,0,1,1130,1,2,2 BHK Apartment ,9,Hinjewadi,6700000,5929
0,3,0,1,1,0,2,1130,1,2,2 BHK Apartment ,9,Hinjewadi,6700000,5929
0,2,2,1,1,1,10,1400,2,3,3 BHK Apartment ,5,Kalyani Nagar,14500000,10357
0,3,0,1,1,0,1,2000,2,3,4 BHK Apartment ,2,Wakad,13000000,6500
0,3,1,1,1,0,1,3600,2,5,4 BHK Apartment ,8,Baner,47500000,13194
0,3,0,1,1,0,1,4506,3,5,5 BHK Apartment ,2,Pashan,85000000,18863
0,3,1,1,1,0,5,1566,2,3,3 BHK Apartment ,9,Wakad,10500000,6704
0,3,2,1,1,0,4,1630,2,3,3 BHK Apartment ,5,Aundh,13500000,8282
0,3,1,1,1,0,1,1235,1,2,2 BHK Apartment ,20,Hinjewadi,7500000,6072
0,3,0,1,1,0,4,1186,1,2,2 BHK Apartment ,6,Baner,8600000,7251
1,3,3,1,1,1,1,5000,2,5,5 BHK Apartment ,7,Aundh,60000000,12000
1,3,3,1,1,0,0,990,1,2,2 BHK Apartment ,7,Hinjewadi,5400000,5454
1,3,3,1,1,0,0,1156,1,2,2 BHK Apartment ,7,Bavdhan,7800000,6747
1,3,3,1,1,0,1,1060,2,3,2 BHK Apartment ,7,Bavdhan,6472000,6105
0,3,0,1,1,0,1,1040,2,2,2 BHK Apartment ,3,Bavdhan,7190000,6913
1,3,3,1,1,0,0,1095,2,2,2 BHK Apartment ,5,Balewadi,8800000,8036
0,3,0,1,1,0,2,1770,2,3,3 BHK Apartment ,10,Kondhwa,9500000,5367
0,3,0,1,1,0,8,475,2,1,1 BHK Apartment ,3,Kharadi,4000000,8421
0,3,0,1,1,0,7,560,2,1,1 BHK Apartment ,4,Kharadi,4400000,7857
0,3,1,1,1,0,6,775,2,1,1 BHK Apartment ,3,Kharadi,4000000,5161
0,2,0,1,1,1,2,1048,1,2,2 BHK Apartment ,8,Baner,8100000,7729
0,3,0,1,1,0,3,1150,2,2,2 BHK Apartment ,2,Aundh,9500000,8260
0,2,1,1,1,1,7,1620,2,3,3 BHK Apartment ,8,Baner,11800000,7283
1,3,3,1,1,0,1,1090,1,2,2 BHK Apartment ,12,Wakad,7100000,6513
0,3,0,1,1,0,7,910,2,2,2 BHK Apartment ,4,Balewadi,6200000,6813
1,3,3,1,1,1,1,1060,2,3,2 BHK Apartment ,8,Bavdhan,6300000,5943
0,3,1,1,1,0,6,1280,2,2,2 BHK Apartment ,9,Rahatani,10500000,8203
1,3,3,1,1,0,0,1200,1,2,2 BHK Apartment ,7,Balewadi,6000000,5000
1,3,3,1,1,0,2,601,2,1,1 BHK Apartment ,1,Wagholi,2350000,3910
0,3,1,1,1,0,10,1350,2,3,3 BHK Apartment ,1,Baner,10700000,7925
0,3,0,0,1,0,1,1371,2,3,3 BHK Apartment ,1,Baner,10000000,7293
0,3,2,0,1,0,8,1300,1,3,3 BHK Apartment ,2,Baner,8000000,6153
0,3,2,1,1,0,10,2000,2,3,4 BHK Apartment ,7,Baner,15000000,7500
0,3,0,1,0,0,5,2545,2,3,3 BHK Apartment ,1,Baner,20000000,7858
0,3,0,1,1,1,3,950,2,2,2 BHK Apartment ,4,Wagholi,4500000,4736
1,3,3,1,1,0,1,1341,2,3,3 BHK Apartment ,11,Baner,14200000,10589
0,3,0,1,1,0,7,1100,1,2,2 BHK Apartment ,1,Baner,7500000,6818
0,3,0,1,1,0,3,950,1,2,2 BHK Apartment ,5,Baner,6800000,7157
0,3,0,1,1,0,10,1481,1,3,3 BHK Apartment ,6,Baner,14000000,9453
0,3,1,1,1,0,10,1119,1,2,2 BHK Apartment ,10,Baner,7500000,6702
0,3,0,1,1,0,10,1137,1,2,2 BHK Apartment ,7,Baner,8000000,7036
0,3,0,1,1,0,15,1300,2,2,2 BHK Apartment ,5,Baner,9500000,7307
0,3,0,1,1,0,10,1300,1,3,3 BHK Apartment ,2,Baner,8000000,6153
1,3,3,1,1,0,0,1062,2,2,2 BHK Apartment ,1,Baner,7600000,7156
1,3,3,1,1,0,2,1129,2,2,2 BHK Apartment ,5,Wakad,5600000,4960
1,3,3,1,0,1,3,1020,1,2,2 BHK Apartment ,4,Baner,5600000,5490
1,3,3,0,1,0,0,1091,1,2,2 BHK Apartment ,5,Balewadi,7100000,6507
0,3,0,1,1,0,10,1060,1,2,2 BHK Apartment ,3,Balewadi,7000000,6603
0,3,0,1,1,0,5,910,1,2,2 BHK Apartment ,4,Balewadi,6500000,7142
0,3,0,1,1,0,15,1380,2,3,3 BHK Apartment ,7,Aundh,11500000,8333
0,3,0,1,1,0,15,1325,1,2,3 BHK Apartment ,2,Aundh,11500000,8679
0,3,0,0,1,0,10,951,1,2,2 BHK Apartment ,2,Pashan,7500000,7886
0,3,0,1,1,0,15,890,1,2,2 BHK Apartment ,2,Aundh,7200000,8089
0,3,0,1,1,0,12,880,1,2,2 BHK Apartment ,3,Aundh,8200000,9318
0,3,0,1,1,0,8,612,1,1,1 BHK Apartment ,5,Balewadi,4100000,6699
0,3,1,1,1,0,10,1852,2,3,3 BHK Apartment ,3,Pashan,17000000,9179
0,3,0,1,1,0,1,1585,2,3,3 BHK Apartment ,1,Aundh,16500000,10410
0,2,0,1,1,0,8,1050,1,2,2 BHK Apartment ,4,Baner,7500000,7142
1,3,3,1,1,0,0,5115,2,4,4 BHK Apartment ,7,Aundh,60000000,11730
0,3,1,1,1,0,1,3700,2,4,5 BHK Villa ,1,Aundh,26500000,7162
0,3,0,0,0,0,7,1210,2,2,2 BHK Apartment ,6,Kondhwa,5500000,4545
1,3,3,1,1,0,2,636,2,1,1 BHK Apartment ,3,Wagholi,2400000,3773
1,3,3,1,1,0,0,1255,1,2,2 BHK Apartment ,8,Baner,12400000,9880
1,3,3,1,1,0,0,1770,2,3,3 BHK Apartment ,7,Baner,19400000,10960
1,3,3,1,1,0,0,1273,2,2,2 BHK Apartment ,5,Bavdhan,7681000,6033
1,3,3,1,1,0,0,1401,2,2,2 BHK Apartment ,7,Baner,10500000,7494
1,3,3,1,1,0,0,1898,2,3,3 BHK Apartment ,6,Baner,16500000,8693
1,3,3,1,1,0,0,2600,2,4,4 BHK Apartment ,7,Baner,30000000,11538
1,3,3,1,1,0,0,1027,1,2,2 BHK Apartment ,4,Balewadi,7000000,6815
0,3,0,1,1,0,5,1140,2,3,3 BHK Apartment ,7,Balewadi,10500000,9210
0,3,2,1,1,1,5,1217,2,2,2 BHK Apartment ,12,Aundh,12100000,9942
0,3,0,1,1,0,2,1962,2,2,2 BHK Apartment ,5,Wagholi,5800000,2956
1,3,3,1,1,0,1,1116,1,2,2 BHK Apartment ,7,Wakad,7000000,6272
1,3,3,1,1,1,0,3090,1,3,3 BHK Apartment ,8,Baner,34400000,11132
1,3,3,1,1,0,0,3210,1,4,4 BHK Apartment ,8,Baner,45000000,14018
1,3,3,1,1,0,0,1600,2,3,3 BHK Apartment ,7,Hinjewadi,10000000,6250
1,3,3,1,1,0,1,1165,1,2,2 BHK Apartment ,7,Wakad,7000000,6008
1,3,3,1,1,0,0,1190,2,2,2 BHK Apartment ,8,Baner,8237000,6921
1,3,3,0,1,0,5,1481,2,3,3 BHK Apartment ,6,Baner,14000000,9453
0,2,1,1,1,0,6,775,2,1,1 BHK Apartment ,2,Kharadi,4100000,5290
0,3,0,1,1,0,6,1175,2,2,2 BHK Apartment ,3,Pimple Saudagar,8000000,6808
0,3,0,1,1,0,3,918,1,2,2 BHK Apartment ,7,Wagholi,4000000,4357
1,3,3,1,1,1,6,1280,2,3,3 BHK Apartment ,4,Baner,8000000,6250
0,3,0,1,1,0,5,910,2,2,2 BHK Apartment ,2,Balewadi,6200000,6813
0,3,2,1,1,0,6,775,2,1,1 BHK Apartment ,2,Kharadi,4200000,5419
0,3,0,1,1,0,25,903,2,2,2 BHK Apartment ,1,Aundh,6500000,7198
1,3,3,1,1,0,0,1250,1,2,2 BHK Apartment ,4,Baner,8500000,6800
0,3,0,0,1,0,3,1170,1,2,2 BHK Apartment ,3,Baner,6000000,5128
1,3,3,1,1,0,0,1426,1,3,3 BHK Apartment ,1,Sus,8500000,5960
0,3,0,1,1,0,4,1220,1,2,2 BHK Apartment ,9,Baner,9300000,7622
1,3,3,1,1,0,8,1140,2,2,2 BHK Apartment ,1,Baner,7500000,6578
0,3,2,1,1,1,4,2250,2,3,3 BHK Apartment ,4,Baner,22500000,10000
0,3,1,1,1,1,0,1192,1,2,2 BHK Apartment ,7,Sus,6100000,5117
0,3,0,1,1,1,10,1750,2,3,3 BHK Apartment ,7,Pashan,29000000,16571
1,3,3,1,1,0,0,1037,2,2,2 BHK Apartment ,2,Manjari,4800000,4628
0,3,1,1,1,0,0,958,2,2,2 BHK Apartment ,2,Baner,5700000,5949
0,3,0,1,1,0,1,1150,2,2,2 BHK Apartment ,9,Wakad,8200000,7130
1,3,3,1,1,0,1,1115,1,2,2 BHK Apartment ,6,Wakad,7200000,6457
1,3,3,1,1,0,5,950,2,2,2 BHK Apartment ,4,Hinjewadi,5500000,5789
1,3,3,1,1,0,0,1161,2,2,2 BHK Apartment ,7,Bavdhan,7500000,6459
0,2,1,1,1,0,6,775,2,1,1 BHK Apartment ,3,Kharadi,4200000,5419
1,3,3,0,1,0,0,5500,2,5,5 BHK Apartment ,6,Boat Club Road,88000000,16000
0,3,0,0,0,0,4,1060,2,2,2 BHK Apartment ,4,Kondhwa,5600000,5283
1,3,3,1,1,0,0,4000,2,4,4 BHK Apartment ,6,Aundh,50000000,12500
1,3,3,1,1,0,0,1062,1,2,2 BHK Apartment ,4,Baner,7184000,6764
1,3,3,1,1,0,0,1100,1,2,2 BHK Apartment ,7,Bavdhan,7500000,6818
0,3,0,0,1,0,5,1570,2,3,3 BHK Apartment ,7,Balewadi,10500000,6687
0,3,0,1,1,0,10,1481,2,3,3 BHK Apartment ,3,Balewadi,11500000,7765
0,3,1,1,1,0,8,612,2,1,1 BHK Apartment ,5,Balewadi,4100000,6699
1,3,3,1,1,0,0,2197,2,4,3 BHK Apartment ,6,Aundh,26000000,11834
1,3,3,1,1,0,0,1450,2,3,3 BHK Apartment ,9,Bavdhan,11000000,7586
0,3,0,1,1,0,6,1695,2,3,3 BHK Apartment ,3,Kharadi,11000000,6489
0,3,1,1,1,0,0,1192,1,2,2 BHK Apartment ,8,Sus,6500000,5453
0,3,0,0,1,0,1,1100,2,2,2 BHK Apartment ,3,Bavdhan,7500000,6818
0,3,1,1,1,1,7,1600,3,3,3 BHK Apartment ,7,Balewadi,10000000,6250
0,3,0,1,1,0,0,990,1,2,2 BHK Apartment ,5,Undri,5400000,5454
0,3,2,0,0,1,10,3000,2,2,3 BHK Villa ,1,Baner,18500000,6166
1,3,3,1,1,1,1,970,2,2,2 BHK Apartment ,6,Dhanori,5300000,5463
0,3,0,1,1,0,10,1000,1,2,2 BHK Apartment ,6,Aundh,10000000,10000
0,3,1,1,1,1,0,3600,2,3,4 BHK Villa ,1,Sus,27000000,7500
1,3,3,1,1,0,0,1255,1,2,2 BHK Apartment ,6,Baner,12400000,9880
0,3,1,1,1,0,6,775,2,1,1 BHK Apartment ,3,Kharadi,4200000,5419
0,2,1,1,1,1,8,1100,1,2,2 BHK Apartment ,6,Pashan,8200000,7454
0,0,0,1,1,0,1,1026,2,2,2 BHK Apartment ,12,Manjari,5300000,5165
0,3,0,1,1,0,5,1365,2,2,2 BHK Apartment ,4,Baner,8300000,6080
1,3,3,1,1,0,0,1371,2,3,3 BHK Apartment ,1,Baner,10000000,7293
0,3,0,1,1,0,5,925,2,2,2 BHK Apartment ,6,Baner,7100000,7675
0,3,0,1,0,0,3,1000,1,2,2 BHK Apartment ,1,Aundh,6500000,6500
0,2,2,1,1,1,9,550,1,1,1 BHK Apartment ,2,Viman Nagar,4200000,7636
1,3,3,1,1,0,1,1330,2,2,2 BHK Apartment ,11,Hinjewadi,7600000,5714
1,3,3,1,1,0,1,1650,2,3,3 BHK Apartment ,11,Hinjewadi,9700000,5878
0,3,0,1,1,0,6,577,1,1,1 BHK Apartment ,2,Sinhgad Road,5500000,9532
1,3,3,1,1,0,1,2200,2,3,3 BHK Apartment ,7,Aundh,25000000,11363
0,3,0,1,1,0,2,1370,2,3,3 BHK Apartment ,8,Bavdhan,9500000,6934
1,3,3,0,1,0,0,4032,2,4,4 BHK Apartment ,7,Balewadi,36900000,9151
0,3,0,0,1,0,10,4642,2,4,4 BHK Villa ,0,NIBM Annex Mohammadwadi,35000000,7539
0,3,0,1,1,0,15,1300,2,2,2 BHK Apartment ,5,Baner,9500000,7307
0,3,0,0,1,0,13,875,1,2,2 BHK Apartment ,0,Sinhgad Road,5500000,6285
0,3,0,1,1,0,10,1081,2,2,2 BHK Apartment ,1,Baner,8000000,7400
0,3,0,1,1,0,15,1325,2,3,3 BHK Apartment ,2,Aundh,11500000,8679
0,3,2,1,1,1,3,1400,3,2,2 BHK Apartment ,5,Wagholi,5400000,3857
0,3,1,1,1,1,3,2881,2,4,4 BHK Apartment ,9,Wadgaon Sheri,30000000,10413
1,3,3,1,1,0,0,1770,2,3,3 BHK Apartment ,7,Baner,19400000,10960
0,3,0,1,1,0,2,1099,1,2,2 BHK Apartment ,6,Sus,5700000,5186
0,2,0,1,1,0,3,1358,2,2,3 BHK Apartment ,7,Undri,8400000,6185
0,3,0,1,1,1,0,1035,1,2,2 BHK Apartment ,8,Bavdhan,6500000,6280
0,2,1,1,1,1,8,1650,2,2,3 BHK Apartment ,5,Baner,11000000,6666
0,3,0,1,1,0,0,1437,2,2,2 BHK Apartment ,3,Balewadi,11500000,8002
0,3,1,1,1,0,5,1330,1,2,2 BHK Apartment ,6,Baner,9000000,6766
0,3,0,1,1,0,0,1340,2,2,2 BHK Apartment ,4,Balewadi,9500000,7089
0,3,1,1,1,1,0,1099,2,2,2 BHK Apartment ,19,Balewadi,8600000,7825
0,3,1,1,1,1,0,1099,2,2,2 BHK Apartment ,19,Balewadi,8700000,7916
0,3,0,1,1,0,2,1614,1,3,3 BHK Apartment ,3,Wagholi,6800000,4213
0,3,1,1,1,0,6,775,2,1,1 BHK Apartment ,3,Kharadi,4000000,5161
0,3,2,1,1,1,9,1640,2,3,3 BHK Apartment ,3,Aundh,18500000,11280
1,3,3,1,1,0,0,2200,2,3,3 BHK Apartment ,4,Aundh,26000000,11818
1,3,3,1,1,0,1,1420,2,3,3 BHK Apartment ,4,Bavdhan,10600000,7464
1,3,3,1,1,0,1,1465,2,3,3 BHK Apartment ,4,Bavdhan,11000000,7508
1,3,3,1,1,0,1,5115,2,4,4 BHK Apartment ,7,Aundh,64000000,12512
1,3,3,1,1,0,0,3660,2,4,4 BHK Apartment ,5,Baner,51600000,14098
1,3,3,1,1,0,0,1898,2,3,3 BHK Apartment ,6,Baner,16500000,8693
1,3,3,1,1,0,0,2660,2,4,4 BHK Apartment ,7,Baner,31800000,11954
1,3,3,1,1,0,0,2197,2,3,3 BHK Apartment ,6,Aundh,26000000,11834
0,2,0,0,1,0,6,1250,2,2,2 BHK Apartment ,6,Rahatani,7800000,6240
0,2,1,1,1,0,6,1430,2,2,2 BHK Apartment ,5,Balewadi,8500000,5944
0,3,0,0,1,1,1,1559,1,3,3 BHK Apartment ,8,Bavdhan,11000000,7055
0,3,0,1,1,0,14,323,1,1,1 BHK Apartment ,1,Hadapsar,1800000,5572
0,3,0,1,1,0,4,653,1,1,1 BHK Apartment ,8,Manjari,3200000,4900
0,3,0,1,1,0,7,1680,2,4,4 BHK Apartment ,1,Balewadi,15000000,8928
1,3,3,1,1,1,2,4250,2,5,4 BHK Apartment ,10,Baner,45000000,10588
1,3,3,1,1,0,0,1250,1,2,2 BHK Apartment ,11,Sinhgad Road,8500000,6800
0,3,0,1,1,1,7,1350,1,2,2 BHK Apartment ,1,Baner,7500000,5555
0,3,0,1,1,1,8,2000,3,4,4 BHK Apartment ,6,Pashan,20000000,10000
0,3,0,1,1,0,2,2650,3,5,4 BHK Apartment ,2,Baner,27700000,10452
0,3,1,1,1,0,10,1119,1,2,2 BHK Apartment ,10,Baner,7500000,6702
0,3,0,1,1,0,8,1400,2,3,3 BHK Apartment ,9,Pashan,12500000,8928
0,3,2,1,1,1,10,1385,1,3,3 BHK Apartment ,2,Kothrud,20000000,14440
0,3,2,1,1,0,10,1300,3,2,2 BHK Apartment ,3,Baner,7800000,6000
0,3,0,1,1,0,1,1070,1,2,2 BHK Apartment ,4,Baner,6800000,6355
0,3,1,1,1,0,4,1070,1,2,2 BHK Apartment ,9,Baner,7000000,6542
1,3,3,1,1,0,1,4100,3,5,5 BHK Apartment ,1,Baner,36800000,8975
1,3,3,1,1,0,0,1530,2,3,3 BHK Apartment ,8,Sus,8000000,5228
0,3,1,1,1,0,0,1235,1,2,2 BHK Apartment ,7,Hinjewadi,7500000,6072
0,3,2,0,1,0,1,3710,3,4,4 BHK Villa ,1,Aundh,27000000,7277
0,3,0,1,1,0,1,1610,1,3,3 BHK Apartment ,9,Wakad,12100000,7515
0,3,0,1,1,0,5,600,1,1,1 BHK Apartment ,4,Wagholi,2300000,3833
1,3,3,1,1,0,0,1609,2,3,3 BHK Apartment ,12,Balewadi,13400000,8328
0,3,0,1,1,0,7,910,1,2,2 BHK Apartment ,7,Kharadi,4400000,4835
0,3,1,1,1,0,1,1051,2,2,2 BHK Apartment ,6,Kharadi,7500000,7136
0,2,0,1,1,0,8,980,2,2,2 BHK Apartment ,3,Hadapsar,6000000,6122
0,3,0,0,1,0,1,3000,3,4,4 BHK Villa ,2,Wakad,15900000,5300
0,3,2,1,1,0,7,1614,1,3,3 BHK Apartment ,7,Aundh,13900000,8612
0,3,2,1,1,0,1,3499,2,5,4 BHK Apartment ,5,Baner,45200000,12917
0,3,0,1,1,0,2,1471,2,3,3 BHK Apartment ,5,Baner,9800000,6662
0,3,1,1,1,0,1,1270,2,2,2 BHK Apartment ,1,Wakad,8380000,6598
0,3,1,1,1,0,1,4300,2,4,4 BHK Apartment ,4,Baner,31000000,7209
0,3,0,1,1,0,5,1500,1,3,3 BHK Apartment ,10,Balewadi,13500000,9000
0,3,1,1,1,0,3,2735,2,3,3 BHK Apartment ,7,Baner,26800000,9798
0,3,2,1,1,0,4,1120,2,2,2 BHK Apartment ,5,Wakad,6700000,5982
1,0,3,1,1,0,4,980,2,2,2 BHK Apartment ,5,Baner,6500000,6632
0,3,0,0,0,0,5,1083,2,2,2 BHK Apartment ,1,Baner,7000000,6463
1,3,3,1,1,0,1,2600,2,4,4 BHK Apartment ,7,Baner,31800000,12230
1,3,3,1,1,0,0,2580,2,4,4 BHK Apartment ,9,Hinjewadi,17000000,6589
1,3,3,1,1,0,0,2200,2,3,3 BHK Apartment ,7,Aundh,26000000,11818
0,3,1,1,1,0,12,1000,1,2,2 BHK Apartment ,1,Baner,7200000,7200
0,3,0,1,1,0,18,860,2,2,2 BHK Apartment ,5,Baner,6500000,7558
1,3,3,0,1,1,1,1443,2,2,3 BHK Apartment ,5,Bavdhan,8500000,5890
0,3,1,0,1,0,5,3699,2,4,4 BHK Villa ,1,Aundh,269000000,72722
0,3,0,1,0,0,4,590,1,1,1 BHK Apartment ,6,Hadapsar,3000000,5084
0,3,0,1,1,0,5,1012,2,2,2 BHK Apartment ,5,Wagholi,4500000,4446
0,3,0,1,1,1,1,1426,2,3,3 BHK Apartment ,8,Sus,8000000,5610
0,3,0,1,1,0,7,900,2,2,2 BHK Apartment ,4,Aundh,9550000,10611
1,3,3,1,1,1,0,1955,2,3,3 BHK Apartment ,10,Bavdhan,13700000,7007
0,3,0,1,1,0,10,1324,2,3,3 BHK Apartment ,8,Baner,11500000,8685
0,3,0,1,1,0,10,1620,1,3,3 BHK Apartment ,3,Baner,11000000,6790
0,3,0,1,1,1,1,1400,2,3,3 BHK Apartment ,6,Bavdhan,8200000,5857
0,3,2,1,1,0,6,2323,2,3,3 BHK Villa ,1,Wagholi,8500000,3659
0,3,0,1,1,0,3,1028,2,2,2 BHK Apartment ,10,Baner,6900000,6712
1,3,3,1,1,0,0,1898,2,3,3 BHK Apartment ,10,Baner,16500000,8693
0,2,0,1,1,0,8,602,2,2,1 BHK Apartment ,4,Pimple Saudagar,4600000,7641
0,2,0,1,1,0,6,1400,2,3,3 BHK Apartment ,7,Hadapsar,6500000,4642
0,2,0,1,1,0,4,1500,2,3,3 BHK Apartment ,9,Hadapsar,7000000,4666
0,2,0,1,1,0,6,950,1,2,2 BHK Apartment ,8,Hadapsar,4400000,4631
0,3,0,1,1,0,7,1680,2,3,4 BHK Apartment ,1,Balewadi,15000000,8928
0,2,0,1,1,0,4,950,1,2,2 BHK Apartment ,6,Manjari,4100000,4315
0,3,0,1,1,0,10,1395,1,3,3 BHK Apartment ,3,Pashan,10500000,7526
0,3,0,1,1,0,4,1120,1,2,2 BHK Apartment ,3,Pashan,7500000,6696
1,3,3,1,1,0,0,1075,2,2,2 BHK Apartment ,8,Balewadi,8138000,7570
0,3,2,1,1,0,5,1906,3,2,3 BHK Apartment ,1,Aundh,20000000,10493
1,3,3,1,1,1,0,1413,2,3,3 BHK Apartment ,8,Baner,8200000,5803
1,3,3,1,1,0,0,2600,2,4,4 BHK Apartment ,7,Baner,29800000,11461
1,3,3,1,1,1,0,1095,2,2,2 BHK Apartment ,8,Balewadi,6300000,5753
0,3,1,1,1,0,10,1150,1,2,2 BHK Apartment ,5,Sinhgad Road,6500000,5652
1,3,3,1,1,0,0,3981,2,4,4 BHK Apartment ,7,Balewadi,38500000,9670
0,3,2,1,1,0,3,945,1,2,2 BHK Apartment ,2,Baner,7000000,7407
0,3,1,1,1,0,12,1000,1,2,2 BHK Apartment ,1,Baner,7200000,7200
0,3,1,1,1,1,4,1186,2,2,2 BHK Apartment ,5,Wagholi,4000000,3372
0,2,2,1,1,1,7,1500,3,3,3 BHK Apartment ,4,Kalyani Nagar,14500000,9666
1,3,3,1,1,0,0,1444,2,3,3 BHK Apartment ,5,Baner,9258000,6411
0,2,1,1,1,0,17,1250,1,2,3 BHK Apartment ,6,Bavdhan,9000000,7200
1,3,3,1,1,1,1,1360,2,2,2 BHK Apartment ,9,Wakad,8816000,6482
1,3,3,1,1,0,0,2650,2,4,4 BHK Apartment ,6,Baner,20500000,7735
1,3,3,1,1,0,0,1490,2,3,3 BHK Apartment ,1,Hinjewadi,8940000,6000
1,3,3,1,1,1,1,1800,1,3,3 BHK Apartment ,4,Kothrud,17000000,9444
0,3,0,1,1,0,5,730,2,1,1 BHK Apartment ,3,Sinhgad Road,5000000,6849
0,3,0,1,1,0,10,1058,2,2,2 BHK Apartment ,3,Balewadi,6300000,5954
0,3,0,1,1,0,10,1395,1,3,3 BHK Apartment ,3,Pashan,10500000,7526
0,3,0,1,1,0,3,1120,1,2,2 BHK Apartment ,3,Pashan,7500000,6696
0,3,0,1,1,0,7,1196,2,2,2 BHK Apartment ,6,Pashan,8400000,7023
0,3,0,1,1,0,9,992,1,2,2 BHK Apartment ,3,Balewadi,7000000,7056
0,3,0,1,1,0,5,1400,2,3,3 BHK Apartment ,2,Baner,10500000,7500
0,3,0,1,1,0,5,1680,2,4,4 BHK Apartment ,1,Balewadi,15000000,8928
0,3,0,1,1,0,5,1375,1,3,3 BHK Apartment ,6,Balewadi,10000000,7272
1,3,3,1,1,0,3,1001,2,2,2 BHK Apartment ,4,Wagholi,3900000,3896
1,3,3,1,1,0,1,1935,2,3,3 BHK Apartment ,7,Balewadi,14000000,7235
1,3,3,1,1,0,1,1881,2,3,3 BHK Apartment ,7,Balewadi,13600000,7230
0,3,1,1,1,0,5,1680,2,3,3 BHK Apartment ,4,Kharadi,8500000,5059
1,3,3,1,0,1,0,1030,1,2,2 BHK Apartment ,3,Baner,5400000,5242
0,3,2,1,1,0,15,940,2,2,2 BHK Apartment ,3,Sinhgad Road,7500000,7978
1,3,3,1,1,0,0,2580,2,4,4 BHK Apartment ,7,Hinjewadi,17000000,6589
0,3,0,1,1,0,5,1829,2,3,3 BHK Apartment ,1,Balewadi,13500000,7381
1,3,3,1,1,0,0,1097,1,2,2 BHK Apartment ,2,Kothrud,17000000,15496
0,3,1,0,1,0,2,605,2,1,1 BHK Apartment ,10,Wagholi,2750000,4545
1,3,3,1,1,1,0,1117,1,2,2 BHK Apartment ,7,Baner,7600000,6803
1,3,3,1,1,0,0,1523,2,3,3 BHK Apartment ,7,Balewadi,11100000,7288
0,3,0,1,0,0,3,950,1,2,2 BHK Apartment ,5,Baner,6800000,7157
0,3,0,1,1,0,10,500,2,1,1 BHK Apartment ,1,Wanowrie,2900000,5800
1,3,3,1,1,0,1,1458,2,3,3 BHK Apartment ,6,Bavdhan,8500000,5829
1,3,3,1,1,0,1,1075,2,2,2 BHK Apartment ,10,Balewadi,7200000,6697
1,3,3,1,1,0,0,1420,2,3,3 BHK Apartment ,8,Bavdhan,10600000,7464
1,3,3,1,1,0,0,1465,2,3,3 BHK Apartment ,6,Bavdhan,11000000,7508
0,3,1,1,1,0,6,775,2,1,1 BHK Apartment ,3,Kharadi,4000000,5161
0,3,0,1,1,0,5,750,1,1,1 BHK Apartment ,6,Viman Nagar,4500000,6000
1,3,3,0,1,1,2,3700,2,3,3 BHK Villa ,1,Wagholi,11000000,2972
0,3,0,1,1,0,5,1000,1,1,2 BHK Apartment ,6,Kalyani Nagar,7500000,7500
1,3,3,1,1,0,0,3316,2,4,4 BHK Apartment ,7,Baner,44200000,13329
1,3,3,1,1,0,1,1165,1,2,2 BHK Apartment ,8,Wakad,7600000,6523
1,3,3,1,1,0,0,3660,3,4,4 BHK Apartment ,8,Baner,51600000,14098
1,3,3,1,1,0,0,5115,3,4,4 BHK Apartment ,7,Aundh,64000000,12512
1,3,3,1,1,0,0,5115,3,5,5 BHK Apartment ,6,Aundh,63900000,12492
1,3,3,1,1,0,2,2345,2,4,4 BHK Apartment ,10,Baner,21100000,8997
0,3,1,1,1,0,6,775,2,1,1 BHK Apartment ,2,Kharadi,4200000,5419
0,3,1,1,1,0,2,2200,2,4,4 BHK Apartment ,10,Kharadi,14000000,6363
0,3,0,1,0,0,15,800,2,3,2 BHK Apartment ,2,Aundh,11500000,14375
0,3,0,1,1,0,3,1600,1,3,3 BHK Apartment ,1,Balewadi,15000000,9375
0,3,0,1,1,0,2,610,1,2,1 BHK Apartment ,4,Balewadi,4600000,7540
0,3,0,1,1,0,5,1465,3,2,3 BHK Apartment ,9,Balewadi,9500000,6484
0,3,1,1,1,0,5,560,1,1,1 BHK Apartment ,4,Sinhgad Road,4500000,8035
1,3,3,1,1,0,0,1255,1,2,2 BHK Apartment ,9,Baner,12400000,9880
1,3,3,1,1,0,0,1770,2,3,3 BHK Apartment ,17,Baner,19400000,10960
1,3,3,1,1,0,0,2600,2,4,4 BHK Apartment ,2,Baner,29800000,11461
1,3,3,0,1,0,0,1395,2,3,3 BHK Apartment ,6,Balewadi,9100000,6523
0,3,0,1,1,0,7,620,1,1,1 BHK Apartment ,3,Kharadi,4000000,6451
1,3,3,1,1,0,6,1300,2,2,2 BHK Apartment ,10,Rahatani,10500000,8076
0,3,0,1,1,0,5,2545,2,3,3 BHK Apartment ,1,Baner,20000000,7858
0,3,0,1,1,0,10,1240,1,2,2 BHK Apartment ,4,Aundh,9500000,7661
0,3,0,1,1,0,15,1380,2,3,3 BHK Apartment ,7,Aundh,11500000,8333
0,3,0,1,1,0,10,1000,2,2,2 BHK Apartment ,1,Aundh,9500000,9500
0,3,0,1,1,0,4,800,1,2,2 BHK Apartment ,1,Balewadi,5000000,6250
0,3,0,0,1,0,5,1100,2,2,2 BHK Apartment ,3,Kondhwa,9000000,8181
1,3,3,0,1,1,0,1413,1,3,3 BHK Apartment ,7,Baner,8100000,5732
1,3,3,1,1,0,0,950,1,2,2 BHK Apartment ,5,Kothrud,7800000,8210
0,3,0,1,1,0,10,1362,2,3,3 BHK Apartment ,2,Aundh,11000000,8076
0,3,1,0,0,0,15,850,1,2,2 BHK Apartment ,6,Sinhgad Road,5300000,6235
1,3,3,1,1,1,0,1280,1,3,3 BHK Apartment ,1,Bavdhan,8500000,6640
0,3,0,1,1,0,8,1117,1,2,2 BHK Apartment ,5,Kharadi,7000000,6266
1,3,3,1,1,0,0,1330,2,2,2 BHK Apartment ,11,Hinjewadi,7600000,5714
1,3,3,1,1,0,0,1640,2,3,3 BHK Apartment ,4,Hinjewadi,10400000,6341
0,3,2,1,1,0,10,920,1,2,2 BHK Apartment ,7,Sinhgad Road,7000000,7608
0,3,0,1,1,0,5,775,1,2,2 BHK Apartment ,10,Sinhgad Road,5500000,7096
1,3,3,1,1,1,1,1150,1,2,2 BHK Apartment ,9,Wakad,9000000,7826
0,3,1,1,1,1,4,1300,2,3,3 BHK Apartment ,4,Wagholi,6800000,5230
1,3,3,1,1,0,0,2200,2,3,3 BHK Apartment ,8,Aundh,26000000,11818
0,2,0,1,1,0,5,1176,1,2,2 BHK Apartment ,3,Balewadi,7300000,6207
0,3,0,0,1,0,5,1351,1,2,2 BHK Apartment ,3,Balewadi,14000000,10362
1,3,3,1,1,0,1,3981,2,4,4 BHK Apartment ,3,Balewadi,38000000,9545
1,3,3,1,1,1,1,4005,2,5,4 BHK Apartment ,3,Aundh,48000000,11985
0,3,1,1,1,0,5,1680,2,3,3 BHK Apartment ,5,Kharadi,8500000,5059
1,3,3,1,1,0,0,1473,2,3,3 BHK Apartment ,9,Baner,9438000,6407
0,2,2,1,1,1,12,840,2,1,1 BHK Apartment ,7,Viman Nagar,6100000,7261
1,3,3,1,1,0,0,3600,2,4,4 BHK Apartment ,5,Baner,45000000,12500
1,3,3,1,1,0,1,1207,2,2,2 BHK Apartment ,8,Bavdhan,6600000,5468
1,3,3,1,1,1,0,959,2,2,2 BHK Apartment ,3,Baner,6000000,6256
0,3,0,1,1,0,10,938,1,2,2 BHK Apartment ,2,Aundh,7800000,8315
0,3,1,1,1,1,0,1827,1,3,3 BHK Apartment ,3,Sus,15000000,8210
0,2,2,1,1,0,6,1200,2,2,3 BHK Apartment ,5,Hadapsar,5300000,4416
0,3,2,1,1,1,4,1282,2,2,2 BHK Apartment ,7,Wagholi,7300000,5694
0,2,1,1,1,1,7,1760,3,3,3 BHK Apartment ,3,Kalyani Nagar,14000000,7954
0,3,2,1,1,1,7,1200,1,3,3 BHK Apartment ,1,Sinhgad Road,7000000,5833
0,3,1,1,1,0,2,1545,1,3,3 BHK Apartment ,10,Bavdhan,10000000,6472
1,3,3,1,1,0,1,2662,2,4,4 BHK Apartment ,7,Baner,20200000,7588
0,3,1,1,1,0,6,775,2,1,1 BHK Apartment ,3,Kharadi,4000000,5161
0,3,0,1,1,0,6,1300,2,2,3 BHK Apartment ,9,Rahatani,10500000,8076
0,3,0,0,0,0,5,1252,2,2,2 BHK Apartment ,11,Baner,9900000,7907
1,3,3,1,1,0,0,1297,2,2,2 BHK Apartment ,7,Pashan,10400000,8018
0,3,1,1,1,0,7,1150,2,2,2 BHK Apartment ,2,Vishrantwadi,7700000,6695
0,3,0,1,1,0,6,600,2,1,1 BHK Apartment ,5,Rahatani,3500000,5833
0,3,0,1,1,0,5,1016,1,2,2 BHK Apartment ,10,Baner,7800000,7677
0,3,0,1,1,0,6,1250,2,2,2 BHK Apartment ,8,Baner,8000000,6400
0,3,0,1,1,0,10,1070,1,2,2 BHK Apartment ,1,Baner,7000000,6542
0,3,1,1,1,0,10,640,1,1,1 BHK Apartment ,7,Sinhgad Road,4400000,6875
0,3,2,1,1,0,27,1300,1,2,3 BHK Apartment ,1,Aundh,20000000,15384
0,2,0,1,1,0,7,1450,2,3,3 BHK Apartment ,6,Wakad,10222222,7049
0,3,0,1,1,0,6,980,1,2,2 BHK Apartment ,1,Pashan,7500000,7653
0,3,0,1,1,0,3,1120,1,2,2 BHK Apartment ,3,Pashan,7500000,6696
0,3,0,1,1,0,8,1337,2,3,3 BHK Apartment ,6,Pashan,9100000,6806
0,3,0,1,1,0,5,1590,2,3,3 BHK Apartment ,2,Pashan,11700000,7358
1,3,3,1,1,0,0,1316,1,2,3 BHK Apartment ,8,Handewadi,5650000,4293
1,3,3,1,1,0,0,2490,3,3,3 BHK Apartment ,11,Balewadi,18100000,7269
0,3,1,1,1,1,10,1300,1,2,2 BHK Apartment ,4,Viman Nagar,10000000,7692
0,3,0,0,1,0,10,938,2,2,2 BHK Apartment ,2,Aundh,7800000,8315
0,3,0,1,1,0,6,836,2,2,2 BHK Apartment ,3,Lohegaon,3900000,4665
0,3,2,1,1,1,10,1300,2,2,2 BHK Apartment ,7,Kalyani Nagar,16000000,12307
0,3,0,1,1,0,2,1140,2,2,2 BHK Apartment ,3,Hinjewadi,7200000,6315
0,3,0,1,1,0,10,1081,1,2,2 BHK Apartment ,1,Baner,8000000,7400
0,3,0,1,1,0,5,1158,2,2,2 BHK Apartment ,10,Baner,8700000,7512
0,3,0,1,1,0,7,1565,3,3,3 BHK Apartment ,6,Balewadi,12000000,7667
0,3,0,1,1,0,6,1200,1,2,2 BHK Apartment ,6,Baner,8000000,6666
0,3,0,1,1,0,5,1458,3,3,3 BHK Apartment ,9,Baner,10500000,7201
0,3,0,1,1,0,5,1458,3,3,3 BHK Apartment ,11,Baner,11000000,7544
0,3,0,1,1,0,2,1278,1,2,2 BHK Apartment ,9,Balewadi,7200000,5633
0,3,0,1,1,0,5,1860,2,3,3 BHK Apartment ,11,Balewadi,14000000,7526
0,3,0,0,1,0,27,950,2,2,2 BHK Apartment ,1,Sinhgad Road,7000000,7368
0,3,0,1,1,0,4,1650,2,3,3 BHK Villa ,1,Manjari,9600000,5818
1,3,3,1,1,0,1,1500,2,3,3 BHK Apartment ,6,Baner,9100000,6066
0,3,0,1,1,0,10,1240,1,2,2 BHK Apartment ,4,Aundh,9500000,7661
0,3,0,1,1,0,7,987,1,2,2 BHK Apartment ,1,Baner,7000000,7092
0,3,2,1,1,0,4,1300,2,2,3 BHK Apartment ,3,Pimple Saudagar,13000000,10000
0,3,0,1,1,0,5,2545,2,3,3 BHK Apartment ,1,Baner,20000000,7858
0,3,0,1,1,0,7,1100,1,2,2 BHK Apartment ,2,Kharadi,5700000,5181
1,3,3,1,1,0,0,1500,1,2,3 BHK Apartment ,11,Hinjewadi,9300000,6200
1,3,3,1,1,0,0,1295,1,2,3 BHK Apartment ,7,Wakad,8700000,6718
0,3,0,1,1,0,5,1000,1,2,2 BHK Apartment ,2,Balewadi,7500000,7500
0,3,0,0,1,0,10,1140,2,2,2 BHK Apartment ,7,Balewadi,7700000,6754
0,3,0,1,1,0,10,1375,1,3,3 BHK Apartment ,6,Balewadi,10000000,7272
0,3,0,1,1,0,12,900,1,2,2 BHK Apartment ,3,Aundh,8200000,9111
0,3,0,0,1,0,10,951,1,2,2 BHK Apartment ,2,Pashan,7500000,7886
0,2,1,1,1,0,5,683,2,1,1 BHK Apartment ,3,Hadapsar,2900000,4245
0,2,1,1,1,0,5,1336,2,3,3 BHK Apartment ,9,Wakad,7900000,5913
0,3,0,1,1,0,5,569,1,1,1 BHK Villa ,9,Kharadi,4000000,7029
0,3,1,1,1,0,5,1016,1,2,2 BHK Apartment ,10,Baner,7800000,7677
1,3,3,1,1,0,0,2562,2,4,4 BHK Apartment ,7,Baner,20500000,8001
0,3,0,1,1,0,7,910,1,2,2 BHK Apartment ,5,Kharadi,4300000,4725
0,3,0,1,0,0,7,1014,1,2,2 BHK Apartment ,7,Baner,7500000,7396
1,3,3,1,1,0,0,1395,2,3,3 BHK Apartment ,7,Balewadi,9091000,6516
1,3,3,1,1,0,0,1123,1,2,2 BHK Apartment ,7,Balewadi,7062000,6288
1,3,3,1,1,0,0,3336,2,4,4 BHK Villa ,0,Handewadi,12500000,3747
1,3,3,1,1,0,0,1500,1,2,3 BHK Apartment ,7,Hinjewadi,8960000,5973
0,3,1,1,1,1,6,1600,2,3,3 BHK Apartment ,8,Kharadi,9200000,5750
1,3,3,1,1,1,1,1225,2,2,2 BHK Apartment ,1,Hinjewadi,6282600,5128
1,2,3,1,1,1,0,4300,2,4,4 BHK Apartment ,10,Kothrud,65300000,15186
1,3,3,1,1,0,1,1670,2,3,3 BHK Apartment ,8,Bavdhan,8900000,5329
1,3,3,1,1,0,0,1536,2,3,3 BHK Apartment ,6,Baner,13800000,8984
1,3,3,1,1,0,0,1255,2,2,2 BHK Apartment ,7,Baner,12400000,9880
0,3,2,1,1,0,9,2000,2,3,3 BHK Apartment ,12,Koregaon Park,17000000,8500
0,3,0,1,1,0,6,836,2,2,2 BHK Apartment ,3,Lohegaon,3900000,4665
0,3,0,1,1,0,4,1140,2,3,4 BHK Apartment ,3,Kalyani Nagar,15000000,13157
0,3,1,1,1,1,6,1600,2,3,3 BHK Apartment ,8,Kharadi,9200000,5750
1,3,3,1,1,0,0,5115,3,5,4 BHK Apartment ,6,Aundh,61380000,12000
1,3,3,1,1,0,0,1290,2,2,2 BHK Apartment ,4,Baner,8500000,6589
1,3,3,1,1,0,0,3300,2,4,4 BHK Apartment ,7,Baner,30000000,9090
1,3,3,1,1,0,0,1290,2,2,2 BHK Apartment ,4,Balewadi,8500000,6589
1,3,3,1,1,0,0,2606,2,4,4 BHK Apartment ,9,Baner,28000000,10744
1,3,3,1,1,0,0,1150,1,2,2 BHK Apartment ,7,Balewadi,7500000,6521
1,3,3,1,1,0,0,1500,2,3,3 BHK Apartment ,6,Hinjewadi,9000000,6000
1,3,3,1,1,0,1,1206,1,2,2 BHK Apartment ,6,Baner,9000000,7462
1,3,3,1,1,0,0,3500,2,4,4 BHK Apartment ,5,Baner,40000000,11428
1,3,3,1,1,0,0,1206,1,2,2 BHK Apartment ,6,Balewadi,9000000,7462
1,3,3,1,1,0,1,1635,2,3,3 BHK Apartment ,6,Baner,12000000,7339
1,3,3,1,1,0,0,3500,2,4,4 BHK Apartment ,4,Baner,40000000,11428
1,3,3,1,1,0,0,2580,2,4,4 BHK Apartment ,7,Hinjewadi,17000000,6589
1,3,3,1,1,0,0,1155,1,2,2 BHK Apartment ,7,Bavdhan,7700000,6666
0,3,0,1,1,0,5,1095,1,1,2 BHK Apartment ,3,Kharadi,7500000,6849
0,3,1,1,1,0,6,1500,2,3,3 BHK Apartment ,7,NIBM,9000000,6000
0,2,0,1,1,0,10,640,2,1,1 BHK Apartment ,4,Vishrantwadi,3700000,5781
0,2,2,1,1,1,9,850,1,2,2 BHK Apartment ,1,Hadapsar,3600000,4235
1,3,3,0,0,0,0,2100,2,3,3 BHK Apartment ,8,Baner,16000000,7619
1,3,3,0,0,0,0,3600,2,4,4 BHK Apartment ,7,Baner,40000000,11111
1,3,3,0,0,0,0,4041,2,4,4 BHK Apartment ,4,Bavdhan,40000000,9898
1,3,3,0,0,0,0,2606,2,4,4 BHK Apartment ,8,Baner,26000000,9976
1,3,3,0,0,0,0,2606,2,4,4 BHK Apartment ,7,Balewadi,26000000,9976
1,3,3,0,0,0,0,2610,2,4,4 BHK Apartment ,5,Baner,26100000,10000
1,3,3,0,0,0,1,2651,2,4,4 BHK Apartment ,9,Baner,26000000,9807
1,3,3,0,0,0,0,2215,2,3,3 BHK Apartment ,7,Aundh,22500000,10158
1,3,3,0,0,0,0,2400,2,4,4 BHK Apartment ,5,Balewadi,20000000,8333
1,3,3,0,0,0,1,2560,2,4,4 BHK Apartment ,6,Baner,20000000,7812
1,3,3,0,0,0,1,3600,2,4,4 BHK Apartment ,5,Baner,45000000,12500
1,3,3,0,0,0,0,2600,2,4,4 BHK Apartment ,6,Baner,26000000,10000
1,3,3,0,0,0,1,5100,2,4,4 BHK Apartment ,7,Aundh,50000000,9803
1,3,3,0,0,0,1,3930,2,4,4 BHK Apartment ,7,Koregaon Park,65100000,16564
1,3,3,0,0,0,0,2197,2,3,3 BHK Apartment ,7,Aundh,21970000,10000
1,3,3,0,0,0,0,2600,2,4,4 BHK Apartment ,8,Balewadi,27000000,10384
1,3,3,0,0,0,0,2200,2,3,3 BHK Apartment ,6,Aundh,22500000,10227
1,3,3,0,0,0,0,2562,2,4,4 BHK Apartment ,6,Baner,19700000,7689
1,3,3,0,0,0,0,2550,2,4,4 BHK Apartment ,3,Balewadi,19700000,7725
1,3,3,0,0,0,0,6862,2,5,5 BHK Apartment ,6,Koregaon Park,12000000,1748
1,3,3,1,1,0,11,1150,2,2,2 BHK Apartment ,4,Wadgaon Sheri,7500000,6521
0,3,0,1,1,0,11,1230,2,2,2 BHK Apartment ,5,Kalyani Nagar,12000000,9756
0,3,0,1,1,0,11,1050,2,2,2 BHK Apartment ,4,Wadgaon Sheri,7000000,6666
0,2,0,1,1,0,7,1560,2,3,3 BHK Apartment ,3,NIBM Annex Mohammadwadi,11000000,7051
0,3,0,1,1,0,10,1150,2,2,2 BHK Apartment ,5,NIBM,6500000,5652
0,3,1,1,0,0,0,1035,1,2,2 BHK Apartment ,5,Undri,5500000,5314
0,3,0,1,1,0,12,1175,2,2,2 BHK Apartment ,2,Wanowrie,10000000,8510
1,3,3,1,1,0,0,2580,2,4,4 BHK Apartment ,7,Hinjewadi,15000000,5813
0,2,0,1,1,0,7,1050,1,2,2 BHK Apartment ,7,NIBM Annex Mohammadwadi,4400000,4190
1,3,3,1,1,0,1,660,2,1,1 BHK Apartment ,3,Wagholi,2800000,4242
0,3,0,1,1,0,16,1150,2,2,2 BHK Apartment ,2,Aundh,12500000,10869
0,2,0,0,0,0,4,1150,2,2,2 BHK Apartment ,5,Baner,8000000,6956
0,2,0,1,1,0,8,1200,2,2,2 BHK Apartment ,5,Wakad,9500000,7916
0,3,1,1,1,0,6,1150,2,2,2 BHK Apartment ,7,Wanowrie,8400000,7304
0,3,1,1,1,1,10,1450,1,3,3 BHK Apartment ,9,Kothrud,22500000,15517
0,3,0,1,1,0,8,1057,1,2,2 BHK Apartment ,5,Pimple Saudagar,7000000,6622
0,3,1,1,1,1,10,1350,2,2,2 BHK Apartment ,3,Pashan,10000000,7407
0,3,0,1,1,0,5,1100,1,2,2 BHK Apartment ,4,Pimple Saudagar,7200000,6545
1,3,3,1,1,1,0,1260,1,2,2 BHK Apartment ,9,Hinjewadi,6600000,5238
1,3,3,1,1,1,1,955,1,2,2 BHK Apartment ,5,Wakad,5300000,5549
0,3,0,1,1,0,11,1050,2,2,2 BHK Apartment ,1,Kondhwa,6500000,6190
0,2,0,0,1,0,4,1650,2,3,3 BHK Apartment ,1,Wakad,8700000,5272
0,2,0,1,1,0,8,1650,3,3,4 BHK Apartment ,5,Wakad,8300000,5030
0,2,0,1,1,0,2,1150,1,2,2 BHK Apartment ,10,Wakad,6800000,5913
0,2,0,1,1,0,8,1150,1,2,2 BHK Apartment ,2,Wakad,7100000,6173
0,2,0,1,1,0,1,1230,1,2,2 BHK Apartment ,9,Wakad,6000000,4878
0,2,0,1,1,0,5,1500,2,3,3 BHK Apartment ,11,Wakad,7600000,5066
0,2,0,1,1,0,5,1350,2,3,3 BHK Apartment ,6,Wakad,9100000,6740
0,2,0,1,1,0,5,620,1,1,1 BHK Apartment ,5,Wakad,3800000,6129
0,2,0,1,1,0,4,1150,1,2,2 BHK Apartment ,10,Wakad,6800000,5913
0,2,0,1,1,0,5,1150,2,2,2 BHK Apartment ,5,Wakad,7800000,6782
0,3,1,1,0,0,17,1089,2,2,2 BHK Apartment ,1,Rahatani,5500000,5050
0,2,0,1,1,0,13,925,1,2,2 BHK Apartment ,10,Aundh,9000000,9729
0,2,0,1,1,0,10,510,1,1,1 BHK Apartment ,3,Sasane Nagar,2350000,4607
1,3,3,0,0,0,1,2600,2,4,4 BHK Apartment ,7,Balewadi,26000000,10000
1,3,3,1,1,0,0,2048,3,3,3 BHK Apartment ,3,Kothrud,30200000,14746
0,2,1,1,1,1,10,1685,2,3,3 BHK Apartment ,10,Pashan,17500000,10385
0,3,0,1,1,0,4,880,1,2,2 BHK Apartment ,3,Kondhwa,4600000,5227
0,3,0,1,1,0,6,1121,2,2,2 BHK Apartment ,5,Baner,8500000,7582
0,3,1,1,1,0,8,1490,3,3,3 BHK Apartment ,5,Wanowrie,8800000,5906
0,3,0,1,1,0,8,2105,1,3,3 BHK Apartment ,7,NIBM,15000000,7125
0,3,1,1,1,0,4,1106,1,2,2 BHK Apartment ,3,NIBM Annex Mohammadwadi,7600000,6871
1,3,3,1,1,0,1,2985,2,4,4 BHK Apartment ,2,NIBM Annex Mohammadwadi,20500000,6867
0,3,0,1,1,0,0,1141,2,2,2 BHK Apartment ,5,NIBM,5800000,5083
0,3,0,1,1,0,1,1335,2,2,2 BHK Apartment ,5,NIBM,15000000,11235
0,3,0,1,1,0,4,920,2,2,2 BHK Apartment ,6,Kondhwa,5400000,5869
0,3,0,1,1,0,2,1180,1,2,2 BHK Apartment ,10,NIBM,7500000,6355
0,3,0,1,1,0,3,2000,2,4,4 BHK Apartment ,7,Undri,16000000,8000
0,3,0,1,1,0,8,1500,3,3,3 BHK Apartment ,4,Kondhwa,8600000,5733
0,3,0,1,1,0,2,2800,1,3,3 BHK Apartment ,2,NIBM,27500000,9821
0,3,0,1,1,0,2,1173,2,2,2 BHK Apartment ,10,Baner,8000000,6820
1,3,3,1,1,1,1,1426,2,3,3 BHK Apartment ,5,Bavdhan,9000000,6311
1,3,3,1,1,0,0,1473,2,3,3 BHK Apartment ,6,Baner,9000000,6109
0,3,0,1,1,0,4,1400,2,3,3 BHK Apartment ,2,Kondhwa,8500000,6071
0,2,1,1,1,0,11,1250,3,3,3 BHK Apartment ,7,Wanowrie,10500000,8400
0,3,0,1,1,0,4,905,1,2,2 BHK Apartment ,3,Undri,5200000,5745
1,3,3,1,1,0,0,517,1,1,1 BHK Apartment ,6,Undri,3100000,5996
0,3,1,1,1,0,7,2360,1,5,3 BHK Apartment ,7,NIBM,17000000,7203
0,3,0,1,1,0,4,2269,3,3,3 BHK Apartment ,11,NIBM Annex Mohammadwadi,17500000,7712
0,3,0,1,1,0,4,1280,1,2,2 BHK Apartment ,5,NIBM,8600000,6718
0,3,1,1,1,0,1,1465,2,3,3 BHK Apartment ,5,NIBM,9500000,6484
0,3,0,1,1,0,4,2269,3,3,3 BHK Apartment ,11,NIBM Annex Mohammadwadi,17500000,7712
0,3,0,1,1,0,0,1100,2,2,2 BHK Apartment ,5,Undri,6500000,5909
0,3,1,1,1,0,4,2269,3,3,3 BHK Apartment ,11,NIBM Annex Mohammadwadi,15000000,6610
0,3,1,1,1,0,4,1100,2,2,2 BHK Apartment ,6,Kondhwa,7000000,6363
1,3,3,1,1,0,0,1536,2,3,3 BHK Apartment ,7,Baner,13800000,8984
0,3,0,1,1,0,5,1085,1,2,2 BHK Apartment ,4,NIBM Annex Mohammadwadi,5100000,4700
0,3,0,1,1,0,5,585,1,1,1 BHK Apartment ,3,NIBM Annex Mohammadwadi,3200000,5470
0,3,0,1,1,0,7,920,1,2,2 BHK Apartment ,5,Kondhwa,5500000,5978
0,3,1,1,1,0,11,800,1,2,2 BHK Apartment ,4,Kondhwa,4800000,6000
1,3,3,1,1,0,1,1650,2,3,3 BHK Apartment ,1,Manjari,9000000,5454
0,3,0,1,1,0,4,2985,2,4,4 BHK Apartment ,2,NIBM Annex Mohammadwadi,20500000,6867
0,3,0,1,1,0,4,1035,2,2,3 BHK Apartment ,3,Undri,5200000,5024
0,3,0,1,1,0,4,905,1,2,2 BHK Apartment ,3,Undri,5200000,5745
0,3,1,1,1,1,1,1619,1,3,3 BHK Apartment ,6,Undri,9000000,5558
0,2,1,1,1,1,5,1375,2,3,3 BHK Apartment ,6,Baner,10500000,7636
0,3,2,1,1,1,4,1650,1,3,3 BHK Apartment ,11,Baner,20000000,12121
0,3,0,1,1,1,4,2010,2,4,3 BHK Apartment ,11,Baner,18500000,9203
0,3,2,1,1,1,5,1020,1,2,2 BHK Apartment ,2,Undri,4300000,4215
0,3,0,1,1,1,4,1558,2,3,3 BHK Apartment ,8,Aundh,15000000,9627
0,3,0,1,1,0,10,980,2,2,2 BHK Apartment ,8,Pashan,7000000,7142
0,2,1,1,1,1,4,1402,2,3,3 BHK Apartment ,7,Baner,9200000,6562
0,3,0,1,1,0,1,660,1,2,1 BHK Apartment ,8,Wagholi,3000000,4545
0,3,2,1,1,0,7,1885,2,3,3 BHK Apartment ,2,Mundhwa,12500000,6631
0,2,2,1,1,1,10,1086,2,2,2 BHK Apartment ,5,Wadgaon Sheri,8500000,7826
0,3,0,0,1,0,1,745,2,1,1 BHK Apartment ,3,Wagholi,3500000,4697
0,2,0,0,1,0,10,1400,1,3,3 BHK Apartment ,1,Hadapsar,5500000,3928
1,3,3,1,1,0,6,1250,2,3,3 BHK Apartment ,4,Wadgaon Sheri,8800000,7040
0,3,1,1,1,0,6,1186,2,2,2 BHK Apartment ,9,Wadgaon Sheri,7800000,6576
0,2,1,1,1,0,7,1123,2,2,2 BHK Apartment ,1,Wanowrie,6500000,5788
0,2,1,1,1,1,6,1050,2,2,2 BHK Apartment ,7,Wanowrie,6600000,6285
1,3,3,1,1,0,1,1461,2,3,3 BHK Apartment ,7,Bavdhan,8000000,5475
0,3,0,1,1,0,0,970,1,2,2 BHK Apartment ,1,Undri,5100000,5257
0,3,0,1,1,0,4,887,1,2,2 BHK Apartment ,5,NIBM,5600000,6313
1,3,3,1,1,1,1,1042,1,2,2 BHK Apartment ,5,Wakad,6200000,5950
0,3,0,1,0,0,0,630,2,1,1 BHK Apartment ,3,Bavdhan,3500000,5555
1,3,3,1,1,1,2,950,1,2,2 BHK Apartment ,7,Bavdhan,5300000,5578
0,3,0,1,1,0,3,945,1,3,2 BHK Apartment ,3,Balewadi,6500000,6878
0,3,0,1,1,1,3,1020,1,2,2 BHK Apartment ,5,Undri,4300000,4215
0,3,2,1,1,1,8,1300,2,3,3 BHK Apartment ,7,Baner,10000000,7692
0,3,2,1,1,1,7,1500,2,3,3 BHK Apartment ,7,Balewadi,8500000,5666
0,3,0,1,1,0,3,655,2,1,1 BHK Apartment ,3,Wagholi,2850000,4351
0,3,0,1,1,0,2,2200,2,3,3 BHK Apartment ,3,Undri,15000000,6818
0,3,0,1,1,0,2,1100,2,2,2 BHK Apartment ,4,Wanowrie,7000000,6363
0,3,0,1,1,0,11,1050,2,2,2 BHK Apartment ,4,Kondhwa,6300000,6000
0,3,0,1,1,0,11,1100,2,2,2 BHK Apartment ,1,Wanowrie,7000000,6363
1,3,3,0,0,0,0,2709,2,4,4 BHK Apartment ,4,Baner,29800000,11000
1,3,3,0,0,0,0,2200,2,3,3 BHK Apartment ,5,Aundh,24000000,10909
1,3,3,0,0,0,0,2200,2,3,3 BHK Apartment ,5,Aundh,22500000,10227
1,3,3,0,0,0,0,4000,2,4,4 BHK Apartment ,8,Koregaon Park,40000000,10000
1,3,3,0,0,0,1,3310,2,4,4 BHK Apartment ,7,Baner,30000000,9063
1,3,3,0,0,0,1,3310,2,4,4 BHK Apartment ,8,Balewadi,30000000,9063
1,3,3,0,0,0,0,3800,2,4,4 BHK Apartment ,5,Baner,39900000,10500
1,3,3,0,0,0,0,2250,2,4,4 BHK Apartment ,8,Baner,20000000,8888
1,3,3,0,0,0,0,2250,2,4,4 BHK Apartment ,8,Balewadi,20000000,8888
1,3,3,0,0,0,0,2200,2,3,3 BHK Apartment ,7,Aundh,22600000,10272
1,3,3,0,0,0,1,6298,3,5,5 BHK Apartment ,9,Kalyani Nagar,157400000,24992
0,3,1,1,1,0,4,1359,1,2,3 BHK Apartment ,6,NIBM Annex Mohammadwadi,7800000,5739
0,3,0,1,1,0,8,1010,1,2,2 BHK Apartment ,5,Pimple Saudagar,7500000,7425
0,2,1,1,1,1,3,650,1,1,1 BHK Apartment ,2,Pimple Saudagar,5000000,7692
0,3,0,1,1,0,4,916,2,2,2 BHK Apartment ,6,Wagholi,3700000,4039
0,2,0,1,1,1,10,816,1,2,2 BHK Apartment ,2,Kothrud,7000000,8578
0,2,0,1,1,0,2,551,2,1,1 BHK Apartment ,2,Hadapsar,2450000,4446
1,3,3,0,1,0,0,1104,1,2,2 BHK Apartment ,8,Baner,6300000,5706
0,3,1,1,1,0,9,850,1,2,2 BHK Apartment ,2,Aundh,600000,705
0,2,0,1,1,1,5,1220,2,2,2 BHK Apartment ,4,Wakad,8500000,6967
0,2,0,1,1,1,6,1150,2,2,2 BHK Apartment ,4,Wakad,8000000,6956
1,3,3,1,1,0,1,665,2,1,1 BHK Apartment ,3,Wagholi,2327000,3499
1,3,3,1,0,1,2,1513,3,3,3 BHK Apartment ,7,Baner,9000000,5948
0,3,0,1,1,0,6,917,1,2,2 BHK Apartment ,3,Wagholi,4000000,4362
0,2,0,1,1,0,4,1050,1,2,2 BHK Apartment ,6,Hadapsar,4200000,4000
0,2,0,1,1,0,4,650,1,1,1 BHK Apartment ,5,Hadapsar,2700000,4153
0,2,0,1,1,0,5,680,2,1,1 BHK Apartment ,6,Wakad,4000000,5882
0,3,2,1,1,1,6,1500,2,3,3 BHK Apartment ,4,Kondhwa,6900000,4600
0,3,2,1,1,1,5,1550,2,3,3 BHK Apartment ,4,Kondhwa,11000000,7096
0,2,0,1,1,1,10,880,1,2,3 BHK Apartment ,1,Kothrud,8500000,9659
0,3,0,1,1,0,9,1050,1,2,2 BHK Apartment ,6,Wanowrie,8000000,7619
0,3,0,1,1,0,5,1458,2,2,3 BHK Apartment ,2,NIBM Annex Mohammadwadi,7500000,5144
0,2,2,1,1,0,10,1240,2,2,2 BHK Apartment ,8,Wanowrie,8500000,6854
0,2,0,1,1,0,16,650,2,2,1 BHK Apartment ,7,Wanowrie,4000000,6153
0,2,2,1,1,1,5,954,2,2,2 BHK Apartment ,9,Kondhwa,5500000,5765
0,3,0,1,1,0,11,1630,2,3,3 BHK Apartment ,9,Wadgaon Sheri,11500000,7055
0,3,0,1,1,0,11,1100,2,2,2 BHK Apartment ,4,Wadgaon Sheri,7600000,6909
0,2,0,1,1,0,5,599,2,1,1 BHK Apartment ,1,Hadapsar,2500000,4173
1,3,3,1,1,0,2,1001,1,2,2 BHK Apartment ,1,Wakad,5800000,5794
0,3,0,1,1,1,2,1522,2,3,3 BHK Apartment ,4,Baner,10000000,6570
0,2,0,1,1,0,4,860,2,2,2 BHK Apartment ,11,Hadapsar,4400000,5116
0,2,2,1,1,1,3,683,2,1,1 BHK Apartment ,7,Hadapsar,3000000,4392
0,2,0,1,1,1,10,580,1,1,1 BHK Apartment ,3,Kothrud,5500000,9482
0,2,0,1,1,0,6,900,1,2,2 BHK Apartment ,3,Hadapsar,3600000,4000
1,3,3,1,1,0,0,987,1,2,2 BHK Apartment ,4,Bavdhan,5600000,5673
0,2,0,1,1,0,3,725,2,1,1 BHK Apartment ,4,Manjari,3400000,4689
0,3,0,1,1,0,3,1320,2,2,2 BHK Apartment ,5,Kharadi,9000000,6818
1,3,3,1,1,0,1,1330,2,2,2 BHK Apartment ,8,Hinjewadi,7500000,5639
1,3,3,1,1,0,1,1206,2,2,2 BHK Apartment ,5,Baner,8500000,7048
1,3,3,1,1,0,1,1206,2,2,2 BHK Apartment ,7,Baner,8600000,7131
1,3,3,1,1,0,1,874,2,2,2 BHK Apartment ,1,Wagholi,3200000,3661
0,2,0,1,1,0,6,960,1,2,2 BHK Apartment ,3,Hadapsar,4200000,4375
0,3,0,1,1,0,4,1754,2,3,3 BHK Apartment ,4,Pimple Saudagar,9500000,5416
0,3,0,1,1,0,3,650,1,2,1 BHK Apartment ,3,Pimple Saudagar,5300000,8153
0,2,2,1,1,1,7,1206,2,2,2 BHK Apartment ,4,Mundhwa,9400000,7794
0,2,1,1,1,0,9,1600,3,3,3 BHK Apartment ,6,Aundh,17000000,10625
0,2,1,1,1,1,18,1350,3,3,3 BHK Apartment ,6,Kothrud,18000000,13333
0,2,1,1,1,0,5,954,1,2,2 BHK Apartment ,5,Kondhwa,5500000,5765
0,3,0,0,1,0,1,1125,2,2,2 BHK Apartment ,0,Baner,6150000,5466
0,3,0,1,1,0,1,793,1,1,2 BHK Apartment ,3,Wagholi,3600000,4539
0,2,1,1,1,1,5,1400,2,3,3 BHK Apartment ,7,Wakad,8300000,5928
0,2,0,1,1,1,5,1061,2,2,2 BHK Apartment ,10,Wakad,6500000,6126
1,3,3,1,1,0,1,660,2,1,1 BHK Apartment ,4,Wagholi,2800000,4242
0,3,0,1,1,0,1,1002,1,2,2 BHK Apartment ,7,Wagholi,4200000,4191
0,3,1,1,1,0,3,1284,2,2,2 BHK Apartment ,3,Wagholi,7200000,5607
0,3,0,1,1,0,2,1515,2,3,3 BHK Apartment ,4,Undri,13000000,8580
0,2,0,1,1,1,7,1150,2,2,2 BHK Apartment ,2,Kalyani Nagar,7900000,6869
0,2,0,1,1,0,6,1140,1,2,2 BHK Apartment ,6,Hadapsar,4700000,4122
1,2,3,1,1,0,3,1031,2,2,2 BHK Apartment ,10,Undri,5700000,5528
0,3,0,1,1,0,11,1050,2,2,2 BHK Apartment ,5,Wadgaon Sheri,7600000,7238
1,3,3,1,1,0,6,1050,2,2,2 BHK Apartment ,6,Wadgaon Sheri,7800000,7428
0,3,0,1,1,0,3,2700,3,3,3 BHK Apartment ,0,Undri,30000000,11111
1,2,3,1,1,0,1,1043,2,2,2 BHK Apartment ,9,Hadapsar,4700000,4506
1,2,3,1,1,0,1,1950,1,2,3 BHK Apartment ,14,Hadapsar,10700000,5487
0,2,1,1,1,0,1,850,1,2,2 BHK Apartment ,12,Hadapsar,6800000,8000
1,3,3,1,1,0,0,5115,2,4,4 BHK Apartment ,8,Aundh,60000000,11730
0,2,0,1,1,0,8,953,2,2,2 BHK Apartment ,3,Pimple Saudagar,6500000,6820
0,2,0,1,1,0,5,1150,1,2,2 BHK Apartment ,10,Wakad,6800000,5913
1,3,3,1,1,0,0,1473,2,3,3 BHK Apartment ,4,Balewadi,11000000,7467
0,2,1,1,1,0,8,600,1,1,1 BHK Apartment ,1,Pimple Saudagar,5000000,8333
0,2,0,1,1,0,8,960,2,2,1 BHK Apartment ,1,Pimple Saudagar,7200080,7500
0,2,0,1,1,0,10,970,2,2,2 BHK Apartment ,3,Pimple Saudagar,6500000,6701
0,3,2,1,1,0,10,1600,2,3,3 BHK Apartment ,10,Aundh,21100000,13187
0,2,0,1,1,0,6,1500,2,3,3 BHK Apartment ,3,Pimple Saudagar,8500000,5666
0,3,1,1,1,0,4,1975,2,3,3 BHK Apartment ,3,Kharadi,13000000,6582
0,3,0,1,1,0,1,1169,2,2,2 BHK Apartment ,2,Baner,8000000,6843
1,3,3,1,1,0,0,2205,2,3,3 BHK Apartment ,6,Aundh,25000000,11337
1,3,3,1,1,0,2,985,2,2,2 BHK Apartment ,1,Rahatani,7000000,7106
0,3,0,1,1,0,0,620,1,1,1 BHK Apartment ,2,Wagholi,3000000,4838
0,2,0,1,1,0,7,1450,2,3,3 BHK Apartment ,5,Wakad,15000000,10344
1,3,3,1,1,1,3,5350,2,5,5 BHK Apartment ,7,Boat Club Road,95000000,17757
1,3,3,1,1,0,0,1250,1,2,2 BHK Apartment ,7,Baner,8500000,6800
1,3,3,1,1,0,0,2100,2,3,3 BHK Apartment ,4,Aundh,25000000,11904
1,3,3,1,1,0,0,3672,2,4,4 BHK Apartment ,5,Baner,45000000,12254
1,3,3,1,1,0,0,2800,2,4,4 BHK Apartment ,7,Bavdhan,20000000,7142
1,3,3,1,1,0,0,2200,2,3,3 BHK Apartment ,5,Aundh,25000000,11363
1,3,3,1,1,0,0,2704,2,4,4 BHK Apartment ,8,Balewadi,28000000,10355
1,3,3,1,1,0,0,2580,2,4,4 BHK Apartment ,4,Hinjewadi,16700000,6472
1,3,3,1,1,0,0,566,2,2,1 BHK Apartment ,3,Wagholi,2700000,4770
0,3,0,1,0,0,6,651,1,1,1 BHK Apartment ,2,Sasane Nagar,3100000,4761
0,3,0,1,1,0,7,720,1,1,1 BHK Apartment ,2,Wadgaon Sheri,4600000,6388
0,2,0,1,1,0,3,925,2,1,2 BHK Apartment ,2,Pimple Saudagar,6500000,7027
1,3,3,1,1,0,0,1140,2,1,2 BHK Apartment ,7,Baner,7500000,6578
0,3,0,1,1,0,5,1442,2,3,3 BHK Apartment ,6,Pimple Saudagar,11000000,7628
0,3,1,1,1,0,2,1580,2,3,3 BHK Apartment ,5,Hinjewadi,7200000,4556
0,3,1,1,1,0,2,1580,2,3,3 BHK Apartment ,21,Hinjewadi,8000000,5063
0,3,1,1,1,0,5,1967,1,3,3 BHK Villa ,0,Wagholi,9500000,4829
0,2,0,1,1,0,10,650,2,1,1 BHK Apartment ,6,Vishrantwadi,4100000,6307
0,3,0,1,1,0,4,2050,2,3,3 BHK Apartment ,17,Kharadi,17000000,8292
0,3,0,1,1,0,2,610,1,2,1 BHK Apartment ,6,Wagholi,3000000,4918
0,3,0,1,1,0,2,1585,2,3,3 BHK Apartment ,1,Wagholi,7000000,4416
1,3,3,1,1,0,2,5350,2,8,4 BHK Apartment ,6,Boat Club Road,95400000,17831
1,3,3,1,1,0,0,1250,1,2,2 BHK Apartment ,8,Baner,9000000,7200
1,3,3,1,1,0,0,2600,2,4,4 BHK Apartment ,5,Baner,26000000,10000
1,3,3,1,1,0,2,4000,2,4,4 BHK Apartment ,7,Koregaon Park,60000000,15000
1,3,3,1,1,0,1,3500,2,4,4 BHK Apartment ,9,Balewadi,31500000,9000
1,3,3,1,1,0,2,4810,2,4,4 BHK Apartment ,9,Bavdhan,33600000,6985
1,3,3,1,1,0,2,4000,2,4,4 BHK Apartment ,6,Koregaon Park,60000000,15000
0,2,0,1,1,0,6,950,2,2,2 BHK Apartment ,2,Pimple Saudagar,6700000,7052
0,2,0,1,1,0,6,1060,2,2,2 BHK Apartment ,4,Pimple Saudagar,7000000,6603
0,2,0,0,0,0,5,830,2,2,2 BHK Apartment ,7,Hadapsar,3500000,4216
0,3,0,0,1,0,2,745,2,1,1 BHK Apartment ,9,Wagholi,3100000,4161
0,2,0,1,1,0,5,850,1,2,2 BHK Apartment ,8,Wakad,5500000,6470
0,2,0,1,1,0,2,1197,1,2,2 BHK Apartment ,10,Hinjewadi,6200000,5179
0,2,0,1,1,0,5,1050,1,2,2 BHK Apartment ,8,Wakad,6700000,6380
0,3,0,1,1,0,1,3700,2,4,5 BHK Villa ,1,Aundh,26500000,7162
0,3,1,1,1,0,2,1250,2,2,2 BHK Apartment ,5,Wagholi,6500000,5200
0,3,0,1,1,0,12,505,2,1,1 BHK Apartment ,3,Viman Nagar,3900000,7722
1,3,3,1,1,0,0,2800,2,4,4 BHK Apartment ,3,Bavdhan,22000000,7857
1,3,3,1,1,0,0,2412,2,4,4 BHK Apartment ,9,Balewadi,20500000,8499
1,3,3,1,1,0,0,5115,2,4,4 BHK Apartment ,8,Aundh,60000000,11730
1,3,3,1,1,0,1,1640,2,3,3 BHK Apartment ,4,Hinjewadi,9500000,5792
1,3,3,1,1,0,0,1473,2,3,3 BHK Apartment ,8,Baner,10000000,6788
0,3,0,1,1,0,4,895,2,2,2 BHK Apartment ,7,Wagholi,3800000,4245
0,3,0,1,1,0,4,595,1,1,1 BHK Apartment ,5,Wagholi,3100000,5210
1,3,3,1,1,0,0,1206,1,2,2 BHK Apartment ,5,Baner,8500000,7048
1,3,3,1,1,0,0,3600,2,4,4 BHK Apartment ,4,Baner,45000000,12500
0,2,1,1,1,0,8,850,2,2,2 BHK Apartment ,4,Kharadi,5100000,6000
0,2,2,1,1,1,3,1400,2,3,3 BHK Apartment ,2,Baner,7900000,5642
0,2,2,1,1,1,10,1374,2,3,3 BHK Apartment ,5,Aundh,12500000,9097
0,2,2,1,1,1,4,1020,2,2,2 BHK Apartment ,1,Pimple Saudagar,7200000,7058
0,3,0,1,1,0,2,1260,2,2,2 BHK Apartment ,4,NIBM Annex Mohammadwadi,7000000,5555
1,3,3,1,1,0,0,1087,2,2,2 BHK Apartment ,7,Baner,7206000,6629
1,3,3,1,1,0,0,1390,2,3,3 BHK Apartment ,9,Baner,9100000,6546
1,3,3,1,1,0,0,2315,2,3,3 BHK Apartment ,7,Baner,21000000,9071
0,2,0,1,1,1,6,860,2,2,2 BHK Apartment ,2,Hadapsar,3800000,4418
0,3,0,1,1,0,1,997,2,2,2 BHK Apartment ,7,Wagholi,5500000,5516
0,2,0,1,1,0,6,610,2,1,1 BHK Apartment ,6,Hadapsar,2800000,4590
0,3,1,1,1,0,1,3800,2,5,4 BHK Apartment ,6,Baner,35500000,9342
0,3,0,1,1,0,1,1005,2,2,2 BHK Apartment ,7,Pimple Saudagar,7000000,6965
0,3,0,1,0,0,10,730,1,2,2 BHK Apartment ,1,Kothrud,7500000,10273
0,3,0,1,1,0,1,662,1,2,1 BHK Apartment ,5,Baner,4285000,6472
1,3,3,0,0,0,0,2205,2,3,3 BHK Apartment ,4,Aundh,22500000,10204
0,3,0,0,1,0,3,2500,2,3,3 BHK Villa ,1,Wagholi,11000000,4400
0,3,0,1,1,0,1,1255,2,2,2 BHK Apartment ,3,Wagholi,6200000,4940
0,2,0,1,1,0,5,1350,2,3,3 BHK Apartment ,4,Wakad,8000000,5925
0,3,1,1,1,0,6,1050,2,2,2 BHK Apartment ,6,Kondhwa,5200000,4952
0,3,0,1,1,0,2,1485,2,3,3 BHK Apartment ,7,NIBM Annex Mohammadwadi,8500000,5723
1,3,3,0,0,0,0,2440,2,4,4 BHK Apartment ,6,Baner,20000000,8196
1,3,3,0,0,0,0,2606,2,4,4 BHK Apartment ,8,Baner,26000000,9976
1,3,3,0,0,0,1,2560,2,4,4 BHK Apartment ,6,Balewadi,20000000,7812
0,2,0,0,1,0,4,1648,2,2,3 BHK Apartment ,1,Wakad,8800000,5339
0,2,0,1,1,0,5,1350,2,2,3 BHK Apartment ,7,Wakad,7800000,5777
0,3,0,1,1,0,9,1000,1,2,2 BHK Apartment ,2,Pimple Saudagar,7000000,7000
1,3,3,1,1,0,2,1630,2,3,3 BHK Apartment ,3,Undri,8000000,4907
0,3,1,0,0,0,2,896,2,2,2 BHK Apartment ,2,Pimple Saudagar,5750000,6417
0,2,1,1,1,0,6,856,1,2,2 BHK Apartment ,3,Wakad,6000000,7009
0,3,0,1,1,0,5,1037,2,2,2 BHK Apartment ,2,Bavdhan,6600000,6364
0,3,1,1,1,1,3,1350,2,3,3 BHK Apartment ,2,Wagholi,5500000,4074
0,3,1,0,0,1,2,900,1,2,2 BHK Apartment ,6,Sinhgad Road,5800000,6444
0,3,0,1,1,0,0,1300,1,2,2 BHK Apartment ,9,Handewadi,6000000,4615
0,3,0,1,1,0,3,1026,1,2,2 BHK Apartment ,5,Undri,5800000,5653
0,2,2,1,1,0,4,1500,3,3,3 BHK Apartment ,6,NIBM,10000000,6666
0,3,2,1,1,0,4,650,1,1,1 BHK Apartment ,7,NIBM,3500000,5384
1,3,3,1,1,0,0,2210,3,3,3 BHK Apartment ,7,Aundh,25000000,11312
1,3,3,1,1,0,0,2700,2,4,4 BHK Apartment ,7,Baner,29800000,11037
1,3,3,1,1,0,1,3981,2,4,4 BHK Apartment ,2,Balewadi,35000000,8791
0,3,0,1,1,0,5,1151,2,2,2 BHK Apartment ,4,Wakad,8400000,7298
0,3,0,1,1,0,0,1118,1,3,2 BHK Apartment ,5,Baner,6930000,6198
0,3,1,1,1,0,0,1235,1,2,2 BHK Apartment ,15,Hinjewadi,7300000,5910
0,3,1,1,1,0,1,3600,2,5,4 BHK Apartment ,6,Baner,45800000,12722
0,3,0,1,1,0,0,1789,2,3,3 BHK Apartment ,7,Baner,12700000,7098
0,3,1,1,1,0,1,3380,3,6,4 BHK Apartment ,11,Baner,43000000,12721
0,3,0,1,1,0,1,1170,2,2,2 BHK Apartment ,2,Wakad,8500000,7264
0,3,0,1,1,0,4,1602,2,3,3 BHK Apartment ,7,Baner,16000000,9987
0,3,0,1,1,0,8,1600,2,3,3 BHK Apartment ,8,Baner,16300000,10187
0,3,0,1,1,0,4,1648,2,3,3 BHK Apartment ,5,Wakad,10500000,6371
0,3,0,1,1,0,1,1367,2,2,2 BHK Apartment ,4,Baner,9800000,7168
0,3,0,1,1,0,1,1550,1,3,3 BHK Apartment ,7,Wakad,8700000,5612
0,3,0,1,1,0,1,1075,2,2,2 BHK Apartment ,5,Wakad,7500000,6976
1,3,3,0,1,0,1,1145,2,2,2 BHK Apartment ,1,Wakad,7600000,6637
1,3,3,1,1,0,0,1450,1,2,3 BHK Apartment ,5,Hinjewadi,8500000,5862
0,2,0,1,1,1,7,1475,2,3,3 BHK Apartment ,1,Pashan,11500000,7796
0,2,0,1,1,0,10,649,2,1,1 BHK Apartment ,6,Vishrantwadi,4100000,6317
0,2,0,1,1,0,10,649,2,1,1 BHK Apartment ,3,Vishrantwadi,3500000,5392
0,2,0,1,0,0,10,650,1,1,1 BHK Apartment ,1,Vishrantwadi,4100000,6307
0,3,0,0,1,0,14,590,2,1,1 BHK Apartment ,3,NIBM Annex Mohammadwadi,3200000,5423
1,3,3,1,1,0,1,650,1,1,1 BHK Apartment ,4,Manjari,3600000,5538
0,3,0,1,1,0,3,1550,1,3,3 BHK Apartment ,3,Balewadi,15000000,9677
0,3,0,1,1,1,1,1110,2,2,2 BHK Apartment ,7,NIBM Annex Mohammadwadi,5250000,4729
0,3,1,1,1,0,1,1366,1,2,2 BHK Apartment ,1,Baner,9850000,7210
1,3,3,1,1,0,1,1645,1,3,3 BHK Apartment ,11,Hinjewadi,10200000,6200
1,3,3,1,1,0,1,1471,2,3,3 BHK Apartment ,7,Baner,9800000,6662
0,3,0,0,1,0,0,1472,2,3,3 BHK Apartment ,5,Baner,10000000,6793
0,3,1,1,1,0,0,2054,2,4,4 BHK Apartment ,5,Baner,16900000,8227
0,3,2,1,1,0,2,1110,2,2,2 BHK Apartment ,7,Wakad,7200000,6486
0,3,2,1,1,0,6,1800,1,3,3 BHK Apartment ,7,Wakad,11000000,6111
0,3,0,1,1,0,4,1644,1,3,3 BHK Apartment ,5,Wakad,10500000,6386
1,3,3,1,1,0,1,4200,2,4,4 BHK Apartment ,5,Baner,36800000,8761
0,3,2,1,1,0,3,4200,2,4,4 BHK Apartment ,5,Baner,36800000,8761
0,3,0,1,1,0,2,1168,2,2,2 BHK Apartment ,6,Baner,7500000,6421
0,3,2,1,1,0,1,947,1,2,2 BHK Apartment ,7,Wakad,6600000,6969
1,3,3,1,1,0,1,3600,2,5,4 BHK Apartment ,6,Baner,45800000,12722
0,3,1,1,1,0,2,1550,2,3,3 BHK Apartment ,5,Wakad,9700000,6258
0,3,2,1,1,0,2,1189,2,2,2 BHK Apartment ,1,Wakad,8200000,6896
0,3,1,1,1,0,1,1642,1,3,3 BHK Apartment ,13,Hinjewadi,9550000,5816
0,3,1,1,1,0,1,1640,1,3,3 BHK Apartment ,13,Hinjewadi,9550000,5823
0,2,0,1,1,0,4,987,1,2,2 BHK Apartment ,10,Wakad,6100000,6180
0,3,0,1,1,0,0,760,1,1,2 BHK Apartment ,3,Wagholi,3500000,4605
0,2,0,1,1,0,5,955,1,2,2 BHK Apartment ,3,Wakad,6500000,6806
0,2,0,1,1,0,13,1274,2,3,3 BHK Apartment ,3,Kothrud,13000000,10204
1,3,3,1,1,0,0,1099,1,2,2 BHK Apartment ,8,Balewadi,8737000,7949
0,3,0,1,1,0,1,1070,1,2,2 BHK Apartment ,3,Baner,6500000,6074
0,3,0,1,1,0,1,1680,1,3,3 BHK Apartment ,7,Hinjewadi,10000000,5952
0,3,0,1,1,0,1,3300,3,4,4 BHK Apartment ,5,Baner,34500000,10454
0,3,0,1,1,0,1,4900,1,6,4 BHK Apartment ,8,Aundh,60000000,12244
1,3,3,1,1,1,1,1225,2,2,2 BHK Apartment ,1,Hinjewadi,6282600,5128
1,2,3,1,1,1,0,4300,2,4,4 BHK Apartment ,10,Kothrud,65300000,15186
0,3,0,1,1,1,2,612,2,1,1 BHK Apartment ,18,Hinjewadi,3700000,6045
0,3,2,1,1,0,9,2000,2,3,3 BHK Apartment ,12,Koregaon Park,17000000,8500
0,3,0,1,1,0,6,836,2,2,2 BHK Apartment ,3,Lohegaon,3900000,4665
0,3,0,1,1,0,4,1140,2,3,4 BHK Apartment ,3,Kalyani Nagar,15000000,13157
1,3,3,1,1,0,1,1206,1,2,2 BHK Apartment ,6,Baner,9000000,7462
1,3,3,1,1,0,0,1500,2,3,3 BHK Apartment ,6,Hinjewadi,9000000,6000
1,3,3,1,1,0,0,1061,1,2,2 BHK Apartment ,6,Bavdhan,6472000,6099
1,3,3,1,1,0,0,2200,2,3,3 BHK Apartment ,7,Aundh,23500000,10681
1,3,3,1,1,0,0,4041,2,4,4 BHK Apartment ,7,Baner,40000000,9898
1,3,3,1,1,0,0,2600,2,4,4 BHK Apartment ,4,Balewadi,28600000,11000
1,3,3,1,1,0,0,2550,2,4,4 BHK Apartment ,7,Baner,20000000,7843
1,3,3,1,1,0,0,3500,2,4,4 BHK Apartment ,5,Baner,40000000,11428
1,3,3,1,1,0,0,1206,1,2,2 BHK Apartment ,6,Balewadi,9000000,7462
1,3,3,1,1,0,0,2580,2,4,4 BHK Apartment ,7,Baner,20000000,7751
1,3,3,1,1,0,0,1400,2,3,3 BHK Apartment ,4,Hinjewadi,8000000,5714
1,3,3,1,1,0,0,1150,1,2,2 BHK Apartment ,9,Baner,7500000,6521
1,3,3,1,1,0,0,2606,2,4,4 BHK Apartment ,9,Baner,28000000,10744
1,3,3,1,1,0,0,1150,1,2,2 BHK Apartment ,7,Balewadi,7500000,6521
1,3,3,0,0,0,0,3600,2,4,4 BHK Apartment ,8,Balewadi,40000000,11111
1,3,3,0,0,0,0,2662,2,4,4 BHK Apartment ,6,Baner,20600000,7738
0,3,0,1,1,0,11,1050,2,2,2 BHK Apartment ,5,Wadgaon Sheri,7800000,7428
1,2,3,1,1,0,6,1130,2,2,2 BHK Apartment ,2,Pashan,8000000,7079
0,3,0,1,1,0,2,1450,2,3,3 BHK Apartment ,6,NIBM Annex Mohammadwadi,8300000,5724
0,3,0,1,1,0,11,900,2,2,2 BHK Apartment ,3,Undri,4500000,5000
0,3,0,1,1,0,2,5000,2,4,4 BHK Villa ,0,NIBM Annex Mohammadwadi,30000000,6000
0,3,0,1,1,0,11,1015,2,2,2 BHK Apartment ,4,Kalyani Nagar,11000000,10837
0,3,0,1,1,0,11,1450,2,3,3 BHK Apartment ,5,Kalyani Nagar,14000000,9655
1,2,3,1,1,0,2,1400,2,2,2 BHK Apartment ,4,NIBM,5500000,3928
1,2,3,1,1,0,2,1600,2,3,3 BHK Apartment ,4,NIBM,6000000,3750
1,2,3,1,1,0,2,2660,2,4,4 BHK Apartment ,5,NIBM,11500000,4323
1,2,3,1,1,0,2,1060,2,2,2 BHK Apartment ,5,Undri,4664000,4400
0,3,0,1,1,0,11,1100,2,2,2 BHK Apartment ,4,Kalyani Nagar,11000000,10000
0,3,0,1,1,0,3,1250,2,2,2 BHK Apartment ,2,Wadgaon Sheri,8000000,6400
0,2,0,0,0,0,26,550,1,1,1 BHK Apartment ,1,Aundh,6000000,10909
0,3,1,0,0,0,3,2200,2,3,3 BHK Villa ,1,Wagholi,11500000,5227
1,3,3,0,0,0,0,2200,2,3,3 BHK Apartment ,6,Aundh,24000000,10909
1,3,3,0,0,0,0,2010,2,3,2 BHK Apartment ,6,Baner,20100000,10000
1,3,3,0,0,0,0,3672,2,4,4 BHK Apartment ,6,Balewadi,47700000,12990
1,3,3,0,0,0,0,2210,2,3,3 BHK Apartment ,6,Aundh,24000000,10859
0,3,2,0,0,1,6,2500,2,4,4 BHK Apartment ,2,Wakad,25000000,10000
1,3,3,0,0,0,1,2800,2,4,4 BHK Apartment ,3,Bavdhan,22000000,7857
1,3,3,0,0,0,0,2660,2,4,4 BHK Apartment ,5,Balewadi,28000000,10526
0,3,0,1,1,0,2,1300,2,3,3 BHK Apartment ,4,Wanowrie,11000000,8461
1,3,3,1,1,0,2,1500,2,3,3 BHK Apartment ,9,Wanowrie,8000000,5333
1,2,3,1,1,0,1,851,2,2,2 BHK Apartment ,5,Hadapsar,6500000,7638
1,2,3,1,1,0,1,1001,2,2,2 BHK Apartment ,3,Hadapsar,8000000,7992
0,2,0,0,1,0,14,570,1,1,1 BHK Apartment ,2,Hadapsar,2400000,4210
0,2,0,1,1,0,5,2050,2,3,3 BHK Apartment ,5,Hadapsar,18000000,8780
0,2,1,1,1,0,5,560,2,1,1 BHK Apartment ,2,Hadapsar,2750000,4910
0,2,0,0,0,0,21,515,2,1,1 BHK Apartment ,1,Aundh,6000000,11650
0,3,1,1,1,0,6,1250,2,2,2 BHK Apartment ,2,Wadgaon Sheri,8000000,6400
0,2,2,1,1,0,6,1558,2,3,3 BHK Apartment ,5,Aundh,16500000,10590
0,2,1,1,1,0,9,850,2,2,2 BHK Apartment ,5,Kharadi,5200000,6117
0,1,2,1,1,1,12,500,2,1,1 BHK Apartment ,3,Viman Nagar,3900000,7800
0,2,2,1,1,1,5,1050,2,2,2 BHK Apartment ,6,Wakad,5800000,5523
0,2,0,1,1,0,8,1485,2,3,3 BHK Apartment ,11,Wakad,7600000,5117
0,2,0,1,1,0,5,680,2,1,1 BHK Apartment ,6,Wakad,4300000,6323
0,2,0,1,1,0,8,1485,2,3,3 BHK Apartment ,5,Wakad,7500000,5050
0,3,0,0,0,0,1,634,1,1,1 BHK Apartment ,8,Wagholi,3100000,4889
0,3,2,1,1,0,2,575,2,1,1 BHK Apartment ,9,Wanowrie,3700000,6434
0,3,0,1,1,0,18,1400,2,2,2 BHK Apartment ,3,Baner,10000000,7142
1,3,3,1,1,0,1,1002,1,2,2 BHK Apartment ,5,Wagholi,4200000,4191
0,3,1,1,1,1,3,1280,2,2,2 BHK Apartment ,3,Wagholi,7200000,5625
0,3,0,1,1,0,4,980,2,2,2 BHK Apartment ,5,Wagholi,3600000,3673
0,3,0,1,1,0,4,900,2,2,2 BHK Apartment ,3,Wagholi,3900000,4333
0,3,2,0,1,0,13,2400,2,3,3 BHK Villa ,1,Baner,18500000,7708
0,3,0,0,1,0,4,2470,2,3,3 BHK Villa ,1,Wagholi,9400000,3805
0,3,0,1,1,0,5,750,1,2,2 BHK Apartment ,1,Wagholi,3500000,4666
0,3,0,1,1,1,4,1250,2,3,3 BHK Apartment ,6,Kalyani Nagar,8900000,7120
0,3,0,0,1,0,2,675,1,2,1 BHK Apartment ,2,Rahatani,4500000,6666
0,2,0,1,1,0,13,915,1,2,2 BHK Apartment ,10,Aundh,9000000,9836
0,2,2,0,1,0,6,1550,2,3,3 BHK Apartment ,5,Aundh,16500000,10645
0,3,0,0,1,0,3,2800,3,3,3 BHK Villa ,1,Wagholi,9500000,3392
1,3,3,1,1,1,0,1426,1,3,3 BHK Apartment ,7,Sus,7400000,5189
0,2,2,1,1,1,9,1678,2,2,2 BHK Apartment ,2,Kalyani Nagar,12000000,7151
0,2,0,1,1,0,2,1360,2,3,3 BHK Apartment ,6,Viman Nagar,9800000,7205
0,3,0,1,1,0,6,1775,2,3,3 BHK Apartment ,3,Kalyani Nagar,15000000,8450
1,2,3,1,1,0,0,989,1,2,2 BHK Apartment ,0,Undri,3600000,3640
1,3,3,1,1,0,2,955,2,2,2 BHK Apartment ,3,Wagholi,4200000,4397
0,2,0,1,1,0,7,650,1,1,1 BHK Apartment ,12,Hadapsar,6000000,9230
0,3,0,1,1,1,4,1860,2,3,3 BHK Apartment ,11,Baner,9500000,5107
0,3,0,0,0,0,0,1430,1,2,2 BHK Apartment ,2,Kalyani Nagar,15000000,10489
0,2,0,1,1,0,9,600,1,2,1 BHK Villa ,9,Bavdhan,4000000,6666
0,2,0,1,1,0,11,925,2,2,2 BHK Apartment ,9,Aundh,9500000,10270
0,3,0,1,1,0,6,1550,2,3,3 BHK Apartment ,1,Kalyani Nagar,12000000,7741
0,3,0,1,1,0,6,1150,2,2,2 BHK Apartment ,1,Kalyani Nagar,10200000,8869
0,3,1,1,1,0,6,1775,2,3,3 BHK Apartment ,4,Wadgaon Sheri,14500000,8169
1,3,3,1,1,1,0,963,2,2,2 BHK Apartment ,7,Balewadi,5500000,5711
1,2,3,1,1,0,3,4580,2,4,4 BHK Apartment ,5,NIBM Annex Mohammadwadi,32060000,7000
1,2,3,1,1,0,3,4175,2,4,4 BHK Apartment ,6,NIBM Annex Mohammadwadi,20875000,5000
1,2,3,1,1,0,2,1600,2,3,3 BHK Apartment ,4,NIBM,6400000,4000
0,3,0,1,1,0,4,823,1,2,2 BHK Apartment ,2,Wagholi,3500000,4252
0,3,1,1,1,1,6,1600,2,3,3 BHK Apartment ,8,Kharadi,9200000,5750
1,3,3,1,1,1,1,1225,2,2,2 BHK Apartment ,1,Hinjewadi,6282600,5128
1,2,3,1,1,1,0,4300,2,4,4 BHK Apartment ,10,Kothrud,65300000,15186
1,3,3,0,1,0,2,960,2,2,2 BHK Apartment ,3,Wagholi,3300000,3437
0,2,0,1,1,0,8,770,2,2,2 BHK Apartment ,2,Hadapsar,3500000,4545
1,3,3,1,1,0,0,1668,2,3,3 BHK Apartment ,4,Balewadi,12500000,7494
1,3,3,1,1,0,0,2800,2,4,4 BHK Apartment ,5,Bavdhan,20000000,7142
1,3,3,1,1,0,0,1660,2,3,3 BHK Apartment ,7,Baner,12500000,7530
1,3,3,1,1,0,0,1660,2,3,3 BHK Apartment ,5,Balewadi,12500000,7530
1,3,3,1,1,0,0,1084,1,2,2 BHK Apartment ,4,Baner,8363000,7714
1,3,3,1,1,0,0,1084,1,2,2 BHK Apartment ,6,Baner,8363000,7714
